TSS	-35	Ri(-35)	Spacer (nt)	-10	Ri(-10)	GS	Ri(total)	Discriminator (nt)	Relative Location	Gene
TSS_0002	TTGCCA	5.85298042494505	19	GAAAGA	1.15017493874664	2.74203777704225	9.74519314073393	4	NA	ZMO0001
TSS_0003	TTCCCG	1.53592305867658	17	TAGGAT	2.79198166865729	2.20233746073453	6.5302421880684	6	NA	ZMO0003
TSS_0004	TTGATT	6.50750859069461	20	TAATCG	2.45970611813546	3.53508769910899	12.5023024079391	5	NA	ZMO0006
TSS_0006	TTTCAG	3.25783272580669	17	TATAAC	6.00798757843171	2.20233746073453	11.4681577649729	6	-296	ZMO0010
TSS_0007	TGGCAA	2.72369445803829	16	TATTAT	6.34432005174741	2.33096242092016	11.3989769307059	6	NA	ZMO0010
TSS_0009	TTGCAT	5.8036967482428	16	TATATC	5.41159567299263	2.33096242092016	13.5462548421556	7	NA	ZMO0011
TSS_0011	TTGTCG	4.53144495355742	19	TATATC	5.41159567299263	2.74203777704225	12.6850784035923	4	NA	ZMO0011
TSS_0012	TTTTTT	4.35292504520927	16	TATGGA	4.41482547755389	2.33096242092016	11.0987129436833	7	NA	ZMO0011
TSS_0013	TTGTCA	5.71547690119511	18	TATTAT	6.34432005174741	2.33096242092016	14.3907593738627	6	NA	ZMO0011
TSS_0014	TTTATA	5.1456765158962	18	TATTAC	5.25982377766064	2.33096242092016	12.736462714477	9	-144	ZMO0011
TSS_0015	TTAATA	3.12398144479688	15	TAATGC	3.36896761820672	2.74203777704225	9.23498684004585	6	NA	ZMO0012
TSS_0019	GTGATA	0.91537685409775	18	TATGGC	3.58217653533238	2.33096242092016	6.82851581035028	5	-48	ZMO0016
TSS_0024	TTGAAC	4.93942654736002	17	TATCAA	5.40059501524449	2.20233746073453	12.542359023339	7	-238	ZMO0017
TSS_0027	TGGAAA	3.21440663296339	17	TATTCT	4.89930520587899	2.20233746073453	10.3160492995769	6	-47	ZMO0022
TSS_0028	TGGAAC	1.69488848514362	17	TATGCC	3.02375582206371	2.20233746073453	6.92098176794186	6	-33	ZMO0027
TSS_0030	TAGAAA	3.10961044295178	17	TACCTT	1.93631119739657	2.20233746073453	7.24825910108288	6	-436	ZMO0030
TSS_0031	TTGCTT	6.01679641576951	16	TATAAT	7.09248385251849	2.33096242092016	15.4402426892082	6	-165	ZMO0030
TSS_0032	TATCTT	1.14109431673119	16	TATTAG	4.90898299085804	2.33096242092016	8.38103972850938	7	-52	ZMO0030
TSS_0033	CTGCTT	1.82897174251863	17	TATAAC	6.00798757843171	2.20233746073453	10.0392967816849	6	NA	ZMO0031
TSS_0035	CTGTTA	1.85600399078059	16	GATATT	2.69648652462673	2.33096242092016	6.88345293632747	4	-88	ZMO0035
TSS_0036	TTGTAG	4.64669704886707	15	TATTAT	6.34432005174741	2.74203777704225	13.7330548776567	6	-72	ZMO0035
TSS_0039	TAGCCT	2.33911040070514	17	TATAAA	6.84063652065323	2.20233746073453	11.3820843820929	7	-37	ZMO0035
TSS_0041	ATGCAA	0.948530605812141	17	TATAAT	7.09248385251849	2.20233746073453	10.2433519190652	7	-344	ZMO0033
TSS_0056	TTGCCT	5.68844465293316	17	GATAGT	2.40628429746606	2.20233746073453	10.2970664111337	6	0	ZMO0039
TSS_0058	TTGCCT	5.68844465293316	18	TAGTAG	2.14769771749642	2.33096242092016	10.1671047913497	4	0	ZMO0041
TSS_0062	CTGATT	2.31968391744374	17	TATGAT	5.55326694201891	2.20233746073453	10.0752883201972	6	NA	ZMO0044
TSS_0063	TTGGCA	3.70287686441548	16	TATTAT	6.34432005174741	2.33096242092016	12.378159337083	7	NA	ZMO0054
TSS_0064	TTTCTT	4.4904285689592	15	TAATTT	4.74366611945417	2.74203777704225	11.9761324654556	6	-123	ZMO0055
TSS_0065	TTTACT	4.65278898104795	20	TATTCG	3.46396814498962	3.53508769910899	11.6518448251466	3	NA	ZMO0056
TSS_0066	CTGTTT	1.6914682187687	17	TATTTT	5.74792814630833	2.20233746073453	9.64173382581156	3	NA	NA
TSS_0067	TTATAA	2.28266607859513	17	TACATT	3.3763527028053	2.20233746073453	7.86135624213496	6	-56	ZMO0056
TSS_0068	TAGGAT	0.304258935485216	17	TAAAAA	5.83637449379907	2.20233746073453	8.34297089001881	7	-32	ZMO0057
TSS_0069	TTGCCC	4.33346227712528	16	TAAATT	5.49182992022524	2.33096242092016	12.1562546182707	6	-91	ZMO0057
TSS_0070	TATATT	1.63180649165629	19	TATACT	5.64746900665006	2.74203777704225	10.0213132753486	6	NA	ZMO0061
TSS_0073	TAGCTT	2.6674621635415	17	TAAATC	4.40733364613847	2.20233746073453	9.27713327041449	8	-187	ZMO0061
TSS_0074	TTTACC	3.29780660524007	18	TAGACT	2.88618373328844	2.33096242092016	8.51495275944867	6	-80	ZMO0062
TSS_0076	TTCTAT	2.53316780586208	20	TAATAT	5.34005802489326	3.53508769910899	11.4083135298643	9	NA	ZMO0064
TSS_0078	TTATCT	2.00287821127359	16	TATTCT	4.89930520587899	2.33096242092016	9.23314583807274	8	-53	ZMO0068
TSS_0081	TTGTGT	3.78540638282024	19	TATTTA	5.49608081444307	2.74203777704225	12.0235249743056	4	-92	ZMO0069
TSS_0082	CTGAAA	2.27112002192892	19	TATGGC	3.58217653533238	2.74203777704225	8.59533433430355	4	-386	ZMO0072
TSS_0085	TTCACT	3.04613140922748	16	TATCTT	5.05605044167066	2.33096242092016	10.4331442718183	7	-159	ZMO0073
TSS_0088	TTGGTG	2.84719667961414	18	TAACTA	3.79994108295124	2.33096242092016	8.97810018348554	6	NA	ZMO0075
TSS_0090	TTTCCT	4.16207680612285	17	TAGCAT	2.89115707374813	2.20233746073453	9.25557134060551	6	-39	ZMO0075
TSS_0091	TTTCGG	1.37704588413407	17	TATAGC	5.12139344583195	2.20233746073453	8.70077679070056	6	0	ZMO0077
TSS_0092	TTGATG	5.48801241506882	19	TAATCG	2.45970611813546	2.74203777704225	10.6897563102465	4	-371	ZMO0078
TSS_0093	TTACTT	2.46873349785988	17	TATATT	6.4960919470794	2.20233746073453	11.1671629056738	7	-106	ZMO0079
TSS_0095	TTTCCA	4.32661257813474	20	TATCTC	3.97155416758389	3.53508769910899	11.8332544448276	7	-79	ZMO0081
TSS_0096	TTGATT	6.50750859069461	17	TAAGAA	4.29715758329949	2.20233746073453	13.0070036347286	7	NA	ZMO0083
TSS_0097	TTGAAG	5.27491274754211	20	TATCTT	5.05605044167066	3.53508769910899	13.8660508883218	4	NA	ZMO0083
TSS_0098	TTTAAC	3.41305870054971	17	TATTTC	4.66343187222156	2.20233746073453	10.2788280335058	6	-24	ZMO0084
TSS_0099	TTTAAA	4.93257684836949	15	TATTTA	5.49608081444307	2.74203777704225	13.1706954398548	3	-52	ZMO0084
TSS_0102	TTTACA	4.81732475305984	18	TATATC	5.41159567299263	2.33096242092016	12.5598828469726	3	-27	ZMO0087
TSS_0103	TTTATA	5.1456765158962	15	TATAAA	6.84063652065323	2.74203777704225	14.7283508135917	8	NA	ZMO0088
TSS_0104	TTTCTA	4.65496434097109	17	TAATTC	3.6591698453674	2.20233746073453	10.516471647073	7	NA	ZMO0089
TSS_0105	GTGACT	0.422489319249507	16	TATACT	5.64746900665006	2.33096242092016	8.40092074681972	7	NA	NA
TSS_0111	TTTATT	4.98114074388431	16	TAGTTT	2.98664287294671	2.33096242092016	10.2987460377512	5	-27	ZMO0095
TSS_0112	TTGTTT	5.87929289201957	19	TAGTCT	2.13801993251737	2.74203777704225	10.7593506015792	5	-168	ZMO0096
TSS_0113	TTGACA	6.34369259987015	17	TATGCA	3.85640476428523	2.20233746073453	12.4024348248899	6	-267	ZMO0096
TSS_0116	TTTTAT	4.13982537768256	16	TATTGA	5.2058785872824	2.33096242092016	11.6766663858851	5	-151	ZMO0103
TSS_0117	TTTCCT	4.16207680612285	20	TATCGA	4.51400088264473	3.53508769910899	12.2111653878766	6	-105	ZMO0103
TSS_0119	TTGTGC	2.43042400701236	18	TATCAA	5.40059501524449	2.33096242092016	10.161981443177	4	-342	ZMO0105
TSS_0120	TTGCAA	5.96823252025469	16	TAAAAA	5.83637449379907	2.33096242092016	14.1355694349739	5	-15	ZMO0105
TSS_0122	TTGATG	5.48801241506882	17	TATCAG	4.21710528622037	2.20233746073453	11.9074551620237	6	NA	ZMO0107
TSS_0125	TTTTAT	4.13982537768256	15	TATATT	6.4960919470794	2.74203777704225	13.3779551018042	9	NA	ZMO0109
TSS_0126	TGGATT	3.26297052847821	18	TATGAT	5.55326694201891	2.33096242092016	11.1471998914173	5	NA	ZMO0109
TSS_0127	TTTATG	3.96164456825851	15	TATGAT	5.55326694201891	2.74203777704225	12.2569492873197	6	NA	ZMO0109
TSS_0128	TAGCAG	1.43486632038899	17	TATCTT	5.05605044167066	2.20233746073453	8.69325422279418	7	NA	ZMO0109
TSS_0129	TTCGAT	0.520567769082448	17	TATAAA	6.84063652065323	2.20233746073453	9.5635417504702	5	NA	ZMO0109
TSS_0130	GTGTTT	0.12262538341082	15	TAAACT	4.6432069797959	2.74203777704225	7.50787014024897	7	NA	ZMO0109
TSS_0133	TGGAAA	3.21440663296339	17	TAGAAA	4.07935124729161	2.20233746073453	9.49609534098953	6	NA	ZMO0110
TSS_0135	TTTCAA	4.44186467344438	15	TATTAT	6.34432005174741	2.74203777704225	13.528222502234	9	NA	ZMO0110
TSS_0136	TGGATA	3.4275063004901	17	GAAAAG	0.853279342322281	2.20233746073453	6.48312310354691	6	-246	ZMO0112
TSS_0138	TTCCTT	2.88377099713873	17	TATTGA	5.2058785872824	2.20233746073453	10.2919870451557	6	-9	ZMO0112
TSS_0143	TTTACC	3.29780660524007	18	TAAAAG	4.65288476477495	2.33096242092016	10.2816537909352	7	-22	ZMO0116
TSS_0144	TTACGA	0.539382760672444	17	TATGTT	4.95687503657983	2.20233746073453	7.6985952579868	6	NA	ZMO0117
TSS_0146	TTTCCT	4.16207680612285	16	TAACAT	4.64818032025559	2.33096242092016	11.1412195472986	5	NA	ZMO0117
TSS_0148	TTGCTG	4.99730024014371	17	TATAAA	6.84063652065323	2.20233746073453	14.0402742215315	4	-110	ZMO0120
TSS_0150	TTTCCT	4.16207680612285	18	TATTCC	3.81480893179222	2.33096242092016	10.3078481588352	6	-22	ZMO0120
TSS_0152	TAGCCA	2.50364617271703	18	TATGAT	5.55326694201891	2.33096242092016	10.3878755356561	6	0	ZMO0121
TSS_0153	TTGTTG	4.85979671639378	16	TAACGC	2.67708991356906	2.33096242092016	9.86784905088299	6	NA	ZMO0121
TSS_0163	TTTCCA	4.32661257813474	17	TATCTA	4.8042031098054	2.20233746073453	11.3331531486747	6	-146	ZMO0127
TSS_0166	TTAAAA	2.91088177727017	16	TATGAT	5.55326694201891	2.33096242092016	10.7951111402092	6	NA	NA
TSS_0167	TTGCAG	4.784200572617	17	GATTTC	0.863826449768886	2.20233746073453	7.85036448312042	5	-419	ZMO0128
TSS_0168	TGGCCA	2.60844236272864	18	GATTGT	1.65812049669499	2.33096242092016	6.59752528034378	8	-504	ZMO0128
TSS_0170	TTTCCA	4.32661257813474	16	TACCTT	1.93631119739657	2.33096242092016	8.59388619645146	6	NA	ZMO0130
TSS_0171	TTGAAA	6.4589446951798	15	TAAAAG	4.65288476477495	2.74203777704225	13.853867236997	8	-56	ZMO0130
TSS_0173	TTGATA	6.67204436270651	15	TATTAT	6.34432005174741	2.74203777704225	15.7584021914962	5	NA	NA
TSS_0174	TTGAAT	6.2944089231679	19	TATAAG	5.65714679162911	2.74203777704225	14.6935934918393	9	-27	ZMO0133
TSS_0176	CTGAAT	2.10658424991703	20	TATAAT	7.09248385251849	3.53508769910899	12.7341558015445	3	-359	ZMO2041
TSS_0177	TTTAAG	3.7485449007318	18	TATTAA	6.09247271988216	2.33096242092016	12.1719800415341	5	-107	ZMO2041
TSS_0180	TTTAAT	4.7680410763576	16	TAAATA	5.23998258835998	2.33096242092016	12.3389860856377	6	-42	ZMO2041
TSS_0183	TTGATA	6.67204436270651	19	TATTGA	5.2058785872824	2.74203777704225	14.6199607270312	5	NA	ZMO0137
TSS_0184	TTGATA	6.67204436270651	19	TATTGA	5.2058785872824	2.74203777704225	14.6199607270312	5	NA	ZMO0137
TSS_0186	TTGATA	6.67204436270651	19	TATTGA	5.2058785872824	2.74203777704225	14.6199607270312	5	NA	ZMO0137
TSS_0187	TTGATA	6.67204436270651	19	TATTGA	5.2058785872824	2.74203777704225	14.6199607270312	5	NA	ZMO0137
TSS_0188	TTGATA	6.67204436270651	17	TAAATT	5.49182992022524	2.20233746073453	14.3662117436663	7	NA	ZMO0137
TSS_0190	TTGATA	6.67204436270651	19	TATTGA	5.2058785872824	2.74203777704225	14.6199607270312	5	NA	ZMO0137
TSS_0191	TTGACC	4.82417445205038	18	TAAATT	5.49182992022524	2.33096242092016	12.6469667931958	6	NA	ZMO0137
TSS_0192	TTTCTT	4.4904285689592	17	TAGAAT	4.33119857915687	2.20233746073453	11.0239646088506	6	NA	NA
TSS_0193	TTGATC	5.15252621488673	19	TAACTA	3.79994108295124	2.74203777704225	11.6945050748802	4	-34	ZMO0139
TSS_0196	TTTTTA	4.51746081722116	19	TATATC	5.41159567299263	2.74203777704225	12.671094267256	6	-69	ZMO0142
TSS_0197	TTGGAA	3.81812895972512	16	TAGCGT	2.00456294114837	2.33096242092016	8.15365432179365	8	NA	ZMO0142
TSS_0198	TTGCAT	5.8036967482428	20	GATTAC	1.46021835520797	3.53508769910899	10.7990028025598	4	-190	ZMO0144
TSS_0200	TTCAAA	3.32591927654901	19	TAATAG	3.90472096400388	2.74203777704225	9.97267801759514	5	NA	ZMO0145
TSS_0205	TTGCGG	2.90341373094438	18	TAATTT	4.74366611945417	2.33096242092016	9.97804227131871	6	NA	ZMO0149
TSS_0206	TTTCAA	4.44186467344438	15	GATTCC	0.0152035093395484	2.74203777704225	7.19910595982618	4	NA	ZMO0152
TSS_0215	TTTTTT	4.35292504520927	18	TAAACT	4.6432069797959	2.33096242092016	11.3270944459253	6	-74	ZMO2043
TSS_0218	TTGGAA	3.81812895972512	15	TATATT	6.4960919470794	2.74203777704225	13.0562586838468	5	-27	ZMO2043
TSS_0222	TTCCCA	2.71995500631426	17	TATTTA	5.49608081444307	2.20233746073453	10.4183732814919	8	-276	ZMO0153
TSS_0234	TTGCAG	4.784200572617	18	TATCCT	4.20742750124132	2.33096242092016	11.3225904947785	5	-21	ZMO0157
TSS_0237	TGGTTA	2.79929060181506	15	TACAAG	2.53740754735502	2.74203777704225	8.07873592621232	5	-126	ZMO0160
TSS_0240	CTGCAT	1.61587207499192	15	TATAAA	6.84063652065323	2.74203777704225	11.1985463726874	7	-97	ZMO0165
TSS_0243	TGGATC	1.90798815267033	15	TAGTTT	2.98664287294671	2.74203777704225	7.63666880265929	7	-429	ZMO0166
TSS_0245	TTTATT	4.98114074388431	19	TAATAT	5.34005802489326	2.74203777704225	13.0632365458198	4	-87	ZMO0166
TSS_0247	TTGTTC	4.52431051621169	15	TATTAC	5.25982377766064	2.74203777704225	12.5261720709146	4	-55	ZMO0166
TSS_0248	CTGACT	1.99133215460739	20	TAAAAC	5.00372555157755	3.53508769910899	10.5301454052939	5	NA	ZMO0166
TSS_0250	GTGAAT	0.537741414559149	17	GAAAAA	2.0367690713464	2.20233746073453	4.77684794664008	7	NA	ZMO0166
TSS_0253	TTTCCA	4.32661257813474	18	TATCTT	5.05605044167066	2.33096242092016	11.7136254407256	6	NA	ZMO0168
TSS_0255	TTGACT	6.17915682785826	17	TATAGT	6.20588971991873	2.20233746073453	14.5873840085115	6	NA	ZMO0168
TSS_0259	TTAATC	1.60446329697711	18	TATTAA	6.09247271988216	2.33096242092016	10.0278984377794	7	NA	ZMO0168
TSS_0262	TTGACC	4.82417445205038	20	TACAGT	3.08615047564463	3.53508769910899	11.445412626804	5	-105	ZMO0169
TSS_0265	TTGCAA	5.96823252025469	18	TATGAA	5.30141961015365	2.33096242092016	13.6006145513285	6	-29	ZMO2044
TSS_0266	TTGACT	6.17915682785826	17	TATGGT	4.66667280941915	2.20233746073453	13.0481670980119	6	NA	ZMO2044
TSS_0267	TTGCTA	6.1813321877814	17	TAATGA	4.20161656042824	2.20233746073453	12.5852862089442	7	-176	ZMO0172
TSS_0274	TTGATG	5.48801241506882	17	TAAATA	5.23998258835998	2.20233746073453	12.9303324641633	7	NA	ZMO0174
TSS_0280	TTTTAT	4.13982537768256	17	TATAAA	6.84063652065323	2.20233746073453	13.1827993590703	5	-57	ZMO0173
TSS_0281	TTGGCA	3.70287686441548	17	TATTTT	5.74792814630833	2.20233746073453	11.6531424714583	7	-80	ZMO0173
TSS_0284	TTGATA	6.67204436270651	16	TAATAA	5.0882106930280004	2.33096242092016	14.0912174766547	7	-360	ZMO0173
TSS_0286	TGGCAA	2.72369445803829	16	TATTGT	5.45772591914766	2.33096242092016	10.5123827981061	7	-111	ZMO0174
TSS_0287	TTCTTT	2.74626747338879	17	TATAGG	4.77055265902935	2.20233746073453	9.71915759315268	6	-392	ZMO0176
TSS_0288	TTGAGG	3.39412590586949	16	TATGGG	3.23133574852978	2.33096242092016	8.95642407531942	6	0	ZMO0175
TSS_0289	TTGACC	4.82417445205038	18	TAATAA	5.0882106930280004	2.33096242092016	12.2433475659985	6	-69	ZMO0176
TSS_0290	TTGAAA	6.4589446951798	19	TAATAG	3.90472096400388	2.74203777704225	13.1057034362259	4	-512	ZMO0177
TSS_0300	TGGAAT	3.0498708609515	18	TATTGA	5.2058785872824	2.33096242092016	10.5867118691541	7	-154	ZMO0177
TSS_0302	GTGCAT	0.0470292396340442	18	TATATG	5.06075488619003	2.33096242092016	7.43874654674423	6	-117	ZMO0177
TSS_0310	TTAATC	1.60446329697711	20	TATTCT	4.89930520587899	3.53508769910899	10.0388562019651	8	NA	NA
TSS_0311	TTGCCA	5.85298042494505	16	TACCTT	1.93631119739657	2.33096242092016	10.1202540432618	7	NA	ZMO0177
TSS_0314	CTGATT	2.31968391744374	18	GATGTT	1.15726961412716	2.33096242092016	5.80791595249105	8	NA	ZMO0177
TSS_0317	TGGTCA	2.47093883897871	19	GATTTT	1.94832272385566	2.74203777704225	7.16129933987662	6	NA	ZMO0177
TSS_0323	TTATAT	2.11813030658324	19	TATCAT	5.65244234710975	2.74203777704225	10.5126104307352	5	NA	NA
TSS_0324	CTGTCT	1.36311645593235	18	TATGAT	5.55326694201891	2.33096242092016	9.24734581887141	7	-18	ZMO0178
TSS_0325	ATGCTA	1.16163027333885	19	TATATG	5.06075488619003	2.74203777704225	8.96442293657113	9	-143	ZMO0179
TSS_0326	GTGACT	0.422489319249507	16	TAAAAA	5.83637449379907	2.33096242092016	8.58982623396873	5	-106	ZMO0179
TSS_0327	TAGATA	3.32271011047849	17	TATATC	5.41159567299263	2.20233746073453	10.9366432442056	6	-14	ZMO0179
TSS_0330	TGGTTG	1.61525865417737	16	TATTAA	6.09247271988216	2.33096242092016	10.0386937949797	9	NA	ZMO0180
TSS_0331	TTGGTT	3.86669285523994	17	TATAGG	4.77055265902935	2.20233746073453	10.8395829750038	8	0	ZMO0180
TSS_0332	TTGTAT	5.66619322449286	20	TATTGC	4.37322964506088	3.53508769910899	13.5745105686627	4	-63	ZMO0180
TSS_0337	TTTACA	4.81732475305984	18	TACAGC	2.00165420155786	2.33096242092016	9.14994137553786	7	-158	ZMO0182
TSS_0338	TTCATT	3.37448317206383	16	TATATT	6.4960919470794	2.33096242092016	12.2015375400634	6	NA	ZMO0182
TSS_0340	TTTTTA	4.51746081722116	16	TAATTA	4.49181878758891	2.33096242092016	11.3402420257302	5	NA	NA
TSS_0344	TTGCCA	5.85298042494505	17	TAATTT	4.74366611945417	2.20233746073453	12.7989840051337	5	-35	ZMO0183
TSS_0346	TAGAAT	2.94507467093989	15	TATACA	5.3956216747848	2.74203777704225	11.0827341227669	8	-138	ZMO0183
TSS_0360	TTGCTG	4.99730024014371	17	GAAAAT	2.28861640321166	2.20233746073453	9.4882541040899	6	-379	ZMO0186
TSS_0367	CTGTCG	0.343620280306549	19	TATTCT	4.89930520587899	2.74203777704225	7.98496326322779	7	NA	NA
TSS_0369	TTTATG	3.96164456825851	17	TATCGT	4.76584821450999	2.20233746073453	10.929830243503	7	NA	ZMO0186
TSS_0370	TATCCA	0.977278325906725	17	TATTAT	6.34432005174741	2.20233746073453	9.52393583838867	7	NA	ZMO0186
TSS_0371	TTGATT	6.50750859069461	16	TATTGG	4.02238885825828	2.33096242092016	12.8608598698731	6	-313	ZMO0187
TSS_0372	CTGCAT	1.61587207499192	20	TATCCG	2.77209044035195	3.53508769910899	7.92305021445287	5	-271	ZMO0187
TSS_0374	TTTACA	4.81732475305984	20	TATTAG	4.90898299085804	3.53508769910899	13.2613954430269	7	-222	ZMO0187
TSS_0375	TAGCAA	2.61889826802668	20	TATGAT	5.55326694201891	3.53508769910899	11.7072529091546	3	NA	NA
TSS_0379	TTTATT	4.98114074388431	15	TATTAC	5.25982377766064	2.74203777704225	12.9830022985872	8	-13	ZMO0189
TSS_0380	TGGATA	3.4275063004901	17	TAGGGT	1.90538753605753	2.20233746073453	7.53523129728217	6	NA	ZMO0192
TSS_0383	TTATTA	2.49576574612184	18	TAAAAG	4.65288476477495	2.33096242092016	9.47961293181694	6	-22	ZMO0193
TSS_0387	TTGCGT	3.92290990657018	17	TAGCGA	1.75271560928311	2.20233746073453	7.87796297658782	6	-351	ZMO0193
TSS_0389	TTCTGT	0.652380964189462	16	TATATC	5.41159567299263	2.33096242092016	8.39493905810224	9	-382	ZMO0197
TSS_0390	TTTCAA	4.44186467344438	18	TAAAAT	6.08822182566433	2.33096242092016	12.8610489200289	6	NA	ZMO0197
TSS_0392	TTGCAG	4.784200572617	18	TAGAAG	2.89586151826749	2.33096242092016	10.0110245118046	7	-85	ZMO0198
TSS_0394	TGGTGA	0.705404092615731	19	TATATT	6.4960919470794	2.74203777704225	9.94353381673738	6	NA	ZMO0198
TSS_0396	TTGACA	6.34369259987015	17	TACACG	1.09239270148659	2.20233746073453	9.63842276209128	6	-90	ZMO0199
TSS_0397	TTTCTT	4.4904285689592	19	TAGCGT	2.00456294114837	2.74203777704225	9.23702928714982	6	NA	ZMO0201
TSS_0399	TTGCTA	6.1813321877814	17	TATAAA	6.84063652065323	2.20233746073453	15.2243061691692	4	-202	ZMO0202
TSS_0400	TTAATA	3.12398144479688	20	TACTGA	2.0861393430083	3.53508769910899	8.74520848691417	8	-137	ZMO0202
TSS_0401	TTAAAT	2.74634600525828	20	TAACAT	4.64818032025559	3.53508769910899	10.9296140246229	6	-118	ZMO0202
TSS_0404	TTGATT	6.50750859069461	18	TATGAT	5.55326694201891	2.33096242092016	14.3917379536337	5	NA	ZMO0204
TSS_0405	TTTAAA	4.93257684836949	16	TATAGT	6.20588971991873	2.33096242092016	13.4694289892084	7	-3	ZMO0207
TSS_0407	ATGATA	1.65234244826396	17	TACAAA	3.72089727637913	2.20233746073453	7.57557718537762	6	-21	ZMO0208
TSS_0409	CTGAAA	2.27112002192892	19	TATTCT	4.89930520587899	2.74203777704225	9.91246300485016	4	-79	ZMO0209
TSS_0413	TTGACT	6.17915682785826	17	TAGCAG	1.45582001285875	2.20233746073453	9.83731430145155	7	-10	ZMO0211
TSS_0416	TTCCGT	0.789884487939397	17	TAGTGT	2.69644064578604	2.20233746073453	5.68866259445997	7	NA	ZMO0213
TSS_0417	TTAAAA	2.91088177727017	16	TAAAAT	6.08822182566433	2.33096242092016	11.3300660238546	7	-43	ZMO0213
TSS_0418	TTGCGC	2.5679275307623	19	TATCGC	3.68135194042321	2.74203777704225	8.99131724822776	4	NA	ZMO0214
TSS_0424	TTGTCA	5.71547690119511	17	TAGAGC	2.36010817247033	2.20233746073453	10.2779225344	6	-139	ZMO0220
TSS_0429	TTGGAA	3.81812895972512	17	TAAAGA	4.94978036119931	2.20233746073453	10.970246781659	7	-201	ZMO0221
TSS_0430	ATGACT	1.15945491341571	17	TATGAT	5.55326694201891	2.20233746073453	8.91505931616916	8	-70	ZMO0221
TSS_0433	TTGAAT	6.2944089231679	17	TAATTA	4.49181878758891	2.20233746073453	12.9885651714913	6	-31	ZMO0223
TSS_0434	TTGTTG	4.85979671639378	20	TATCTC	3.97155416758389	3.53508769910899	12.3664385830867	6	-278	ZMO0224
TSS_0437	TGGATA	3.4275063004901	17	TAACGC	2.67708991356906	2.20233746073453	8.30693367479369	8	-180	ZMO0226
TSS_0438	TGGACA	3.09915453765375	17	TAGAGA	3.19275711469185	2.20233746073453	8.49424911308013	7	-107	ZMO0226
TSS_0439	TTGGAT	3.65359318771323	18	TATGTT	4.95687503657983	2.33096242092016	10.9414306452132	5	-348	ZMO0228
TSS_0449	TTAAAA	2.91088177727017	15	TATATT	6.4960919470794	2.74203777704225	12.1490115013918	7	-122	ZMO0234
TSS_0453	TTAAAA	2.91088177727017	17	TATCTT	5.05605044167066	2.20233746073453	10.1692696796754	7	-307	ZMO0234
TSS_0454	TTGCAC	4.44871437243492	16	TAAAAT	6.08822182566433	2.33096242092016	12.8678986190194	6	-330	ZMO0234
TSS_0457	TTGCAT	5.8036967482428	17	TAATTA	4.49181878758891	2.20233746073453	12.4978529965662	6	-170	ZMO0238
TSS_0459	TTTCCT	4.16207680612285	15	TATCGC	3.68135194042321	2.74203777704225	10.5854665235883	8	-237	ZMO0239
TSS_0467	TTGCCA	5.85298042494505	17	GAAAAT	2.28861640321166	2.20233746073453	10.3439342888912	5	-182	ZMO0241
TSS_0471	TAGACA	2.99435834764214	16	TAATGT	4.4534638922935	2.33096242092016	9.77878466085579	7	-73	ZMO0244
TSS_0475	TTGCCA	5.85298042494505	16	TAAGAG	3.11366785427538	2.33096242092016	11.2976107001406	8	-175	ZMO0244
TSS_0487	TTCTCA	2.58245148256433	17	TATCGG	3.33051115362061	2.20233746073453	8.11530009691947	7	-328	ZMO0244
TSS_0488	TTGTCG	4.53144495355742	17	TATCGT	4.76584821450999	2.20233746073453	11.4996306288019	6	NA	ZMO0247
TSS_0490	TTGCCC	4.33346227712528	17	TATATA	6.24424461521414	2.20233746073453	12.7800443530739	6	-114	ZMO0249
TSS_0495	TTGCAC	4.44871437243492	20	TAATCG	2.45970611813546	3.53508769910899	10.4435081896794	6	NA	NA
TSS_0496	TTCTTT	2.74626747338879	18	GATCAG	0.417499863767703	2.33096242092016	5.49472975807665	5	-355	ZMO0251
TSS_0497	TGGATG	2.24347435285241	17	TATTTT	5.74792814630833	2.20233746073453	10.1937399598953	7	NA	ZMO0250
TSS_0499	TAGATT	3.1581743384666	18	TAAACT	4.6432069797959	2.33096242092016	10.1323437391827	4	-29	ZMO0250
TSS_0500	TTTGTA	2.50486078044152	15	TATACC	4.56297273256329	2.74203777704225	9.80987129004706	9	-85	ZMO0252
TSS_0501	TTCCTC	1.52878862133085	17	TAAGTA	3.70076567786041	2.20233746073453	7.43189175992578	5	NA	ZMO0252
TSS_0503	TGTAAA	1.68803878615308	18	TACGAT	2.43352769774482	2.33096242092016	6.45252890481805	6	NA	ZMO0252
TSS_0504	TTGAAT	6.2944089231679	15	GATACG	0.412526523308018	2.74203777704225	9.44897322351817	8	NA	ZMO0252
TSS_0507	TTGTAT	5.66619322449286	18	TATCCA	3.95558016937606	2.33096242092016	11.9527358147891	6	NA	ZMO0252
TSS_0508	TTCAGA	1.44513243487639	16	TATATT	6.4960919470794	2.33096242092016	10.2721868028759	6	NA	ZMO0252
TSS_0512	TTTCAG	3.25783272580669	19	TAAGGC	2.57791450847822	2.74203777704225	8.57778501132716	5	-39	ZMO0256
TSS_0521	TTCTGT	0.652380964189462	15	TATAAT	7.09248385251849	2.74203777704225	10.4869025937502	4	NA	Zms20
TSS_0524	TAGTGT	0.436072130592231	18	TATTGT	5.45772591914766	2.33096242092016	8.22476047066004	5	-20	ZMO0260
TSS_0525	TTGCAG	4.784200572617	18	TACCCA	0.835840925101969	2.33096242092016	7.95100391863913	6	NA	ZMO0262
TSS_0528	TTGCCT	5.68844465293316	17	TATATT	6.4960919470794	2.20233746073453	14.3868740607471	6	NA	ZMO0262
TSS_0529	TTGATG	5.48801241506882	16	TAAAGA	4.94978036119931	2.33096242092016	12.7687551971883	7	-267	ZMO0263
TSS_0530	TTGAAG	5.27491274754211	17	TAAAGG	3.76629063217519	2.20233746073453	11.2435408404518	6	-235	ZMO0264
TSS_0535	TTTCGT	2.39654205975987	17	TAATTT	4.74366611945417	2.20233746073453	9.34254563994857	6	NA	ZMO0268
TSS_0537	TTGACT	6.17915682785826	16	TATCAA	5.40059501524449	2.33096242092016	13.9107142640229	7	-456	ZMO0268
TSS_0538	TTTATT	4.98114074388431	16	TATTAA	6.09247271988216	2.33096242092016	13.4045758846866	5	-531	ZMO0271
TSS_0539	TTGCCT	5.68844465293316	17	GATAGC	1.32178802337928	2.20233746073453	9.21257013704697	7	0	ZMO0271
TSS_0540	TTGCTC	4.66181403996163	17	TATTAA	6.09247271988216	2.20233746073453	12.9566242205783	5	-197	ZMO0273
TSS_0545	TTGATA	6.67204436270651	16	TATTAT	6.34432005174741	2.33096242092016	15.3473268353741	5	-139	ZMO0274
TSS_0547	TTGTTA	6.04382866403146	17	TATTTT	5.74792814630833	2.20233746073453	13.9940942710743	6	-97	ZMO0275
TSS_0551	TTGAGA	4.57815785350718	17	TATGCC	3.02375582206371	2.20233746073453	9.80425113630542	7	-650	ZMO0277
TSS_0568	TTTTTA	4.51746081722116	17	TATTAT	6.34432005174741	2.20233746073453	13.0641183297031	6	NA	NA
TSS_0569	TTCTTA	2.91080324540068	20	TATAAA	6.84063652065323	3.53508769910899	13.2865274651629	8	-85	ZMO0281
TSS_0572	TTGACC	4.82417445205038	17	TACTTT	2.62818890203423	2.20233746073453	9.65470081481915	6	-104	ZMO0282
TSS_0574	TTGAAA	6.4589446951798	16	TACATC	2.29185642871853	2.33096242092016	11.0817635448185	6	-146	ZMO0281
TSS_0575	TGGACA	3.09915453765375	16	TATATT	6.4960919470794	2.33096242092016	11.9262089056533	6	NA	ZMO0283
TSS_0576	TTGCCA	5.85298042494505	16	TACTTC	1.54369262794746	2.33096242092016	9.72763547381266	7	-514	ZMO0287
TSS_0579	TTTTGT	2.25903853600994	15	TATTGG	4.02238885825828	2.74203777704225	9.02346517131047	6	-157	ZMO0287
TSS_0580	TTTTTA	4.51746081722116	17	TAAAAG	4.65288476477495	2.20233746073453	11.3726830427306	7	-39	ZMO0287
TSS_0582	TTATTT	2.33122997410995	15	TATTCC	3.81480893179222	2.74203777704225	8.88807668294441	7	-600	ZMO0290
TSS_0583	TGGCAA	2.72369445803829	18	TATATC	5.41159567299263	2.33096242092016	10.4662525519511	4	0	ZMO0290
TSS_0584	TTGGAA	3.81812895972512	20	TATTAC	5.25982377766064	3.53508769910899	12.6130404364948	9	NA	ZMO0290
TSS_0586	TTTATG	3.96164456825851	17	TATTCA	4.64745787401373	2.20233746073453	10.8114399030068	7	-548	ZMO0291
TSS_0587	TTGATT	6.50750859069461	16	TATAAT	7.09248385251849	2.33096242092016	15.9309548641333	6	-242	ZMO0293
TSS_0589	TTGACG	5.15966065223246	17	TATCCG	2.77209044035195	2.20233746073453	10.1340885533189	6	-82	ZMO0294
TSS_0593	TGGTAT	2.42165516227646	17	TATAAA	6.84063652065323	2.20233746073453	11.4646291436642	6	-143	ZMO0294
TSS_0594	TTCTTC	1.39128509758091	17	TATATG	5.06075488619003	2.20233746073453	8.65437744450547	6	-170	ZMO0294
TSS_0596	CTGCAA	1.78040784700381	17	TATTTA	5.49608081444307	2.20233746073453	9.47882612218142	6	-103	ZMO0298
TSS_0598	TTGTCT	5.55094112918322	17	TAACAG	3.21284325936621	2.20233746073453	10.966121849284	6	-22	ZMO0299
TSS_0599	TTTCAA	4.44186467344438	18	TACAGA	2.83430314377937	2.33096242092016	9.60713023814391	6	-64	ZMO0299
TSS_0600	TTGTAA	5.83072899650475	20	TAATGG	3.01812683140412	3.53508769910899	12.3839435270179	7	NA	ZMO0303
TSS_0601	TTATCC	0.647895835465713	20	TAGTAG	2.14769771749642	3.53508769910899	6.33068125207113	9	NA	NA
TSS_0602	TTGCAG	4.784200572617	17	TATCCG	2.77209044035195	2.20233746073453	9.75862847370348	7	-197	ZMO0306
TSS_0603	TTGCAA	5.96823252025469	20	TATTAT	6.34432005174741	3.53508769910899	15.8476402711111	4	-100	ZMO0309
TSS_0606	TTACGA	0.539382760672444	17	TATTCT	4.89930520587899	2.20233746073453	7.64102542728597	7	-15	ZMO0311
TSS_0607	TTGCAA	5.96823252025469	16	TATGAT	5.55326694201891	2.33096242092016	13.8524618831938	7	-61	ZMO0311
TSS_0610	CTGAAC	0.751601874109148	19	TATCAT	5.65244234710975	2.74203777704225	9.14608199826114	7	NA	NA
TSS_0612	TTGTCT	5.55094112918322	18	TAAACT	4.6432069797959	2.33096242092016	12.5251105298993	6	-41	ZMO0315
TSS_0617	TATAAT	1.41870682412958	19	TATTAT	6.34432005174741	2.74203777704225	10.5050646529192	9	-31	ZMO0319
TSS_0621	TTGCCA	5.85298042494505	15	TATATG	5.06075488619003	2.74203777704225	13.6557730881773	9	NA	ZMOt004
TSS_0623	TGGCTG	1.75276217792731	16	TATATC	5.41159567299263	2.33096242092016	9.49532027184009	8	-69	ZMO0321
TSS_0624	TTATTT	2.33122997410995	15	TAAATT	5.49182992022524	2.74203777704225	10.5650976713774	6	NA	ZMOt004
TSS_0625	TTTCTT	4.4904285689592	16	TATGCC	3.02375582206371	2.33096242092016	9.84514681194307	6	-67	ZMO0322
TSS_0626	TTGTTT	5.87929289201957	18	TATCTA	4.8042031098054	2.33096242092016	13.0144584227451	5	-258	ZMO0323
TSS_0628	TTGCCG	4.66894847730736	18	TAATCA	3.64319584715957	2.33096242092016	10.643106745387101	5	NA	ZMO0323
TSS_0630	TTGAGG	3.39412590586949	19	TATTTT	5.74792814630833	2.74203777704225	11.8840918292201	6	NA	ZMO0323
TSS_0632	TTGTAT	5.66619322449286	16	TAATAT	5.34005802489326	2.33096242092016	13.3372136703063	8	-248	ZMO0325
TSS_0633	TTTATA	5.1456765158962	18	TATAAA	6.84063652065323	2.33096242092016	14.3172754574696	6	-155	ZMO0327
TSS_0634	TTGAAT	6.2944089231679	16	TAATGT	4.4534638922935	2.33096242092016	13.0788352363816	6	-34	ZMO0327
TSS_0636	TTAAAA	2.91088177727017	17	TATTCT	4.89930520587899	2.20233746073453	10.0125244438837	6	-107	ZMO0328
TSS_0637	TTTCCA	4.32661257813474	17	TAGAGA	3.19275711469185	2.20233746073453	9.72170715356112	7	-54	ZMO0328
TSS_0641	TTCCCG	1.53592305867658	18	TATGAT	5.55326694201891	2.33096242092016	9.42015242161564	7	-168	ZMO0331
TSS_0644	TTTATA	5.1456765158962	18	TATAAT	7.09248385251849	2.33096242092016	14.5691227893348	7	-155	ZMO0332
TSS_0645	TTGCGA	4.08744567858207	16	TATTTA	5.49608081444307	2.33096242092016	11.9144889139453	7	-227	ZMO0335
TSS_0646	TTTAAA	4.93257684836949	15	TATAAT	7.09248385251849	2.74203777704225	14.7670984779302	6	-193	ZMO0332
TSS_0647	TTATCG	0.983382035647798	18	TAATAA	5.0882106930280004	2.33096242092016	8.40255514959595	7	-73	ZMO0335
TSS_0649	TTGAGG	3.39412590586949	16	TAGGAA	2.54013433679203	2.33096242092016	8.26522266358168	6	-36	ZMO0335
TSS_0653	TTGATA	6.67204436270651	16	TAGATT	3.73480667371778	2.33096242092016	12.7378134573444	6	-29	ZMO0341
TSS_0655	TATCCA	0.977278325906725	16	TATACC	4.56297273256329	2.33096242092016	7.87121347939017	6	NA	ZMO0342
TSS_0656	TTTCTT	4.4904285689592	19	TATATT	6.4960919470794	2.74203777704225	13.7285582930809	6	-44	ZMO0342
TSS_0657	TAGTCA	2.3661426489671	17	TAAAAA	5.83637449379907	2.20233746073453	10.4048546035007	8	-111	ZMO0342
TSS_0659	TTTAAT	4.7680410763576	17	TATATT	6.4960919470794	2.20233746073453	13.4664704841715	6	-105	ZMO0343
TSS_0660	TTGCAC	4.44871437243492	15	TATAAC	6.00798757843171	2.74203777704225	13.1987397279089	9	0	ZMO0344
TSS_0661	TGGCCG	1.42441041509095	16	TATGAT	5.55326694201891	2.33096242092016	9.30863977803002	6	NA	ZMO0344
TSS_0666	TTGAAG	5.27491274754211	17	TAGTTT	2.98664287294671	2.20233746073453	10.4638930812233	7	-77	ZMO0345
TSS_0667	TTTTTA	4.51746081722116	16	TAAATC	4.40733364613847	2.33096242092016	11.2557568842798	4	-137	ZMO0346
TSS_0670	CTGACT	1.99133215460739	15	TATAGT	6.20588971991873	2.74203777704225	10.9392596515684	7	-94	ZMO0346
TSS_0676	TTCTAT	2.53316780586208	17	GAAAAA	2.0367690713464	2.20233746073453	6.77227433794301	7	NA	ZMO0346
TSS_0678	TTGAAA	6.4589446951798	16	TATTTT	5.74792814630833	2.33096242092016	14.5378352624083	6	-239	ZMO0347
TSS_0679	TTTACA	4.81732475305984	17	TAATAT	5.34005802489326	2.20233746073453	12.3597202386876	6	-180	ZMO0347
TSS_0681	GTGACA	0.587025091261397	17	TATTAT	6.34432005174741	2.20233746073453	9.13368260374334	8	-92	ZMO0347
TSS_0682	CTTTTA	0.329636143970282	15	GAAAGC	0.317525996525123	2.74203777704225	3.38919991753765	3	-356	ZMO0349
TSS_0683	TTGCAT	5.8036967482428	18	TATGAC	4.46877066793214	2.33096242092016	12.6034298370951	8	0	ZMO0349
TSS_0685	TTGTAG	4.64669704886707	20	TATTAC	5.25982377766064	3.53508769910899	13.4416085256367	6	-64	ZMO0350
TSS_0687	TTTTTT	4.35292504520927	16	TATGAT	5.55326694201891	2.33096242092016	12.2371544081483	6	-127	ZMO0351
TSS_0691	TTTCCT	4.16207680612285	20	TATAGA	5.95404238805347	3.53508769910899	13.6512068932853	3	-53	ZMO0352
TSS_0692	TAGATG	2.1386781628408	20	TAATAG	3.90472096400388	3.53508769910899	9.57848682595368	6	-22	ZMO0352
TSS_0695	GTGAAA	0.70227718657104	17	TATAAT	7.09248385251849	2.20233746073453	9.99709849982406	6	-203	ZMO0353
TSS_0697	TTGAAG	5.27491274754211	16	TATTGA	5.2058785872824	2.33096242092016	12.8117537557447	6	NA	ZMO0353
TSS_0700	TTTTTT	4.35292504520927	16	TAGTAT	3.5830347783858	2.33096242092016	10.2669222445152	5	-154	ZMO0355
TSS_0701	TTTAGG	1.86775805905918	17	TATAAA	6.84063652065323	2.20233746073453	10.9107320404469	7	-194	ZMO0354
TSS_0702	TTTCTT	4.4904285689592	16	TATAGC	5.12139344583195	2.33096242092016	11.9427844357113	7	-41	ZMO0355
TSS_0704	TTTACC	3.29780660524007	17	TAAAAT	6.08822182566433	2.20233746073453	11.5883658916389	5	-529	ZMO0354
TSS_0706	TTACAT	2.25563383033317	16	TATGAT	5.55326694201891	2.33096242092016	10.1398631932722	7	-352	ZMO0359
TSS_0707	TTGTTT	5.87929289201957	16	TATTTT	5.74792814630833	2.33096242092016	13.958183459248101	6	-43	ZMO0359
TSS_0708	TTGTTT	5.87929289201957	20	TAATTA	4.49181878758891	3.53508769910899	13.9061993787175	6	NA	ZMO0359
TSS_0709	TTTGTT	2.34032500842963	15	TATGGC	3.58217653533238	2.74203777704225	8.66453932080426	6	-111	ZMO0360
TSS_0710	TTGGCA	3.70287686441548	18	TATATT	6.4960919470794	2.33096242092016	12.529931232415	6	NA	ZMO0360
TSS_0712	TTCAAA	3.32591927654901	19	TATAAA	6.84063652065323	2.74203777704225	12.9085935742445	4	NA	NA
TSS_0714	TTATTC	0.976247598302066	20	TATAAG	5.65714679162911	3.53508769910899	10.1684820890402	6	NA	ZMO0362
TSS_0715	TTGCGG	2.90341373094438	17	TAAATT	5.49182992022524	2.20233746073453	10.5975811119042	6	NA	ZMO0362
TSS_0717	TTTTTT	4.35292504520927	17	TAAAAC	5.00372555157755	2.20233746073453	11.5589880575213	5	-40	ZMO0363
TSS_0719	TTGTCA	5.71547690119511	19	TAGGGA	1.65354020419227	2.74203777704225	10.1110548824296	5	-6	ZMO0363
TSS_0722	TGGCTT	2.7722583535531	19	TAATCT	3.89504317902483	2.74203777704225	9.40933930962018	7	-492	ZMO0366
TSS_0723	TTCTTA	2.91080324540068	16	TACTTG	1.19285184114486	2.33096242092016	6.4346175074657	4	-236	ZMO0366
TSS_0724	TTGTCA	5.71547690119511	15	TAAAAA	5.83637449379907	2.74203777704225	14.2938891720364	3	-208	ZMO0366
TSS_0731	TTCCAA	2.83520710162391	17	TAATCC	2.81054690493806	2.20233746073453	7.8480914672965	6	-126	ZMO0366
TSS_0738	TTGTGA	3.94994215483214	20	TAAAAT	6.08822182566433	3.53508769910899	13.5732516796055	9	-63	ZMO0366
TSS_0741	TTGTGA	3.94994215483214	17	TATATC	5.41159567299263	2.20233746073453	11.5638752885593	7	NA	ZMO0366
TSS_0742	TTATAC	0.763147930775356	19	TATAAA	6.84063652065323	2.74203777704225	10.3458222284708	6	-55	ZMO0367
TSS_0748	TTTACC	3.29780660524007	19	TATTGA	5.2058785872824	2.74203777704225	11.2457229695647	5	NA	ZMO0367
TSS_0749	TTCCGA	0.954420259951288	18	TATCAA	5.40059501524449	2.33096242092016	8.68597769611593	7	-499	ZMO0368
TSS_0751	TTCGAT	0.520567769082448	18	TATCTT	5.05605044167066	2.33096242092016	7.90758063167326	6	-359	ZMO0368
TSS_0752	GTGAAA	0.70227718657104	17	TAACGG	2.32624912676645	2.20233746073453	5.23086377407203	7	-268	ZMO0368
TSS_0754	TGGATC	1.90798815267033	19	TAAAGA	4.94978036119931	2.74203777704225	9.59980629091188	4	-217	ZMO0368
TSS_0755	TTGATC	5.15252621488673	16	TACTTT	2.62818890203423	2.33096242092016	10.1116775378411	6	-152	ZMO0368
TSS_0757	TGGTAC	1.06667278646858	18	TATAGC	5.12139344583195	2.33096242092016	8.51902865322069	7	-22	ZMO0368
TSS_0761	TTGATA	6.67204436270651	19	TAAAGC	4.11713141897779	2.74203777704225	13.5312135587265	7	-168	ZMO0369
TSS_0764	TTGTAG	4.64669704886707	18	TATTTT	5.74792814630833	2.33096242092016	12.7255876160956	7	-79	ZMO0369
TSS_0766	TTTTCT	4.02457328237291	16	TATACC	4.56297273256329	2.33096242092016	10.9185084358564	6	-56	ZMO0369
TSS_0773	TTGTTC	4.52431051621169	17	TATCAT	5.65244234710975	2.20233746073453	12.379090324056	6	0	ZMO0372
TSS_0790	TTTTCC	2.66959090656503	18	GATAGA	2.1544369656008	2.33096242092016	7.15499029308598	8	-71	ZMO0376
TSS_0792	TGGCAG	1.5396625104006	19	TATACA	5.3956216747848	2.74203777704225	9.67732196222765	5	-339	ZMO0381
TSS_0795	TTAAAA	2.91088177727017	20	TATCAC	4.56794607302297	3.53508769910899	11.0139155494021	3	-111	ZMO0395
TSS_0797	TTCCCG	1.53592305867658	17	TATAAT	7.09248385251849	2.20233746073453	10.8307443719296	7	NA	ZMO0400
TSS_0798	TATCCA	0.977278325906725	16	TATAGA	5.95404238805347	2.33096242092016	9.26228313488035	7	NA	ZMO0400
TSS_0799	TTGATA	6.67204436270651	17	TATTTT	5.74792814630833	2.20233746073453	14.6223099697494	6	NA	ZMO0400
TSS_0800	TTGCCA	5.85298042494505	18	TAGTCG	0.702682871627998	2.33096242092016	8.8866257174932	7	NA	ZMO0400
TSS_0801	TTGAAA	6.4589446951798	19	TAGTAT	3.5830347783858	2.74203777704225	12.7840172506078	4	NA	ZMO0401
TSS_0802	TATAAA	1.58324259614147	20	TATCTT	5.05605044167066	3.53508769910899	10.1743807369211	4	NA	ZMO0401
TSS_0804	TTGCCG	4.66894847730736	15	TATACT	5.64746900665006	2.74203777704225	13.0584552609997	9	-49	ZMO0403
TSS_0805	TTGACA	6.34369259987015	17	TAGTTC	1.90214659885994	2.20233746073453	10.4481766594646	7	NA	ZMOt006
TSS_0810	TTGATA	6.67204436270651	19	TATACT	5.64746900665006	2.74203777704225	15.0615511463988	4	-60	ZMO0405
TSS_0814	TTGCAT	5.8036967482428	18	GAAACT	0.843601557343232	2.33096242092016	8.97826072650619	6	-427	ZMO0407
TSS_0817	TTGCAG	4.784200572617	17	TAGCGA	1.75271560928311	2.20233746073453	8.73925364263464	6	0	ZMO0406
TSS_0818	TTGACT	6.17915682785826	20	TATCTG	3.62071338078129	3.53508769910899	13.3349579077485	3	-143	ZMO0407
TSS_0821	TTCCCT	2.55541923430237	20	TAACCG	1.76782841349779	3.53508769910899	7.85833534690916	4	-36	ZMO0407
TSS_0823	TTGCAC	4.44871437243492	17	TATAAA	6.84063652065323	2.20233746073453	13.4916883538227	8	-98	ZMO0408
TSS_0827	TTGTCT	5.55094112918322	17	TACAAA	3.72089727637913	2.20233746073453	11.4741758662969	7	NA	NA
TSS_0828	TTGAAA	6.4589446951798	16	TAAAAT	6.08822182566433	2.33096242092016	14.8781289417643	7	-109	ZMO0412
TSS_0835	CTGTCG	0.343620280306549	18	GATAGT	2.40628429746606	2.33096242092016	5.08086699869276	8	NA	ZMO0418
TSS_0836	TTAAAT	2.74634600525828	15	TAACGC	2.67708991356906	2.74203777704225	8.16547369586958	6	-31	ZMO0421
TSS_0841	TTGGCA	3.70287686441548	17	TACCCT	1.08768825696723	2.20233746073453	6.99290258211724	7	-170	ZMO0423
TSS_0844	TTCATC	2.01950079625595	16	TATCTT	5.05605044167066	2.33096242092016	9.40651365884677	6	-159	ZMO0428
TSS_0845	TTGTGA	3.94994215483214	19	TATTGA	5.2058785872824	2.74203777704225	11.8978585191568	9	-245	ZMO0430
TSS_0846	TGGATT	3.26297052847821	18	TATTAC	5.25982377766064	2.33096242092016	10.853756727059	8	-95	ZMO0431
TSS_0850	TTGATC	5.15252621488673	19	TATGGG	3.23133574852978	2.74203777704225	11.1258997404588	4	NA	ZMO0431
TSS_0851	TTCACT	3.04613140922748	18	TAAAAC	5.00372555157755	2.33096242092016	10.3808193817252	7	NA	ZMO0431
TSS_0852	TTTAAG	3.7485449007318	15	TAGATT	3.73480667371778	2.74203777704225	10.2253893514918	7	-26	ZMO0432
TSS_0854	TTATTG	1.31173379848415	15	TACGAC	1.34903142365804	2.74203777704225	5.40280299918444	6	-295	ZMO0433
TSS_0858	TTTAAA	4.93257684836949	18	TATTCT	4.89930520587899	2.33096242092016	12.1628444751686	4	-66	ZMO0435
TSS_0862	TTGCTG	4.99730024014371	17	TACCGT	1.64610897023589	2.20233746073453	8.84574667111414	6	-439	ZMO0442
TSS_0865	TTGCTA	6.1813321877814	16	TACACC	1.44323348828919	2.33096242092016	9.95552809699075	7	-178	ZMO0442
TSS_0866	CTGCTG	0.809475566892837	18	TAAATA	5.23998258835998	2.33096242092016	8.38042057617297	6	-39	ZMO0442
TSS_0868	TTGTGA	3.94994215483214	18	TATAAA	6.84063652065323	2.33096242092016	13.1215410964055	7	-98	ZMO0444
TSS_0871	TTGCGC	2.5679275307623	16	TAAAGG	3.76629063217519	2.33096242092016	8.66518058385765	7	-606	ZMO0443
TSS_0873	TAGACG	1.81032640000445	20	TATCTA	4.8042031098054	3.53508769910899	10.1496172089188	6	-197	ZMO0445
TSS_0874	CTGTCG	0.343620280306549	20	TATTAT	6.34432005174741	3.53508769910899	10.223028031163	7	NA	ZMOt007
TSS_0880	TGGCCA	2.60844236272864	17	TATAGC	5.12139344583195	2.20233746073453	9.93217326929513	6	-282	ZMO0448
TSS_0881	TTGACG	5.15966065223246	17	TAGAGG	2.00926738566773	2.20233746073453	9.37126549863473	7	NA	ZMOt007
TSS_0896	TGGTAT	2.42165516227646	19	TAAGGC	2.57791450847822	2.74203777704225	7.74160744779693	5	-163	ZMO0449
TSS_0898	TTGTGA	3.94994215483214	16	TATAAA	6.84063652065323	2.33096242092016	13.1215410964055	6	-51	ZMO0449
TSS_0902	TTGCGT	3.92290990657018	18	GAAGAA	0.497552160846823	2.33096242092016	6.75142448833716	8	NA	ZMO0453
TSS_0903	TTTCTC	3.13544619315132	17	TATCAA	5.40059501524449	2.20233746073453	10.7383786691303	6	NA	ZMO0453
TSS_0907	TTATTT	2.33122997410995	20	TAAATA	5.23998258835998	3.53508769910899	11.1063002615789	6	-72	ZMO0454
TSS_0908	TATCTA	1.30563008874308	18	TATATT	6.4960919470794	2.33096242092016	10.1326844567426	5	-88	ZMO0454
TSS_0909	TAGGAT	0.304258935485216	17	TATAAG	5.65714679162911	2.20233746073453	8.16374318784886	7	-202	ZMO0456
TSS_0910	TTGCCG	4.66894847730736	16	TATACG	4.21213194576069	2.33096242092016	11.2120428439882	8	-119	ZMO0456
TSS_0912	TTGCAG	4.784200572617	17	TACAAG	2.53740754735502	2.20233746073453	9.52394558070655	4	-38	ZMO0460
TSS_0914	ATGAAA	1.43924278073725	20	TATCAA	5.40059501524449	3.53508769910899	10.3749254950907	3	NA	Zms6
TSS_0918	ATGACA	1.3239906854276	17	TAGCCT	1.4461422278797	2.20233746073453	4.97247037404184	7	NA	Zms6
TSS_0920	CTGATA	2.48421968945563	17	TATTAT	6.34432005174741	2.20233746073453	11.0308772019376	6	NA	ZMO0462
TSS_0923	TTGAAG	5.27491274754211	17	TAGAGC	2.36010817247033	2.20233746073453	9.83735838074697	7	-157	ZMO0464
TSS_0925	CTGTTT	1.6914682187687	17	TAGATA	3.48295934185252	2.20233746073453	7.37676502135575	6	-19	ZMO0465
TSS_0927	TTTACC	3.29780660524007	20	TAAGCC	2.01949379520956	3.53508769910899	8.85238809955862	6	-47	ZMO0465
TSS_0931	TTCAAG	2.14188732891132	15	TAGAAA	4.07935124729161	2.74203777704225	8.96327635324518	7	-126	ZMO0465
TSS_0933	TTGCTA	6.1813321877814	19	TAGAGA	3.19275711469185	2.74203777704225	12.1161270795155	4	-92	ZMO0467
TSS_0935	TTGGCT	3.53834109240359	17	TAAACA	4.39135964793064	2.20233746073453	10.1320382010688	7	-232	ZMO0465
TSS_0936	TAGCTT	2.6674621635415	18	TATCGT	4.76584821450999	2.33096242092016	9.76427279897164	6	-60	ZMO0467
TSS_0937	TTGATG	5.48801241506882	17	TATGGC	3.58217653533238	2.20233746073453	11.2725264111357	5	-28	ZMO0467
TSS_0942	TTGGCT	3.53834109240359	15	TATATA	6.24424461521414	2.74203777704225	12.52462348466	9	-375	ZMO0471
TSS_0945	TTGTGG	2.76591020719445	15	TATAAA	6.84063652065323	2.74203777704225	12.3485845048899	5	-70	ZMO0469
TSS_0946	TTTACC	3.29780660524007	19	TAAGGA	3.41056345069973	2.74203777704225	9.45040783298206	4	-86	ZMO0469
TSS_0947	TTTATC	3.62615836807642	15	TAAAAT	6.08822182566433	2.74203777704225	12.456417970783	6	-142	ZMO0469
TSS_0950	TTGACC	4.82417445205038	19	TATTAC	5.25982377766064	2.74203777704225	12.8260360067533	3	-50	ZMO0472
TSS_0958	TTGAAA	6.4589446951798	19	TATGCA	3.85640476428523	2.74203777704225	13.0573872365073	4	-33	ZMO0478
TSS_0960	TTTATG	3.96164456825851	19	TACCAA	2.28085577097039	2.74203777704225	8.98453811627115	6	-581	ZMO0480
TSS_0962	TGGAAA	3.21440663296339	16	TAGTTA	2.73479554108145	2.33096242092016	8.280164594965	6	-204	ZMO0480
TSS_0964	TGGTCT	2.30640306696682	17	TACTTT	2.62818890203423	2.20233746073453	7.13692942973558	6	NA	ZMO0480
TSS_0966	TTGTTT	5.87929289201957	16	TAATTT	4.74366611945417	2.33096242092016	12.9539214323939	8	-17	ZMO0482
TSS_0970	CTGTTA	1.85600399078059	16	TATATA	6.24424461521414	2.33096242092016	10.4312110269149	9	-113	ZMO0482
TSS_0971	TTGTAG	4.64669704886707	19	TATCAG	4.21710528622037	2.74203777704225	11.6058401121297	4	-283	ZMO0482
TSS_0973	TTTAGA	3.05179000669687	20	TAAAAT	6.08822182566433	3.53508769910899	12.6750995314702	5	-172	ZMO0485
TSS_0974	TTTAAA	4.93257684836949	17	TATGAC	4.46877066793214	2.20233746073453	11.6036849770362	7	-149	ZMO0485
TSS_0978	ATGTTA	1.02412674958892	17	TATAAA	6.84063652065323	2.20233746073453	10.0671007309767	3	-87	ZMO0485
TSS_0979	TTGACG	5.15966065223246	16	TAATCT	3.89504317902483	2.33096242092016	11.3856662521775	6	-32	ZMO0485
TSS_0980	TTGGTT	3.86669285523994	16	TATTCA	4.64745787401373	2.33096242092016	10.8451131501738	8	NA	ZMO0487
TSS_0981	TAGATA	3.32271011047849	17	TATCGA	4.51400088264473	2.20233746073453	10.0390484538578	6	0	ZMO0488
TSS_0996	TTGATC	5.15252621488673	17	TATAGC	5.12139344583195	2.20233746073453	12.4762571214532	8	NA	ZMOt008
TSS_1001	TTGCGA	4.08744567858207	16	TATTTA	5.49608081444307	2.33096242092016	11.9144889139453	6	-99	ZMO0491
TSS_1004	TTTATA	5.1456765158962	18	TATATT	6.4960919470794	2.33096242092016	13.9727308838958	8	-71	ZMO0491
TSS_1005	TATATT	1.63180649165629	20	TATCAG	4.21710528622037	3.53508769910899	9.38399947698566	3	-50	ZMO0491
TSS_1007	CTGACA	2.15586792661928	17	TATTAT	6.34432005174741	2.20233746073453	10.7025254391012	6	-31	ZMO0491
TSS_1011	TTGCGA	4.08744567858207	17	TAACAA	4.39633298839033	2.20233746073453	10.6861161277069	6	-30	ZMO0492
TSS_1018	TTGTAA	5.83072899650475	17	TACGCA	0.736665520011133	2.20233746073453	8.76973197725042	5	-45	ZMO0493
TSS_1021	TTGACG	5.15966065223246	18	TAGCTT	2.29476516830904	2.33096242092016	9.78538824146166	6	NA	ZMO0493
TSS_1025	ATGCAT	0.783994833800251	19	TATTCA	4.64745787401373	2.74203777704225	8.17349048485623	4	NA	ZMO0494
TSS_1026	TTGAGG	3.39412590586949	19	TATAAT	7.09248385251849	2.74203777704225	13.2286475354302	6	NA	ZMO0495
TSS_1032	TGGTCG	1.28690689134102	17	GAAGAA	0.497552160846823	2.20233746073453	3.98679651292237	8	NA	ZMO0498
TSS_1033	TTGACG	5.15966065223246	20	TAACAA	4.39633298839033	3.53508769910899	13.0910813397318	4	NA	ZMO0498
TSS_1034	TTGAGA	4.57815785350718	17	GAGAAA	0.279745824838937	2.20233746073453	7.06024113908064	7	NA	ZMO0498
TSS_1040	TTGCAT	5.8036967482428	16	TAAAGC	4.11713141897779	2.33096242092016	12.2517905881407	7	-109	ZMO0500
TSS_1041	TTTAAT	4.7680410763576	20	TAGCGA	1.75271560928311	3.53508769910899	10.0558443847497	4	-67	ZMO0501
TSS_1042	CTGTAA	1.64290432325388	17	TATGTG	3.52153797569045	2.20233746073453	7.36677975967886	8	NA	ZMO0501
TSS_1043	ATGATG	0.468310500626269	20	TATGAA	5.30141961015365	3.53508769910899	9.30481780988891	5	NA	ZMO0503
TSS_1045	TTGAGG	3.39412590586949	17	TACTCT	1.7795659616049	2.20233746073453	7.37602932820892	5	-3	ZMO0507
TSS_1049	TTGTTT	5.87929289201957	16	TATCTT	5.05605044167066	2.33096242092016	13.2663057546104	6	-112	ZMO0510
TSS_1051	TTGAAG	5.27491274754211	16	TATCTT	5.05605044167066	2.33096242092016	12.6619256101329	6	-354	ZMO0511
TSS_1056	TAGCAT	2.45436249601478	17	TATATC	5.41159567299263	2.20233746073453	10.0682956297419	7	NA	Zms3
TSS_1062	TTGACC	4.82417445205038	17	TATAGC	5.12139344583195	2.20233746073453	12.1479053586169	6	NA	Zms3
TSS_1067	TATACA	1.46799050083183	19	TAAATT	5.49182992022524	2.74203777704225	9.70185819809932	6	NA	NA
TSS_1068	TGGTCA	2.47093883897871	20	TAAAGT	5.20162769306457	3.53508769910899	11.2076542311523	7	NA	Zms3
TSS_1071	TTCTTA	2.91080324540068	19	TATTTG	4.31259108541895	2.74203777704225	9.96543210786189	4	NA	ZMO2002
TSS_1072	TTTTTC	2.99794266940139	20	TATCAG	4.21710528622037	3.53508769910899	10.7501356547308	5	NA	NA
TSS_1076	TTGATT	6.50750859069461	19	TATTCC	3.81480893179222	2.74203777704225	13.0643552995291	4	NA	ZMO0515
TSS_1078	TGGTTC	1.27977245399529	17	TAAAAG	4.65288476477495	2.20233746073453	8.13499467950477	8	-640	ZMO0516
TSS_1081	TTGAAA	6.4589446951798	16	TATGCG	2.67291503526111	2.33096242092016	11.4628221513611	7	-403	ZMO0516
TSS_1083	TTGAAC	4.93942654736002	18	TAATCA	3.64319584715957	2.33096242092016	10.9135848154398	6	-342	ZMO0516
TSS_1085	TTGAGG	3.39412590586949	17	TATCTC	3.97155416758389	2.20233746073453	9.56801753418791	6	-325	ZMO0516
TSS_1086	TTATCT	2.00287821127359	18	TATGAA	5.30141961015365	2.33096242092016	9.6352602423474	6	-302	ZMO0516
TSS_1092	TGGCAT	2.55915868602639	17	TATGAG	4.11792988112954	2.20233746073453	8.87942602789046	6	-60	ZMO0516
TSS_1101	TTGAAT	6.2944089231679	20	TATGCC	3.02375582206371	3.53508769910899	12.8532524443406	3	NA	ZMO0516
TSS_1107	TTGCCT	5.68844465293316	17	TATGCC	3.02375582206371	2.20233746073453	10.9145379357314	7	-166	ZMO2003
TSS_1110	TTGAAG	5.27491274754211	17	TAATAA	5.0882106930280004	2.20233746073453	12.5654609013046	7	-304	ZMO0517
TSS_1115	TAGATT	3.1581743384666	17	TATTCA	4.64745787401373	2.20233746073453	10.0079696732149	7	-189	ZMO0517
TSS_1118	TGGCCC	1.08892421490887	18	TAAAGG	3.76629063217519	2.33096242092016	7.18617726800422	7	-78	ZMO0517
TSS_1123	TGGTTG	1.61525865417737	17	TAAAGT	5.20162769306457	2.20233746073453	9.01922380797647	5	-97	ZMO0518
TSS_1129	TTTCTG	3.4709323933334	15	GATACC	0.763367310110619	2.74203777704225	6.97633748048627	5	NA	ZMO0520
TSS_1131	TTGAAT	6.2944089231679	15	TATCTT	5.05605044167066	2.74203777704225	14.0924971418808	6	-526	ZMO2004
TSS_1139	TTGCTA	6.1813321877814	16	TAATCT	3.89504317902483	2.33096242092016	12.4073377877264	7	-148	ZMO0522
TSS_1147	TTGCGG	2.90341373094438	19	GAAATT	1.69222449777257	2.74203777704225	7.3376760057592	5	-268	ZMO0523
TSS_1148	CTGAAA	2.27112002192892	17	TATCGT	4.76584821450999	2.20233746073453	9.23930569717344	7	-245	ZMO0523
TSS_1158	CTGACG	0.97183597898159	17	TAAGAC	3.46450864107798	2.20233746073453	6.6386820807941	6	NA	ZMO0525
TSS_1163	TATCAT	0.927994649204477	17	TATTGA	5.2058785872824	2.20233746073453	8.33621069722141	7	-134	ZMO0526
TSS_1172	GTGCAA	0.211565011645935	19	TAAATT	5.49182992022524	2.74203777704225	8.44543270891342	6	-365	ZMO0529
TSS_1181	TTGCAG	4.784200572617	16	TAAACG	3.20786991890653	2.33096242092016	10.3230329124437	7	-117	ZMO0533
TSS_1182	TTTCCA	4.32661257813474	16	TAAAAA	5.83637449379907	2.33096242092016	12.493949492854	6	-353	ZMO0534
TSS_1183	TGGCCG	1.42441041509095	19	TATCTG	3.62071338078129	2.74203777704225	7.78716157291449	5	-269	ZMO0534
TSS_1192	TTGTCA	5.71547690119511	17	TAAACC	3.55871070570913	2.20233746073453	11.4765250676388	6	-146	ZMO0537
TSS_1194	TTTTTT	4.35292504520927	20	TAAGAG	3.11366785427538	3.53508769910899	11.0016805985936	5	NA	ZMO0537
TSS_1195	TTGCAT	5.8036967482428	18	TATGGC	3.58217653533238	2.33096242092016	11.7168357044953	6	-207	ZMO0538
TSS_1196	TTGAGT	4.41362208149529	15	TATTTT	5.74792814630833	2.74203777704225	12.9035880048459	6	-201	ZMO0539
TSS_1199	TTGCTA	6.1813321877814	17	TATAGA	5.95404238805347	2.20233746073453	14.3377120365694	6	-182	ZMO0539
TSS_1205	TTGACT	6.17915682785826	17	TAGCAA	2.63930974188287	2.20233746073453	11.0208040304757	6	-117	ZMO0539
TSS_1207	TGGCAT	2.55915868602639	20	TAAAAA	5.83637449379907	3.53508769910899	11.9306208789345	4	-50	ZMO0539
TSS_1210	TTGATG	5.48801241506882	20	GATCTT	1.25644501921799	3.53508769910899	10.2795451333958	5	-218	ZMO0540
TSS_1217	TTCTCA	2.58245148256433	15	TAGAAC	3.24670230507009	2.74203777704225	8.57119156467667	7	-342	ZMO0542
TSS_1219	TGGCCA	2.60844236272864	17	TATTGA	5.2058785872824	2.20233746073453	10.0166584107456	7	-112	ZMO0542
TSS_1234	TATAAA	1.58324259614147	17	TATGAG	4.11792988112954	2.20233746073453	7.90350993800554	6	-36	ZMO0543
TSS_1236	TGGTCC	0.951420691158936	19	TATCCT	4.20742750124132	2.74203777704225	7.90088596944251	6	NA	ZMO0543
TSS_1238	TTGCAA	5.96823252025469	20	TATATC	5.41159567299263	3.53508769910899	14.9149158923563	3	NA	ZMO0544
TSS_1239	TTTAAT	4.7680410763576	17	TAAAGT	5.20162769306457	2.20233746073453	12.1720062301567	5	NA	ZMO0545
TSS_1250	TTGCCA	5.85298042494505	19	TAAACC	3.55871070570913	2.74203777704225	12.1537289076964	3	NA	ZMO2050
TSS_1281	TTGCCT	5.68844465293316	17	TAGCTA	2.04291783644378	2.20233746073453	9.93369995011147	6	NA	ZMO2050
TSS_1287	TTTATA	5.1456765158962	17	TATCTT	5.05605044167066	2.20233746073453	12.4040644183014	6	-592	ZMO2050
TSS_1289	TTGACT	6.17915682785826	19	TAATAT	5.34005802489326	2.74203777704225	14.2612526297938	4	-103	ZMO0547
TSS_1291	TTTTTT	4.35292504520927	18	TAGAAC	3.24670230507009	2.33096242092016	9.93058977119951	4	-69	ZMO0548
TSS_1308	TTTAAT	4.7680410763576	16	TATTTT	5.74792814630833	2.33096242092016	12.8469316435861	6	-117	ZMO0553
TSS_1309	TTGCAT	5.8036967482428	15	TACCAT	2.53270310283565	2.74203777704225	11.0784376281207	7	-33	ZMO0554
TSS_1310	TTGGAC	2.29861081190535	16	TATTGC	4.37322964506088	2.33096242092016	9.00280287788639	3	-151	ZMO0554
TSS_1311	CTGAAG	1.0870880742912301	20	TATTTT	5.74792814630833	3.53508769910899	10.3701039197086	7	NA	ZMO0555
TSS_1312	TGGTAT	2.42165516227646	17	TAGGTG	0.760252702328832	2.20233746073453	5.38424532533982	7	-277	ZMO0555
TSS_1315	TTTTGA	2.42357430802183	16	TATTAA	6.09247271988216	2.33096242092016	10.8470094488241	7	-297	ZMO0555
TSS_1316	TTGAAG	5.27491274754211	20	TATATG	5.06075488619003	3.53508769910899	13.8707553328411	6	-339	ZMO0555
TSS_1321	TTGATC	5.15252621488673	16	TATTGA	5.2058785872824	2.33096242092016	12.6893672230893	7	-471	ZMO0555
TSS_1327	TTGTAG	4.64669704886707	19	TATAAT	7.09248385251849	2.74203777704225	14.4812186784278	4	-174	ZMO0557
TSS_1328	TAGTAT	2.31685897226485	19	GAATAA	1.28860527057533	2.74203777704225	6.34750201988243	5	-22	ZMO0560
TSS_1329	TTGAAA	6.4589446951798	20	TACGTA	1.58528846044047	3.53508769910899	11.5793208547293	4	NA	ZMO0561
TSS_1332	TAGATT	3.1581743384666	20	TATCAA	5.40059501524449	3.53508769910899	12.0938570528201	4	NA	ZMO0561
TSS_1333	TTGATG	5.48801241506882	18	TATATT	6.4960919470794	2.33096242092016	14.3150667830684	7	NA	ZMO0561
TSS_1334	TTTCCA	4.32661257813474	17	TATAAT	7.09248385251849	2.20233746073453	13.6214338913878	6	NA	ZMO0561
TSS_1336	TTGAAA	6.4589446951798	17	TAATAC	4.25556175080648	2.20233746073453	12.9168439067208	6	NA	ZMO0561
TSS_1338	TTGCTG	4.99730024014371	17	TATTCT	4.89930520587899	2.20233746073453	12.0989429067572	6	-441	ZMO0561
TSS_1339	TTCTCA	2.58245148256433	17	TAAAGG	3.76629063217519	2.20233746073453	8.55107957547405	6	-626	ZMO0561
TSS_1342	TTGCTT	6.01679641576951	16	TAAAAA	5.83637449379907	2.33096242092016	14.1841333304887	7	-330	ZMO0564
TSS_1344	TTGTAA	5.83072899650475	16	TAATCT	3.89504317902483	2.33096242092016	12.0567345964497	5	-195	ZMO0564
TSS_1347	TTGAAT	6.2944089231679	17	GATGAG	0.318324458676867	2.20233746073453	8.8150708425793	6	-166	ZMO0564
TSS_1351	TTGATA	6.67204436270651	18	TAAATA	5.23998258835998	2.33096242092016	14.2429893719866	5	-176	ZMO0565
TSS_1353	TTGCGC	2.5679275307623	16	TATTTT	5.74792814630833	2.33096242092016	10.6468180979908	6	-54	ZMO0566
TSS_1354	TTTTCA	4.1891090543848	17	TATTCA	4.64745787401373	2.20233746073453	11.0389043891331	7	-84	ZMO0567
TSS_1355	CTTATT	0.793316070633431	15	TAGAAA	4.07935124729161	2.74203777704225	7.61470509496729	7	-391	ZMO0570
TSS_1357	TTCATC	2.01950079625595	17	TATCAG	4.21710528622037	2.20233746073453	8.43894354321085	6	-42	ZMO0569
TSS_1358	TATCTT	1.14109431673119	15	TATCAA	5.40059501524449	2.74203777704225	9.28372710901792	6	-55	ZMO0570
TSS_1361	CTGTCG	0.343620280306549	18	TATGCG	2.67291503526111	2.33096242092016	5.34749773648782	7	NA	ZMOt010
TSS_1363	TGGTTA	2.79929060181506	19	TAGCGC	0.920066667061596	2.74203777704225	6.46139504591891	6	NA	ZMOt010
TSS_1370	TTGCTG	4.99730024014371	17	TAATTT	4.74366611945417	2.20233746073453	11.9433038203324	6	0	ZMO0574
TSS_1372	TTCTTT	2.74626747338879	17	TAACGT	3.76158618765583	2.20233746073453	8.71019112177915	7	NA	ZMO0576
TSS_1374	TTGAAA	6.4589446951798	16	TAATTT	4.74366611945417	2.33096242092016	13.5335732355541	4	-33	ZMO0578
TSS_1375	TTCCTA	3.04830676915062	16	TAAAAA	5.83637449379907	2.33096242092016	11.2156436838698	5	-155	ZMO0578
TSS_1376	TGGATG	2.24347435285241	17	TAAGGC	2.57791450847822	2.20233746073453	7.02372632206516	6	-52	ZMO0581
TSS_1377	TTGCGC	2.5679275307623	17	TATGAA	5.30141961015365	2.20233746073453	10.0716846016505	6	-368	ZMO0578
TSS_1383	TTGCCT	5.68844465293316	17	GAGAAT	0.531593156704196	2.20233746073453	8.42237527037188	6	0	ZMO0588
TSS_1385	TTGTCA	5.71547690119511	17	TATGAA	5.30141961015365	2.20233746073453	13.2192339720833	5	0	ZMO0589
TSS_1386	TGGGAT	0.409055125496826	19	GAAAAT	2.28861640321166	2.74203777704225	5.43970930575073	4	-74	ZMO0590
TSS_1387	TTTTTA	4.51746081722116	18	TAAATT	5.49182992022524	2.33096242092016	12.3402531583666	5	-34	ZMO0591
TSS_1388	TTGGCG	2.51884491677779	17	TATTGA	5.2058785872824	2.20233746073453	9.92706096479472	7	-179	ZMO0593
TSS_1390	CTGAAT	2.10658424991703	15	TAAGCT	3.10399006929633	2.74203777704225	7.95261209625561	5	-184	ZMO0595
TSS_1393	TTGTGT	3.78540638282024	18	TATAGC	5.12139344583195	2.33096242092016	11.2377622495724	6	-3	ZMO0594
TSS_1400	TGGTCG	1.28690689134102	17	TATCAG	4.21710528622037	2.20233746073453	7.70634963829592	7	-353	ZMO0599
TSS_1401	TTTTTC	2.99794266940139	16	TATTAG	4.90898299085804	2.33096242092016	10.2378880811796	4	-268	ZMO0599
TSS_1402	TTGACG	5.15966065223246	17	TAACCG	1.76782841349779	2.20233746073453	9.12982652646479	6	-1	ZMO0599
TSS_1403	TGGCTT	2.7722583535531	16	TAGAAT	4.33119857915687	2.33096242092016	9.43441935363013	6	NA	ZMO0599
TSS_1404	TTCAAA	3.32591927654901	19	TAACAT	4.64818032025559	2.74203777704225	10.7161373738468	4	NA	ZMO0601
TSS_1405	TTTCTT	4.4904285689592	20	TATAAA	6.84063652065323	3.53508769910899	14.8661527887214	8	-73	ZMO2051
TSS_1406	ATGCCT	0.668742738490608	19	TATAAA	6.84063652065323	2.74203777704225	10.2514170361861	9	-41	ZMO2051
TSS_1408	TTGACA	6.34369259987015	18	TACAGC	2.00165420155786	2.33096242092016	10.6763092223482	8	-139	ZMO0603
TSS_1409	TAGCCA	2.50364617271703	16	TAAACT	4.6432069797959	2.33096242092016	9.47781557343309	6	-203	ZMO0603
TSS_1411	ATGCAA	0.948530605812141	18	TAAGTG	2.51727594883629	2.33096242092016	5.79676897556859	5	NA	ZMO0605
TSS_1413	TTTTCT	4.02457328237291	15	TAAGCC	2.01949379520956	2.74203777704225	8.78610485462472	9	-66	ZMO0605
TSS_1420	TTGACT	6.17915682785826	19	GATTAG	1.10937756840537	2.74203777704225	10.0305721733059	5	-14	ZMO0609
TSS_1432	TTTAAC	3.41305870054971	20	TAGAAA	4.07935124729161	3.53508769910899	11.0274976469503	3	-37	ZMO0614
TSS_1437	TTTAAA	4.93257684836949	19	TATAGG	4.77055265902935	2.74203777704225	12.4451672844411	3	-48	ZMO0621
TSS_1439	TTTATT	4.98114074388431	17	TAAAAA	5.83637449379907	2.20233746073453	13.0198526984179	7	NA	NA
TSS_1441	TTTATA	5.1456765158962	15	TACATT	3.3763527028053	2.74203777704225	11.2640669957438	7	NA	NA
TSS_1445	TTGCAA	5.96823252025469	16	TATTAT	6.34432005174741	2.33096242092016	14.6435149929223	7	-639	ZMO0625
TSS_1446	TTGAAA	6.4589446951798	18	TAGAGG	2.00926738566773	2.33096242092016	10.7991745017677	8	-63	ZMO0625
TSS_1447	TTGATT	6.50750859069461	18	TAAATT	5.49182992022524	2.33096242092016	14.33030093184	4	NA	ZMO0627
TSS_1449	TTGTGA	3.94994215483214	19	TATGAT	5.55326694201891	2.74203777704225	12.2452468738933	7	-198	ZMO0628
TSS_1453	TTTAAA	4.93257684836949	19	TACTCA	1.52771862973964	2.74203777704225	9.20233325515137	4	-75	ZMO0629
TSS_1457	TTAATG	1.93994949715919	20	TATCGG	3.33051115362061	3.53508769910899	8.8055483498888	7	NA	ZMO0634
TSS_1459	TTGGTA	4.03122862725183	20	TACTGG	0.902649613984186	3.53508769910899	8.46896594034501	7	-332	ZMO0635
TSS_1462	TTTATT	4.98114074388431	15	GAAAGA	1.15017493874664	2.74203777704225	8.87335345967319	9	-38	ZMO0638
TSS_1464	GTGTTT	0.12262538341082	16	TAAGAC	3.46450864107798	2.33096242092016	5.91809644540895	7	NA	ZMO0641
TSS_1465	TGGCTT	2.7722583535531	17	TATTGC	4.37322964506088	2.20233746073453	9.34782545934852	6	-394	ZMO0642
TSS_1467	TTGCTG	4.99730024014371	17	TATGGC	3.58217653533238	2.20233746073453	10.7818142362106	6	-59	ZMO0644
TSS_1468	TGTACA	1.57278669084344	17	TAATAA	5.0882106930280004	2.20233746073453	8.86333484460597	6	NA	ZMO0647
TSS_1469	TTGTTA	6.04382866403146	17	TATGAT	5.55326694201891	2.20233746073453	13.7994330667849	6	-164	ZMO0649
TSS_1471	TTTAAC	3.41305870054971	19	TATGAA	5.30141961015365	2.74203777704225	11.4565160877456	4	-14	ZMO0651
TSS_1473	TTGATG	5.48801241506882	19	TATCAA	5.40059501524449	2.74203777704225	13.6306452073556	3	NA	ZMO0651
TSS_1474	TTGATA	6.67204436270651	17	TAAAGT	5.20162769306457	2.20233746073453	14.0760095165056	6	NA	ZMO0651
TSS_1475	TTCCAC	1.31568895380413	17	TAAAAA	5.83637449379907	2.20233746073453	9.35440090833773	6	-342	ZMO0652
TSS_1476	TTAAAA	2.91088177727017	17	TACTGA	2.0861393430083	2.20233746073453	7.199358581013	6	-320	ZMO0652
TSS_1477	TTCCAA	2.83520710162391	18	TAGATT	3.73480667371778	2.33096242092016	8.90097619626184	6	-143	ZMO0652
TSS_1478	TAGATT	3.1581743384666	18	TATGAA	5.30141961015365	2.33096242092016	10.7905563695404	6	-119	ZMO0652
TSS_1479	ATGAAT	1.27470700872536	15	TATAAA	6.84063652065323	2.74203777704225	10.8573813064208	8	-95	ZMO0652
TSS_1481	TGGACG	1.91512259001606	18	TAGTGG	1.26110358489666	2.33096242092016	5.50718859583288	7	-30	ZMO0652
TSS_1482	TGGAAA	3.21440663296339	19	TATAAA	6.84063652065323	2.74203777704225	12.7970809306589	4	-5	ZMO0652
TSS_1483	TTATAA	2.28266607859513	16	TATTCA	4.64745787401373	2.33096242092016	9.26108637352901	8	NA	ZMO0652
TSS_1484	TTGATC	5.15252621488673	15	TATAAA	6.84063652065323	2.74203777704225	14.7352005125822	8	NA	ZMO0652
TSS_1485	TTGATT	6.50750859069461	18	TAAAAA	5.83637449379907	2.33096242092016	14.6748455054138	5	NA	NA
TSS_1488	TTGGAG	2.63409701208743	19	TATTAT	6.34432005174741	2.74203777704225	11.7204548408771	7	-199	ZMO0653
TSS_1489	TTTCCC	2.80709443031497	17	TAAGCT	3.10399006929633	2.20233746073453	8.11342196034583	6	NA	ZMO0654
TSS_1490	TTCTCC	1.06293333474456	20	TATTGA	5.2058785872824	3.53508769910899	9.80389962113595	6	NA	ZMO0654
TSS_1497	TTTCGC	1.04155968395199	18	TAATAT	5.34005802489326	2.33096242092016	8.7125801297654	7	-627	ZMO0660
TSS_1499	TTGAAT	6.2944089231679	20	TATACG	4.21213194576069	3.53508769910899	14.0416285680376	4	-170	ZMO0660
TSS_1503	TGGCTT	2.7722583535531	20	TATATC	5.41159567299263	3.53508769910899	11.7189417256547	7	-75	ZMO0660
TSS_1507	ATGTTA	1.02412674958892	17	TATCCT	4.20742750124132	2.20233746073453	7.43389171156477	6	NA	ZMO0662
TSS_1512	TTGCCT	5.68844465293316	16	TATCTC	3.97155416758389	2.33096242092016	11.9909612414372	3	NA	ZMO0662
TSS_1515	TTGATG	5.48801241506882	17	TAACTT	4.0517884148165	2.20233746073453	11.7421382906199	7	-99	ZMO0664
TSS_1519	TTAAAA	2.91088177727017	16	TATATT	6.4960919470794	2.33096242092016	11.7379361452697	7	-17	ZMO0665
TSS_1520	TATATT	1.63180649165629	19	TATATA	6.24424461521414	2.74203777704225	10.6180888839127	6	-190	ZMO0666
TSS_1522	TTGACT	6.17915682785826	17	TAAAAA	5.83637449379907	2.20233746073453	14.2178687823919	6	-86	ZMO2005
TSS_1523	TTGACG	5.15966065223246	20	GAATAG	0.105115541551211	3.53508769910899	8.79986389289267	5	-47	ZMO2005
TSS_1525	TTGTTC	4.52431051621169	17	TAAACC	3.55871070570913	2.20233746073453	10.2853586826554	6	-123	ZMO0667
TSS_1531	CTGTAT	1.47836855124199	17	TACGGA	1.2950862332798	2.20233746073453	4.97579224525632	6	-61	ZMO0667
TSS_1536	TTTCTA	4.65496434097109	16	TAGTGG	1.26110358489666	2.33096242092016	8.24703034678791	7	-153	ZMO0668
TSS_1538	TGTCCT	0.917538743906444	16	TATTTT	5.74792814630833	2.33096242092016	8.99642931113493	6	NA	NA
TSS_1539	TGGTCT	2.30640306696682	19	TATTAC	5.25982377766064	2.74203777704225	10.3082646216697	9	-551	ZMO0672
TSS_1540	TTGTTT	5.87929289201957	16	TAACTC	2.96729214072973	2.33096242092016	11.1775474536695	5	-8	ZMO0672
TSS_1543	TTGCGC	2.5679275307623	20	TATCTC	3.97155416758389	3.53508769910899	10.0745693974552	3	NA	ZMO0672
TSS_1544	TAGCAA	2.61889826802668	16	TAAAAG	4.65288476477495	2.33096242092016	9.60274545372178	6	-27	ZMO0675
TSS_1547	TGGGTA	0.786690565035427	15	TACGCT	0.988512851876392	2.74203777704225	4.51724119395407	5	-135	ZMO0675
TSS_1549	TTGCTG	4.99730024014371	16	TATGGG	3.23133574852978	2.33096242092016	10.5595984095936	7	-156	ZMO0675
TSS_1553	TTAACT	2.63109390994863	17	TATAGG	4.77055265902935	2.20233746073453	9.60398402971252	6	-39	ZMO0676
TSS_1559	TTTTTA	4.51746081722116	18	TAAATT	5.49182992022524	2.33096242092016	12.3402531583666	6	-150	ZMO0678
TSS_1560	CTGAAA	2.27112002192892	17	TATAAG	5.65714679162911	2.20233746073453	10.1306042742926	6	-113	ZMO0682
TSS_1561	ATGTTT	0.859590977577026	17	TATAAT	7.09248385251849	2.20233746073453	10.15441229083	6	-59	ZMO0682
TSS_1562	TTGGAT	3.65359318771323	16	TATCTT	5.05605044167066	2.33096242092016	11.040606050304	6	NA	ZMO0685
TSS_1565	TTCTAA	2.69770357787397	17	TAAGGA	3.41056345069973	2.20233746073453	8.31060448930824	6	-45	ZMO0687
TSS_1567	TAGAGA	1.22882360127916	18	TAAAAA	5.83637449379907	2.33096242092016	9.39616051599838	5	NA	ZMO0688
TSS_1568	TTTCTG	3.4709323933334	19	TAACCA	2.9513181425219	2.74203777704225	9.16428831289756	6	-417	ZMO0688
TSS_1570	TTGATC	5.15252621488673	17	TAAACT	4.6432069797959	2.20233746073453	11.9980706554172	6	NA	ZMO0689
TSS_1573	TTAAAA	2.91088177727017	15	TATACC	4.56297273256329	2.74203777704225	10.2158922868757	9	-96	ZMO0689
TSS_1574	TTGCTT	6.01679641576951	16	TAAAAG	4.65288476477495	2.33096242092016	13.0006436014646	7	-118	ZMO0689
TSS_1575	TTGCCG	4.66894847730736	17	TAGGAC	1.70748539457052	2.20233746073453	8.57877133261241	7	-178	ZMO0689
TSS_1577	GTGACT	0.422489319249507	16	TACGAA	2.18168036587956	2.33096242092016	4.93513210604922	5	-201	ZMO0691
TSS_1582	TAGATT	3.1581743384666	18	TATTCT	4.89930520587899	2.33096242092016	10.3884419652657	7	-5	ZMO0692
TSS_1584	TTCAAA	3.32591927654901	17	TAAGGA	3.41056345069973	2.20233746073453	8.93882018798328	7	-2	ZMO0693
TSS_1591	TTGAAA	6.4589446951798	19	TATATA	6.24424461521414	2.74203777704225	15.4452270874362	4	-28	ZMO0694
TSS_1600	TAGAGA	1.22882360127916	17	TAGCTC	1.21026889422227	2.20233746073453	4.64142995623596	4	-286	ZMO0695
TSS_1601	ATGAAA	1.43924278073725	16	TAATGA	4.20161656042824	2.33096242092016	7.97182176208564	6	-371	ZMO0698
TSS_1603	TTGCGT	3.92290990657018	16	TAAAGA	4.94978036119931	2.33096242092016	11.2036526886896	7	-78	ZMO0704
TSS_1604	TTGCAT	5.8036967482428	16	TAAAGC	4.11713141897779	2.33096242092016	12.2517905881407	8	-171	ZMO0704
TSS_1611	TTGTCT	5.55094112918322	18	TATCTC	3.97155416758389	2.33096242092016	11.8534577176873	7	-171	ZMO0709
TSS_1613	CTGACA	2.15586792661928	18	TATCTT	5.05605044167066	2.33096242092016	9.54288078921009	7	NA	ZMO0710
TSS_1614	TTTCCT	4.16207680612285	16	TATTGA	5.2058785872824	2.33096242092016	11.6989178143254	7	-306	ZMO0711
TSS_1615	TTGAGC	3.0586397056874	16	TATGAT	5.55326694201891	2.33096242092016	10.9428690686265	6	-205	ZMO0711
TSS_1617	TTGATT	6.50750859069461	19	TATACA	5.3956216747848	2.74203777704225	14.6451680425217	5	-60	ZMO0712
TSS_1619	ATGATT	1.48780667625207	16	TAAGAG	3.11366785427538	2.33096242092016	6.9324369514476	6	-71	ZMO0713
TSS_1620	TTGCGC	2.5679275307623	15	TAGAAA	4.07935124729161	2.74203777704225	9.38931655509615	8	-478	ZMO0715
TSS_1627	TAGCTT	2.6674621635415	17	TAATGT	4.4534638922935	2.20233746073453	9.32326351656952	6	NA	ZMO0718
TSS_1631	TGGCTG	1.75276217792731	17	TATTGC	4.37322964506088	2.20233746073453	8.32832928372272	7	-189	ZMO0720
TSS_1632	TGGACA	3.09915453765375	18	TATCAG	4.21710528622037	2.33096242092016	9.64722224479427	6	-70	ZMO0720
TSS_1633	TTCCCT	2.55541923430237	19	TATAGT	6.20588971991873	2.74203777704225	11.5033467312633	4	NA	ZMO0719
TSS_1636	TTGACT	6.17915682785826	19	TACGTT	1.83713579230573	2.74203777704225	10.7583303972062	7	-531	ZMO0722
TSS_1637	TTGCTG	4.99730024014371	20	TAAGAT	4.54900491516475	3.53508769910899	13.0813928544175	6	-372	ZMO0722
TSS_1641	TTGACC	4.82417445205038	18	TATGAC	4.46877066793214	2.33096242092016	11.6239075409027	6	NA	ZMOt013
TSS_1643	TATTCT	0.675239030144899	16	GATCAG	0.417499863767703	2.33096242092016	3.42370131483276	5	NA	ZMOt013
TSS_1644	CTTCTT	0.302603895708326	15	TATACC	4.56297273256329	2.74203777704225	7.60761440531386	7	NA	ZMO0722
TSS_1645	TTGGAA	3.81812895972512	18	TAAGAT	4.54900491516475	2.33096242092016	10.69809629581	7	-155	ZMOt013
TSS_1648	TTGCTT	6.01679641576951	17	TATTAC	5.25982377766064	2.20233746073453	13.4789576541647	6	NA	ZMOt013
TSS_1657	TTTTTG	3.33342886958347	17	GAATTA	0.69221336513624	2.20233746073453	6.22797969545424	4	-112	ZMO0725
TSS_1661	TTGATC	5.15252621488673	17	TAAAGA	4.94978036119931	2.20233746073453	12.3046440368206	7	-232	ZMO0727
TSS_1662	TTGATT	6.50750859069461	17	TAAAGT	5.20162769306457	2.20233746073453	13.9114737444937	7	-214	ZMO0727
TSS_1678	TGTCCA	1.08207451591833	18	TATCTG	3.62071338078129	2.33096242092016	7.03375031761978	5	NA	ZMO0731
TSS_1685	TGGATG	2.24347435285241	20	TATGAT	5.55326694201891	3.53508769910899	11.3318289939803	6	-508	ZMO0732
TSS_1689	TGGTTT	2.63475482980317	17	TATCGT	4.76584821450999	2.20233746073453	9.60294050504769	6	NA	ZMO0732
TSS_1704	TTTATT	4.98114074388431	18	TATTTA	5.49608081444307	2.33096242092016	12.8081839792475	6	NA	ZMO0734
TSS_1707	TTTATT	4.98114074388431	20	TAATAA	5.0882106930280004	3.53508769910899	13.6044391360213	7	-539	ZMO0738
TSS_1711	TTGGCT	3.53834109240359	17	TAAAGG	3.76629063217519	2.20233746073453	9.50696918531331	7	-315	ZMO0736
TSS_1713	TTGCGA	4.08744567858207	18	TATAGA	5.95404238805347	2.33096242092016	12.3724504875557	7	-27	ZMO0738
TSS_1716	TTTACA	4.81732475305984	17	TATGAT	5.55326694201891	2.20233746073453	12.5729291558133	5	-24	ZMO0739
TSS_1720	TTGGTA	4.03122862725183	18	GATGGT	0.867067386966483	2.33096242092016	7.22925843513847	3	-66	ZMO0740
TSS_1731	TTTACA	4.81732475305984	16	TAGTGA	2.44459331392078	2.33096242092016	9.59288048790078	6	-73	ZMO0744
TSS_1736	TTCCCT	2.55541923430237	17	TACAGA	2.83430314377937	2.20233746073453	7.59205983881628	6	NA	ZMOt014
TSS_1737	TTTCTC	3.13544619315132	18	TATATA	6.24424461521414	2.33096242092016	11.7106532292856	6	-170	ZMO0746
TSS_1738	TTCCTT	2.88377099713873	20	TACATA	3.12450537094004	3.53508769910899	9.54336406718777	6	-44	ZMO0748
TSS_1740	TTGTCA	5.71547690119511	18	TATAAA	6.84063652065323	2.33096242092016	14.8870758427685	6	-65	ZMO0748
TSS_1746	TTTTAT	4.13982537768256	15	TAAGCA	2.85214273743107	2.74203777704225	9.73400589215587	5	-58	ZMO0749
TSS_1755	TTTTAT	4.13982537768256	18	TAGCTT	2.29476516830904	2.33096242092016	8.76555296691175	6	-78	ZMO0753
TSS_1758	TTCTTT	2.74626747338879	16	TATACC	4.56297273256329	2.33096242092016	9.64020262687223	6	NA	ZMO0754
TSS_1760	TTGCAG	4.784200572617	18	TATTTT	5.74792814630833	2.33096242092016	12.8630911398455	7	-31	ZMO0760
TSS_1766	TTGCTA	6.1813321877814	20	TAGCGC	0.920066667061596	3.53508769910899	10.636486553952	5	-94	ZMO0765
TSS_1768	TTGCAA	5.96823252025469	20	TAAGCC	2.01949379520956	3.53508769910899	11.5228140145732	4	-53	ZMO0765
TSS_1770	CTGCCT	1.50061997968228	15	GATCCA	0.155974746923394	2.74203777704225	4.39863250364792	8	NA	ZMO0765
TSS_1771	TTTACA	4.81732475305984	16	TAACGA	3.50973885579057	2.33096242092016	10.6580260297706	7	NA	ZMO0765
TSS_1775	TTTCGG	1.37704588413407	18	TATTGT	5.45772591914766	2.33096242092016	9.16573422420189	6	-39	ZMO0766
TSS_1777	TTCATC	2.01950079625595	20	TATCGA	4.51400088264473	3.53508769910899	10.0685893780097	3	NA	ZMO0766
TSS_1779	TTCTTT	2.74626747338879	17	TATCAA	5.40059501524449	2.20233746073453	10.3491999493678	6	-249	ZMO0767
TSS_1783	TTTTTC	2.99794266940139	18	TAAAGG	3.76629063217519	2.33096242092016	9.09519572249673	6	-107	ZMO0770
TSS_1784	TTTAGA	3.05179000669687	17	TATCAT	5.65244234710975	2.20233746073453	10.9065698145411	7	-82	ZMO0773
TSS_1785	TGGCAT	2.55915868602639	17	TAACTA	3.79994108295124	2.20233746073453	8.56143722971217	6	-31	ZMO0773
TSS_1786	TTGCCT	5.68844465293316	20	TAAGAA	4.29715758329949	3.53508769910899	13.5206899353416	3	-326	ZMO0776
TSS_1788	TTGTAA	5.83072899650475	17	TATGTC	3.87237876249305	2.20233746073453	11.9054452197323	6	-149	ZMO0777
TSS_1789	TTGCAT	5.8036967482428	19	TAAAAC	5.00372555157755	2.74203777704225	13.5494600768626	4	-87	ZMO0778
TSS_1790	TTGATC	5.15252621488673	19	TATTAT	6.34432005174741	2.74203777704225	14.2388840436764	5	NA	ZMO0778
TSS_1791	TTGAAT	6.2944089231679	17	GATTGA	1.40627316482973	2.20233746073453	9.90301954873216	6	NA	ZMO0778
TSS_1792	TTCCTA	3.04830676915062	20	TATGTG	3.52153797569045	3.53508769910899	10.1049324439501	5	-158	ZMO0781
TSS_1795	TTGTTC	4.52431051621169	20	TAATTT	4.74366611945417	3.53508769910899	12.8030643347749	7	NA	ZMO0781
TSS_1798	TTGAAG	5.27491274754211	17	TAGCGC	0.920066667061596	2.20233746073453	8.39731687533823	6	0	ZMO0784
TSS_1801	TTGGGT	1.77280634604061	20	TAGGAT	2.79198166865729	3.53508769910899	8.0998757138069	6	-85	ZMO0786
TSS_1803	ATGCAA	0.948530605812141	19	TATTAT	6.34432005174741	2.74203777704225	10.0348884346018	3	NA	ZMO0788
TSS_1805	CTGACA	2.15586792661928	18	TATGGT	4.66667280941915	2.33096242092016	9.15350315695859	6	NA	ZMO0789
TSS_1806	TTGAAT	6.2944089231679	17	TAAGTC	2.86811673563889	2.20233746073453	11.3648631195413	8	-1	ZMO0791
TSS_1807	TGGACA	3.09915453765375	17	TATCAA	5.40059501524449	2.20233746073453	10.7020870136328	6	NA	ZMO0794
TSS_1809	TTTTTA	4.51746081722116	20	TATAGT	6.20588971991873	3.53508769910899	14.2584382362489	6	-27	ZMO0794
TSS_1810	TTACCT	2.14038173502353	19	TAATAA	5.0882106930280004	2.74203777704225	9.97063020509377	7	-70	ZMO0797
TSS_1813	TTGATC	5.15252621488673	19	TATTCA	4.64745787401373	2.74203777704225	12.5420218659427	4	NA	ZMO0798
TSS_1815	TATCTT	1.14109431673119	18	TATAAT	7.09248385251849	2.33096242092016	10.5645405901698	7	-125	ZMO0804
TSS_1816	TTGTAT	5.66619322449286	18	TATAAA	6.84063652065323	2.33096242092016	14.8377921660662	7	-74	ZMO0806
TSS_1817	GTGACA	0.587025091261397	15	TAGAAG	2.89586151826749	2.74203777704225	6.22492438657114	8	-176	ZMO0806
TSS_1819	TTCACT	3.04613140922748	19	TAGCTT	2.29476516830904	2.74203777704225	8.08293435457877	5	NA	ZMO0811
TSS_1821	TTGTCT	5.55094112918322	18	TAGAAG	2.89586151826749	2.33096242092016	10.7777650683709	7	-170	ZMO0813
TSS_1822	TTCCTG	1.86427482151293	17	TATTTA	5.49608081444307	2.20233746073453	9.56269309669053	6	-67	ZMO0813
TSS_1826	TTGTTT	5.87929289201957	20	TATCTT	5.05605044167066	3.53508769910899	14.4704310327992	6	-87	ZMO0815
TSS_1846	TAGACA	2.99435834764214	17	TAGATT	3.73480667371778	2.20233746073453	8.93150248209445	6	-28	ZMO2056
TSS_1853	TTGATA	6.67204436270651	16	TAAAGT	5.20162769306457	2.33096242092016	14.2046344766912	6	-100	ZMO0818
TSS_1856	TTATAT	2.11813030658324	18	TATTCA	4.64745787401373	2.33096242092016	9.09655060151712	7	-29	ZMO0818
TSS_1866	TTGGCT	3.53834109240359	16	TATGAA	5.30141961015365	2.33096242092016	11.1707231234774	6	-3	ZMO0821
TSS_1868	TTGTCG	4.53144495355742	15	GATACC	0.763367310110619	2.74203777704225	8.03685004071029	8	-445	ZMO0823
TSS_1869	CTGTAT	1.47836855124199	18	TATGAT	5.55326694201891	2.33096242092016	9.36259791418106	5	-505	ZMO0825
TSS_1871	TTCCTC	1.52878862133085	15	TACATT	3.3763527028053	2.74203777704225	7.6471791011784	7	-104	ZMO0825
TSS_1872	TTCCCT	2.55541923430237	18	TATTCT	4.89930520587899	2.33096242092016	9.78568686110152	6	NA	ZMO0824
TSS_1873	TTGCCG	4.66894847730736	19	TATTGT	5.45772591914766	2.74203777704225	12.8687121734973	7	-239	ZMO0827
TSS_1875	TTAAAA	2.91088177727017	20	TAATGG	3.01812683140412	3.53508769910899	9.46409630778328	6	NA	ZMO0830
TSS_1879	TTAATC	1.60446329697711	15	TAGAAA	4.07935124729161	2.74203777704225	8.42585232131096	6	-118	ZMO0836
TSS_1880	CTGCAA	1.78040784700381	18	TAAGTG	2.51727594883629	2.33096242092016	6.62864621676026	7	0	ZMO0836
TSS_1881	TTCACC	1.6911490334196	18	GATAGA	2.1544369656008	2.33096242092016	6.17654841994055	9	-643	ZMO0837
TSS_1885	TTTGAT	2.12722534090292	15	TATAAT	7.09248385251849	2.74203777704225	11.9617469704637	9	-282	ZMO0837
TSS_1889	TTTTAG	3.12032920205676	16	TATAAG	5.65714679162911	2.33096242092016	11.108438414606	4	-141	ZMO0837
TSS_1890	TTTTAT	4.13982537768256	15	GATAAG	1.85754136917644	2.74203777704225	8.73940452390124	9	-24	ZMO0837
TSS_1894	TAGCCA	2.50364617271703	18	TAAATA	5.23998258835998	2.33096242092016	10.0745911819972	7	NA	ZMO0837
TSS_1896	TTCGCA	0.569851445784696	16	TACGTT	1.83713579230573	2.33096242092016	4.73794965901058	3	0	ZMO0840
TSS_1897	TTGCAT	5.8036967482428	20	TATTAC	5.25982377766064	3.53508769910899	14.5986082250124	3	-316	ZMO0844
TSS_1899	TTCACC	1.6911490334196	17	TAGCTT	2.29476516830904	2.20233746073453	6.18825166246317	5	-152	ZMO0844
TSS_1903	TTTTCA	4.1891090543848	18	TAATGA	4.20161656042824	2.33096242092016	10.7216880357332	7	-132	ZMO0844
TSS_1910	CTGTTT	1.6914682187687	17	TATGGC	3.58217653533238	2.20233746073453	7.47598221483561	7	-37	ZMO0845
TSS_1912	TGGCAG	1.5396625104006	16	TATTTT	5.74792814630833	2.33096242092016	9.61855307762908	3	-339	ZMO0847
TSS_1913	TTTTTA	4.51746081722116	15	TATAAA	6.84063652065323	2.74203777704225	14.1001351149166	5	-314	ZMO0847
TSS_1914	CTGACA	2.15586792661928	17	TACAGA	2.83430314377937	2.20233746073453	7.19250853113318	7	-267	ZMO0847
TSS_1917	TGGCTA	2.936794125565	17	TATAGG	4.77055265902935	2.20233746073453	9.90968424532888	6	-224	ZMO0847
TSS_1918	GTGAAA	0.70227718657104	19	GAAGAA	0.497552160846823	2.74203777704225	3.94186712446011	4	-127	ZMO0847
TSS_1919	TTGTCA	5.71547690119511	16	TATAAT	7.09248385251849	2.33096242092016	15.1389231746338	7	-414	ZMO0850
TSS_1926	TTTCTT	4.4904285689592	16	TAGACC	1.80168745920167	2.33096242092016	8.62307844908103	6	0	ZMO0851
TSS_1927	TTTACC	3.29780660524007	16	TAGAAA	4.07935124729161	2.33096242092016	9.70812027345183	6	-44	ZMO0851
TSS_1929	TTGAAA	6.4589446951798	17	TATAAC	6.00798757843171	2.20233746073453	14.669269734346	6	-48	ZMO0853
TSS_1930	CTGATC	0.964701541635858	17	GAAAAA	2.0367690713464	2.20233746073453	5.20380807371679	3	-237	ZMO0855
TSS_1931	TTTCCT	4.16207680612285	16	GATCAT	1.85283692465708	2.33096242092016	8.34587615170008	6	0	ZMO0856
TSS_1933	TTGATC	5.15252621488673	17	TAAGGG	2.22707372167562	2.20233746073453	9.58193739729688	6	-67	ZMO0856
TSS_1934	TTCATG	2.35498699643803	20	TATAAA	6.84063652065323	3.53508769910899	12.7307112162003	6	-103	ZMO0856
TSS_1936	TTGCCC	4.33346227712528	17	TAAGGA	3.41056345069973	2.20233746073453	9.94636318855954	6	-85	ZMO0857
TSS_1946	TTTCCT	4.16207680612285	16	TAACTT	4.0517884148165	2.33096242092016	10.5448276418595	6	0	ZMO0861
TSS_1947	TTCCCG	1.53592305867658	20	GATCAA	1.60098959279182	3.53508769910899	6.67200035057739	6	NA	ZMO0861
TSS_1948	TTCCTA	3.04830676915062	17	TAAAAT	6.08822182566433	2.20233746073453	11.3388660555495	6	-21	ZMO0862
TSS_1950	TTGCTT	6.01679641576951	18	TATATG	5.06075488619003	2.33096242092016	13.4085137228797	6	NA	ZMO0863
TSS_1952	TTTATC	3.62615836807642	17	TAATGT	4.4534638922935	2.20233746073453	10.2819597211045	5	-124	ZMO0865
TSS_1955	TTCTTC	1.39128509758091	20	TATCAT	5.65244234710975	3.53508769910899	10.5788151437997	9	NA	ZMO0865
TSS_1957	TTGATA	6.67204436270651	16	TAAAAC	5.00372555157755	2.33096242092016	14.0067323352042	7	-70	ZMO0866
TSS_1960	TTTCTG	3.4709323933334	19	TATAGT	6.20588971991873	2.74203777704225	12.4188598902944	9	-32	ZMO0867
TSS_1965	CTGTTA	1.85600399078059	15	TAAATC	4.40733364613847	2.74203777704225	9.00537541396131	7	-89	ZMO0873
TSS_1966	TTTTTT	4.35292504520927	15	TATTAT	6.34432005174741	2.74203777704225	13.4392828739989	6	-50	ZMO0873
TSS_1967	TTTTTG	3.33342886958347	17	TATGAA	5.30141961015365	2.20233746073453	10.8371859404717	8	NA	ZMO0874
TSS_1973	TTGTGA	3.94994215483214	19	TAAACC	3.55871070570913	2.74203777704225	10.2506906375835	6	-222	ZMO0876
TSS_1985	TGGTAT	2.42165516227646	17	GATAGA	2.1544369656008	2.20233746073453	6.77842958861179	8	-96	ZMO0878
TSS_1987	TGTTAA	1.05982308747804	20	TATTAA	6.09247271988216	3.53508769910899	10.6873835064692	7	-117	ZMO0878
TSS_1988	TTTATT	4.98114074388431	16	TAATTT	4.74366611945417	2.33096242092016	12.0557692842586	6	-295	ZMO0878
TSS_1990	TTGAAA	6.4589446951798	20	GAAATT	1.69222449777257	3.53508769910899	11.6862568920614	3	-457	ZMO0880
TSS_1991	TGTAAA	1.68803878615308	17	TAAAAG	4.65288476477495	2.20233746073453	8.54326101166257	6	-88	ZMO0882
TSS_1994	TTCACC	1.6911490334196	16	TATTTC	4.66343187222156	2.33096242092016	8.68554332656131	6	-54	ZMO0884
TSS_1998	TTGACT	6.17915682785826	16	TATTCA	4.64745787401373	2.33096242092016	13.1575771227921	7	-77	ZMO0884
TSS_2000	TTGTAA	5.83072899650475	19	TATAAC	6.00798757843171	2.74203777704225	14.5807543519787	4	-64	ZMO0885
TSS_2001	TTCAAC	1.80640112872924	15	TAAAGA	4.94978036119931	2.74203777704225	9.4982192669708	6	-27	ZMO0886
TSS_2002	TTCTCG	1.39841953492664	20	TACACC	1.44323348828919	3.53508769910899	6.37674072232483	6	NA	ZMO0889
TSS_2003	TTGATT	6.50750859069461	16	TATCTT	5.05605044167066	2.33096242092016	13.8945214532854	6	-111	ZMO0889
TSS_2011	TTGATT	6.50750859069461	17	TATTAA	6.09247271988216	2.20233746073453	14.8023187713113	5	-273	ZMO0890
TSS_2012	TTGGGG	0.753310170414814	20	TATTGA	5.2058785872824	3.53508769910899	9.4942764568062	7	NA	ZMO0892
TSS_2013	TAGATA	3.32271011047849	16	TATGAA	5.30141961015365	2.33096242092016	10.9550921415523	7	-35	ZMO0894
TSS_2019	TTTACG	3.63329280542216	19	TAAAGC	4.11713141897779	2.74203777704225	10.4924620014422	6	-53	ZMO0896
TSS_2026	TAGACT	2.82982257563025	19	TATATA	6.24424461521414	2.74203777704225	11.8161049678866	5	-184	ZMO0903
TSS_2030	TTTCTC	3.13544619315132	20	TAATCC	2.81054690493806	3.53508769910899	9.48108079719837	7	-119	ZMO0904
TSS_2031	TATCTT	1.14109431673119	17	TATGGT	4.66667280941915	2.20233746073453	8.01010458688487	6	-144	ZMO0905
TSS_2032	TTCAAA	3.32591927654901	17	TACAGC	2.00165420155786	2.20233746073453	7.5299109388414	6	-28	ZMO0905
TSS_2038	TTTGCA	2.17650901760517	15	GATAGA	2.1544369656008	2.74203777704225	7.07298376024822	3	NA	ZMOt016
TSS_2042	TGGCAG	1.5396625104006	20	TATTAC	5.25982377766064	3.53508769910899	10.3345739871702	9	-69	ZMO0908
TSS_2043	TGGGAA	0.573590897508717	17	TATGCT	4.10825209615049	2.20233746073453	6.88418045439374	5	-421	ZMO0908
TSS_2045	TTGATA	6.67204436270651	16	TACATT	3.3763527028053	2.33096242092016	12.379359486432	6	-38	ZMO0909
TSS_2046	TTTATA	5.1456765158962	19	TATAGA	5.95404238805347	2.74203777704225	13.8417566809919	7	-161	ZMO0911
TSS_2047	TAGAAG	1.92557849531409	17	TATAAA	6.84063652065323	2.20233746073453	10.9685524767019	6	-120	ZMO0910
TSS_2048	TTTATA	5.1456765158962	19	TACCCT	1.08768825696723	2.74203777704225	8.97540254990567	6	-150	ZMO0910
TSS_2049	TGGTCA	2.47093883897871	17	TATCAA	5.40059501524449	2.20233746073453	10.0738713149577	7	-127	ZMO0911
TSS_2053	TTGCCA	5.85298042494505	17	TATCGA	4.51400088264473	2.20233746073453	12.5693187683243	6	NA	ZMO0911
TSS_2054	TTGGTT	3.86669285523994	17	TATCCA	3.95558016937606	2.20233746073453	10.0246104853505	7	-444	ZMO0910
TSS_2055	TTTCGC	1.04155968395199	20	TATACC	4.56297273256329	3.53508769910899	9.13962011562427	9	NA	ZMO0911
TSS_2056	TTCTCG	1.39841953492664	20	TATGTC	3.87237876249305	3.53508769910899	8.80588599652869	6	NA	ZMO0911
TSS_2057	TTGCTT	6.01679641576951	15	GAAAAA	2.0367690713464	2.74203777704225	10.7956032641582	8	-66	ZMO0912
TSS_2059	TTGAGA	4.57815785350718	16	TAATAA	5.0882106930280004	2.33096242092016	11.9973309674553	6	NA	ZMO0913
TSS_2062	TATATA	1.79634226366818	15	TATAAG	5.65714679162911	2.74203777704225	10.1955268323395	8	-34	ZMO0914
TSS_2064	TTTCTT	4.4904285689592	20	TATATA	6.24424461521414	3.53508769910899	14.2697608832823	6	-57	ZMO0914
TSS_2069	TAGATA	3.32271011047849	17	TATAAA	6.84063652065323	2.20233746073453	12.3656840918662	7	NA	ZMO0915
TSS_2070	TTCAAA	3.32591927654901	19	TATGAT	5.55326694201891	2.74203777704225	11.6212239956102	4	-499	ZMO0916
TSS_2072	TATAAA	1.58324259614147	20	TATAAA	6.84063652065323	3.53508769910899	11.9589668159037	8	NA	NA
TSS_2073	TATTTT	1.00359079298125	15	TATAAT	7.09248385251849	2.74203777704225	10.838112422542	4	-370	ZMO0917
TSS_2074	TTCCCT	2.55541923430237	17	TAAAAT	6.08822182566433	2.20233746073453	10.8459785207012	5	-98	ZMO0917
TSS_2076	TTGCAT	5.8036967482428	16	GATTTT	1.94832272385566	2.33096242092016	10.0829818930186	7	NA	ZMO0917
TSS_2085	TTGTTG	4.85979671639378	20	TAAAAT	6.08822182566433	3.53508769910899	14.4831062411671	5	-27	ZMO0919
TSS_2086	TTGCCT	5.68844465293316	17	TAATCT	3.89504317902483	2.20233746073453	11.7858252926925	4	NA	ZMO0922
TSS_2089	TTGTTC	4.52431051621169	16	TATTAT	6.34432005174741	2.33096242092016	13.1995929888793	6	-282	ZMO0924
TSS_2090	TTTATA	5.1456765158962	15	TAAAGA	4.94978036119931	2.74203777704225	12.8374946541378	6	-73	ZMO0923
TSS_2094	TTGACG	5.15966065223246	17	TATCTT	5.05605044167066	2.20233746073453	12.4180485546377	6	-76	ZMO0924
TSS_2095	TTACGA	0.539382760672444	18	TATTGT	5.45772591914766	2.33096242092016	8.32807110074026	8	NA	ZMO0924
TSS_2099	TTTCTT	4.4904285689592	16	TAGTTT	2.98664287294671	2.33096242092016	9.80803386282607	6	-13	ZMO0925
TSS_2101	TTGATA	6.67204436270651	18	TAAAAT	6.08822182566433	2.33096242092016	15.091228609291	5	-609	ZMO0926
TSS_2102	TTTCAC	2.92234652562461	16	TATAAG	5.65714679162911	2.33096242092016	10.9104557381739	7	-41	ZMO0926
TSS_2103	TTGGTG	2.84719667961414	17	TATAAT	7.09248385251849	2.20233746073453	12.1420179928672	6	0	ZMO0926
TSS_2104	TTGTCT	5.55094112918322	16	TAGGAG	1.35664460776792	2.33096242092016	9.23854815787129	7	NA	ZMO0927
TSS_2105	TTACCA	2.30491750703542	18	TATAGT	6.20588971991873	2.33096242092016	10.8417696478743	8	-16	ZMO0927
TSS_2106	TTTCCT	4.16207680612285	17	TATTTT	5.74792814630833	2.20233746073453	12.1123424131657	6	-27	ZMO0934
TSS_2109	TAGCCG	1.31961422507935	18	TATAAA	6.84063652065323	2.33096242092016	10.4912131666527	6	-23	ZMO0935
TSS_2110	TTGTTT	5.87929289201957	20	TATTGG	4.02238885825828	3.53508769910899	13.4367694493868	8	NA	ZMO0936
TSS_2111	TTGTTT	5.87929289201957	18	TAACCT	3.20316547438716	2.33096242092016	11.4134207873269	6	-25	ZMO0937
TSS_2112	TTGCCG	4.66894847730736	19	TAACCC	2.11866920030039	2.74203777704225	9.52965545465	5	NA	ZMO0938
TSS_2113	TAGCCA	2.50364617271703	18	TAATAT	5.34005802489326	2.33096242092016	10.1746666185304	5	NA	ZMO0938
TSS_2115	TTTATA	5.1456765158962	20	TATAAT	7.09248385251849	3.53508769910899	15.7732480675237	6	NA	ZMO0941
TSS_2116	TTTTCA	4.1891090543848	16	TATAAA	6.84063652065323	2.33096242092016	13.3607079959582	7	NA	ZMOt017
TSS_2117	TTGTGC	2.43042400701236	19	TAGTCT	2.13801993251737	2.74203777704225	7.31048171657199	7	NA	ZMO0942
TSS_2120	TTGCTG	4.99730024014371	17	TACGTT	1.83713579230573	2.20233746073453	9.03677349318397	7	NA	ZMOt019
TSS_2126	TTGCTC	4.66181403996163	16	TATAGA	5.95404238805347	2.33096242092016	12.9468188489353	6	NA	ZMOt019
TSS_2139	TAGATA	3.32271011047849	17	TAGTAA	3.33118744652054	2.20233746073453	8.85623501773356	6	-46	ZMO0948
TSS_2147	TTGCAG	4.784200572617	18	TAAAAC	5.00372555157755	2.33096242092016	12.1188885451147	6	-41	ZMO0949
TSS_2148	TTGATT	6.50750859069461	17	TAAAAC	5.00372555157755	2.20233746073453	13.7135716030067	6	NA	ZMO0949
TSS_2150	ATGCAA	0.948530605812141	20	TATGTC	3.87237876249305	3.53508769910899	8.35599706741419	3	NA	ZMO0949
TSS_2151	TTGATC	5.15252621488673	16	TATTCT	4.89930520587899	2.33096242092016	12.3827938416859	6	NA	ZMO0949
TSS_2152	TTTAGC	1.5322718588771	18	TATTGA	5.2058785872824	2.33096242092016	9.06911286707965	6	NA	ZMO0949
TSS_2153	TTGGCA	3.70287686441548	18	TATAGT	6.20588971991873	2.33096242092016	12.2397290052544	7	0	ZMO0952
TSS_2154	TTCCTT	2.88377099713873	16	TAAAGA	4.94978036119931	2.33096242092016	10.1645137792582	8	NA	ZMO0955
TSS_2159	TTGCAT	5.8036967482428	18	TAAAGA	4.94978036119931	2.33096242092016	13.0844395303623	7	-72	ZMO0961
TSS_2160	TTTATA	5.1456765158962	17	TATAGC	5.12139344583195	2.20233746073453	12.4694074224627	6	-40	ZMO0961
TSS_2161	TTAAAA	2.91088177727017	19	TAACCT	3.20316547438716	2.74203777704225	8.85608502869958	4	NA	ZMO0962
TSS_2163	TTTACA	4.81732475305984	18	TATCAA	5.40059501524449	2.33096242092016	12.5488821892245	4	NA	ZMO0963
TSS_2167	TTGACA	6.34369259987015	20	GAAAAA	2.0367690713464	3.53508769910899	11.9155493703255	4	-24	ZMO0964
TSS_2173	TTGACC	4.82417445205038	16	TAATCA	3.64319584715957	2.33096242092016	10.7983327201301	7	-201	ZMO0965
TSS_2174	TATAAA	1.58324259614147	15	TATATC	5.41159567299263	2.74203777704225	9.73687604617635	8	-139	ZMO0965
TSS_2175	GTGACA	0.587025091261397	17	TACCAC	1.44820682874888	2.20233746073453	4.23756938074481	7	NA	ZMO0965
TSS_2176	TGTTCA	0.9445709921684	16	TATTCT	4.89930520587899	2.33096242092016	8.17483861896755	7	NA	ZMO0965
TSS_2177	TGGTCG	1.28690689134102	17	TATCAA	5.40059501524449	2.20233746073453	8.88983936732004	7	NA	ZMO0966
TSS_2178	TTCCCG	1.53592305867658	16	TATAGA	5.95404238805347	2.33096242092016	9.8209278676502	8	-52	ZMO0967
TSS_2179	CTGTCA	1.52765222794424	18	TAACGA	3.50973885579057	2.33096242092016	7.36835350465496	6	-15	ZMO0969
TSS_2180	TTGCGC	2.5679275307623	17	TATAAA	6.84063652065323	2.20233746073453	11.6109015121501	7	-268	ZMO0972
TSS_2184	TTGTAT	5.66619322449286	17	TAAAAC	5.00372555157755	2.20233746073453	12.8722562368049	7	-510	ZMO0973
TSS_2185	TTGATT	6.50750859069461	16	TACGTT	1.83713579230573	2.33096242092016	10.6756068039205	7	-38	ZMO0973
TSS_2186	TTCCGT	0.789884487939397	15	TATAAG	5.65714679162911	2.74203777704225	9.18906905661076	7	-143	ZMO0974
TSS_2190	TTGCCT	5.68844465293316	17	TAAGGA	3.41056345069973	2.20233746073453	11.3013455643674	6	NA	ZMOt020
TSS_2192	CTGATT	2.31968391744374	17	TAAAGC	4.11713141897779	2.20233746073453	8.63915279715606	6	-48	ZMO0976
TSS_2199	TTTTCA	4.1891090543848	17	TATACA	5.3956216747848	2.20233746073453	11.7870681899041	7	-145	ZMO0980
TSS_2201	GTGATT	0.75084108208586	17	TATAGA	5.95404238805347	2.20233746073453	8.90722093087386	7	-194	ZMO0980
TSS_2204	TTGCAG	4.784200572617	16	TATCTT	5.05605044167066	2.33096242092016	12.1712134352078	6	-392	ZMO0983
TSS_2205	TTGCGT	3.92290990657018	19	TAGGCA	1.09511949092361	2.74203777704225	7.76006717453604	5	0	ZMO0986
TSS_2206	TAGATG	2.1386781628408	15	TATACG	4.21213194576069	2.74203777704225	9.09284788564374	7	-32	ZMO0986
TSS_2207	TAGTCC	0.846624501147326	17	TATTTA	5.49608081444307	2.20233746073453	8.54504277632493	7	-205	ZMO0987
TSS_2211	TTGTCT	5.55094112918322	17	TAATAG	3.90472096400388	2.20233746073453	11.6579995539216	7	-155	ZMO0987
TSS_2214	TTTACG	3.63329280542216	19	TATGGC	3.58217653533238	2.74203777704225	9.95750711779679	4	-526	ZMO0988
TSS_2216	TTGCGA	4.08744567858207	15	GATCTC	0.171948745131218	2.74203777704225	7.00143220075554	5	-496	ZMO0988
TSS_2220	TTTTTA	4.51746081722116	16	TAGAAG	2.89586151826749	2.33096242092016	9.7442847564088	4	-60	ZMO0988
TSS_2227	TGGAAG	2.0303746853257	15	TATAGA	5.95404238805347	2.74203777704225	10.7264548504214	7	NA	ZMO0992
TSS_2228	TTGTTT	5.87929289201957	20	TAACAC	3.56368404616881	3.53508769910899	12.9780646372974	9	-66	ZMO0992
TSS_2235	TAGCAT	2.45436249601478	17	TATATC	5.41159567299263	2.20233746073453	10.0682956297419	6	-73	ZMO0994
TSS_2237	TTATTA	2.49576574612184	20	TATATA	6.24424461521414	3.53508769910899	12.275098060445	4	-102	ZMO0994
TSS_2238	TAGATC	1.80319196265872	17	TATATA	6.24424461521414	2.20233746073453	10.2497740386074	6	-175	ZMO0996
TSS_2239	TTTATT	4.98114074388431	17	TAAGAC	3.46450864107798	2.20233746073453	10.6479868456968	7	-389	ZMO0994
TSS_2249	TTGCAG	4.784200572617	15	GATAGC	1.32178802337928	2.74203777704225	8.84802637303853	8	0	ZMO0999
TSS_2256	CTGATC	0.964701541635858	15	TATGAT	5.55326694201891	2.74203777704225	9.26000626069702	6	NA	ZMO1000
TSS_2260	CTGTCG	0.343620280306549	17	TATTAC	5.25982377766064	2.20233746073453	7.80578151870172	6	-304	ZMO1002
TSS_2261	TTCTAT	2.53316780586208	17	TATTTG	4.31259108541895	2.20233746073453	9.04809635201557	6	-128	ZMO1002
TSS_2266	TTTATA	5.1456765158962	16	TATAGA	5.95404238805347	2.33096242092016	13.4306813248698	6	-431	ZMO1007
TSS_2269	TTCAAT	3.16138350453712	20	TATATT	6.4960919470794	3.53508769910899	13.1925631507255	6	NA	ZMO1007
TSS_2270	GTGACA	0.587025091261397	16	TAAAAA	5.83637449379907	2.33096242092016	8.75436200598062	6	NA	NA
TSS_2273	TTTCAT	4.27732890143249	20	TATAAT	7.09248385251849	3.53508769910899	14.90490045306	8	-83	ZMO1008
TSS_2278	TTTTGG	1.23954236038414	19	TATTTC	4.66343187222156	2.74203777704225	8.64501200964794	7	-334	ZMO1010
TSS_2279	TTCTCG	1.39841953492664	20	TATTAT	6.34432005174741	3.53508769910899	11.2778272857831	6	NA	ZMO1010
TSS_2280	TTCTTA	2.91080324540068	19	GAAAAA	2.0367690713464	2.74203777704225	7.68961009378933	7	NA	ZMOt021
TSS_2281	TGGACA	3.09915453765375	17	TATACG	4.21213194576069	2.20233746073453	9.51362394414897	7	NA	ZMOt021
TSS_2289	TTTCTT	4.4904285689592	17	TAAGAG	3.11366785427538	2.20233746073453	9.80643388396911	5	-159	ZMO1014
TSS_2296	TTTATT	4.98114074388431	20	TATTAA	6.09247271988216	3.53508769910899	14.6087011628755	9	-50	ZMO1018
TSS_2303	TTGCCC	4.33346227712528	19	TATTAT	6.34432005174741	2.74203777704225	13.4198201059149	3	-515	ZMO1020
TSS_2304	TTGCGA	4.08744567858207	20	TAAAGC	4.11713141897779	3.53508769910899	11.7396647966689	3	-313	ZMO1022
TSS_2307	TTGCTT	6.01679641576951	17	TATATA	6.24424461521414	2.20233746073453	14.4633784917182	4	-55	ZMO1021
TSS_2308	TATTCT	0.675239030144899	19	TATATT	6.4960919470794	2.74203777704225	9.91336875426655	6	NA	ZMO1022
TSS_2309	TTGCGA	4.08744567858207	17	TATTAT	6.34432005174741	2.20233746073453	12.634103191064	7	-354	ZMO1023
TSS_2310	TATCAA	1.09253042121637	17	TATTGC	4.37322964506088	2.20233746073453	7.66809752701178	8	-299	ZMO1023
TSS_2315	GTGCAA	0.211565011645935	16	GAATTT	0.9440606970015	2.33096242092016	3.48658812956759	7	-23	ZMO1026
TSS_2316	TGTTTA	1.27292275500475	16	TATATA	6.24424461521414	2.33096242092016	9.84812979113905	7	NA	ZMO1029
TSS_2319	TTGCCA	5.85298042494505	17	TATTTC	4.66343187222156	2.20233746073453	12.7187497579011	6	-342	ZMO1032
TSS_2320	TTTCTA	4.65496434097109	15	TAAACT	4.6432069797959	2.74203777704225	12.0402090978092	6	0	ZMO1033
TSS_2326	TTATAA	2.28266607859513	16	TATTAT	6.34432005174741	2.33096242092016	10.9579485512627	6	-109	ZMO1034
TSS_2327	TTTATG	3.96164456825851	18	TATAAT	7.09248385251849	2.33096242092016	13.3850908416971	5	-134	ZMO1036
TSS_2333	TTGCTC	4.66181403996163	17	TAAAAT	6.08822182566433	2.20233746073453	12.9523733263605	6	NA	ZMO1036
TSS_2345	TTCCAT	2.67067132961202	15	TAAAAC	5.00372555157755	2.74203777704225	10.4164346582318	8	NA	ZMO1039
TSS_2346	TTTTAC	2.78484300187467	15	TATATG	5.06075488619003	2.74203777704225	10.5876356651069	7	-123	ZMO1039
TSS_2347	CTGTAT	1.47836855124199	18	TATCAT	5.65244234710975	2.33096242092016	9.46177331927189	6	-165	ZMO1039
TSS_2348	TTGAAA	6.4589446951798	17	TAAAAA	5.83637449379907	2.20233746073453	14.4976566497134	6	-192	ZMO1040
TSS_2350	TTGCTA	6.1813321877814	16	TACAAA	3.72089727637913	2.33096242092016	12.2331918850807	6	-50	ZMO1040
TSS_2352	TGGCCC	1.08892421490887	18	TAATCC	2.81054690493806	2.33096242092016	6.23043354076708	6	NA	ZMO1040
TSS_2357	ATGCAT	0.783994833800251	16	TATCCT	4.20742750124132	2.33096242092016	7.32238475596173	6	NA	ZMO1042
TSS_2358	TTCAAA	3.32591927654901	16	TATTTA	5.49608081444307	2.33096242092016	11.1529625119122	9	-74	ZMO1044
TSS_2359	TTGCGA	4.08744567858207	16	TATCTT	5.05605044167066	2.33096242092016	11.4744585411729	6	-187	ZMO1043
TSS_2360	TTGGGA	1.9373421180525	17	TAGGAT	2.79198166865729	2.20233746073453	6.93166124744433	5	-23	ZMO1044
TSS_2362	TTGCCT	5.68844465293316	16	TATGAA	5.30141961015365	2.33096242092016	13.320826684007	4	NA	ZMO1044
TSS_2363	TTGTTC	4.52431051621169	20	TAAATT	5.49182992022524	3.53508769910899	13.5512281355459	6	NA	ZMO1044
TSS_2365	TTGTCT	5.55094112918322	16	TACCAA	2.28085577097039	2.33096242092016	10.1627593210738	8	NA	ZMO1045
TSS_2366	TAGAAA	3.10961044295178	19	TATGAA	5.30141961015365	2.74203777704225	11.1530678301477	7	-28	ZMO1045
TSS_2367	ATGACA	1.3239906854276	20	TAGAAA	4.07935124729161	3.53508769910899	8.9384296318282	6	-153	ZMO1047
TSS_2371	TTGGCC	2.18335871659571	17	TATATT	6.4960919470794	2.20233746073453	10.8817881244096	6	NA	ZMO1049
TSS_2372	TTTATT	4.98114074388431	16	TAATTT	4.74366611945417	2.33096242092016	12.0557692842586	6	NA	ZMO1050
TSS_2374	TTGCGC	2.5679275307623	16	TATAAA	6.84063652065323	2.33096242092016	11.7395264723357	6	-81	ZMO1052
TSS_2376	TTCCTT	2.88377099713873	19	GAAGAA	0.497552160846823	2.74203777704225	6.1233609350278	7	NA	ZMO1052
TSS_2379	TTGTCT	5.55094112918322	15	TATACA	5.3956216747848	2.74203777704225	13.6886005810103	8	-119	ZMO1055
TSS_2380	TTCCGA	0.954420259951288	17	TAAAAG	4.65288476477495	2.20233746073453	7.8096424854607696	5	-53	ZMO1057
TSS_2381	TATCTT	1.14109431673119	19	TATCTT	5.05605044167066	2.74203777704225	8.9391825354441	6	-106	ZMO1057
TSS_2382	TTTCTC	3.13544619315132	20	TATGTC	3.87237876249305	3.53508769910899	10.5429126547534	6	-263	ZMO1059
TSS_2386	TTCTTT	2.74626747338879	15	TATACT	5.64746900665006	2.74203777704225	11.1357742570811	6	-16	ZMO1060
TSS_2389	TAGACA	2.99435834764214	20	TAACCA	2.9513181425219	3.53508769910899	9.48076418927304	3	-128	ZMO1060
TSS_2391	TTGATA	6.67204436270651	19	TATCCA	3.95558016937606	2.74203777704225	13.3696623091248	4	-266	ZMO1063
TSS_2392	TTAACC	1.27611153414075	19	TAGAAA	4.07935124729161	2.74203777704225	8.09750055847461	8	-73	ZMO1063
TSS_2393	TTGCTA	6.1813321877814	20	TAAATG	4.05649285933587	3.53508769910899	13.7729127462263	4	NA	ZMO1067
TSS_2419	TGGACA	3.09915453765375	18	TATTCG	3.46396814498962	2.33096242092016	8.8940851035635191	7	-77	ZMO1070
TSS_2422	TTGCAA	5.96823252025469	17	TAGAAG	2.89586151826749	2.20233746073453	11.0664314992567	3	-151	ZMO1075
TSS_2424	TTGAAA	6.4589446951798	19	GAAAGA	1.15017493874664	2.74203777704225	10.3511574109687	4	-510	ZMO1076
TSS_2429	TTGCAT	5.8036967482428	17	TAATGG	3.01812683140412	2.20233746073453	11.0241610403815	8	-248	ZMO1079
TSS_2433	TTTACT	4.65278898104795	18	TATAAA	6.84063652065323	2.33096242092016	13.8243879226213	6	-26	ZMO1080
TSS_2435	CTGAAA	2.27112002192892	17	TATAAT	7.09248385251849	2.20233746073453	11.5659413351819	6	NA	ZMO1081
TSS_2436	TTTACT	4.65278898104795	16	TAATAC	4.25556175080648	2.33096242092016	11.2393131527746	7	NA	ZMO1084
TSS_2439	TTCACT	3.04613140922748	16	TAAGAC	3.46450864107798	2.33096242092016	8.84160247122561	6	-162	ZMO1086
TSS_2441	TTGGTA	4.03122862725183	16	TAGCCT	1.4461422278797	2.33096242092016	7.80833327605169	6	NA	ZMO1086
TSS_2447	TAGAAA	3.10961044295178	19	TAGGGA	1.65354020419227	2.74203777704225	7.5051884241863	6	-273	ZMO1092
TSS_2448	TTCAAC	1.80640112872924	19	TATCCA	3.95558016937606	2.74203777704225	8.50401907514755	4	NA	ZMO1094
TSS_2450	TTGCCC	4.33346227712528	17	TAAAAT	6.08822182566433	2.20233746073453	12.6240215635241	5	NA	ZMO1096
TSS_2452	TGGTAT	2.42165516227646	18	TATAAA	6.84063652065323	2.33096242092016	11.5932541038498	5	-22	ZMO1097
TSS_2455	TTGTCC	4.19595875337534	16	TATTCA	4.64745787401373	2.33096242092016	11.1743790483092	6	-97	ZMO1097
TSS_2458	TTTTAA	4.30436114969445	17	TAGAAG	2.89586151826749	2.20233746073453	9.40256012869647	6	-33	ZMO1100
TSS_2459	TTGCTT	6.01679641576951	19	TATTGA	5.2058785872824	2.74203777704225	13.9647127800942	5	-42	ZMO1101
TSS_2460	TTTAGA	3.05179000669687	19	TATATC	5.41159567299263	2.74203777704225	11.2054234567317	6	NA	ZMO1102
TSS_2461	CTGTAA	1.64290432325388	18	TATTGG	4.02238885825828	2.33096242092016	7.99625560243232	4	NA	ZMO1102
TSS_2462	TTATTT	2.33122997410995	16	TATAGT	6.20588971991873	2.33096242092016	10.8680821149488	4	-36	ZMO1102
TSS_2463	TTGTCA	5.71547690119511	18	TATCGA	4.51400088264473	2.33096242092016	12.56044020476	8	NA	ZMOt024
TSS_2464	TTATCT	2.00287821127359	17	TAATTG	3.30832905856479	2.20233746073453	7.51354473057292	6	-368	ZMO1107
TSS_2466	GTGAAT	0.537741414559149	17	TAAAGG	3.76629063217519	2.20233746073453	6.50636950746887	6	-242	ZMO1107
TSS_2468	TTTTTT	4.35292504520927	15	TAAGTG	2.51727594883629	2.74203777704225	9.61223877108781	5	-56	ZMO1107
TSS_2472	TTCTTC	1.39128509758091	16	GAATAT	1.54045260244059	2.33096242092016	5.26270012094165	3	NA	NA
TSS_2477	TGGCAA	2.72369445803829	18	TACTTT	2.62818890203423	2.33096242092016	7.68284578099267	6	NA	ZMO1109
TSS_2479	TTGCAG	4.784200572617	17	TAGTCT	2.13801993251737	2.20233746073453	9.12455796586891	7	-36	ZMO1109
TSS_2483	TAGTAA	2.48139474427674	16	TATATC	5.41159567299263	2.33096242092016	10.2239528381895	7	-113	ZMO1109
TSS_2486	TTTATT	4.98114074388431	16	TAGTAA	3.33118744652054	2.33096242092016	10.643290611325	5	-137	ZMO1109
TSS_2488	ATGCTT	0.997094501326961	16	TATGTT	4.95687503657983	2.33096242092016	8.28493195882694	8	-229	ZMO1109
TSS_2492	TGGAAA	3.21440663296339	16	TAAGGC	2.57791450847822	2.33096242092016	8.12328356236176	6	-36	ZMO1111
TSS_2493	TTGTAA	5.83072899650475	17	TACGAT	2.43352769774482	2.20233746073453	10.4665941549841	6	-414	ZMO1113
TSS_2496	GTGAAA	0.70227718657104	20	TAGTTA	2.73479554108145	3.53508769910899	6.97216042676148	3	-77	ZMO1113
TSS_2502	TGGCTT	2.7722583535531	17	TAAGGC	2.57791450847822	2.20233746073453	7.55251032276586	7	NA	ZMOt025
TSS_2505	TTGACA	6.34369259987015	18	TAAAGA	4.94978036119931	2.33096242092016	13.6244353819896	6	NA	ZMOt025
TSS_2506	GTGACT	0.422489319249507	17	TATGTC	3.87237876249305	2.20233746073453	6.49720554247709	7	-16	ZMO1116
TSS_2508	CTGAAA	2.27112002192892	19	GATCAG	0.417499863767703	2.74203777704225	5.43065766273887	5	NA	ZMO1116
TSS_2512	TTTCTT	4.4904285689592	16	TATAGT	6.20588971991873	2.33096242092016	13.0272807097981	7	0	ZMO1118
TSS_2513	TTGCGT	3.92290990657018	18	TATTCT	4.89930520587899	2.33096242092016	11.1531775333693	6	-341	ZMO1121
TSS_2515	TTGCAA	5.96823252025469	17	TAAAGG	3.76629063217519	2.20233746073453	11.9368606131644	7	NA	ZMOt026
TSS_2518	TTGCGC	2.5679275307623	18	TAGCAG	1.45582001285875	2.33096242092016	6.35470996454121	5	-56	ZMO1124
TSS_2521	TTGATT	6.50750859069461	15	TATCGT	4.76584821450999	2.74203777704225	14.0153945822469	6	-1	ZMO1125
TSS_2522	TATCAA	1.09253042121637	20	GATTGC	0.573624222608213	3.53508769910899	5.20124234293357	3	-23	ZMO1125
TSS_2523	TTGTCT	5.55094112918322	17	TAACCA	2.9513181425219	2.20233746073453	10.7045967324397	7	0	ZMO1127
TSS_2524	TTTATA	5.1456765158962	17	TAAAAA	5.83637449379907	2.20233746073453	13.1843884704298	7	-58	ZMO1128
TSS_2525	TTGCAA	5.96823252025469	16	TAAGGC	2.57791450847822	2.33096242092016	10.8771094496531	7	-3	ZMO1128
TSS_2527	TTCGCT	0.405315673772805	17	TAATTA	4.49181878758891	2.20233746073453	7.09947192209625	8	-544	ZMO1130
TSS_2537	TTGATG	5.48801241506882	17	TATTTA	5.49608081444307	2.20233746073453	13.1864306902464	7	NA	ZMO1135
TSS_2538	TTATCT	2.00287821127359	15	TATTCC	3.81480893179222	2.74203777704225	8.55972492010806	6	0	ZMO1135
TSS_2542	TTGGAA	3.81812895972512	17	TAATTC	3.6591698453674	2.20233746073453	9.67963626582705	7	-109	ZMO1136
TSS_2544	ATGACA	1.3239906854276	16	TAAAAG	4.65288476477495	2.33096242092016	8.30783787112271	6	-155	ZMO1136
TSS_2546	TTGCCG	4.66894847730736	17	GATGAG	0.318324458676867	2.20233746073453	7.18961039671876	7	-24	ZMO1137
TSS_2549	CTGTTA	1.85600399078059	17	TATAAT	7.09248385251849	2.20233746073453	11.1508253040336	6	-120	ZMO1137
TSS_2552	TTGGAA	3.81812895972512	20	TATTCG	3.46396814498962	3.53508769910899	10.8171848038237	3	-403	ZMO1139
TSS_2554	TTGGCG	2.51884491677779	17	TATATA	6.24424461521414	2.20233746073453	10.9654269927265	6	-324	ZMO1139
TSS_2557	TTTCGG	1.37704588413407	17	GATGAA	1.50181418770098	2.20233746073453	5.08119753256959	8	NA	ZMO1139
TSS_2562	TGGGCT	0.293803030187184	16	TATTGG	4.02238885825828	2.33096242092016	6.64715430936562	7	-501	ZMO1140
TSS_2564	TTGATG	5.48801241506882	16	TATCTT	5.05605044167066	2.33096242092016	12.8750252776596	7	-159	ZMO1141
TSS_2566	TTGGTT	3.86669285523994	17	TATTGC	4.37322964506088	2.20233746073453	10.4422599610354	6	-70	ZMO1141
TSS_2570	TTGAGT	4.41362208149529	18	TACTGA	2.0861393430083	2.33096242092016	8.83072384542374	5	NA	NA
TSS_2571	TTTAAA	4.93257684836949	16	TATATC	5.41159567299263	2.33096242092016	12.6751349422823	6	NA	ZMO1142
TSS_2573	TTGATT	6.50750859069461	18	TATATC	5.41159567299263	2.33096242092016	14.2500666846074	8	-184	ZMO1142
TSS_2574	ATGTCA	0.695774986752564	19	TATTTT	5.74792814630833	2.74203777704225	9.18574091010314	6	NA	ZMO1144
TSS_2577	TTGTTT	5.87929289201957	17	TAGATG	2.29946961282841	2.20233746073453	10.3810999655825	5	-45	ZMO1145
TSS_2578	TTGACG	5.15966065223246	16	TACTGC	1.25349040078679	2.33096242092016	8.74411347393941	4	-486	ZMO1146
TSS_2580	TTGTCA	5.71547690119511	16	TAAAAA	5.83637449379907	2.33096242092016	13.8828138159143	6	-27	ZMO1147
TSS_2581	TATACA	1.46799050083183	15	TATACA	5.3956216747848	2.74203777704225	9.60564995265888	9	-221	ZMO1147
TSS_2582	TTGCTC	4.66181403996163	16	TATAGT	6.20588971991873	2.33096242092016	13.1986661808005	7	NA	ZMO1148
TSS_2583	TTGAGA	4.57815785350718	17	TATCGG	3.33051115362061	2.20233746073453	10.1110064678623	8	-367	ZMO1147
TSS_2589	TTGACC	4.82417445205038	17	TACTTC	1.54369262794746	2.20233746073453	8.57020454073237	6	-504	ZMO1148
TSS_2591	TTGCCC	4.33346227712528	16	TATGAG	4.11792988112954	2.33096242092016	10.782354579175	6	-357	ZMO1149
TSS_2595	TTGGCA	3.70287686441548	16	TAGAAG	2.89586151826749	2.33096242092016	8.92970080360313	6	-35	ZMO1154
TSS_2596	TTATAA	2.28266607859513	17	TATTTT	5.74792814630833	2.20233746073453	10.232931685638	6	NA	NA
TSS_2601	ATGATG	0.468310500626269	17	TATTAT	6.34432005174741	2.20233746073453	9.01496801310822	6	-212	ZMO1155
TSS_2604	TTGGAA	3.81812895972512	16	TATATT	6.4960919470794	2.33096242092016	12.6451833277247	6	NA	ZMO1156
TSS_2609	TTGATT	6.50750859069461	17	TACTGC	1.25349040078679	2.20233746073453	9.96333645221593	7	-91	ZMO1156
TSS_2614	TGGCTA	2.936794125565	15	TATAAA	6.84063652065323	2.74203777704225	12.5194684232605	8	-144	ZMO1156
TSS_2619	TTGGTT	3.86669285523994	17	TAGCCT	1.4461422278797	2.20233746073453	7.51517254385418	6	-36	ZMO1158
TSS_2621	TTGTCA	5.71547690119511	17	TAAAAG	4.65288476477495	2.20233746073453	12.5706991267046	6	0	ZMO1160
TSS_2622	TTGTCG	4.53144495355742	16	GATAAT	3.29287843006581	2.33096242092016	10.1552858045434	7	-101	ZMO1160
TSS_2624	TATCTT	1.14109431673119	18	TATCAT	5.65244234710975	2.33096242092016	9.12449908476109	6	-21	ZMO1162
TSS_2625	TTTTAA	4.30436114969445	17	TATAAA	6.84063652065323	2.20233746073453	13.3473351310822	6	NA	ZMO1162
TSS_2627	TTTCCT	4.16207680612285	15	TAAAAA	5.83637449379907	2.74203777704225	12.7404890769642	6	-134	ZMO1163
TSS_2628	TTTTAG	3.12032920205676	16	TAAAAT	6.08822182566433	2.33096242092016	11.5395134486412	7	-104	ZMO1163
TSS_2630	TTATCA	2.16741398328549	17	TAATGC	3.36896761820672	2.20233746073453	7.73871906222674	3	-9	ZMO1163
TSS_2634	TTGATG	5.48801241506882	15	TATAGG	4.77055265902935	2.74203777704225	13.0006028511404	8	-7	ZMO1166
TSS_2636	TTGCTA	6.1813321877814	16	TATGTT	4.95687503657983	2.33096242092016	13.4691696452814	6	-94	ZMO1166
TSS_2637	TTTCTT	4.4904285689592	15	TAAGCT	3.10399006929633	2.74203777704225	10.3364564152978	5	-20	ZMO1167
TSS_2639	TATACT	1.30345472881994	17	TAATAT	5.34005802489326	2.20233746073453	8.84585021444773	6	-587	ZMO1170
TSS_2640	TGGCTT	2.7722583535531	17	TAAATT	5.49182992022524	2.20233746073453	10.4664257345129	6	-107	ZMO1170
TSS_2642	TTGGTT	3.86669285523994	15	TATAAA	6.84063652065323	2.74203777704225	13.4493671529354	9	NA	ZMO1171
TSS_2643	ATGTTT	0.859590977577026	15	TATCAA	5.40059501524449	2.74203777704225	9.00222376986376	7	-93	ZMO1171
TSS_2644	TAGCAT	2.45436249601478	18	TATAAA	6.84063652065323	2.33096242092016	11.6259614375882	6	-497	ZMO1171
TSS_2645	TTAAAA	2.91088177727017	17	TATTTT	5.74792814630833	2.20233746073453	10.861147384313	6	NA	ZMO1172
TSS_2646	TTGCCA	5.85298042494505	17	TATCCA	3.95558016937606	2.20233746073453	12.0108980550556	6	NA	ZMO1173
TSS_2647	TTGCGC	2.5679275307623	16	TATTTT	5.74792814630833	2.33096242092016	10.6468180979908	6	NA	ZMO1173
TSS_2650	TTGGCA	3.70287686441548	16	TATTGT	5.45772591914766	2.33096242092016	11.4915652044833	7	NA	ZMO1174
TSS_2653	TTGCAA	5.96823252025469	17	TACAGC	2.00165420155786	2.20233746073453	10.1722241825471	6	-216	ZMO1174
TSS_2654	TTCCAT	2.67067132961202	18	TATATC	5.41159567299263	2.33096242092016	10.4132294235248	6	-296	ZMO1174
TSS_2655	TTACAA	2.42016960234506	17	TATTTT	5.74792814630833	2.20233746073453	10.3704352093879	7	-560	ZMO1176
TSS_2656	TGGTAA	2.58619093428835	18	TATAAG	5.65714679162911	2.33096242092016	10.5743001468376	7	-19	ZMO1177
TSS_2657	TAGTCG	1.18211070132941	15	TAACAA	4.39633298839033	2.74203777704225	8.32048146676199	7	-40	ZMO1177
TSS_2658	ATGATC	0.132824300444185	19	TAATAA	5.0882106930280004	2.74203777704225	7.96307277051443	7	-6	ZMO1178
TSS_2661	TTTTTA	4.51746081722116	20	TATGAT	5.55326694201891	3.53508769910899	13.6058154583491	5	-34	ZMO1178
TSS_2662	TTATAA	2.28266607859513	20	TAAACG	3.20786991890653	3.53508769910899	9.02562369661065	6	NA	ZMO1179
TSS_2663	TTGTTC	4.52431051621169	20	TATATA	6.24424461521414	3.53508769910899	14.3036428305348	6	NA	ZMO1179
TSS_2664	TTAAAT	2.74634600525828	17	TATACC	4.56297273256329	2.20233746073453	9.5116561985561	7	-135	ZMO1180
TSS_2666	TTATAG	1.09863413095744	16	TATAAG	5.65714679162911	2.33096242092016	9.08674334350671	7	-37	ZMO1181
TSS_2673	TTCGCT	0.405315673772805	19	TATAAA	6.84063652065323	2.74203777704225	9.98798997146828	4	-16	ZMO1184
TSS_2675	TTTCCC	2.80709443031497	17	TATATA	6.24424461521414	2.20233746073453	11.2536765062636	6	-269	ZMO1185
TSS_2676	TTTTTA	4.51746081722116	15	TATATT	6.4960919470794	2.74203777704225	13.7555905413428	6	-152	ZMO1185
TSS_2678	TTTTGA	2.42357430802183	16	TATTAT	6.34432005174741	2.33096242092016	11.0988567806894	8	-166	ZMO1184
TSS_2680	TTGTGT	3.78540638282024	19	TAATGT	4.4534638922935	2.74203777704225	10.980908052156	4	NA	ZMO1186
TSS_2685	TTCAAT	3.16138350453712	17	TAAAAC	5.00372555157755	2.20233746073453	10.3674465168492	8	0	ZMO1188
TSS_2686	TTGTTG	4.85979671639378	18	TAGCAT	2.89115707374813	2.33096242092016	10.0819162110621	6	-641	ZMO1189
TSS_2687	TTGTTC	4.52431051621169	18	TAATAA	5.0882106930280004	2.33096242092016	11.9434836301598	8	NA	ZMO1189
TSS_2691	TTGGAT	3.65359318771323	17	TATGAT	5.55326694201891	2.20233746073453	11.4091975904667	5	NA	NA
TSS_2694	TAGTCT	2.20160687695521	17	TAAAAG	4.65288476477495	2.20233746073453	9.05682910246469	7	-62	ZMO1198
TSS_2695	TTGTGA	3.94994215483214	18	TAATGA	4.20161656042824	2.33096242092016	10.4825211361805	4	NA	ZMO1198
TSS_2697	TTTAAT	4.7680410763576	16	TAAAAA	5.83637449379907	2.33096242092016	12.9353779910768	7	-170	ZMO1200
TSS_2698	TTTTCA	4.1891090543848	17	TAAGAA	4.29715758329949	2.20233746073453	10.6886040984188	7	-86	ZMO1200
TSS_2703	TGGATT	3.26297052847821	20	TAAAAT	6.08822182566433	3.53508769910899	12.8862800532515	5	-3	ZMO2061
TSS_2704	TTTATT	4.98114074388431	17	TAAGTT	3.95261300972567	2.20233746073453	11.1360912143445	6	-208	ZMO1205
TSS_2705	TTTACG	3.63329280542216	17	TAAAAT	6.08822182566433	2.20233746073453	11.923852091821	6	-288	ZMO1205
TSS_2706	TTTATT	4.98114074388431	17	TAAATA	5.23998258835998	2.20233746073453	12.4234607929788	6	NA	NA
TSS_2708	TTGAAT	6.2944089231679	20	TATTTC	4.66343187222156	3.53508769910899	14.4929284944985	4	-23	ZMO1207
TSS_2710	TTGCGA	4.08744567858207	19	TAGCTC	1.21026889422227	2.74203777704225	8.03975234984659	6	NA	ZMOt028
TSS_2713	TTGACC	4.82417445205038	18	TATACG	4.21213194576069	2.33096242092016	11.3672688187312	8	NA	ZMOt028
TSS_2724	CTGTCC	0.00813408012446515	16	GATCGT	0.966242792057318	2.33096242092016	3.30533929310194	8	-275	ZMO1209
TSS_2727	TTGACC	4.82417445205038	17	TAATTG	3.30832905856479	2.20233746073453	10.3348409713497	8	NA	ZMOt029
TSS_2731	TTCACT	3.04613140922748	17	TACATT	3.3763527028053	2.20233746073453	8.62482157276731	6	-42	ZMO1212
TSS_2737	TTTTCA	4.1891090543848	20	TATCTC	3.97155416758389	3.53508769910899	11.6957509210777	3	-74	ZMO1212
TSS_2743	TTGCGG	2.90341373094438	17	TATAGC	5.12139344583195	2.20233746073453	10.2271446375109	6	-47	ZMO1214
TSS_2745	TAGACT	2.82982257563025	15	TAACGA	3.50973885579057	2.74203777704225	9.08159920846307	7	-304	ZMO1215
TSS_2746	TTAACG	1.61159773432284	20	GAAAAT	2.28861640321166	3.53508769910899	7.43530183664349	6	-280	ZMO1215
TSS_2751	TTGAAA	6.4589446951798	20	GAATGA	0.402011137975567	3.53508769910899	10.3960435322644	3	-73	ZMO1215
TSS_2754	CTGCCA	1.66515575169417	16	TATGAT	5.55326694201891	2.33096242092016	9.54938511463324	6	NA	NA
TSS_2756	TTTTTT	4.35292504520927	17	TATAAA	6.84063652065323	2.20233746073453	13.395899026597	4	-95	ZMO2011
TSS_2762	TTGCTG	4.99730024014371	17	TATGCC	3.02375582206371	2.20233746073453	10.223393522942	5	-50	ZMO2011
TSS_2763	TGGATT	3.26297052847821	17	TAAAGA	4.94978036119931	2.20233746073453	10.415088350412	6	NA	Zms14
TSS_2766	TGGTAG	1.40215898665066	20	TATAAG	5.65714679162911	3.53508769910899	10.5943934773888	3	-38	ZMO1220
TSS_2767	TGGAAT	3.0498708609515	20	TAAAAA	5.83637449379907	3.53508769910899	12.4213330538596	3	-96	ZMO1220
TSS_2770	TTGTCA	5.71547690119511	17	TATCCT	4.20742750124132	2.20233746073453	12.125241863171	6	-22	ZMO1221
TSS_2773	TTTAAT	4.7680410763576	18	TATACT	5.64746900665006	2.33096242092016	12.7464725039278	6	-23	ZMO1222
TSS_2774	TTTGCT	2.01197324559328	15	TATAGA	5.95404238805347	2.74203777704225	10.708053410689	8	-52	ZMO1222
TSS_2776	TTGTCA	5.71547690119511	15	TATAAA	6.84063652065323	2.74203777704225	15.2981511988906	9	-154	ZMO1223
TSS_2784	TTGCCT	5.68844465293316	15	TATAAA	6.84063652065323	2.74203777704225	15.2711189506286	7	-160	ZMO1225
TSS_2786	TTATTT	2.33122997410995	15	TAAGTA	3.70076567786041	2.74203777704225	8.7740334290126	6	-60	ZMO1225
TSS_2793	TTACCG	1.12088555939773	20	TATGAC	4.46877066793214	3.53508769910899	9.12474392643886	7	-23	ZMO1228
TSS_2794	TTGCTC	4.66181403996163	15	GATAGC	1.32178802337928	2.74203777704225	8.72563984038316	9	-40	ZMO1229
TSS_2795	TGGTCT	2.30640306696682	17	TATCAT	5.65244234710975	2.20233746073453	10.1611828748111	6	-85	ZMO1231
TSS_2799	TTGCCA	5.85298042494505	19	TAATAA	5.0882106930280004	2.74203777704225	13.6832288950153	4	-120	ZMO1229
TSS_2800	TTTCCC	2.80709443031497	18	TAAGAA	4.29715758329949	2.33096242092016	9.43521443453461	7	-256	ZMO1229
TSS_2801	TTGACC	4.82417445205038	17	TATCTA	4.8042031098054	2.20233746073453	11.8307150225903	7	NA	ZMOt030
TSS_2804	TTTAAT	4.7680410763576	16	TAGTTA	2.73479554108145	2.33096242092016	9.8337990383592	6	NA	ZMO1233
TSS_2806	TAGCAT	2.45436249601478	18	TATTAG	4.90898299085804	2.33096242092016	9.69430790779298	6	-34	ZMO1233
TSS_2807	TTCACC	1.6911490334196	20	TAAACA	4.39135964793064	3.53508769910899	9.61759638045923	3	-33	ZMO1234
TSS_2808	CTGTTT	1.6914682187687	17	TATATA	6.24424461521414	2.20233746073453	10.1380502947174	7	-35	ZMO1235
TSS_2820	TTTTCC	2.66959090656503	16	TATGTC	3.87237876249305	2.33096242092016	8.87293208997824	8	-53	ZMO1236
TSS_2827	TTGGAG	2.63409701208743	16	TAGGAT	2.79198166865729	2.33096242092016	7.75704110166488	5	NA	NA
TSS_2840	TTGCTG	4.99730024014371	20	TAATTA	4.49181878758891	3.53508769910899	13.0242067268416	6	-78	ZMO1240
TSS_2843	TTGCCA	5.85298042494505	17	TAATCT	3.89504317902483	2.20233746073453	11.9503610647044	6	-148	ZMO1240
TSS_2847	CTGATA	2.48421968945563	17	TATAAC	6.00798757843171	2.20233746073453	10.6945447286219	7	-181	ZMO1240
TSS_2848	TTGAAA	6.4589446951798	20	GATATG	1.26114946373736	3.53508769910899	11.2551818580261	3	-363	ZMO1240
TSS_2849	TTCCGT	0.789884487939397	19	TAATGT	4.4534638922935	2.74203777704225	7.98538615727514	4	-480	ZMO1246
TSS_2850	TTCTTT	2.74626747338879	15	TATCCG	2.77209044035195	2.74203777704225	8.26039569078299	6	NA	NA
TSS_2851	TTTTTA	4.51746081722116	16	TATTTC	4.66343187222156	2.33096242092016	11.5118551103629	6	-60	ZMO2063
TSS_2853	TTGATT	6.50750859069461	17	TAAACA	4.39135964793064	2.20233746073453	13.1012056993598	6	-380	ZMO1251
TSS_2855	TTGGCC	2.18335871659571	17	TATTGA	5.2058785872824	2.20233746073453	9.59157476461263	7	NA	ZMO1254
TSS_2858	TGGCTA	2.936794125565	17	TACAAT	3.97274460824439	2.20233746073453	9.11187619454392	5	NA	ZMO1260
TSS_2860	TGGACA	3.09915453765375	17	TATCGA	4.51400088264473	2.20233746073453	9.81549288103301	7	0	ZMO1267
TSS_2863	TAGGAA	0.468794707497107	20	GATAGC	1.32178802337928	3.53508769910899	5.32567042998538	4	-55	ZMO1268
TSS_2865	TTTTTG	3.33342886958347	15	TATATG	5.06075488619003	2.74203777704225	11.1362215328157	6	-113	ZMO2012
TSS_2869	TTCCCA	2.71995500631426	17	TACCGT	1.64610897023589	2.20233746073453	6.56840143728469	6	-20	ZMO1270
TSS_2880	TTGATT	6.50750859069461	19	GATAGC	1.32178802337928	2.74203777704225	10.5713343911161	6	-71	ZMO1272
TSS_2882	TTATCC	0.647895835465713	15	TATCGC	3.68135194042321	2.74203777704225	7.07128555293118	4	NA	ZMO1272
TSS_2883	TTAAAA	2.91088177727017	16	TACATA	3.12450537094004	2.33096242092016	8.36634956913037	6	-201	ZMO1273
TSS_2884	TAGAGA	1.22882360127916	18	TAAAAG	4.65288476477495	2.33096242092016	8.21267078697427	7	-37	ZMO1275
TSS_2887	TTGTCT	5.55094112918322	17	TAAGAA	4.29715758329949	2.20233746073453	12.0504361732172	6	-57	ZMO1278
TSS_2888	TTCTAT	2.53316780586208	16	TATATT	6.4960919470794	2.33096242092016	11.3602221738616	8	-73	ZMO1278
TSS_2902	TTCCAT	2.67067132961202	17	TAAAGG	3.76629063217519	2.20233746073453	8.63929942252174	5	-42	ZMO2013
TSS_2903	TTGTCT	5.55094112918322	17	TATAGC	5.12139344583195	2.20233746073453	12.8746720357497	7	-70	ZMO2013
TSS_2905	TTTCGA	2.56107783177176	16	GAAAGA	1.15017493874664	2.33096242092016	6.04221519143856	8	NA	ZMO1284
TSS_2910	TTGTCA	5.71547690119511	16	TATAGA	5.95404238805347	2.33096242092016	14.0004817101687	8	-573	ZMO1286
TSS_2912	TTGAAA	6.4589446951798	19	TAGTAT	3.5830347783858	2.74203777704225	12.7840172506078	4	-604	ZMO1286
TSS_2913	TTCATA	3.53901894407572	16	TATATA	6.24424461521414	2.33096242092016	12.11422598021	6	NA	ZMO1287
TSS_2916	TAGATG	2.1386781628408	20	TATCAA	5.40059501524449	3.53508769910899	11.0743608771943	6	-172	ZMO1288
TSS_2917	TAGGAA	0.468794707497107	17	TAAAAG	4.65288476477495	2.20233746073453	7.32401693300659	6	-138	ZMO1288
TSS_2931	TGGCCT	2.44390659071675	15	TATTCA	4.64745787401373	2.74203777704225	9.83340224177273	7	NA	ZMO1291
TSS_2933	TTGTTG	4.85979671639378	17	TATTAT	6.34432005174741	2.20233746073453	13.4064542288757	8	-110	ZMO1291
TSS_2934	TTCATA	3.53901894407572	17	TATGAA	5.30141961015365	2.20233746073453	11.0427760149639	7	-52	ZMO1294
TSS_2935	TGGAAT	3.0498708609515	20	TAAAAA	5.83637449379907	3.53508769910899	12.4213330538596	3	NA	ZMO2014
TSS_2937	ATGAAA	1.43924278073725	17	TATTGG	4.02238885825828	2.20233746073453	7.66396909973006	7	NA	ZMO2014
TSS_2938	TTGTAT	5.66619322449286	16	TAGAAT	4.33119857915687	2.33096242092016	12.3283542245699	5	NA	ZMO2014
TSS_2939	TTTATC	3.62615836807642	15	TATTGC	4.37322964506088	2.74203777704225	10.7414257901796	4	NA	ZMO2015
TSS_2940	TAGACT	2.82982257563025	17	TACTGT	2.33798667487356	2.20233746073453	7.37014671123834	6	-36	ZMO2015
TSS_2943	TTGAAA	6.4589446951798	16	TAAAAT	6.08822182566433	2.33096242092016	14.8781289417643	7	-100	ZMO1298
TSS_2944	TTGATA	6.67204436270651	20	TATCTT	5.05605044167066	3.53508769910899	15.2631825034862	3	NA	ZMO1298
TSS_2945	TTGTCG	4.53144495355742	20	TATACA	5.3956216747848	3.53508769910899	13.4621543274512	6	-436	ZMO2016
TSS_2947	TAGATC	1.80319196265872	16	TATTTC	4.66343187222156	2.33096242092016	8.79758625580043	7	-172	ZMO2017
TSS_2948	TTTTTC	2.99794266940139	16	TAAATC	4.40733364613847	2.33096242092016	9.73623873646001	6	NA	ZMO2016
TSS_2951	TATATA	1.79634226366818	18	TATATT	6.4960919470794	2.33096242092016	10.6233966316677	7	-12	ZMO2017
TSS_2954	CTGATC	0.964701541635858	16	TATTAT	6.34432005174741	2.33096242092016	9.63998401430343	5	NA	ZMO1302
TSS_2955	CTGATC	0.964701541635858	18	TATATA	6.24424461521414	2.33096242092016	9.53990857777015	7	-42	ZMO1304
TSS_2966	TTGCAG	4.784200572617	19	TATCGC	3.68135194042321	2.74203777704225	11.2075902900825	4	-106	ZMO1306
TSS_2967	CTGTAA	1.64290432325388	16	TATAAC	6.00798757843171	2.33096242092016	9.98185432260575	7	-437	ZMO1311
TSS_2969	TTGATA	6.67204436270651	16	TAGCTA	2.04291783644378	2.33096242092016	11.0459246200704	6	-46	ZMO1309
TSS_2970	CTGACC	0.636349778799505	19	TAGATT	3.73480667371778	2.74203777704225	7.11319422955953	6	-80	ZMO1309
TSS_2972	CTGTAT	1.47836855124199	17	TATAGA	5.95404238805347	2.20233746073453	9.63474840002999	9	-141	ZMO1311
TSS_2974	TTGAAC	4.93942654736002	17	TATTTC	4.66343187222156	2.20233746073453	11.8051958803161	6	NA	ZMO1311
TSS_2977	TTTTCA	4.1891090543848	19	TATAAA	6.84063652065323	2.74203777704225	13.7717833520803	6	-5	ZMO1312
TSS_2978	TATCTA	1.30563008874308	20	TATTAT	6.34432005174741	3.53508769910899	11.1850378395995	5	-49	ZMO1313
TSS_2981	TTCCAA	2.83520710162391	17	TATGGA	4.41482547755389	2.20233746073453	9.45237003991233	5	NA	ZMO1313
TSS_2982	TAGTCA	2.3661426489671	20	TATACA	5.3956216747848	3.53508769910899	11.2968520228609	7	-57	ZMO1315
TSS_2983	TTGACC	4.82417445205038	17	TAGCAC	1.80666079966135	2.20233746073453	8.83317271244627	6	-76	ZMO1316
TSS_2984	TTATAG	1.09863413095744	20	TAAAAG	4.65288476477495	3.53508769910899	9.28660659484138	7	NA	NA
TSS_2986	TTGCGA	4.08744567858207	17	TAGAGT	3.44460444655711	2.20233746073453	9.73438758587371	7	-60	ZMO1319
TSS_2988	TTGATG	5.48801241506882	17	TATGGG	3.23133574852978	2.20233746073453	10.9216856243331	7	-164	ZMO1320
TSS_2989	TGGAAC	1.69488848514362	17	TAACAT	4.64818032025559	2.20233746073453	8.54540626613374	6	NA	ZMO1321
TSS_2992	TAGAAA	3.10961044295178	15	TATATA	6.24424461521414	2.74203777704225	12.0958928352082	7	-77	ZMO1321
TSS_2993	TTGGGC	0.41782397023273	19	TATAAT	7.09248385251849	2.74203777704225	10.2523455997935	5	-179	ZMO1322
TSS_2995	TTGCCA	5.85298042494505	20	TAGAGC	2.36010817247033	3.53508769910899	11.7481762965244	4	-4	ZMO1322
TSS_2997	TTCCAC	1.31568895380413	20	TATCTA	4.8042031098054	3.53508769910899	9.65497976271853	6	-57	ZMO1324
TSS_2999	TGTTTA	1.27292275500475	16	TAAAAG	4.65288476477495	2.33096242092016	8.25676994069986	9	-18	ZMO1325
TSS_3001	CTGCTT	1.82897174251863	18	TATATA	6.24424461521414	2.33096242092016	10.4041787786529	6	-202	ZMO1326
TSS_3006	TTCTCT	2.41791571055244	20	TAAAAC	5.00372555157755	3.53508769910899	10.956728961239	7	-62	ZMO1326
TSS_3007	TTTCGC	1.04155968395199	20	TAAGAA	4.29715758329949	3.53508769910899	8.87380496636048	5	-302	ZMO1331
TSS_3014	TTGCAG	4.784200572617	17	TATCTT	5.05605044167066	2.20233746073453	12.0425884750222	8	-193	ZMO1331
TSS_3015	TTGTTA	6.04382866403146	18	TAGAGC	2.36010817247033	2.33096242092016	10.734899257422	4	-118	ZMO1331
TSS_3017	TTATGA	0.401879236922509	15	GAAACA	0.591754225477973	2.74203777704225	3.73567123944273	7	NA	ZMO1331
TSS_3018	TATAAA	1.58324259614147	18	TATAAT	7.09248385251849	2.33096242092016	11.0066888695801	5	NA	ZMO1331
TSS_3020	TTTATG	3.96164456825851	17	TAAGCC	2.01949379520956	2.20233746073453	8.1834758242026	6	-116	ZMO1334
TSS_3025	TTTATC	3.62615836807642	18	TACCGT	1.64610897023589	2.33096242092016	7.60322975923247	6	-133	ZMO1335
TSS_3026	ATGCCT	0.668742738490608	15	TATTAT	6.34432005174741	2.74203777704225	9.75510056728027	3	NA	ZMO1335
TSS_3027	TTGATT	6.50750859069461	16	TAAAAA	5.83637449379907	2.33096242092016	14.6748455054138	8	NA	Zms4
TSS_3030	ATGATA	1.65234244826396	17	TATATT	6.4960919470794	2.20233746073453	10.3507718560779	6	-50	ZMO1337
TSS_3031	TATATA	1.79634226366818	19	TAGTCA	1.88617260065211	2.74203777704225	6.42455264136254	8	-25	ZMO1337
TSS_3032	TAGATA	3.32271011047849	16	TATAAA	6.84063652065323	2.33096242092016	12.4943090520519	7	-25	ZMO1341
TSS_3035	TTGCAG	4.784200572617	17	TATACG	4.21213194576069	2.20233746073453	11.1986699791122	6	NA	ZMOt031
TSS_3046	TTTATC	3.62615836807642	19	TATATT	6.4960919470794	2.74203777704225	12.8642880921981	6	-574	ZMO1344
TSS_3050	ATGAAA	1.43924278073725	16	TACGTT	1.83713579230573	2.33096242092016	5.60734099396313	7	-89	ZMO1345
TSS_3052	TTGCCA	5.85298042494505	18	TACCCT	1.08768825696723	2.33096242092016	9.27163110283243	7	NA	ZMO1346
TSS_3053	TAGAAA	3.10961044295178	15	TATAAA	6.84063652065323	2.74203777704225	12.6922847406473	9	-27	ZMO1346
TSS_3057	TTGATC	5.15252621488673	16	TACCGT	1.64610897023589	2.33096242092016	9.12959760604278	6	-251	ZMO1346
TSS_3058	TAGCTT	2.6674621635415	15	TATAAA	6.84063652065323	2.74203777704225	12.250136461237	8	NA	NA
TSS_3062	TGGATA	3.4275063004901	20	TATAAC	6.00798757843171	3.53508769910899	12.9705815780308	6	-91	ZMO1350
TSS_3065	TTTCCC	2.80709443031497	19	TATTCC	3.81480893179222	2.74203777704225	9.36394113914943	6	-52	ZMO1350
TSS_3066	TTTATC	3.62615836807642	17	TATCCC	3.12293122715455	2.20233746073453	8.95142705596551	5	-237	ZMO1351
TSS_3067	TTTTAT	4.13982537768256	19	TATAAT	7.09248385251849	2.74203777704225	13.9743470072433	5	NA	ZMO1351
TSS_3068	TTGCAG	4.784200572617	17	TATCTG	3.62071338078129	2.20233746073453	10.6072514141328	5	NA	ZMO1352
TSS_3069	TTGAAA	6.4589446951798	19	TATAGG	4.77055265902935	2.74203777704225	13.9715351312514	4	-29	ZMO1352
TSS_3072	TTGTCT	5.55094112918322	15	TATAAA	6.84063652065323	2.74203777704225	15.1336154268787	7	-205	ZMO1352
TSS_3073	CTGTCT	1.36311645593235	18	TAAGCT	3.10399006929633	2.33096242092016	6.79806894614883	6	-26	ZMO1353
TSS_3075	CTGTCA	1.52765222794424	20	TAAAGC	4.11713141897779	3.53508769910899	9.17987134603102	7	-324	ZMO1353
TSS_3085	TTGCAC	4.44871437243492	17	TAGTTA	2.73479554108145	2.20233746073453	9.3858473742509	7	-33	ZMO1354
TSS_3087	ATGCTT	0.997094501326961	18	TATATG	5.06075488619003	2.33096242092016	8.38881180843714	7	-67	ZMO1354
TSS_3088	TTGAAG	5.27491274754211	16	TATGCG	2.67291503526111	2.33096242092016	10.2787902037234	7	-133	ZMO1354
TSS_3093	TTTATT	4.98114074388431	16	TAAAAC	5.00372555157755	2.33096242092016	12.315828716382	7	-206	ZMO1354
TSS_3098	TTTCTC	3.13544619315132	20	TAATAC	4.25556175080648	3.53508769910899	10.9260956430668	9	-353	ZMO1356
TSS_3099	TTGTCC	4.19595875337534	17	TAAATA	5.23998258835998	2.20233746073453	11.6382788024699	6	NA	NA
TSS_3103	TTGACC	4.82417445205038	17	TAAAGA	4.94978036119931	2.20233746073453	11.9762922739842	7	-68	ZMO1358
TSS_3106	TTACAC	0.900651454525291	19	GATGGT	0.867067386966483	2.74203777704225	4.50975661853402	4	-603	ZMO1358
TSS_3118	TTTTTG	3.33342886958347	16	TATAAT	7.09248385251849	2.33096242092016	12.7568751430221	6	-239	ZMO1360
TSS_3123	TTGGGG	0.753310170414814	19	TATTCA	4.64745787401373	2.74203777704225	8.14280582147079	4	NA	ZMO1364
TSS_3124	TTGACA	6.34369259987015	17	TAGGAA	2.54013433679203	2.20233746073453	11.0861643973967	7	-230	ZMO1365
TSS_3125	TGGATT	3.26297052847821	17	TATTAT	6.34432005174741	2.20233746073453	11.8096280409602	5	NA	ZMO1365
TSS_3126	TTGCGG	2.90341373094438	18	TAGCTT	2.29476516830904	2.33096242092016	7.52914132017358	7	NA	ZMO1365
TSS_3129	TTGACG	5.15966065223246	19	TAAGAC	3.46450864107798	2.74203777704225	11.3662070703527	5	-126	ZMO1366
TSS_3131	TTGGCT	3.53834109240359	19	TAGTCC	1.0535236584306	2.74203777704225	7.33390252787644	6	-85	ZMO1366
TSS_3133	TTGATA	6.67204436270651	16	TATATC	5.41159567299263	2.33096242092016	14.4146024566193	6	NA	ZMO1366
TSS_3135	TTTCCT	4.16207680612285	19	TATCTT	5.05605044167066	2.74203777704225	11.9601650248358	5	-36	ZMO1369
TSS_3137	TTTACA	4.81732475305984	15	TATAAT	7.09248385251849	2.74203777704225	14.6518463826206	8	NA	NA
TSS_3138	TTGTTA	6.04382866403146	19	TATAAT	7.09248385251849	2.74203777704225	15.8783502935922	6	NA	ZMO1372
TSS_3143	ATGATC	0.132824300444185	20	TAACCC	2.11866920030039	3.53508769910899	5.78658119985357	3	-141	ZMO1373
TSS_3144	ATGTCA	0.695774986752564	18	TAGGTT	2.19558976321821	2.33096242092016	5.22232717089093	7	NA	ZMO1373
TSS_3145	TAGAAT	2.94507467093989	17	TAAAAG	4.65288476477495	2.20233746073453	9.80029689644937	6	NA	ZMO1374
TSS_3147	TTGAAA	6.4589446951798	19	TATTGA	5.2058785872824	2.74203777704225	14.4068610595044	4	NA	ZMO1374
TSS_3153	TAGATG	2.1386781628408	16	TATAGT	6.20588971991873	2.33096242092016	10.6755303036797	7	NA	ZMO1378
TSS_3155	TTTGAT	2.12722534090292	15	TATCCA	3.95558016937606	2.74203777704225	8.82484328732123	3	-71	ZMO1380
TSS_3156	TTCCTT	2.88377099713873	17	TATGAA	5.30141961015365	2.20233746073453	10.3875280680269	6	NA	NA
TSS_3157	TTCCTT	2.88377099713873	17	TATGAA	5.30141961015365	2.20233746073453	10.3875280680269	6	0	ZMO1384
TSS_3158	TTGGAA	3.81812895972512	18	TAAATT	5.49182992022524	2.33096242092016	11.6409213008705	7	-64	ZMO1385
TSS_3159	TTGAAG	5.27491274754211	18	GATTTT	1.94832272385566	2.33096242092016	9.55419789231792	4	-25	ZMO1385
TSS_3163	TGGTCG	1.28690689134102	17	TAGGCT	1.34696682278887	2.20233746073453	4.83621117486442	6	-119	ZMO1388
TSS_3164	TTGCTT	6.01679641576951	16	TACCGT	1.64610897023589	2.33096242092016	9.99386780692556	7	0	ZMO1389
TSS_3167	TGGACA	3.09915453765375	17	TACCCA	0.835840925101969	2.20233746073453	6.13733292349025	6	NA	ZMO1389
TSS_3168	TTGAAA	6.4589446951798	17	GATCTA	1.00459768735273	2.20233746073453	9.66587984326706	6	NA	ZMO1390
TSS_3170	TTTACT	4.65278898104795	17	GAAAAT	2.28861640321166	2.20233746073453	9.14374284499414	6	-86	ZMO1393
TSS_3173	TTTAAA	4.93257684836949	16	TATTAA	6.09247271988216	2.33096242092016	13.3560119891718	8	-94	ZMO1396
TSS_3174	TTCTTT	2.74626747338879	15	TATAAA	6.84063652065323	2.74203777704225	12.3289417710843	6	-135	ZMO1396
TSS_3178	TTGGCA	3.70287686441548	19	TAATCC	2.81054690493806	2.74203777704225	9.25546154639579	4	-139	ZMO1398
TSS_3179	ATGTCA	0.695774986752564	15	TATAAT	7.09248385251849	2.74203777704225	10.5302966163133	9	-254	ZMO1398
TSS_3180	TTGTCT	5.55094112918322	16	TATTTT	5.74792814630833	2.33096242092016	13.6298316964117	6	0	ZMO1402
TSS_3184	TTGCCC	4.33346227712528	16	TATCAA	5.40059501524449	2.33096242092016	12.0650197132899	7	-17	ZMO1403
TSS_3186	TTTCAA	4.44186467344438	20	TATTGC	4.37322964506088	3.53508769910899	12.3501820176143	3	-104	ZMO1404
TSS_3187	ATGAAG	0.255210833099559	18	TATATC	5.41159567299263	2.33096242092016	7.99776892701234	7	NA	NA
TSS_3190	TTTTTT	4.35292504520927	17	TATACA	5.3956216747848	2.20233746073453	11.9508841807286	7	-140	ZMO1405
TSS_3191	TTACAA	2.42016960234506	15	TATAAG	5.65714679162911	2.74203777704225	10.8193541710164	7	-42	ZMO1406
TSS_3194	TGGCAT	2.55915868602639	17	TATTCG	3.46396814498962	2.20233746073453	8.22546429175054	7	-263	ZMO1407
TSS_3195	CTTTTA	0.329636143970282	15	TATTAA	6.09247271988216	2.74203777704225	9.16414664089469	9	NA	ZMO1408
TSS_3197	TAGCCA	2.50364617271703	17	TATATT	6.4960919470794	2.20233746073453	11.202075580531	6	NA	ZMO1409
TSS_3198	TTGATT	6.50750859069461	18	GAAAAG	0.853279342322281	2.33096242092016	9.69175035393705	5	-32	ZMO1409
TSS_3203	TTGTTA	6.04382866403146	20	TATCAT	5.65244234710975	3.53508769910899	15.2313587102502	6	-60	ZMO2019
TSS_3207	TTGTTA	6.04382866403146	16	TATATC	5.41159567299263	2.33096242092016	13.7863867579442	6	-42	ZMO2019
TSS_3220	TTGCCA	5.85298042494505	15	TATAAA	6.84063652065323	2.74203777704225	15.4356547226405	8	-79	ZMO1411
TSS_3223	TTATCA	2.16741398328549	16	TACCGC	0.561612696149119	2.33096242092016	5.05998910035476	4	-354	ZMO1411
TSS_3227	TTATCG	0.983382035647798	19	TAATGA	4.20161656042824	2.74203777704225	7.92703637311828	4	NA	ZMO1415
TSS_3229	TTGCCT	5.68844465293316	20	TATTAA	6.09247271988216	3.53508769910899	15.3160050719243	3	-267	ZMO1417
TSS_3230	TTGTGC	2.43042400701236	17	TACTAT	3.22458080747332	2.20233746073453	7.85734227522021	4	-522	ZMO1415
TSS_3231	TGGCCA	2.60844236272864	16	TAAAAT	6.08822182566433	2.33096242092016	11.0276266093131	6	NA	ZMO1417
TSS_3232	TTGGGA	1.9373421180525	18	TATTTT	5.74792814630833	2.33096242092016	10.016232685281	7	-421	ZMO2069
TSS_3235	TATTTA	1.16812656499314	15	TAACAA	4.39633298839033	2.74203777704225	8.30649733042572	6	-95	ZMO1422
TSS_3237	TTGCAA	5.96823252025469	17	TATGTC	3.87237876249305	2.20233746073453	12.0429487434823	6	NA	ZMO1424
TSS_3241	TTTCCA	4.32661257813474	18	TAGCAA	2.63930974188287	2.33096242092016	9.29688474093776	7	-24	ZMO1426
TSS_3242	CTGATA	2.48421968945563	16	TAATCA	3.64319584715957	2.33096242092016	8.45837795753536	5	-402	ZMO1428
TSS_3243	TTTCAG	3.25783272580669	18	TATCTT	5.05605044167066	2.33096242092016	10.6448455883975	6	NA	ZMO1428
TSS_3247	TTGTTT	5.87929289201957	17	TATATT	6.4960919470794	2.20233746073453	14.5777222998335	6	-41	ZMO1430
TSS_3249	TTGTTC	4.52431051621169	20	GATAAT	3.29287843006581	3.53508769910899	11.3522766453865	6	NA	ZMO1432
TSS_3251	GTGACT	0.422489319249507	17	TAAAGG	3.76629063217519	2.20233746073453	6.39111741215923	6	-177	ZMO1432
TSS_3252	TTGGCA	3.70287686441548	20	TAAAAT	6.08822182566433	3.53508769910899	13.3261863891888	6	-72	ZMO1434
TSS_3253	TTGCCG	4.66894847730736	18	TAAGGG	2.22707372167562	2.33096242092016	9.22698461990313	7	-150	ZMO1434
TSS_3254	TTGCTA	6.1813321877814	16	TATAAG	5.65714679162911	2.33096242092016	14.1694414003307	7	-35	ZMO1436
TSS_3256	TAGGAA	0.468794707497107	16	TATGGA	4.41482547755389	2.33096242092016	7.21458260597116	6	-219	ZMO1436
TSS_3257	TGGGTA	0.786690565035427	17	TATATT	6.4960919470794	2.20233746073453	9.48511997284936	7	-39	ZMO1439
TSS_3260	TATCCA	0.977278325906725	18	TATATT	6.4960919470794	2.33096242092016	9.80433269390628	6	-124	ZMO1440
TSS_3264	TTGTTA	6.04382866403146	17	TATACT	5.64746900665006	2.20233746073453	13.8936351314161	7	-28	ZMO1442
TSS_3265	TAGTTT	2.52995863979156	15	TATAAT	7.09248385251849	2.74203777704225	12.3644802693523	9	NA	ZMO1443
TSS_3266	TTGAAG	5.27491274754211	17	TAAATA	5.23998258835998	2.20233746073453	12.7172327966366	7	NA	NA
TSS_3268	TTTACA	4.81732475305984	17	TAGAAG	2.89586151826749	2.20233746073453	9.91552373206187	7	NA	ZMO1444
TSS_3269	TTCAAT	3.16138350453712	17	TAGAGC	2.36010817247033	2.20233746073453	7.72382913774199	6	-98	ZMO1446
TSS_3271	TTGACT	6.17915682785826	16	TAAGGA	3.41056345069973	2.33096242092016	11.9206826994782	7	NA	ZMOt034
TSS_3272	TATAAA	1.58324259614147	18	TATAAA	6.84063652065323	2.33096242092016	10.7548415377149	4	-97	ZMO1448
TSS_3273	TTGACT	6.17915682785826	16	TATTCC	3.81480893179222	2.33096242092016	12.3249281805706	8	-179	ZMO1451
TSS_3275	TTATTT	2.33122997410995	15	TATGAA	5.30141961015365	2.74203777704225	10.3746873613058	3	-543	ZMO1456
TSS_3276	TTCATT	3.37448317206383	16	TATTCC	3.81480893179222	2.33096242092016	9.5202545247762	6	-43	ZMO1456
TSS_3277	TTGGTA	4.03122862725183	19	TATATT	6.4960919470794	2.74203777704225	13.2693583513735	8	NA	ZMO1459
TSS_3278	TTTAAA	4.93257684836949	16	TATATT	6.4960919470794	2.33096242092016	13.759631216369	6	NA	ZMO1459
TSS_3279	TTGAAA	6.4589446951798	16	TATTAT	6.34432005174741	2.33096242092016	15.1342271678474	5	-355	ZMO1459
TSS_3280	TTTCTG	3.4709323933334	20	TATAAT	7.09248385251849	3.53508769910899	14.0985039449609	6	NA	ZMO1460
TSS_3282	TTGATC	5.15252621488673	15	TATAGT	6.20588971991873	2.74203777704225	14.1004537118477	7	NA	ZMO1462
TSS_3283	TTGTAA	5.83072899650475	19	TACAAA	3.72089727637913	2.74203777704225	12.2936640499261	5	NA	ZMO1463
TSS_3285	TTGATT	6.50750859069461	15	TATATT	6.4960919470794	2.74203777704225	15.7456383148163	4	-28	ZMO1464
TSS_3288	TTGATA	6.67204436270651	17	TAAAAA	5.83637449379907	2.20233746073453	14.7107563172401	7	NA	NA
TSS_3289	TTCAAG	2.14188732891132	17	TATTAT	6.34432005174741	2.20233746073453	10.6885448413933	3	NA	ZMO1466
TSS_3290	TTATCA	2.16741398328549	15	TATAGA	5.95404238805347	2.74203777704225	10.8634941483812	8	0	ZMO1467
TSS_3291	ATGCCA	0.833278510502499	17	TATGAT	5.55326694201891	2.20233746073453	8.58888291325594	6	NA	ZMO1467
TSS_3292	TTATGA	0.401879236922509	20	TATAGG	4.77055265902935	3.53508769910899	8.70751959506086	9	NA	ZMO1467
TSS_3293	TTTAGT	2.88725423468498	17	TACAAT	3.97274460824439	2.20233746073453	9.0623363036639	6	NA	ZMO1467
TSS_3294	TTGACA	6.34369259987015	18	TAGCAG	1.45582001285875	2.33096242092016	10.1304750336491	5	-194	ZMO1468
TSS_3296	TTACCA	2.30491750703542	16	TAAGGA	3.41056345069973	2.33096242092016	8.04644337865531	7	-388	ZMO1470
TSS_3297	TTTCTT	4.4904285689592	19	TATTGA	5.2058785872824	2.74203777704225	12.4383449332838	7	NA	ZMO1471
TSS_3298	TTTTAT	4.13982537768256	16	TATCCT	4.20742750124132	2.33096242092016	10.678215299844	6	-424	ZMO1473
TSS_3299	TTGTTG	4.85979671639378	17	TATGGA	4.41482547755389	2.20233746073453	11.4769596546822	7	-148	ZMO1471
TSS_3302	TTTTTA	4.51746081722116	18	TATGCT	4.10825209615049	2.33096242092016	10.9566753342918	6	-25	ZMO1476
TSS_3304	TTGTCC	4.19595875337534	17	TACTGT	2.33798667487356	2.20233746073453	8.73628288898343	6	-187	ZMO1477
TSS_3313	TTCCCA	2.71995500631426	18	TAATAA	5.0882106930280004	2.33096242092016	10.1391281202624	5	-149	ZMO1478
TSS_3317	TTGTCT	5.55094112918322	16	TATTAC	5.25982377766064	2.33096242092016	13.141727327764	7	-116	ZMO1480
TSS_3319	TTATAG	1.09863413095744	20	TATCAT	5.65244234710975	3.53508769910899	10.2861641771762	7	-83	ZMO1481
TSS_3320	TTGAAC	4.93942654736002	16	TACAGG	1.65081341475526	2.33096242092016	8.92120238303544	6	NA	NA
TSS_3321	TTTTCC	2.66959090656503	15	TATTGT	5.45772591914766	2.74203777704225	10.8693546027549	7	NA	ZMO1482
TSS_3323	CTGTTT	1.6914682187687	17	TATTTT	5.74792814630833	2.20233746073453	9.64173382581156	6	-32	ZMO1485
TSS_3324	TGGTCG	1.28690689134102	20	TACAAT	3.97274460824439	3.53508769910899	8.7947391986944	6	NA	ZMO1485
TSS_3330	TTGGCA	3.70287686441548	17	TACTAG	1.78924374658394	2.20233746073453	7.69445807173395	8	NA	ZMOt035
TSS_3331	TGGCAA	2.72369445803829	17	TATCTG	3.62071338078129	2.20233746073453	8.5467452995541	6	NA	NA
TSS_3332	ATGTAA	0.811027082062206	15	TAAAAG	4.65288476477495	2.74203777704225	8.20594962387941	6	-29	ZMO1487
TSS_3334	TTGACG	5.15966065223246	15	TAAAAT	6.08822182566433	2.74203777704225	13.989920254939	7	NA	NA
TSS_3336	TTTTTG	3.33342886958347	17	TAAGGT	3.66241078256499	2.20233746073453	9.19817711288299	7	-109	ZMO1488
TSS_3337	ATGAAA	1.43924278073725	17	TATTGC	4.37322964506088	2.20233746073453	8.01480988653266	7	-421	ZMO1488
TSS_3341	TTGATA	6.67204436270651	16	TATAGA	5.95404238805347	2.33096242092016	14.9570491716801	6	-326	ZMO1490
TSS_3351	ATGCTA	1.16163027333885	17	TAATAG	3.90472096400388	2.20233746073453	7.26868869807726	7	-82	ZMO1490
TSS_3358	TAGCTT	2.6674621635415	17	TAAAAT	6.08822182566433	2.20233746073453	10.9580214499404	6	-33	ZMO1490
TSS_3365	TTGCAA	5.96823252025469	16	TATCTT	5.05605044167066	2.33096242092016	13.3552453828455	6	-392	ZMO1489
TSS_3366	TTGCTG	4.99730024014371	19	TATTGC	4.37322964506088	2.74203777704225	12.1125676622468	7	NA	ZMO1490
TSS_3370	GTGCAT	0.0470292396340442	17	TAAAAT	6.08822182566433	2.20233746073453	8.3375885260329	7	-145	ZMO1491
TSS_3374	TTGTTT	5.87929289201957	16	TATAAA	6.84063652065323	2.33096242092016	15.050891833593	8	-58	ZMO1491
TSS_3376	CTGTAC	0.123386175434107	20	TATGGC	3.58217653533238	3.53508769910899	7.24065040987548	4	NA	ZMO1491
TSS_3378	TTGCCT	5.68844465293316	20	TAAGAT	4.54900491516475	3.53508769910899	13.7725372672069	7	NA	ZMO1494
TSS_3381	TAGTAA	2.48139474427674	19	TAAGAG	3.11366785427538	2.74203777704225	8.33710037559437	7	-96	ZMO1496
TSS_3382	TTTTTT	4.35292504520927	15	GAAGAT	0.749399492712082	2.74203777704225	7.8443623149636	5	-35	ZMO1496
TSS_3385	TTGGTA	4.03122862725183	16	TATTAA	6.09247271988216	2.33096242092016	12.4546637680541	6	NA	ZMO1496
TSS_3386	TTGGTT	3.86669285523994	17	GATCTG	-0.178892041671383	2.20233746073453	5.89013827430309	5	NA	ZMO1496
TSS_3388	TGGACG	1.91512259001606	18	TATTTT	5.74792814630833	2.33096242092016	9.99401315724455	6	NA	ZMO1497
TSS_3390	TTGCCA	5.85298042494505	19	TATTGT	5.45772591914766	2.74203777704225	14.052744121135	5	-116	ZMO1497
TSS_3393	TTGATC	5.15252621488673	17	TATGTA	4.70502770471457	2.20233746073453	12.0598913803358	6	-244	ZMO1497
TSS_3394	TTGTAT	5.66619322449286	15	TAAGAC	3.46450864107798	2.74203777704225	11.8727396426131	7	-55	ZMO1498
TSS_3395	TTGCAT	5.8036967482428	16	TATAGC	5.12139344583195	2.33096242092016	13.2560526149949	6	-592	ZMO1502
TSS_3397	TTTACT	4.65278898104795	16	TATCCT	4.20742750124132	2.33096242092016	11.1911789032094	6	-186	ZMO1506
TSS_3404	TTGATA	6.67204436270651	16	GATAAT	3.29287843006581	2.33096242092016	12.2958852136925	8	-180	ZMO1508
TSS_3408	TTGGAT	3.65359318771323	17	TAAGAA	4.29715758329949	2.20233746073453	10.1530882317473	6	-226	ZMO1511
TSS_3411	TTGCTC	4.66181403996163	20	TATGAC	4.46877066793214	3.53508769910899	12.6656724070028	4	NA	ZMO1512
TSS_3412	TGGATG	2.24347435285241	18	TAAAGT	5.20162769306457	2.33096242092016	9.77606446683713	6	NA	ZMO1513
TSS_3413	TTGACA	6.34369259987015	17	TAACGA	3.50973885579057	2.20233746073453	12.0557689163953	6	NA	ZMO1513
TSS_3416	TTGACC	4.82417445205038	15	TATGGT	4.66667280941915	2.74203777704225	12.2328850385118	8	-198	ZMO2020
TSS_3417	TTTCCG	3.14258063049705	18	TATCAA	5.40059501524449	2.33096242092016	10.8741380666617	7	-248	ZMO2020
TSS_3420	ATGCTT	0.997094501326961	16	TAAAAA	5.83637449379907	2.33096242092016	9.16443141604618	5	-286	ZMO2020
TSS_3422	TTTATA	5.1456765158962	17	GATCTG	-0.178892041671383	2.20233746073453	7.16912193495935	5	-63	ZMO1516
TSS_3424	TTGTCA	5.71547690119511	17	TATAAA	6.84063652065323	2.20233746073453	14.7584508825829	7	-82	ZMO1516
TSS_3434	TTTCCA	4.32661257813474	17	TAAGGG	2.22707372167562	2.20233746073453	8.75602376054489	6	-29	ZMO1519
TSS_3435	TGGCAG	1.5396625104006	18	TATAGC	5.12139344583195	2.33096242092016	8.99201837715271	6	-28	ZMO1520
TSS_3436	ATGAAT	1.27470700872536	18	TATTTC	4.66343187222156	2.33096242092016	8.26910130186707	7	-157	ZMO1522
TSS_3439	TTGCAG	4.784200572617	15	TATTAT	6.34432005174741	2.74203777704225	13.8705584014067	8	-124	ZMO1522
TSS_3446	TTTTTT	4.35292504520927	19	GATGGT	0.867067386966483	2.74203777704225	7.962030209218	5	NA	ZMO1522
TSS_3448	TTACCC	0.785399359215649	19	TATTAT	6.34432005174741	2.74203777704225	9.87175718800531	7	NA	ZMO1522
TSS_3449	TTGTGC	2.43042400701236	17	TATTAC	5.25982377766064	2.20233746073453	9.89258524540754	7	NA	ZMO1522
TSS_3450	TTGAAT	6.2944089231679	16	TAAATT	5.49182992022524	2.33096242092016	14.1172012643133	6	NA	ZMO1522
TSS_3454	TTGATA	6.67204436270651	16	TAAAAC	5.00372555157755	2.33096242092016	14.0067323352042	6	NA	ZMO1522
TSS_3457	TTGCAA	5.96823252025469	18	TATGGC	3.58217653533238	2.33096242092016	11.8813714765072	6	NA	ZMO1524
TSS_3458	TTGCCG	4.66894847730736	17	TATCTC	3.97155416758389	2.20233746073453	10.8428401056258	7	NA	ZMO1524
TSS_3460	TGGAAG	2.0303746853257	18	TAATAT	5.34005802489326	2.33096242092016	9.70139513113911	8	NA	ZMO1525
TSS_3461	TTACCT	2.14038173502353	18	TATATT	6.4960919470794	2.33096242092016	10.9674361030231	6	NA	ZMO1525
TSS_3462	CTGTAT	1.47836855124199	16	TAAAAG	4.65288476477495	2.33096242092016	8.46221573693709	5	NA	ZMO1525
TSS_3464	TGGAAA	3.21440663296339	19	TAATAT	5.34005802489326	2.74203777704225	11.2965024348989	3	NA	ZMO1527
TSS_3467	TTTCCA	4.32661257813474	17	TATCGT	4.76584821450999	2.20233746073453	11.2947982533793	6	-60	ZMO1529
TSS_3469	TTGTCT	5.55094112918322	20	TATTAT	6.34432005174741	3.53508769910899	15.4303488800396	7	-248	ZMO1529
TSS_3470	TTCACT	3.04613140922748	19	TAATAA	5.0882106930280004	2.74203777704225	10.8763798792977	5	-190	ZMO1530
TSS_3473	TTGAAA	6.4589446951798	19	TAATTG	3.30832905856479	2.74203777704225	12.5093115307868	4	-271	ZMO1529
TSS_3478	TTGATA	6.67204436270651	19	TATTTG	4.31259108541895	2.74203777704225	13.7266732251677	4	NA	NA
TSS_3481	TTTTTT	4.35292504520927	18	TATACT	5.64746900665006	2.33096242092016	12.3313564727795	6	-55	ZMO1533
TSS_3482	TGGTCG	1.28690689134102	18	TATATT	6.4960919470794	2.33096242092016	10.1139612593406	8	NA	NA
TSS_3486	TAGACT	2.82982257563025	19	TATAGT	6.20588971991873	2.74203777704225	11.7777500725912	4	NA	NA
TSS_3489	TTAAAA	2.91088177727017	15	TATATA	6.24424461521414	2.74203777704225	11.8971641695266	6	NA	ZMO1536
TSS_3490	TAGTAT	2.31685897226485	17	TAGAAA	4.07935124729161	2.20233746073453	8.59854768029099	6	NA	ZMO1536
TSS_3491	TTGAGT	4.41362208149529	16	GAAAAT	2.28861640321166	2.33096242092016	9.0332009056271	7	NA	ZMO1536
TSS_3494	TTACCC	0.785399359215649	20	TATCGC	3.68135194042321	3.53508769910899	8.00183899874786	7	NA	NA
TSS_3501	TTGGCA	3.70287686441548	18	TATGGA	4.41482547755389	2.33096242092016	10.4486647628895	6	-24	ZMO1542
TSS_3503	TTGAAA	6.4589446951798	18	TAATAT	5.34005802489326	2.33096242092016	14.1299651409932	5	-20	ZMO1544
TSS_3504	TTGAAG	5.27491274754211	16	TAAACT	4.6432069797959	2.33096242092016	12.2490821482582	7	-154	ZMO1544
TSS_3505	TTTCCC	2.80709443031497	18	TAAAAA	5.83637449379907	2.33096242092016	10.9744313450342	6	-192	ZMO1544
TSS_3510	TAGAAA	3.10961044295178	16	TATATC	5.41159567299263	2.33096242092016	10.8521685368646	6	-60	ZMO1545
TSS_3513	TTGAAA	6.4589446951798	17	TAATTC	3.6591698453674	2.20233746073453	12.3204520012817	7	-24	ZMO1547
TSS_3515	TTGGGG	0.753310170414814	16	TATATG	5.06075488619003	2.33096242092016	8.14502747752499	6	NA	ZMO1548
TSS_3516	ATGAAG	0.255210833099559	20	TATCTG	3.62071338078129	3.53508769910899	7.41101191298984	3	-595	ZMO1549
TSS_3519	TTGCTG	4.99730024014371	17	TATGGA	4.41482547755389	2.20233746073453	11.6144631784321	6	-3	ZMO1550
TSS_3520	TTATCG	0.983382035647798	20	TATCTT	5.05605044167066	3.53508769910899	9.57452017642745	6	-104	ZMO1552
TSS_3522	TTGGCA	3.70287686441548	18	TATATC	5.41159567299263	2.33096242092016	11.4454349583283	7	0	ZMO1556
TSS_3523	TATCTT	1.14109431673119	15	TATATC	5.41159567299263	2.74203777704225	9.29472776676606	8	-304	ZMO1557
TSS_3526	TTGTAA	5.83072899650475	16	TAAGAT	4.54900491516475	2.33096242092016	12.7106963325897	6	NA	NA
TSS_3527	TTTTCA	4.1891090543848	17	TATGAA	5.30141961015365	2.20233746073453	11.692866125273	6	-83	ZMO1561
TSS_3528	TATCAA	1.09253042121637	17	TAGAAG	2.89586151826749	2.20233746073453	6.19072940021839	7	-196	ZMO1562
TSS_3529	TTGTTA	6.04382866403146	17	TATGCG	2.67291503526111	2.20233746073453	10.9190811600271	7	-83	ZMO1562
TSS_3531	TTGAAT	6.2944089231679	16	TATCAT	5.65244234710975	2.33096242092016	14.2778136911978	6	-448	ZMO1563
TSS_3532	TTGCAA	5.96823252025469	16	TAATAG	3.90472096400388	2.33096242092016	12.2039159051787	7	NA	ZMOt036
TSS_3537	TTTCAT	4.27732890143249	17	TAAGCC	2.01949379520956	2.20233746073453	8.49916015737658	6	-27	ZMO1564
TSS_3540	TTTAAA	4.93257684836949	18	TATAAA	6.84063652065323	2.33096242092016	14.1041757899429	5	-79	ZMO1566
TSS_3541	TTGCAA	5.96823252025469	18	TATAAT	7.09248385251849	2.33096242092016	15.3916787936933	5	NA	ZMO1567
TSS_3543	TTTTTT	4.35292504520927	15	TAAAAA	5.83637449379907	2.74203777704225	12.9313373160506	6	-103	ZMO1570
TSS_3545	TTGACA	6.34369259987015	19	TACACC	1.44323348828919	2.74203777704225	10.5289638652016	6	-94	ZMO1571
TSS_3549	TTGAAC	4.93942654736002	20	TAATCA	3.64319584715957	3.53508769910899	12.1177100936286	5	NA	ZMO1573
TSS_3550	TAGTCG	1.18211070132941	17	TAGCCT	1.4461422278797	2.20233746073453	4.83059038994365	6	NA	Zms24
TSS_3554	CTGATT	2.31968391744374	16	TATATT	6.4960919470794	2.33096242092016	11.1467382854433	6	-38	ZMO1581
TSS_3558	TTGGGT	1.77280634604061	17	TATAAG	5.65714679162911	2.20233746073453	9.63229059840425	8	0	ZMO1583
TSS_3561	TTGGGA	1.9373421180525	17	TAAAGT	5.20162769306457	2.20233746073453	9.3413072718516	6	-40	ZMO1586
TSS_3567	TTGCCT	5.68844465293316	17	TATTAA	6.09247271988216	2.20233746073453	13.9832548335498	6	0	ZMO1592
TSS_3570	TTGTTT	5.87929289201957	15	TAAGAT	4.54900491516475	2.74203777704225	13.1703355842266	6	-38	ZMO1593
TSS_3572	TGGAAG	2.0303746853257	17	TACAGT	3.08615047564463	2.20233746073453	7.31886262170486	6	-84	ZMO1593
TSS_3574	TTTATT	4.98114074388431	15	TATTTC	4.66343187222156	2.74203777704225	12.3866103931481	6	NA	NA
TSS_3575	TTGCTC	4.66181403996163	17	TAGAAA	4.07935124729161	2.20233746073453	10.9435027479878	6	-277	ZMO1596
TSS_3577	TTGATC	5.15252621488673	18	TATTGC	4.37322964506088	2.33096242092016	11.856718280867801	4	-177	ZMO1596
TSS_3583	CTGCTT	1.82897174251863	15	TATAAC	6.00798757843171	2.74203777704225	10.5789970979926	6	NA	ZMO1596
TSS_3585	TTTAAT	4.7680410763576	15	GATAGC	1.32178802337928	2.74203777704225	8.83186687677913	9	-136	ZMO1598
TSS_3586	TTTTTA	4.51746081722116	19	TACAGA	2.83430314377937	2.74203777704225	10.0938017380428	6	-82	ZMO1598
TSS_3587	TGTACA	1.57278669084344	18	TATGAA	5.30141961015365	2.33096242092016	9.20516872191725	6	-60	ZMO1598
TSS_3589	TTGATA	6.67204436270651	16	TAACAA	4.39633298839033	2.33096242092016	13.399339772017	6	-119	ZMO1600
TSS_3595	TAGTCT	2.20160687695521	17	TAATTA	4.49181878758891	2.20233746073453	8.89576312527865	6	-564	ZMO1603
TSS_3597	TTTCAT	4.27732890143249	20	TATAAT	7.09248385251849	3.53508769910899	14.90490045306	8	-3	ZMO1603
TSS_3598	TTTTTG	3.33342886958347	17	TACTGT	2.33798667487356	2.20233746073453	7.87375300519156	5	-65	ZMO1604
TSS_3601	GTGACT	0.422489319249507	17	TATAAA	6.84063652065323	2.20233746073453	9.46546330063726	6	-144	ZMO1606
TSS_3602	TTGATT	6.50750859069461	19	TATAGG	4.77055265902935	2.74203777704225	14.0200990267662	4	NA	ZMO1607
TSS_3609	TTGCCT	5.68844465293316	17	TAGATC	2.65031039963101	2.20233746073453	10.5410925132987	7	-51	ZMO1608
TSS_3615	TTGAAC	4.93942654736002	17	TATCCT	4.20742750124132	2.20233746073453	11.3491915093359	6	-127	ZMO1609
TSS_3618	GTGAAA	0.70227718657104	18	GATTCT	1.09969978342632	2.33096242092016	4.13293939091752	6	-47	ZMO1609
TSS_3620	TTGTCT	5.55094112918322	17	TACGTA	1.58528846044047	2.20233746073453	9.33856705035822	6	-167	ZMO1608
TSS_3621	TTCTAT	2.53316780586208	17	TATTGT	5.45772591914766	2.20233746073453	10.1932311857443	3	-25	ZMO1609
TSS_3622	TTGTTA	6.04382866403146	18	TATAGA	5.95404238805347	2.33096242092016	14.3288334730051	8	-626	ZMO1610
TSS_3627	TTGCCG	4.66894847730736	17	TATGGC	3.58217653533238	2.20233746073453	10.4534624733743	6	-254	ZMO1610
TSS_3629	TTTCCA	4.32661257813474	15	TATTCA	4.64745787401373	2.74203777704225	11.7161082291907	8	-317	ZMO1611
TSS_3633	TTTACT	4.65278898104795	16	TATTGC	4.37322964506088	2.33096242092016	11.356981047029	7	-488	ZMO1614
TSS_3636	TTGAAG	5.27491274754211	17	TATCAT	5.65244234710975	2.20233746073453	13.1296925553864	6	-93	ZMO1615
TSS_3640	TTTATT	4.98114074388431	17	TAAAGC	4.11713141897779	2.20233746073453	11.3006096235966	7	-441	ZMO1615
TSS_3641	TTGACC	4.82417445205038	17	TACTGA	2.0861393430083	2.20233746073453	9.11265125579321	6	-43	ZMO1618
TSS_3642	TTAAAA	2.91088177727017	15	TATACT	5.64746900665006	2.74203777704225	11.3003885609625	5	-137	ZMO1619
TSS_3643	CTGTTA	1.85600399078059	19	TATTTT	5.74792814630833	2.74203777704225	10.3459699141312	5	-175	ZMO1618
TSS_3651	TTTTCG	3.00507710674712	17	TACAAC	2.88824833415762	2.20233746073453	8.09566290163926	6	NA	ZMO1622
TSS_3653	TTGATA	6.67204436270651	18	TATTGA	5.2058785872824	2.33096242092016	14.2088853709091	5	-312	ZMO1623
TSS_3661	TTATGA	0.401879236922509	16	GATCAG	0.417499863767703	2.33096242092016	3.15034152161037	5	NA	ZMO1623
TSS_3664	TTGACT	6.17915682785826	17	TATTCA	4.64745787401373	2.20233746073453	13.0289521626065	8	NA	Zms15
TSS_3668	TTGACA	6.34369259987015	18	TAACCG	1.76782841349779	2.33096242092016	10.4424834342881	4	-40	ZMO1631
TSS_3673	TTGAAA	6.4589446951798	17	TATATA	6.24424461521414	2.20233746073453	14.9055267711285	6	-54	ZMO1636
TSS_3676	TTGTGT	3.78540638282024	20	TAAAAA	5.83637449379907	3.53508769910899	13.1568685757283	4	-120	ZMO1636
TSS_3680	TTTACC	3.29780660524007	17	TATCGA	4.51400088264473	2.20233746073453	10.0141449486193	6	-83	ZMO1638
TSS_3690	TTTTGT	2.25903853600994	15	TATAAA	6.84063652065323	2.74203777704225	11.8417128337054	8	-32	ZMO1641
TSS_3692	TTAAGA	1.03009493559755	20	GATGGT	0.867067386966483	3.53508769910899	5.43225002167302	8	NA	ZMO1641
TSS_3693	TTGAAA	6.4589446951798	17	GATTTC	0.863826449768886	2.20233746073453	9.52510860568321	6	NA	ZMO1642
TSS_3694	TTGCTG	4.99730024014371	18	TAAAGT	5.20162769306457	2.33096242092016	12.5298903541284	5	-74	ZMO1642
TSS_3697	TGGATA	3.4275063004901	17	TAAACG	3.20786991890653	2.20233746073453	8.83771368013116	6	-186	ZMO1642
TSS_3698	TTGAAC	4.93942654736002	16	TATGCC	3.02375582206371	2.33096242092016	10.2941447903439	7	0	ZMO1644
TSS_3699	TTGATA	6.67204436270651	19	TATATT	6.4960919470794	2.74203777704225	15.9101740868282	8	-73	ZMO1646
TSS_3704	TTTCTA	4.65496434097109	17	TATGTC	3.87237876249305	2.20233746073453	10.7296805641987	6	0	ZMO1648
TSS_3707	CTTTTT	0.165100371958391	15	TAAAGA	4.94978036119931	2.74203777704225	7.85691851019995	4	-21	ZMO1649
TSS_3715	CTGTCA	1.52765222794424	19	TAATAT	5.34005802489326	2.74203777704225	9.60974802987974	9	-174	ZMO1650
TSS_3716	TGGCTA	2.936794125565	20	TATTGT	5.45772591914766	3.53508769910899	11.9296077438216	6	-27	ZMO1650
TSS_3717	TTGACG	5.15966065223246	20	GATAAC	2.20838215597904	3.53508769910899	10.9031305073205	3	NA	ZMO1650
TSS_3718	TTGGCA	3.70287686441548	17	GATCTG	-0.178892041671383	2.20233746073453	5.72632228347863	5	NA	ZMO1653
TSS_3719	TTGATT	6.50750859069461	16	TAAAAG	4.65288476477495	2.33096242092016	13.4913557763897	8	-503	ZMO1652
TSS_3720	TGGAAC	1.69488848514362	16	TAAAGT	5.20162769306457	2.33096242092016	9.22747859912834	7	-632	ZMO1652
TSS_3729	TTGCTT	6.01679641576951	17	TACAAA	3.72089727637913	2.20233746073453	11.9400311528832	5	-49	ZMO1653
TSS_3733	TTTTTT	4.35292504520927	15	TATTTT	5.74792814630833	2.74203777704225	12.8428909685598	5	-139	ZMO1656
TSS_3735	TTTAAT	4.7680410763576	17	TAGTTT	2.98664287294671	2.20233746073453	9.95702141003884	6	-55	ZMO1656
TSS_3737	TGGAAT	3.0498708609515	17	TAAACA	4.39135964793064	2.20233746073453	9.64356796961667	6	-51	ZMO1657
TSS_3738	GTGCTT	0.260128907160755	15	TAAGAT	4.54900491516475	2.74203777704225	7.55117159936776	6	-20	ZMO1657
TSS_3741	TTGTTA	6.04382866403146	16	TATGTT	4.95687503657983	2.33096242092016	13.3316661215314	6	-90	ZMO1659
TSS_3742	TTGAAG	5.27491274754211	16	GATGAT	1.75366151956624	2.33096242092016	9.3595366880285	8	NA	ZMO1659
TSS_3746	TTGCGG	2.90341373094438	17	TATGAT	5.55326694201891	2.20233746073453	10.6590181336978	6	-227	ZMO1663
TSS_3747	TTTATG	3.96164456825851	17	TATAAG	5.65714679162911	2.20233746073453	11.8211288206222	6	-409	ZMO1667
TSS_3748	TTGTTG	4.85979671639378	20	TAATAC	4.25556175080648	3.53508769910899	12.6504461663093	7	-227	ZMO1668
TSS_3757	TTGGAG	2.63409701208743	17	TAAAAA	5.83637449379907	2.20233746073453	10.672808966621	6	NA	ZMO1673
TSS_3759	TTTTAT	4.13982537768256	16	TAAACT	4.6432069797959	2.33096242092016	11.1139947783986	6	-143	ZMO1673
TSS_3760	TATCCT	0.812742553894834	16	TAAAAA	5.83637449379907	2.33096242092016	8.98007946861405	7	-167	ZMO1675
TSS_3764	TGGCAT	2.55915868602639	17	TATACC	4.56297273256329	2.20233746073453	9.32446887932421	6	NA	ZMO1677
TSS_3765	ATGAAT	1.27470700872536	19	TATGGA	4.41482547755389	2.74203777704225	8.4315702633215	4	-66	ZMO1679
TSS_3769	TTAACA	2.79562968196053	17	TAACAG	3.21284325936621	2.20233746073453	8.21081040206127	8	-1	ZMO1683
TSS_3771	TTGACC	4.82417445205038	16	TAGAAA	4.07935124729161	2.33096242092016	11.2344881202621	7	-52	ZMO1684
TSS_3772	TGGAAT	3.0498708609515	16	TAGAAA	4.07935124729161	2.33096242092016	9.46018452916326	7	-27	ZMO1686
TSS_3774	TTCCTT	2.88377099713873	17	TATTAT	6.34432005174741	2.20233746073453	11.4304285096207	6	0	ZMO1688
TSS_3776	TTGCGG	2.90341373094438	17	TAAAAA	5.83637449379907	2.20233746073453	10.942125685478	3	-24	ZMO1689
TSS_3781	TTTATA	5.1456765158962	18	TATCTT	5.05605044167066	2.33096242092016	12.532689378487	4	NA	ZMO1691
TSS_3788	TTGCTT	6.01679641576951	16	TACAGA	2.83430314377937	2.33096242092016	11.182061980469	7	-141	ZMO1694
TSS_3795	TATTTT	1.00359079298125	15	TATAAC	6.00798757843171	2.74203777704225	9.75361614845521	6	-238	ZMO1694
TSS_3801	TTTCTA	4.65496434097109	16	TATACT	5.64746900665006	2.33096242092016	12.6333957685413	7	NA	NA
TSS_3804	TTTAAA	4.93257684836949	17	TATATT	6.4960919470794	2.20233746073453	13.6310062561834	6	-60	ZMO1697
TSS_3805	TTTTTA	4.51746081722116	17	TATATA	6.24424461521414	2.20233746073453	12.9640428931698	6	-171	ZMO1698
TSS_3807	TTTAAA	4.93257684836949	17	TATAAA	6.84063652065323	2.20233746073453	13.9755508297572	6	-266	ZMO1700
TSS_3810	TTTCTT	4.4904285689592	18	TATAAT	7.09248385251849	2.33096242092016	13.9138748423978	6	NA	ZMO1702
TSS_3811	TAGTAA	2.48139474427674	20	TATTCC	3.81480893179222	3.53508769910899	9.83129137517795	6	-43	ZMO1702
TSS_3812	TTCATT	3.37448317206383	15	TAAGGA	3.41056345069973	2.74203777704225	9.52708439980581	5	-67	ZMO1702
TSS_3814	TTTTAG	3.12032920205676	15	TATATT	6.4960919470794	2.74203777704225	12.3584589261784	3	-95	ZMO1703
TSS_3816	TTCAGA	1.44513243487639	15	TATAAA	6.84063652065323	2.74203777704225	11.0278067325719	8	-35	ZMO1703
TSS_3817	TTGGCG	2.51884491677779	15	TATAAT	7.09248385251849	2.74203777704225	12.3533665463385	9	NA	ZMO1703
TSS_3818	TTTCGC	1.04155968395199	15	GATAGC	1.32178802337928	2.74203777704225	5.10538548437352	8	-166	ZMO1704
TSS_3819	TTGAAA	6.4589446951798	17	GAAAAT	2.28861640321166	2.20233746073453	10.949898559126	6	-218	ZMO1704
TSS_3820	TTGGCA	3.70287686441548	17	TAATCT	3.89504317902483	2.20233746073453	9.80025750417484	6	-255	ZMO1704
TSS_3827	TTGCTG	4.99730024014371	18	TATGCT	4.10825209615049	2.33096242092016	11.4365147572144	6	-87	ZMO1708
TSS_3829	TTGAGG	3.39412590586949	19	TACCCT	1.08768825696723	2.74203777704225	7.22385193987896	4	-127	ZMO1710
TSS_3830	TTGGGC	0.41782397023273	17	TAGAAG	2.89586151826749	2.20233746073453	5.51602294923475	8	-61	ZMO1710
TSS_3833	TTGGGA	1.9373421180525	20	GATATG	1.26114946373736	3.53508769910899	6.73357928089885	4	-3	ZMO1713
TSS_3839	CTGTTT	1.6914682187687	17	TATAAT	7.09248385251849	2.20233746073453	10.9862895320217	6	-172	ZMO1713
TSS_3843	TATCAT	0.927994649204477	18	TAAGGA	3.41056345069973	2.33096242092016	6.66952052082437	6	-3	ZMO2025
TSS_3848	TAGAAG	1.92557849531409	16	GATCTG	-0.178892041671383	2.33096242092016	4.07764887456286	5	NA	ZMO1716
TSS_3849	TTGGAC	2.29861081190535	17	TATTGA	5.2058785872824	2.20233746073453	9.70682685992228	5	NA	ZMO1716
TSS_3851	TTTTAC	2.78484300187467	15	TATATT	6.4960919470794	2.74203777704225	12.0229727259963	8	-82	ZMO1716
TSS_3859	TTGCAT	5.8036967482428	17	TAAGAT	4.54900491516475	2.20233746073453	12.5550391241421	6	-168	ZMO1717
TSS_3864	TTTATC	3.62615836807642	17	TATTTT	5.74792814630833	2.20233746073453	11.5764239751193	7	-113	ZMO1718
TSS_3869	TTCTTA	2.91080324540068	20	TATAAT	7.09248385251849	3.53508769910899	13.5383747970282	6	-146	ZMO1719
TSS_3874	TTTATT	4.98114074388431	19	GAAGAA	0.497552160846823	2.74203777704225	8.22073068177338	5	-79	ZMO1719
TSS_3876	TTGTTG	4.85979671639378	17	GATGAA	1.50181418770098	2.20233746073453	8.56394836482929	6	NA	ZMO1720
TSS_3877	TTGATT	6.50750859069461	17	TATCTT	5.05605044167066	2.20233746073453	13.7658964930998	5	-30	ZMO1720
TSS_3879	TTGAAA	6.4589446951798	19	TATCCT	4.20742750124132	2.74203777704225	13.4084099734634	6	-111	ZMO1721
TSS_3884	TTCCAG	1.65117515398622	20	TAAGGG	2.22707372167562	3.53508769910899	7.41333657477083	7	-78	ZMO1723
TSS_3886	TTGGCG	2.51884491677779	17	TAGAAA	4.07935124729161	2.20233746073453	8.80053362480393	7	0	ZMO1724
TSS_3892	TTTTCG	3.00507710674712	18	TATAAA	6.84063652065323	2.33096242092016	12.1766760483205	3	-41	ZMO1730
TSS_3893	TAGTCA	2.3661426489671	17	TAAAAC	5.00372555157755	2.20233746073453	9.57220566127918	7	-172	ZMO1730
TSS_3895	TTGCCA	5.85298042494505	19	TAGTTT	2.98664287294671	2.74203777704225	11.581661074934	4	-263	ZMO1733
TSS_3896	TTGTGA	3.94994215483214	17	TAGCTT	2.29476516830904	2.20233746073453	8.44704478387571	7	-51	ZMO1732
TSS_3897	TTGTAA	5.83072899650475	19	TAGCTT	2.29476516830904	2.74203777704225	10.867531941856	6	-79	ZMO1732
TSS_3898	TTGATC	5.15252621488673	20	TATAGT	6.20588971991873	3.53508769910899	14.8935036339145	3	-118	ZMO1732
TSS_3900	TTGCTC	4.66181403996163	18	TATGAA	5.30141961015365	2.33096242092016	12.2941960710354	6	-20	ZMO1733
TSS_3902	TTGATT	6.50750859069461	20	TATCAT	5.65244234710975	3.53508769910899	15.6950386369134	6	NA	ZMO1733
TSS_3905	TTTTTC	2.99794266940139	17	TAATAA	5.0882106930280004	2.20233746073453	10.2884908231639	6	NA	ZMO1733
TSS_3908	TTGAAC	4.93942654736002	19	TAATAT	5.34005802489326	2.74203777704225	13.0215223492955	5	NA	NA
TSS_3909	TGGTTT	2.63475482980317	17	TACCTT	1.93631119739657	2.20233746073453	6.77340348793427	7	-26	ZMO1738
TSS_3911	TAGTAA	2.48139474427674	16	TATGTC	3.87237876249305	2.33096242092016	8.68473592768995	6	-152	ZMO1738
TSS_3913	ATGCAA	0.948530605812141	18	GATACG	0.412526523308018	2.33096242092016	3.69201955004031	3	-402	ZMO1739
TSS_3916	TTTATT	4.98114074388431	16	TAAAGG	3.76629063217519	2.33096242092016	11.0783937969797	4	-33	ZMO1741
TSS_3918	TTGTAA	5.83072899650475	19	TATACA	5.3956216747848	2.74203777704225	13.9683884483318	4	-174	ZMO1743
TSS_3919	TTGACA	6.34369259987015	19	GATTAC	1.46021835520797	2.74203777704225	10.5459487321204	5	-207	ZMO1743
TSS_3920	TTGATC	5.15252621488673	19	TATTCA	4.64745787401373	2.74203777704225	12.5420218659427	6	NA	ZMO1745
TSS_3921	TTGGTT	3.86669285523994	17	TATCAT	5.65244234710975	2.20233746073453	11.7214726630842	7	NA	ZMO1745
TSS_3922	TTTTGG	1.23954236038414	16	TATAAT	7.09248385251849	2.33096242092016	10.6629886338228	6	NA	ZMO1746
TSS_3923	ATGACA	1.3239906854276	17	TATCTA	4.8042031098054	2.20233746073453	8.33053125596754	6	-28	ZMO1746
TSS_3925	TTGTTA	6.04382866403146	20	TAATAA	5.0882106930280004	3.53508769910899	14.6671270561685	8	-180	ZMO1749
TSS_3926	TTGACT	6.17915682785826	18	TATCCT	4.20742750124132	2.33096242092016	12.7175467500197	6	-179	ZMO1748
TSS_3937	TTGCCC	4.33346227712528	19	TAAGTA	3.70076567786041	2.74203777704225	10.7762657320279	6	-170	ZMO1751
TSS_3942	TTTCAG	3.25783272580669	17	TATAAA	6.84063652065323	2.20233746073453	12.3008067071945	3	-137	ZMO1751
TSS_3948	TTGCGG	2.90341373094438	17	TAAAGA	4.94978036119931	2.20233746073453	10.0555315528782	7	-94	ZMO1751
TSS_3953	GTGCTT	0.260128907160755	15	TACATT	3.3763527028053	2.74203777704225	6.37851938700831	6	-12	ZMO1751
TSS_3956	TTGTTG	4.85979671639378	18	TAGAAC	3.24670230507009	2.33096242092016	10.437461442384	8	-16	ZMO1752
TSS_3959	TTAAAT	2.74634600525828	19	TATAAT	7.09248385251849	2.74203777704225	12.580867634819	8	-194	ZMO1753
TSS_3960	TGGAAC	1.69488848514362	18	TAATAT	5.34005802489326	2.33096242092016	9.36590893095703	4	-85	ZMO1753
TSS_3969	TTTCTT	4.4904285689592	17	TACAAT	3.97274460824439	2.20233746073453	10.6655106379381	7	-40	ZMO1757
TSS_3972	TTTCCT	4.16207680612285	15	TATAGA	5.95404238805347	2.74203777704225	12.8581569712186	8	0	ZMO1758
TSS_3973	TTGCTT	6.01679641576951	19	TATTTT	5.74792814630833	2.74203777704225	14.5067623391201	4	NA	ZMO1759
TSS_3975	TTGCAT	5.8036967482428	20	TATCTC	3.97155416758389	3.53508769910899	13.3103386149357	4	-252	ZMO1761
TSS_3976	TTCATA	3.53901894407572	15	TATACA	5.3956216747848	2.74203777704225	11.6766783959028	8	-30	ZMO1761
TSS_3977	TTGCCG	4.66894847730736	16	TATACA	5.3956216747848	2.33096242092016	12.3955325730123	9	-112	ZMO1760
TSS_3979	TTTTTA	4.51746081722116	15	TAATAT	5.34005802489326	2.74203777704225	12.5995566191567	5	-94	ZMO1764
TSS_3980	TTGGCT	3.53834109240359	18	TATTGC	4.37322964506088	2.33096242092016	10.2425331583846	8	-184	ZMO1764
TSS_3981	TTGCGT	3.92290990657018	19	TATAGG	4.77055265902935	2.74203777704225	11.4355003426418	4	-71	ZMO1766
TSS_3982	TTGAGA	4.57815785350718	19	TAACGT	3.76158618765583	2.74203777704225	11.0817818182053	7	-422	ZMO1766
TSS_3986	CTTATA	0.957851842645322	15	TATGCT	4.10825209615049	2.74203777704225	7.80814171583806	7	-82	ZMO1767
TSS_3987	TAGCTG	1.6479659879157	17	TAAAAT	6.08822182566433	2.20233746073453	9.93852527431456	6	-21	ZMO1770
TSS_3988	TTGTAT	5.66619322449286	19	TATAGG	4.77055265902935	2.74203777704225	13.1787836605645	5	-73	ZMO1770
TSS_3989	TTTGCT	2.01197324559328	15	TATAAT	7.09248385251849	2.74203777704225	11.846494875154	4	-151	ZMO1770
TSS_3992	TTAAAG	1.72684982963248	20	TATCCC	3.12293122715455	3.53508769910899	8.38486875589602	6	-152	ZMO1771
TSS_3995	TTCATG	2.35498699643803	18	TAGACT	2.88618373328844	2.33096242092016	7.57213315064663	4	-29	ZMO1773
TSS_3998	TTTATA	5.1456765158962	15	TACACC	1.44323348828919	2.74203777704225	9.33094778122764	7	-361	ZMO1776
TSS_4001	TGGAAA	3.21440663296339	17	TATTTT	5.74792814630833	2.20233746073453	11.1646722400063	6	NA	ZMO1776
TSS_4003	TATCTT	1.14109431673119	17	TATCAT	5.65244234710975	2.20233746073453	8.99587412457547	6	-118	ZMO1777
TSS_4010	ATTATA	0.125974601453649	15	TAATTA	4.49181878758891	2.74203777704225	7.35983116608481	7	-306	ZMO1779
TSS_4013	TTTATC	3.62615836807642	15	TAAATA	5.23998258835998	2.74203777704225	11.6081787334787	7	-37	ZMO1780
TSS_4020	TTACTT	2.46873349785988	18	TATCAA	5.40059501524449	2.33096242092016	10.2002909340245	3	-60	ZMO1780
TSS_4025	TTGCTT	6.01679641576951	18	TAATTG	3.30832905856479	2.33096242092016	11.6560878952545	5	NA	ZMO1784
TSS_4026	TTTCTT	4.4904285689592	18	TAATGA	4.20161656042824	2.33096242092016	11.0230075503076	4	NA	ZMO1784
TSS_4027	TTGTAA	5.83072899650475	16	TATAAT	7.09248385251849	2.33096242092016	15.2541752699434	7	NA	NA
TSS_4028	TTTAGG	1.86775805905918	17	TACATT	3.3763527028053	2.20233746073453	7.44644822259901	6	NA	ZMO1786
TSS_4031	TTAAAA	2.91088177727017	17	TAAAAA	5.83637449379907	2.20233746073453	10.9495937318038	5	NA	NA
TSS_4033	TGTTCA	0.9445709921684	15	GATAGC	1.32178802337928	2.74203777704225	5.00839679258993	3	-455	ZMO1790
TSS_4036	TTTTTT	4.35292504520927	20	TATCTC	3.97155416758389	3.53508769910899	11.8595669119021	6	-98	ZMO1790
TSS_4058	TTGCAG	4.784200572617	16	TATAGA	5.95404238805347	2.33096242092016	13.0692053815906	6	NA	ZMOt042
TSS_4060	TTTATT	4.98114074388431	17	GAAAAA	2.0367690713464	2.20233746073453	9.22024727596523	6	-29	ZMO1794
TSS_4061	TTTAAT	4.7680410763576	19	TACTCT	1.7795659616049	2.74203777704225	9.28964481500474	5	-79	ZMO1794
TSS_4062	CTGAAA	2.27112002192892	18	TATGAG	4.11792988112954	2.33096242092016	8.72001232397861	5	-181	ZMO1796
TSS_4064	TAGAAA	3.10961044295178	17	TAGAAA	4.07935124729161	2.20233746073453	9.39129915097792	6	-211	ZMO1794
TSS_4069	TTGCTC	4.66181403996163	17	TATAGA	5.95404238805347	2.20233746073453	12.8181938887496	7	-320	ZMO1798
TSS_4072	TTGCCA	5.85298042494505	17	TATATT	6.4960919470794	2.20233746073453	14.551409832759	6	NA	NA
TSS_4075	TTGGAA	3.81812895972512	20	TATCTC	3.97155416758389	3.53508769910899	11.324770826418	5	NA	ZMO1798
TSS_4077	TTGTTT	5.87929289201957	20	TATACT	5.64746900665006	3.53508769910899	15.0618495977786	5	-40	ZMO1800
TSS_4078	TTGACT	6.17915682785826	18	TATTTA	5.49608081444307	2.33096242092016	14.0062000632215	5	-96	ZMO1801
TSS_4080	TTTATT	4.98114074388431	17	TATTAT	6.34432005174741	2.20233746073453	13.5277982563663	7	-73	ZMO1801
TSS_4082	TTGCAT	5.8036967482428	18	TATGCG	2.67291503526111	2.33096242092016	10.8075742044241	6	-5	ZMO2027
TSS_4085	CTGTCA	1.52765222794424	20	TAAATA	5.23998258835998	3.53508769910899	10.3027225154132	4	-134	ZMO1805
TSS_4086	TTTGTT	2.34032500842963	15	TAAATA	5.23998258835998	2.74203777704225	10.3223453738319	7	-50	ZMO1806
TSS_4087	TTGCCT	5.68844465293316	18	TATGCC	3.02375582206371	2.33096242092016	11.043162895917	6	-164	ZMO1811
TSS_4089	TTCCAT	2.67067132961202	18	TATATC	5.41159567299263	2.33096242092016	10.4132294235248	6	-60	ZMO1814
TSS_4091	CTGAAA	2.27112002192892	17	TAAATA	5.23998258835998	2.20233746073453	9.71344007102343	5	-135	ZMO1814
TSS_4094	TTGATT	6.50750859069461	16	GAATGA	0.402011137975567	2.33096242092016	9.24048214959034	7	NA	ZMO1816
TSS_4095	TTGATC	5.15252621488673	19	TATTCA	4.64745787401373	2.74203777704225	12.5420218659427	4	NA	ZMO1817
TSS_4097	TTTACG	3.63329280542216	18	TAAAAT	6.08822182566433	2.33096242092016	12.0524770520066	6	-284	ZMO1818
TSS_4098	TAGAAG	1.92557849531409	15	TATGCG	2.67291503526111	2.74203777704225	7.34053130761746	3	-179	ZMO1818
TSS_4100	TGGTAT	2.42165516227646	16	TATGCC	3.02375582206371	2.33096242092016	7.77637340526033	7	-107	ZMO1818
TSS_4101	TAGAAA	3.10961044295178	17	TATGCG	2.67291503526111	2.20233746073453	7.98486293894743	5	-70	ZMO1818
TSS_4102	TGGTAT	2.42165516227646	15	TATAAT	7.09248385251849	2.74203777704225	12.2561767918372	9	NA	ZMO1822
TSS_4103	TTGGAA	3.81812895972512	16	GATGAA	1.50181418770098	2.33096242092016	7.65090556834626	6	-51	ZMO1823
TSS_4104	TTGCGC	2.5679275307623	19	TATTGT	5.45772591914766	2.74203777704225	10.7676912269522	5	NA	ZMO1823
TSS_4105	TGGATC	1.90798815267033	18	TATTCA	4.64745787401373	2.33096242092016	8.88640844760421	7	NA	ZMO1823
TSS_4107	TTCATC	2.01950079625595	17	TATGAG	4.11792988112954	2.20233746073453	8.33976813812002	6	NA	ZMO1837
TSS_4108	TGGTCG	1.28690689134102	20	TAAATG	4.05649285933587	3.53508769910899	8.87848744978588	8	NA	ZMO1837
TSS_4109	TTGCCA	5.85298042494505	19	TATTAC	5.25982377766064	2.74203777704225	13.8548419796479	4	NA	ZMO1838
TSS_4110	TGGAAT	3.0498708609515	16	TATATT	6.4960919470794	2.33096242092016	11.8769252289511	7	-31	ZMO1838
TSS_4113	CTGTTA	1.85600399078059	18	TATAAT	7.09248385251849	2.33096242092016	11.2794502642192	6	-109	ZMO2029
TSS_4114	TTGTCA	5.71547690119511	18	TACCTT	1.93631119739657	2.33096242092016	9.98275051951183	7	-26	ZMO1840
TSS_4118	TTCAAG	2.14188732891132	15	GATCTC	0.171948745131218	2.74203777704225	5.05587385108479	5	NA	ZMO1842
TSS_4119	TTGTTG	4.85979671639378	17	TATAAT	7.09248385251849	2.20233746073453	14.1546180296468	6	-24	ZMO1842
TSS_4121	TTGCAA	5.96823252025469	19	TAATGG	3.01812683140412	2.74203777704225	11.7283971287011	3	-79	ZMO1842
TSS_4125	TAGAAC	1.59009229513201	19	TAATCT	3.89504317902483	2.74203777704225	8.22717325119909	4	-130	ZMO1844
TSS_4127	TTGCTG	4.99730024014371	19	TATAAA	6.84063652065323	2.74203777704225	14.5799745378392	8	-28	ZMO1845
TSS_4129	TTGTCA	5.71547690119511	15	TAAAGG	3.76629063217519	2.74203777704225	12.2238053104126	7	-122	ZMO1845
TSS_4130	TGGCTC	1.41727597774522	19	TATGAT	5.55326694201891	2.74203777704225	9.71258069680638	6	-243	ZMO1847
TSS_4133	TTGTTG	4.85979671639378	16	TATTGT	5.45772591914766	2.33096242092016	12.6484850564616	4	-80	ZMO1848
TSS_4135	TTGTAT	5.66619322449286	18	TATAAT	7.09248385251849	2.33096242092016	15.0896394979315	9	-48	ZMO1849
TSS_4136	TTGCGT	3.92290990657018	18	GATCTG	-0.178892041671383	2.33096242092016	6.07498028581895	4	NA	ZMO1849
TSS_4138	TTGATA	6.67204436270651	17	TATTCT	4.89930520587899	2.20233746073453	13.77368702932	6	-533	ZMO1850
TSS_4141	TAGATT	3.1581743384666	16	TATATC	5.41159567299263	2.33096242092016	10.9007324323794	8	-43	ZMO1854
TSS_4143	TTATAA	2.28266607859513	17	TATATT	6.4960919470794	2.20233746073453	10.9810954864091	7	-47	ZMO1860
TSS_4145	TAGATG	2.1386781628408	16	TAATAC	4.25556175080648	2.33096242092016	8.72520233456744	7	-608	ZMO1860
TSS_4147	CTGATA	2.48421968945563	18	TAAATA	5.23998258835998	2.33096242092016	10.0551646987358	6	NA	ZMO1861
TSS_4148	TTTCCT	4.16207680612285	18	TATGAT	5.55326694201891	2.33096242092016	12.0463061690619	7	NA	ZMO1861
TSS_4149	TATAAT	1.41870682412958	17	TATAAC	6.00798757843171	2.20233746073453	9.62903186329583	6	-59	ZMO1861
TSS_4155	ATGAAA	1.43924278073725	18	TATATG	5.06075488619003	2.33096242092016	8.83096008784743	6	NA	NA
TSS_4158	TTGATC	5.15252621488673	18	TACGTT	1.83713579230573	2.33096242092016	9.32062442811262	6	-81	ZMO1867
TSS_4159	TTGAAA	6.4589446951798	17	TACTCC	0.695069687518123	2.20233746073453	9.35635184343245	7	-163	ZMO1867
TSS_4160	TTGAAA	6.4589446951798	19	GAAAAG	0.853279342322281	2.74203777704225	10.0542618145443	5	-186	ZMO1867
TSS_4166	TTGGCT	3.53834109240359	19	TATAAT	7.09248385251849	2.74203777704225	13.3728627219643	6	-95	ZMO1868
TSS_4167	TTGTCA	5.71547690119511	16	TATTTA	5.49608081444307	2.33096242092016	13.5425201365583	6	-53	ZMO1869
TSS_4168	TTGCGC	2.5679275307623	16	TACCAT	2.53270310283565	2.33096242092016	7.43159305451811	7	-303	ZMO1870
TSS_4169	CTGACT	1.99133215460739	15	TAAAAT	6.08822182566433	2.74203777704225	10.821591757314	6	NA	ZMO1871
TSS_4171	TTGATT	6.50750859069461	19	TATAGA	5.95404238805347	2.74203777704225	15.2035887557903	6	-150	ZMO1871
TSS_4172	TTGATA	6.67204436270651	17	TATGAC	4.46877066793214	2.20233746073453	13.3431524913732	7	-223	ZMO1871
TSS_4174	TTTAAT	4.7680410763576	16	TACATA	3.12450537094004	2.33096242092016	10.2235088682178	6	-7	ZMO1873
TSS_4175	TTGTGT	3.78540638282024	17	TATCGA	4.51400088264473	2.20233746073453	10.5017447261995	7	-258	ZMO1873
TSS_4177	TTGTGT	3.78540638282024	17	TACATT	3.3763527028053	2.20233746073453	9.36409654636008	4	-19	ZMO1875
TSS_4180	TATAAT	1.41870682412958	20	TATTTT	5.74792814630833	3.53508769910899	10.7017226695469	6	-78	ZMO1875
TSS_4182	TTGAAA	6.4589446951798	18	TATTCT	4.89930520587899	2.33096242092016	13.6892123219789	6	-166	ZMO1876
TSS_4184	TTGTAA	5.83072899650475	15	TAAAAT	6.08822182566433	2.74203777704225	14.6609885992113	6	-81	ZMO1876
TSS_4191	TGGCAT	2.55915868602639	17	TAGAAA	4.07935124729161	2.20233746073453	8.84084739405253	8	0	ZMO1878
TSS_4192	TTTCGA	2.56107783177176	17	TAAAGC	4.11713141897779	2.20233746073453	8.88054671148409	6	-560	ZMO1877
TSS_4193	TTATCA	2.16741398328549	17	TATAAT	7.09248385251849	2.20233746073453	11.4622352965385	6	NA	ZMO1878
TSS_4194	TGGAAT	3.0498708609515	20	TAACAA	4.39633298839033	3.53508769910899	10.9812915484508	8	NA	ZMO1878
TSS_4195	TTGCAG	4.784200572617	19	TAACTT	4.0517884148165	2.74203777704225	11.5780267644758	5	-176	ZMO1879
TSS_4196	TGGTCA	2.47093883897871	17	TAAATA	5.23998258835998	2.20233746073453	9.91325888807322	5	-3	ZMO1879
TSS_4200	TTGCAT	5.8036967482428	17	TAAGTC	2.86811673563889	2.20233746073453	10.8741509446162	8	NA	ZMOt049
TSS_4218	TAGACA	2.99435834764214	16	TACAGT	3.08615047564463	2.33096242092016	8.41147124420692	7	NA	NA
TSS_4219	TGGATG	2.24347435285241	20	TAGAAT	4.33119857915687	3.53508769910899	10.1097606311183	6	-47	ZMO1885
TSS_4228	TTGCCG	4.66894847730736	17	TAGTGA	2.44459331392078	2.20233746073453	9.31587925196267	7	NA	ZMOt050
TSS_4229	TTGAAA	6.4589446951798	17	TATTGT	5.45772591914766	2.20233746073453	14.119008075062	6	-344	ZMO1889
TSS_4230	TTGATC	5.15252621488673	18	TAGGTA	1.94374243135295	2.33096242092016	9.42723106715984	5	NA	ZMO1890
TSS_4233	TTGCCG	4.66894847730736	17	TAGAAA	4.07935124729161	2.20233746073453	10.9506371853335	6	-57	ZMO1891
TSS_4234	TTGATG	5.48801241506882	18	TACAAT	3.97274460824439	2.33096242092016	11.7917194442334	6	-370	ZMO1891
TSS_4235	TGGACA	3.09915453765375	20	TAAGAA	4.29715758329949	3.53508769910899	10.9313998200622	5	-62	ZMO1892
TSS_4239	TGGTTA	2.79929060181506	19	TATTGC	4.37322964506088	2.74203777704225	9.91455802391819	7	NA	ZMO1895
TSS_4243	TTGACC	4.82417445205038	16	TATTTT	5.74792814630833	2.33096242092016	12.9030650192789	7	NA	ZMO1896
TSS_4246	TTGCGG	2.90341373094438	18	TAATTA	4.49181878758891	2.33096242092016	9.72619493945345	6	-69	ZMO1898
TSS_4247	TTTACC	3.29780660524007	18	TAGATC	2.65031039963101	2.33096242092016	8.27907942579123	6	NA	NA
TSS_4251	TTGTAA	5.83072899650475	16	TATACG	4.21213194576069	2.33096242092016	12.3738233631856	6	-118	ZMO2031
TSS_4255	CTGTCA	1.52765222794424	20	TAGTCT	2.13801993251737	3.53508769910899	7.2007598595706	4	-208	ZMO1901
TSS_4257	TGGTAA	2.58619093428835	17	TATCAC	4.56794607302297	2.20233746073453	9.35647446804585	7	-524	ZMO1901
TSS_4259	TATCTT	1.14109431673119	15	TAACGA	3.50973885579057	2.74203777704225	7.392870949564	6	-545	ZMO1901
TSS_4261	TGGCTA	2.936794125565	16	TACCCT	1.08768825696723	2.33096242092016	6.35544480345238	7	-454	ZMO1902
TSS_4262	TTGAAA	6.4589446951798	16	TATCTC	3.97155416758389	2.33096242092016	12.7614612836838	6	NA	ZMO1903
TSS_4263	TTGCTC	4.66181403996163	20	GAAAAG	0.853279342322281	3.53508769910899	9.0501810813929	6	NA	ZMO1904
TSS_4264	TTTACA	4.81732475305984	17	TAGTTC	1.90214659885994	2.20233746073453	8.92180881265431	8	NA	ZMO1904
TSS_4265	TTGATT	6.50750859069461	16	TATGCA	3.85640476428523	2.33096242092016	12.6948757759	6	-137	ZMO1905
TSS_4267	TTTTCT	4.02457328237291	16	TAAGTG	2.51727594883629	2.33096242092016	8.87281165212936	6	-55	ZMO1906
TSS_4268	TGGCAG	1.5396625104006	17	TAAAAG	4.65288476477495	2.20233746073453	8.39488473591008	6	-102	ZMO1906
TSS_4271	TTGTGG	2.76591020719445	17	TATGGG	3.23133574852978	2.20233746073453	8.19958341645876	6	NA	ZMO1907
TSS_4272	TATCAA	1.09253042121637	18	TAATAA	5.0882106930280004	2.33096242092016	8.51170353516452	3	NA	ZMO1907
TSS_4278	TTGTTT	5.87929289201957	17	TAGCTT	2.29476516830904	2.20233746073453	10.3763955210631	7	-80	ZMO1908
TSS_4279	TTCATG	2.35498699643803	17	TATATT	6.4960919470794	2.20233746073453	11.053416404252	6	-99	ZMO1909
TSS_4280	TTGTTC	4.52431051621169	16	TAACCA	2.9513181425219	2.33096242092016	9.80659107965375	6	-125	ZMO1908
TSS_4281	TTGAAC	4.93942654736002	18	TATATT	6.4960919470794	2.33096242092016	13.7664809153596	6	-81	ZMO1909
TSS_4286	TTGCTC	4.66181403996163	17	TATGAG	4.11792988112954	2.20233746073453	10.9820813818257	7	-60	ZMO1910
TSS_4291	CTGTAA	1.64290432325388	20	GATTTT	1.94832272385566	3.53508769910899	7.12631474621853	8	-447	ZMO1911
TSS_4292	TAGTCT	2.20160687695521	18	TATAAA	6.84063652065323	2.33096242092016	11.3732058185286	6	-119	ZMO1912
TSS_4293	TTGAAC	4.93942654736002	17	TAACTC	2.96729214072973	2.20233746073453	10.1090561488243	7	NA	ZMO1912
TSS_4294	TTACGT	0.374846988660553	17	TATTAC	5.25982377766064	2.20233746073453	7.83700822705573	7	NA	ZMO1912
TSS_4300	TTTAGT	2.88725423468498	20	TAAGAA	4.29715758329949	3.53508769910899	10.7194995170935	8	NA	ZMO1913
TSS_4301	ATGAAA	1.43924278073725	17	TATGGT	4.66667280941915	2.20233746073453	8.30825305089093	6	NA	ZMO1913
TSS_4302	TTTATG	3.96164456825851	18	TATTTT	5.74792814630833	2.33096242092016	12.040535135487	5	NA	ZMO1913
TSS_4303	TTGGCG	2.51884491677779	17	TATATG	5.06075488619003	2.20233746073453	9.78193726370235	6	NA	ZMO1913
TSS_4304	TTGCGT	3.92290990657018	20	TATCCA	3.95558016937606	3.53508769910899	11.4135777750552	4	NA	ZMO1916
TSS_4305	TTGTGA	3.94994215483214	16	TATCTA	4.8042031098054	2.33096242092016	11.0851076855577	6	-375	ZMO1916
TSS_4306	TTCATC	2.01950079625595	17	TATATT	6.4960919470794	2.20233746073453	10.7179302040699	7	NA	ZMO1917
TSS_4307	TTGATA	6.67204436270651	19	GATGTA	0.905422282261897	2.74203777704225	10.3195044220107	5	-497	ZMO1918
TSS_4308	TTGATA	6.67204436270651	17	TAACTT	4.0517884148165	2.20233746073453	12.9261702382575	6	-114	ZMO1918
TSS_4309	TTGTCT	5.55094112918322	16	TAACCA	2.9513181425219	2.33096242092016	10.8332216926253	3	-105	ZMO1917
TSS_4310	TTGTCG	4.53144495355742	19	TATGAA	5.30141961015365	2.74203777704225	12.5749023407533	6	NA	ZMO1918
TSS_4319	TTGATG	5.48801241506882	19	TAAACA	4.39135964793064	2.74203777704225	12.6214098400417	4	NA	ZMO1921
TSS_4322	TTGTTA	6.04382866403146	17	GATAAT	3.29287843006581	2.20233746073453	11.5390445548318	7	NA	ZMO1922
TSS_4326	TTGTTA	6.04382866403146	15	TACCTT	1.93631119739657	2.74203777704225	10.7221776384703	6	NA	ZMO1923
TSS_4327	TTGTCG	4.53144495355742	17	TACAAA	3.72089727637913	2.20233746073453	10.4546796906711	5	NA	ZMO1924
TSS_4329	CTGAAT	2.10658424991703	19	GATGGA	0.615220055101223	2.74203777704225	5.4638420820605	7	NA	ZMO1925
TSS_4330	CTTTAA	0.116536476443571	15	TATTCT	4.89930520587899	2.74203777704225	7.75787945936481	6	NA	NA
TSS_4341	GTGAAA	0.70227718657104	17	TAAAAT	6.08822182566433	2.20233746073453	8.9928364729699	7	-118	ZMO1927
TSS_4342	TTCGCT	0.405315673772805	19	TATGAT	5.55326694201891	2.74203777704225	8.70062039283397	6	-177	ZMO1927
TSS_4345	TTGACG	5.15966065223246	18	TATGGG	3.23133574852978	2.33096242092016	10.7219588216824	4	-463	ZMO1929
TSS_4349	TTATCA	2.16741398328549	20	TAATAG	3.90472096400388	3.53508769910899	9.60722264639836	8	-77	ZMO1929
TSS_4351	TTCTAA	2.69770357787397	18	TAATTA	4.49181878758891	2.33096242092016	9.52048478638304	6	NA	NA
TSS_4352	TAGCTG	1.6479659879157	20	TACTAT	3.22458080747332	3.53508769910899	8.40763449449801	4	-52	ZMO1929
TSS_4354	TTTAAA	4.93257684836949	16	TATGTA	4.70502770471457	2.33096242092016	11.968566974004201	4	NA	NA
TSS_4363	CTGTTG	0.671972043142902	16	TAAACC	3.55871070570913	2.33096242092016	6.56164516977219	7	-301	ZMO1930
TSS_4364	TTGTCC	4.19595875337534	19	TAAACA	4.39135964793064	2.74203777704225	11.3293561783482	5	NA	ZMO1930
TSS_4367	TTTTCA	4.1891090543848	17	TATGTT	4.95687503657983	2.20233746073453	11.3483215516992	5	NA	ZMO1931
TSS_4368	TAGCTT	2.6674621635415	18	TAAGGT	3.66241078256499	2.33096242092016	8.66083536702664	6	NA	NA
TSS_4369	TTGGAT	3.65359318771323	16	TAACAA	4.39633298839033	2.33096242092016	10.3808885970237	6	NA	ZMO1932
TSS_4371	TTGACT	6.17915682785826	18	TACACG	1.09239270148659	2.33096242092016	9.60251195026501	7	-166	ZMO1934
TSS_4372	TAGCCC	0.984128024897261	17	TAGTAT	3.5830347783858	2.20233746073453	6.76950026401759	5	-119	ZMO2033
TSS_4373	TTTCAA	4.44186467344438	18	TAAGGG	2.22707372167562	2.33096242092016	8.99990081604016	7	NA	NA
TSS_4374	TTGATA	6.67204436270651	17	TATAGT	6.20588971991873	2.20233746073453	15.0802715433598	5	-24	ZMO1944
TSS_4382	TTGTCG	4.53144495355742	16	TATCTT	5.05605044167066	2.33096242092016	11.9184578161482	6	NA	ZMO1955
TSS_4383	TGGCAC	1.20417631021851	19	TATAAA	6.84063652065323	2.74203777704225	10.786850607914	6	NA	ZMO1955
TSS_4385	TATATA	1.79634226366818	20	TATATT	6.4960919470794	3.53508769910899	11.8275219098566	6	-12	ZMO1955
TSS_4386	TTGTTT	5.87929289201957	18	TATACA	5.3956216747848	2.33096242092016	13.6058769877245	5	-74	ZMO1955
TSS_4387	TGGATT	3.26297052847821	20	TAAAGA	4.94978036119931	3.53508769910899	11.7478385887865	4	0	ZMO1956
TSS_4390	TTTCAG	3.25783272580669	17	TATCTG	3.62071338078129	2.20233746073453	9.08088356732251	6	-294	ZMO1958
TSS_4391	TTGATA	6.67204436270651	20	GATATT	2.69648652462673	3.53508769910899	12.9036185864422	3	-324	ZMO1958
TSS_4392	TTGAGC	3.0586397056874	17	TATTTT	5.74792814630833	2.20233746073453	11.0089053127303	7	NA	ZMO1959
TSS_4393	TTCGCT	0.405315673772805	15	TACTGT	2.33798667487356	2.74203777704225	5.48534012568861	7	0	ZMO1959
TSS_4395	TGGTCG	1.28690689134102	19	TATAAA	6.84063652065323	2.74203777704225	10.8695811890365	8	-171	ZMO1959
TSS_4397	TTGTTA	6.04382866403146	19	TAAGAT	4.54900491516475	2.74203777704225	13.3348713562385	7	NA	ZMO1962
TSS_4399	TTTCTT	4.4904285689592	17	TAATAA	5.0882106930280004	2.20233746073453	11.7809767227217	4	-22	ZMO1963
TSS_4401	TTGACG	5.15966065223246	17	GATCAT	1.85283692465708	2.20233746073453	9.21483503762407	6	NA	ZMO1964
TSS_4402	TGGCCA	2.60844236272864	18	TAACAG	3.21284325936621	2.33096242092016	8.15224804301501	7	NA	ZMO1965
TSS_4403	CTGTTT	1.6914682187687	16	TAAAGA	4.94978036119931	2.33096242092016	8.97221100088816	6	NA	ZMO1965
TSS_4405	TTTTAG	3.12032920205676	20	TATAAT	7.09248385251849	3.53508769910899	13.7479007536842	7	-87	ZMO1967
TSS_4407	TTGCAT	5.8036967482428	15	TAAGGC	2.57791450847822	2.74203777704225	11.1236490337633	6	-33	ZMO1969
TSS_4410	TTTACA	4.81732475305984	18	TAAATC	4.40733364613847	2.33096242092016	11.5556208201185	6	NA	ZMO1954
TSS_4411	TTGTAA	5.83072899650475	17	TAAAAT	6.08822182566433	2.20233746073453	14.1212882829036	6	-34	ZMO1954
TSS_4412	TTGTTT	5.87929289201957	17	GAAAAC	1.20412012912488	2.20233746073453	9.28575048187899	7	0	ZMO1974
TSS_4413	TTATTT	2.33122997410995	15	TATCTC	3.97155416758389	2.74203777704225	9.04482191873608	3	-50	ZMO1975
TSS_4416	TTAAAA	2.91088177727017	20	TATTGA	5.2058785872824	3.53508769910899	11.6518480636616	4	NA	ZMO1981
TSS_4418	TATATT	1.63180649165629	18	TATAAA	6.84063652065323	2.33096242092016	10.8034054332297	9	NA	NA
TSS_4419	TGGCAC	1.20417631021851	19	TATTTG	4.31259108541895	2.74203777704225	8.25880517267972	3	NA	ZMO1986
TSS_4420	TTGATA	6.67204436270651	20	TATTTA	5.49608081444307	3.53508769910899	15.7032128762586	3	NA	ZMO1986
TSS_4421	TTTGTA	2.50486078044152	15	TAATAA	5.0882106930280004	2.74203777704225	10.3351092505118	9	NA	ZMO1986
TSS_4422	TGTTTT	1.10838698299286	15	TATTTT	5.74792814630833	2.74203777704225	9.59835290634344	6	-62	ZMO1992
TSS_4423	TTGCAG	4.784200572617	20	TATATC	5.41159567299263	3.53508769910899	13.7308839447186	6	-104	ZMO1993
TSS_4426	TTTACC	3.29780660524007	19	TAGAGA	3.19275711469185	2.74203777704225	9.23260149697417	3	NA	NA
TSS_4427	TTGACG	5.15966065223246	19	TATCTT	5.05605044167066	2.74203777704225	12.9577488709454	6	-167	ZMO1997
TSS_4428	TTTATA	5.1456765158962	20	TATAAC	6.00798757843171	3.53508769910899	14.6887517934369	6	-127	ZMO1998
TSS_4430	TTGATT	6.50750859069461	17	TAAATA	5.23998258835998	2.20233746073453	13.9498286397891	6	NA	ZMOp32x001
TSS_4431	TATAAA	1.58324259614147	15	TATGGA	4.41482547755389	2.74203777704225	8.74010585073762	3	-373	ZMOp32x002
TSS_4432	TTGAAA	6.4589446951798	17	TACAAA	3.72089727637913	2.20233746073453	12.3821794322935	6	-620	ZMOp32x001
TSS_4433	TTGTTT	5.87929289201957	17	TACAAT	3.97274460824439	2.20233746073453	12.0543749609985	7	-17	ZMOp32x002
TSS_4434	TTGGAT	3.65359318771323	18	TATATA	6.24424461521414	2.33096242092016	12.2288002238475	8	-13	ZMOp32x005
TSS_4437	TTACCC	0.785399359215649	20	TATCCT	4.20742750124132	3.53508769910899	8.52791455956596	6	NA	ZMOp32x007
TSS_4438	TGGATT	3.26297052847821	17	TATGCT	4.10825209615049	2.20233746073453	9.57356008536323	6	NA	ZMOp32x007
TSS_4439	TTATTC	0.976247598302066	20	TATATT	6.4960919470794	3.53508769910899	11.0074272444905	6	NA	ZMOp32x007
TSS_4440	TATATT	1.63180649165629	17	TATTGA	5.2058785872824	2.20233746073453	9.04002253967322	7	NA	ZMOp32x007
TSS_4441	TTTATT	4.98114074388431	17	TATCTT	5.05605044167066	2.20233746073453	12.2395286462895	6	NA	NA
TSS_4442	TTGAAT	6.2944089231679	16	TACAAT	3.97274460824439	2.33096242092016	12.5981159523324	7	NA	NA
TSS_4444	TATAAT	1.41870682412958	17	TATGAC	4.46877066793214	2.20233746073453	8.08981495279625	7	-446	ZMOp32x008
TSS_4446	TTGTGC	2.43042400701236	17	TATAAT	7.09248385251849	2.20233746073453	11.7252453202654	5	-13	ZMOp32x009
TSS_4450	TTTAAG	3.7485449007318	17	TATTAC	5.25982377766064	2.20233746073453	11.210706139127	6	NA	NA
TSS_4452	TTGTGC	2.43042400701236	19	TAGATT	3.73480667371778	2.74203777704225	8.90726845777239	7	NA	ZMOp32x011
TSS_4453	TTTTCA	4.1891090543848	17	TAACAA	4.39633298839033	2.20233746073453	10.7877795035097	3	-143	ZMOp32x012
TSS_4456	TGGCGA	0.842907616365666	18	TAAGGA	3.41056345069973	2.33096242092016	6.58443348798555	6	NA	ZMOp32x016
TSS_4457	TTGTAA	5.83072899650475	16	TAGATT	3.73480667371778	2.33096242092016	11.8964980911427	6	NA	NA
TSS_4458	TGGATG	2.24347435285241	20	TATATG	5.06075488619003	3.53508769910899	10.8393169381514	6	NA	NA
TSS_4460	TTATCT	2.00287821127359	16	TAAAAT	6.08822182566433	2.33096242092016	10.4220624578581	3	NA	NA
TSS_4466	TGGCCT	2.44390659071675	17	TATATA	6.24424461521414	2.20233746073453	10.8904886666654	6	-26	ZMOp32x020
TSS_4469	TATACT	1.30345472881994	20	GAAAAT	2.28861640321166	3.53508769910899	7.12715883114059	8	-235	ZMOp32x021
TSS_4471	TTGGTC	2.51171047943206	17	TAATTT	4.74366611945417	2.20233746073453	9.45771405962076	5	-154	ZMOp32x022
TSS_4472	TTGCAT	5.8036967482428	19	TATGAA	5.30141961015365	2.74203777704225	13.8471541354387	6	NA	ZMOp32x022
TSS_4473	TGGCGA	0.842907616365666	19	TAGACC	1.80168745920167	2.74203777704225	5.38663285260958	5	-300	ZMOp32x023
TSS_4474	TTGCGA	4.08744567858207	16	TAAGCT	3.10399006929633	2.33096242092016	9.52239816879855	7	-261	ZMOp32x023
TSS_4475	TTTAAC	3.41305870054971	17	TATTTT	5.74792814630833	2.20233746073453	11.3633243075926	7	NA	ZMOp32x023
TSS_4476	TTCCTT	2.88377099713873	17	TAGTGA	2.44459331392078	2.20233746073453	7.53070177179404	8	NA	ZMOp32x023
TSS_4478	TTTATG	3.96164456825851	20	TAGAAT	4.33119857915687	3.53508769910899	11.8279308465244	5	NA	NA
TSS_4479	TTGATG	5.48801241506882	20	TAAAGA	4.94978036119931	3.53508769910899	13.9728804753771	4	NA	NA
TSS_4480	TTCCAA	2.83520710162391	15	TATAAG	5.65714679162911	2.74203777704225	11.2343916702953	8	NA	NA
TSS_4483	TTCCCA	2.71995500631426	17	TATAAG	5.65714679162911	2.20233746073453	10.5794392586779	5	-452	ZMOp32x033
TSS_4491	TTGTAT	5.66619322449286	16	TAAAAT	6.08822182566433	2.33096242092016	14.0853774710773	4	-26	ZMOp33x001
TSS_4494	TATACA	1.46799050083183	17	TATTGC	4.37322964506088	2.20233746073453	8.04355760662724	6	NA	ZMOp33x002
TSS_4496	TTGTTC	4.52431051621169	17	TATGAT	5.55326694201891	2.20233746073453	12.2799149189651	6	-326	ZMOp33x003
TSS_4497	TTGATT	6.50750859069461	17	TATAAA	6.84063652065323	2.20233746073453	15.5504825720824	6	-28	ZMOp33x004
TSS_4500	ATGACA	1.3239906854276	17	TATATT	6.4960919470794	2.20233746073453	10.0224200932415	7	-17	ZMOp33x005
TSS_4504	TTTCAT	4.27732890143249	16	TATATA	6.24424461521414	2.33096242092016	12.8525359375668	8	-35	ZMOp33x008
TSS_4506	TGGAGT	1.16908401927888	17	TAACAC	3.56368404616881	2.20233746073453	6.93510552618223	6	NA	ZMOp33x010
TSS_4507	TTGCAG	4.784200572617	19	TACTTT	2.62818890203423	2.74203777704225	10.1544272516935	6	-597	ZMOp33x012
TSS_4509	TTGTAA	5.83072899650475	20	TATATC	5.41159567299263	3.53508769910899	14.7774123686064	4	NA	ZMOp33x012
TSS_4510	TTTTCT	4.02457328237291	18	TACGTT	1.83713579230573	2.33096242092016	8.1926714955988	5	-258	ZMOp33x014
TSS_4515	TTGGTG	2.84719667961414	16	TATAGT	6.20588971991873	2.33096242092016	11.384048820453	5	NA	ZMOp33x015
TSS_4517	TTGGAA	3.81812895972512	18	TATATC	5.41159567299263	2.33096242092016	11.5606870536379	7	NA	ZMOp33x015
TSS_4518	TTTAAA	4.93257684836949	17	TACGAA	2.18168036587956	2.20233746073453	9.31659467498358	7	NA	ZMOp33x015
TSS_4520	TTGCAT	5.8036967482428	17	TAATCT	3.89504317902483	2.20233746073453	11.9010773880022	6	-272	ZMOp33x018
TSS_4521	TTGAAG	5.27491274754211	17	TAGAAT	4.33119857915687	2.20233746073453	11.8084487874335	7	NA	ZMOp33x017
TSS_4524	TTGCTG	4.99730024014371	18	TAAGAT	4.54900491516475	2.33096242092016	11.8772675762286	5	NA	ZMOp33x019
TSS_4526	TTGTCT	5.55094112918322	18	TATCAA	5.40059501524449	2.33096242092016	13.2824985653479	7	-119	ZMOp33x021
TSS_4528	TTGACT	6.17915682785826	18	TATCAT	5.65244234710975	2.33096242092016	14.1625615958882	5	-246	ZMOp33x022
TSS_4531	TTATAA	2.28266607859513	15	TATTAT	6.34432005174741	2.74203777704225	11.3690239073848	3	-159	ZMOp33x021
TSS_4533	TTCATG	2.35498699643803	17	TATGCA	3.85640476428523	2.20233746073453	8.41372922145779	5	-113	ZMOp33x022
TSS_4537	TTGGCA	3.70287686441548	17	TATCAG	4.21710528622037	2.20233746073453	10.1223196113704	7	-641	ZMOp33x023
TSS_4538	CTGCCA	1.66515575169417	18	TAAAGC	4.11713141897779	2.33096242092016	8.11324959159212	6	NA	ZMOp33x023
TSS_4539	TGGATC	1.90798815267033	17	TACAAG	2.53740754735502	2.20233746073453	6.64773316075988	5	NA	ZMOp33x023
TSS_4542	TAGATA	3.32271011047849	17	TATCCT	4.20742750124132	2.20233746073453	9.73247507245435	6	NA	NA
TSS_4543	TTCTCC	1.06293333474456	17	TAATTA	4.49181878758891	2.20233746073453	7.757089583068	8	NA	NA
TSS_4546	TTATAA	2.28266607859513	20	TATTTT	5.74792814630833	3.53508769910899	11.5656819240125	6	NA	NA
TSS_4547	TTGATA	6.67204436270651	18	TATAAA	6.84063652065323	2.33096242092016	15.8436433042799	6	NA	NA
TSS_4548	TTGAAT	6.2944089231679	17	TAGCAT	2.89115707374813	2.20233746073453	11.3879034576506	6	NA	NA
TSS_4549	GTGATT	0.75084108208586	15	TATAAG	5.65714679162911	2.74203777704225	9.15002565075722	9	NA	NA
TSS_4550	TTGAAA	6.4589446951798	17	TATAGT	6.20588971991873	2.20233746073453	14.8671718758331	6	NA	NA
TSS_4551	TTGATG	5.48801241506882	20	TAAAGA	4.94978036119931	3.53508769910899	13.9728804753771	5	NA	ZMOp33x024
TSS_4554	TTTTCG	3.00507710674712	17	TAACAG	3.21284325936621	2.20233746073453	8.42025782684786	7	NA	ZMOp33x025
TSS_4557	TTGGAA	3.81812895972512	17	TATACA	5.3956216747848	2.20233746073453	11.4160880952445	6	-16	ZMOp33x027
TSS_4559	TTGTAA	5.83072899650475	16	TAGACT	2.88618373328844	2.33096242092016	11.0478751507134	6	-58	ZMOp33x027
TSS_4560	TTGATT	6.50750859069461	16	TATTTT	5.74792814630833	2.33096242092016	14.5863991579231	7	NA	ZMOp33x028
TSS_4561	TGTTCT	0.780035220156509	16	TAATCT	3.89504317902483	2.33096242092016	7.0060408201015	7	NA	ZMOp33x028
TSS_4562	TTGATT	6.50750859069461	16	TATCAA	5.40059501524449	2.33096242092016	14.2390660268593	5	-116	ZMOp33x031
TSS_4564	TTGAAT	6.2944089231679	16	TAAAGT	5.20162769306457	2.33096242092016	13.8269990371526	6	-294	ZMOp33x030
TSS_4568	TTGACA	6.34369259987015	17	TATAGT	6.20588971991873	2.20233746073453	14.7519197805234	7	-58	ZMOp33x033
TSS_4569	TTCTGA	0.816916736201353	18	TATGGT	4.66667280941915	2.33096242092016	7.81455196654066	6	-330	ZMOp33x032
TSS_4570	TATCCT	0.812742553894834	16	TACCAT	2.53270310283565	2.33096242092016	5.67640807765064	6	NA	ZMOp33x033
TSS_4571	TTATCT	2.00287821127359	18	TATTAA	6.09247271988216	2.33096242092016	10.4263133520759	9	NA	ZMOp33x033
TSS_4572	TTGATC	5.15252621488673	16	TATAAT	7.09248385251849	2.33096242092016	14.5759724883254	6	-53	ZMOp33x035
TSS_4573	TTGGCT	3.53834109240359	20	TAATCT	3.89504317902483	3.53508769910899	10.9684719705374	4	-155	ZMOp33x037
TSS_4574	TTTACG	3.63329280542216	16	TAATTC	3.6591698453674	2.33096242092016	9.62342507170971	7	-274	ZMOp33x035
TSS_4575	TTGGAA	3.81812895972512	17	TATCTT	5.05605044167066	2.20233746073453	11.0765168621303	8	-49	ZMOp33x039
TSS_4576	TTGTTT	5.87929289201957	17	TATAAG	5.65714679162911	2.20233746073453	13.7387771443832	7	NA	NA
TSS_4580	TTGATC	5.15252621488673	17	TAAAGT	5.20162769306457	2.20233746073453	12.5564913686858	7	NA	ZMOp36x008
TSS_4581	TTGAAA	6.4589446951798	16	TAATTT	4.74366611945417	2.33096242092016	13.5335732355541	6	NA	ZMOp36x015
TSS_4584	TGGTAA	2.58619093428835	19	TATATA	6.24424461521414	2.74203777704225	11.5724733265447	3	-32	ZMOp36x048
TSS_4585	TTTATA	5.1456765158962	20	TATATA	6.24424461521414	3.53508769910899	14.9250088302193	3	NA	NA
TSS_4588	TTGCAA	5.96823252025469	18	TAAACG	3.20786991890653	2.33096242092016	11.5070648600814	6	-51	ZMOp36x051
TSS_4589	TTGGAA	3.81812895972512	18	TATAAA	6.84063652065323	2.33096242092016	12.9897279012985	6	-305	ZMOp36x022
TSS_4592	TTGTTG	4.85979671639378	20	TAATTT	4.74366611945417	3.53508769910899	13.1385505349569	6	NA	ZMOp36x025
TSS_4593	TTAAAC	1.3913636294504	20	TATAAA	6.84063652065323	3.53508769910899	11.7670878492126	9	NA	ZMOp36x027
TSS_4598	TTGCAT	5.8036967482428	16	TATAAA	6.84063652065323	2.33096242092016	14.9752956898162	7	-13	ZMOp36x030
TSS_4599	TTTGCT	2.01197324559328	15	GATACA	1.59601625233213	2.74203777704225	6.35002727496766	8	-469	ZMOp36x030
TSS_4600	TTTCTA	4.65496434097109	19	TAAAAT	6.08822182566433	2.74203777704225	13.4852239436777	6	0	ZMOp36x032
TSS_4601	TTGTTA	6.04382866403146	16	TAATGA	4.20161656042824	2.33096242092016	12.5764076453799	6	-71	ZMOp36x033
TSS_4602	TTGTAT	5.66619322449286	18	TATTAA	6.09247271988216	2.33096242092016	14.0896283652952	7	-145	ZMOp36x032
TSS_4603	TTGGAT	3.65359318771323	18	TATTAT	6.34432005174741	2.33096242092016	12.3288756603808	6	-377	ZMOp36x039
TSS_4604	TTTAAA	4.93257684836949	20	TATATT	6.4960919470794	3.53508769910899	14.9637564945579	8	0	ZMOp36x039
TSS_4605	TTTCAT	4.27732890143249	17	TAAATA	5.23998258835998	2.20233746073453	11.719648950527	6	NA	NA
TSS_4606	TTGTTC	4.52431051621169	17	TAACCT	3.20316547438716	2.20233746073453	9.92981345133339	6	NA	NA
TSS_4608	TTGTTT	5.87929289201957	18	TATAAA	6.84063652065323	2.33096242092016	15.050891833593	8	-326	ZMOp39x002
TSS_4609	TTGTTT	5.87929289201957	17	TATAAA	6.84063652065323	2.20233746073453	14.9222668734073	5	NA	NA
TSS_4612	TAGCTT	2.6674621635415	15	TATCAT	5.65244234710975	2.74203777704225	11.0619422876935	5	-80	ZMOp39x005
TSS_4613	TTGAAA	6.4589446951798	17	TATTAT	6.34432005174741	2.20233746073453	15.0056022076617	5	-37	ZMOp39x005
TSS_4615	TGGTAT	2.42165516227646	19	TATATC	5.41159567299263	2.74203777704225	10.5752886123113	7	NA	ZMOp39x007
TSS_4616	TTCATC	2.01950079625595	18	TATATT	6.4960919470794	2.33096242092016	10.8465551642555	6	NA	ZMOp39x007
TSS_4618	TTTTCA	4.1891090543848	20	TAATAT	5.34005802489326	3.53508769910899	13.0642547783871	5	-34	ZMOp39x008
TSS_4619	TTGAAA	6.4589446951798	16	TAATTT	4.74366611945417	2.33096242092016	13.5335732355541	5	-44	ZMOp39x009
TSS_4620	TTGGAT	3.65359318771323	20	TATAAA	6.84063652065323	3.53508769910899	14.0293174074755	4	-24	ZMOp39x009
TSS_4621	TTCACT	3.04613140922748	17	TATCGT	4.76584821450999	2.20233746073453	10.014317084472	6	NA	ZMOp39x016
TSS_4622	TTTGGA	0.410974271242194	15	TAATGC	3.36896761820672	2.74203777704225	6.52197966649117	6	-57	ZMOp39x017
TSS_4623	TTATAG	1.09863413095744	20	GAAAAC	1.20412012912488	3.53508769910899	5.83784195919132	6	NA	NA
TSS_4624	TTTAAA	4.93257684836949	15	TATTTT	5.74792814630833	2.74203777704225	13.4225427717201	7	-245	ZMOp39x020
TSS_4625	TTGCGT	3.92290990657018	16	TAGAAA	4.07935124729161	2.33096242092016	10.3332235747819	5	-214	ZMOp39x020
TSS_4627	TAGAAA	3.10961044295178	17	TATTGT	5.45772591914766	2.20233746073453	10.769673822834	6	-190	ZMOp39x020
TSS_4630	TTGCAT	5.8036967482428	15	TAATAC	4.25556175080648	2.74203777704225	12.8012962760915	8	-19	ZMOp39x026
TSS_4632	TTCATT	3.37448317206383	15	TATAAT	7.09248385251849	2.74203777704225	13.2090048016246	9	NA	NA
TSS_4633	TTGTGA	3.94994215483214	20	TATTTA	5.49608081444307	3.53508769910899	12.9811106683842	4	NA	ZMOp39x027
TSS_4634	TTGCTT	6.01679641576951	19	GATGAC	0.669165245479468	2.74203777704225	9.42799943829123	4	NA	ZMOp39x027
TSS_4636	TTAATG	1.93994949715919	18	TATTGT	5.45772591914766	2.33096242092016	9.728637837227	7	NA	ZMOp39x027
TSS_4639	TTGTAA	5.83072899650475	17	TAAATG	4.05649285933587	2.20233746073453	12.0895593165752	6	NA	NA
TSS_4640	TTGATC	5.15252621488673	16	TATTCT	4.89930520587899	2.33096242092016	12.3827938416859	7	NA	ZMOp39x029
TSS_4641	TTGACA	6.34369259987015	19	TATCAA	5.40059501524449	2.74203777704225	14.4863253921569	5	NA	ZMOp39x029
TSS_4642	TGGCCA	2.60844236272864	19	TATCAT	5.65244234710975	2.74203777704225	11.0029224868806	3	NA	ZMOp39x029
TSS_4643	TTCAAA	3.32591927654901	16	TATAAA	6.84063652065323	2.33096242092016	12.4975182181224	8	-401	ZMOp39x029
TSS_4644	ATGCTT	0.997094501326961	16	TAAATT	5.49182992022524	2.33096242092016	8.81988684247236	6	-35	ZMOp39x030
TSS_4646	TTGCAG	4.784200572617	18	TATAAG	5.65714679162911	2.33096242092016	12.7723097851663	6	-5	ZMOp39x035
TSS_4649	TTGTAT	5.66619322449286	16	TATATG	5.06075488619003	2.33096242092016	13.057910531603	6	NA	ZMOp39x031
TSS_4651	TTTATA	5.1456765158962	20	TAATAT	5.34005802489326	3.53508769910899	14.0208222398984	8	-160	ZMOp39x037
TSS_4652	GTGTTT	0.12262538341082	17	TAGAAT	4.33119857915687	2.20233746073453	6.65616142330222	6	0	ZMOp39x034
TSS_0001	NA	NA	NA	NA	NA	NA	NA	NA	NA	NA
TSS_0005	NA	NA	NA	NA	NA	NA	NA	NA	NA	ZMO0008
TSS_0008	NA	NA	NA	NA	NA	NA	NA	NA	NA	NA
TSS_0010	NA	NA	NA	NA	NA	NA	NA	NA	NA	ZMO0011
TSS_0016	NA	NA	NA	NA	NA	NA	NA	NA	0	ZMO0015
TSS_0017	NA	NA	NA	NA	NA	NA	NA	NA	NA	NA
TSS_0018	NA	NA	NA	NA	NA	NA	NA	NA	-121	ZMO0016
TSS_0020	NA	NA	NA	NA	NA	NA	NA	NA	-31	ZMO0016
TSS_0021	NA	NA	NA	NA	NA	NA	NA	NA	NA	NA
TSS_0022	NA	NA	NA	NA	NA	NA	NA	NA	-29	ZMO0016
TSS_0023	NA	NA	NA	NA	NA	NA	NA	NA	-361	ZMO0017
TSS_0025	NA	NA	NA	NA	NA	NA	NA	NA	-37	ZMO0019
TSS_0026	NA	NA	NA	NA	NA	NA	NA	NA	NA	NA
TSS_0029	NA	NA	NA	NA	NA	NA	NA	NA	NA	ZMO0029
TSS_0034	NA	NA	NA	NA	NA	NA	NA	NA	NA	NA
TSS_0037	NA	NA	NA	NA	NA	NA	NA	NA	NA	NA
TSS_0038	NA	NA	NA	NA	NA	NA	NA	NA	NA	NA
TSS_0040	NA	NA	NA	NA	NA	NA	NA	NA	-35	ZMO0035
TSS_0042	NA	NA	NA	NA	NA	NA	NA	NA	NA	ZMO0035
TSS_0043	NA	NA	NA	NA	NA	NA	NA	NA	-379	ZMO0037
TSS_0044	NA	NA	NA	NA	NA	NA	NA	NA	NA	ZMO0038
TSS_0045	NA	NA	NA	NA	NA	NA	NA	NA	-15	ZMO0038
TSS_0046	NA	NA	NA	NA	NA	NA	NA	NA	NA	NA
TSS_0047	NA	NA	NA	NA	NA	NA	NA	NA	NA	NA
TSS_0048	NA	NA	NA	NA	NA	NA	NA	NA	-62	ZMO0038
TSS_0049	NA	NA	NA	NA	NA	NA	NA	NA	-65	ZMO0038
TSS_0050	NA	NA	NA	NA	NA	NA	NA	NA	-66	ZMO0038
TSS_0051	NA	NA	NA	NA	NA	NA	NA	NA	-79	ZMO0038
TSS_0052	NA	NA	NA	NA	NA	NA	NA	NA	NA	NA
TSS_0053	NA	NA	NA	NA	NA	NA	NA	NA	-81	ZMO0038
TSS_0054	NA	NA	NA	NA	NA	NA	NA	NA	NA	NA
TSS_0055	NA	NA	NA	NA	NA	NA	NA	NA	-135	ZMO0038
TSS_0057	NA	NA	NA	NA	NA	NA	NA	NA	-470	ZMO0040
TSS_0059	NA	NA	NA	NA	NA	NA	NA	NA	-27	ZMO0043
TSS_0060	NA	NA	NA	NA	NA	NA	NA	NA	NA	NA
TSS_0061	NA	NA	NA	NA	NA	NA	NA	NA	NA	ZMO0044
TSS_0071	NA	NA	NA	NA	NA	NA	NA	NA	-92	ZMO0061
TSS_0072	NA	NA	NA	NA	NA	NA	NA	NA	-166	ZMO0061
TSS_0075	NA	NA	NA	NA	NA	NA	NA	NA	NA	NA
TSS_0077	NA	NA	NA	NA	NA	NA	NA	NA	-114	ZMO0068
TSS_0079	NA	NA	NA	NA	NA	NA	NA	NA	-108	ZMO0069
TSS_0080	NA	NA	NA	NA	NA	NA	NA	NA	-94	ZMO0069
TSS_0083	NA	NA	NA	NA	NA	NA	NA	NA	-29	ZMO0073
TSS_0084	NA	NA	NA	NA	NA	NA	NA	NA	-32	ZMO0073
TSS_0086	NA	NA	NA	NA	NA	NA	NA	NA	-166	ZMO0073
TSS_0087	NA	NA	NA	NA	NA	NA	NA	NA	-168	ZMO0073
TSS_0089	NA	NA	NA	NA	NA	NA	NA	NA	NA	NA
TSS_0094	NA	NA	NA	NA	NA	NA	NA	NA	NA	ZMO0081
TSS_0100	NA	NA	NA	NA	NA	NA	NA	NA	NA	ZMO0086
TSS_0101	NA	NA	NA	NA	NA	NA	NA	NA	-22	ZMO0087
TSS_0106	NA	NA	NA	NA	NA	NA	NA	NA	NA	ZMO0090
TSS_0107	NA	NA	NA	NA	NA	NA	NA	NA	-78	ZMO0090
TSS_0108	NA	NA	NA	NA	NA	NA	NA	NA	-109	ZMO0094
TSS_0109	NA	NA	NA	NA	NA	NA	NA	NA	NA	ZMO0094
TSS_0110	NA	NA	NA	NA	NA	NA	NA	NA	-25	ZMO0095
TSS_0114	NA	NA	NA	NA	NA	NA	NA	NA	-317	ZMO0096
TSS_0115	NA	NA	NA	NA	NA	NA	NA	NA	NA	ZMO0099
TSS_0118	NA	NA	NA	NA	NA	NA	NA	NA	-344	ZMO0105
TSS_0121	NA	NA	NA	NA	NA	NA	NA	NA	-13	ZMO0105
TSS_0123	NA	NA	NA	NA	NA	NA	NA	NA	NA	ZMO0107
TSS_0124	NA	NA	NA	NA	NA	NA	NA	NA	-97	ZMO0107
TSS_0131	NA	NA	NA	NA	NA	NA	NA	NA	NA	ZMO0109
TSS_0132	NA	NA	NA	NA	NA	NA	NA	NA	NA	ZMO0110
TSS_0134	NA	NA	NA	NA	NA	NA	NA	NA	NA	ZMO0110
TSS_0137	NA	NA	NA	NA	NA	NA	NA	NA	0	ZMO0111
TSS_0139	NA	NA	NA	NA	NA	NA	NA	NA	-18	ZMO0113
TSS_0140	NA	NA	NA	NA	NA	NA	NA	NA	-72	ZMO0115
TSS_0141	NA	NA	NA	NA	NA	NA	NA	NA	NA	NA
TSS_0142	NA	NA	NA	NA	NA	NA	NA	NA	NA	NA
TSS_0145	NA	NA	NA	NA	NA	NA	NA	NA	NA	NA
TSS_0147	NA	NA	NA	NA	NA	NA	NA	NA	-122	ZMO0120
TSS_0149	NA	NA	NA	NA	NA	NA	NA	NA	-106	ZMO0120
TSS_0151	NA	NA	NA	NA	NA	NA	NA	NA	-393	ZMO0121
TSS_0154	NA	NA	NA	NA	NA	NA	NA	NA	-107	ZMO0122
TSS_0155	NA	NA	NA	NA	NA	NA	NA	NA	NA	NA
TSS_0156	NA	NA	NA	NA	NA	NA	NA	NA	-104	ZMO0122
TSS_0157	NA	NA	NA	NA	NA	NA	NA	NA	NA	ZMO0124
TSS_0158	NA	NA	NA	NA	NA	NA	NA	NA	NA	NA
TSS_0159	NA	NA	NA	NA	NA	NA	NA	NA	NA	ZMOt001
TSS_0160	NA	NA	NA	NA	NA	NA	NA	NA	NA	NA
TSS_0161	NA	NA	NA	NA	NA	NA	NA	NA	NA	ZMO0127
TSS_0162	NA	NA	NA	NA	NA	NA	NA	NA	NA	ZMO0127
TSS_0164	NA	NA	NA	NA	NA	NA	NA	NA	NA	ZMO0128
TSS_0165	NA	NA	NA	NA	NA	NA	NA	NA	-44	ZMO0128
TSS_0169	NA	NA	NA	NA	NA	NA	NA	NA	NA	ZMO0130
TSS_0172	NA	NA	NA	NA	NA	NA	NA	NA	-58	ZMO0130
TSS_0175	NA	NA	NA	NA	NA	NA	NA	NA	-367	ZMO2040
TSS_0178	NA	NA	NA	NA	NA	NA	NA	NA	-51	ZMO2041
TSS_0179	NA	NA	NA	NA	NA	NA	NA	NA	NA	NA
TSS_0181	NA	NA	NA	NA	NA	NA	NA	NA	NA	NA
TSS_0182	NA	NA	NA	NA	NA	NA	NA	NA	NA	ZMO2041
TSS_0185	NA	NA	NA	NA	NA	NA	NA	NA	NA	ZMO0137
TSS_0189	NA	NA	NA	NA	NA	NA	NA	NA	NA	ZMO0137
TSS_0194	NA	NA	NA	NA	NA	NA	NA	NA	-74	ZMO0140
TSS_0195	NA	NA	NA	NA	NA	NA	NA	NA	-71	ZMO0142
TSS_0199	NA	NA	NA	NA	NA	NA	NA	NA	-66	ZMO0144
TSS_0201	NA	NA	NA	NA	NA	NA	NA	NA	-49	ZMO0148
TSS_0202	NA	NA	NA	NA	NA	NA	NA	NA	-195	ZMO0148
TSS_0203	NA	NA	NA	NA	NA	NA	NA	NA	NA	NA
TSS_0204	NA	NA	NA	NA	NA	NA	NA	NA	NA	NA
TSS_0207	NA	NA	NA	NA	NA	NA	NA	NA	-34	ZMO0152
TSS_0208	NA	NA	NA	NA	NA	NA	NA	NA	-43	ZMO0152
TSS_0209	NA	NA	NA	NA	NA	NA	NA	NA	-53	ZMO0152
TSS_0210	NA	NA	NA	NA	NA	NA	NA	NA	-79	ZMO0152
TSS_0211	NA	NA	NA	NA	NA	NA	NA	NA	NA	NA
TSS_0212	NA	NA	NA	NA	NA	NA	NA	NA	-81	ZMO0152
TSS_0213	NA	NA	NA	NA	NA	NA	NA	NA	NA	NA
TSS_0214	NA	NA	NA	NA	NA	NA	NA	NA	-99	ZMO2043
TSS_0216	NA	NA	NA	NA	NA	NA	NA	NA	-29	ZMO2043
TSS_0217	NA	NA	NA	NA	NA	NA	NA	NA	NA	NA
TSS_0219	NA	NA	NA	NA	NA	NA	NA	NA	NA	NA
TSS_0220	NA	NA	NA	NA	NA	NA	NA	NA	NA	NA
TSS_0221	NA	NA	NA	NA	NA	NA	NA	NA	-278	ZMO0153
TSS_0223	NA	NA	NA	NA	NA	NA	NA	NA	NA	ZMO0156
TSS_0224	NA	NA	NA	NA	NA	NA	NA	NA	-24	ZMO0156
TSS_0225	NA	NA	NA	NA	NA	NA	NA	NA	-29	ZMO0156
TSS_0226	NA	NA	NA	NA	NA	NA	NA	NA	NA	NA
TSS_0227	NA	NA	NA	NA	NA	NA	NA	NA	-31	ZMO0156
TSS_0228	NA	NA	NA	NA	NA	NA	NA	NA	-39	ZMO0156
TSS_0229	NA	NA	NA	NA	NA	NA	NA	NA	-41	ZMO0156
TSS_0230	NA	NA	NA	NA	NA	NA	NA	NA	-55	ZMO0156
TSS_0231	NA	NA	NA	NA	NA	NA	NA	NA	NA	ZMO0157
TSS_0232	NA	NA	NA	NA	NA	NA	NA	NA	NA	NA
TSS_0233	NA	NA	NA	NA	NA	NA	NA	NA	NA	NA
TSS_0235	NA	NA	NA	NA	NA	NA	NA	NA	0	ZMO0158
TSS_0236	NA	NA	NA	NA	NA	NA	NA	NA	-547	ZMO0160
TSS_0238	NA	NA	NA	NA	NA	NA	NA	NA	NA	ZMO0164
TSS_0239	NA	NA	NA	NA	NA	NA	NA	NA	-542	ZMO0165
TSS_0241	NA	NA	NA	NA	NA	NA	NA	NA	-39	ZMO0165
TSS_0242	NA	NA	NA	NA	NA	NA	NA	NA	-37	ZMO0165
TSS_0244	NA	NA	NA	NA	NA	NA	NA	NA	NA	NA
TSS_0246	NA	NA	NA	NA	NA	NA	NA	NA	-84	ZMO0166
TSS_0249	NA	NA	NA	NA	NA	NA	NA	NA	NA	ZMO0166
TSS_0251	NA	NA	NA	NA	NA	NA	NA	NA	NA	ZMO0166
TSS_0252	NA	NA	NA	NA	NA	NA	NA	NA	NA	ZMO0166
TSS_0254	NA	NA	NA	NA	NA	NA	NA	NA	NA	ZMO0168
TSS_0256	NA	NA	NA	NA	NA	NA	NA	NA	NA	NA
TSS_0257	NA	NA	NA	NA	NA	NA	NA	NA	NA	NA
TSS_0258	NA	NA	NA	NA	NA	NA	NA	NA	NA	NA
TSS_0260	NA	NA	NA	NA	NA	NA	NA	NA	NA	NA
TSS_0261	NA	NA	NA	NA	NA	NA	NA	NA	NA	NA
TSS_0263	NA	NA	NA	NA	NA	NA	NA	NA	NA	NA
TSS_0264	NA	NA	NA	NA	NA	NA	NA	NA	-108	ZMO0169
TSS_0268	NA	NA	NA	NA	NA	NA	NA	NA	NA	ZMO0172
TSS_0269	NA	NA	NA	NA	NA	NA	NA	NA	NA	ZMO0174
TSS_0270	NA	NA	NA	NA	NA	NA	NA	NA	NA	ZMO0174
TSS_0271	NA	NA	NA	NA	NA	NA	NA	NA	NA	NA
TSS_0272	NA	NA	NA	NA	NA	NA	NA	NA	NA	NA
TSS_0273	NA	NA	NA	NA	NA	NA	NA	NA	NA	NA
TSS_0275	NA	NA	NA	NA	NA	NA	NA	NA	NA	NA
TSS_0276	NA	NA	NA	NA	NA	NA	NA	NA	NA	NA
TSS_0277	NA	NA	NA	NA	NA	NA	NA	NA	NA	ZMO0174
TSS_0278	NA	NA	NA	NA	NA	NA	NA	NA	-39	ZMO0173
TSS_0279	NA	NA	NA	NA	NA	NA	NA	NA	-46	ZMO0173
TSS_0282	NA	NA	NA	NA	NA	NA	NA	NA	-82	ZMO0173
TSS_0283	NA	NA	NA	NA	NA	NA	NA	NA	-142	ZMO0173
TSS_0285	NA	NA	NA	NA	NA	NA	NA	NA	-32	ZMO0174
TSS_0291	NA	NA	NA	NA	NA	NA	NA	NA	NA	NA
TSS_0292	NA	NA	NA	NA	NA	NA	NA	NA	-183	ZMO0177
TSS_0293	NA	NA	NA	NA	NA	NA	NA	NA	NA	NA
TSS_0294	NA	NA	NA	NA	NA	NA	NA	NA	-181	ZMO0177
TSS_0295	NA	NA	NA	NA	NA	NA	NA	NA	NA	NA
TSS_0296	NA	NA	NA	NA	NA	NA	NA	NA	-174	ZMO0177
TSS_0297	NA	NA	NA	NA	NA	NA	NA	NA	-160	ZMO0177
TSS_0298	NA	NA	NA	NA	NA	NA	NA	NA	-157	ZMO0177
TSS_0299	NA	NA	NA	NA	NA	NA	NA	NA	NA	NA
TSS_0301	NA	NA	NA	NA	NA	NA	NA	NA	NA	NA
TSS_0303	NA	NA	NA	NA	NA	NA	NA	NA	NA	NA
TSS_0304	NA	NA	NA	NA	NA	NA	NA	NA	-115	ZMO0177
TSS_0305	NA	NA	NA	NA	NA	NA	NA	NA	NA	NA
TSS_0306	NA	NA	NA	NA	NA	NA	NA	NA	NA	NA
TSS_0307	NA	NA	NA	NA	NA	NA	NA	NA	NA	NA
TSS_0308	NA	NA	NA	NA	NA	NA	NA	NA	-76	ZMO0177
TSS_0309	NA	NA	NA	NA	NA	NA	NA	NA	NA	NA
TSS_0312	NA	NA	NA	NA	NA	NA	NA	NA	NA	ZMO0177
TSS_0313	NA	NA	NA	NA	NA	NA	NA	NA	NA	ZMO0177
TSS_0315	NA	NA	NA	NA	NA	NA	NA	NA	NA	ZMO0177
TSS_0316	NA	NA	NA	NA	NA	NA	NA	NA	NA	NA
TSS_0318	NA	NA	NA	NA	NA	NA	NA	NA	NA	ZMO0177
TSS_0319	NA	NA	NA	NA	NA	NA	NA	NA	-640	ZMO0178
TSS_0320	NA	NA	NA	NA	NA	NA	NA	NA	-588	ZMO0178
TSS_0321	NA	NA	NA	NA	NA	NA	NA	NA	-584	ZMO0178
TSS_0322	NA	NA	NA	NA	NA	NA	NA	NA	-355	ZMO0178
TSS_0328	NA	NA	NA	NA	NA	NA	NA	NA	NA	NA
TSS_0329	NA	NA	NA	NA	NA	NA	NA	NA	NA	NA
TSS_0333	NA	NA	NA	NA	NA	NA	NA	NA	-183	ZMO0182
TSS_0334	NA	NA	NA	NA	NA	NA	NA	NA	-173	ZMO0182
TSS_0335	NA	NA	NA	NA	NA	NA	NA	NA	-168	ZMO0182
TSS_0336	NA	NA	NA	NA	NA	NA	NA	NA	-160	ZMO0182
TSS_0339	NA	NA	NA	NA	NA	NA	NA	NA	NA	NA
TSS_0341	NA	NA	NA	NA	NA	NA	NA	NA	NA	NA
TSS_0342	NA	NA	NA	NA	NA	NA	NA	NA	NA	ZMO0183
TSS_0343	NA	NA	NA	NA	NA	NA	NA	NA	NA	ZMO0183
TSS_0345	NA	NA	NA	NA	NA	NA	NA	NA	-136	ZMO0183
TSS_0347	NA	NA	NA	NA	NA	NA	NA	NA	-74	ZMO0184
TSS_0348	NA	NA	NA	NA	NA	NA	NA	NA	NA	NA
TSS_0349	NA	NA	NA	NA	NA	NA	NA	NA	NA	NA
TSS_0350	NA	NA	NA	NA	NA	NA	NA	NA	-63	ZMO0184
TSS_0351	NA	NA	NA	NA	NA	NA	NA	NA	NA	NA
TSS_0352	NA	NA	NA	NA	NA	NA	NA	NA	NA	NA
TSS_0353	NA	NA	NA	NA	NA	NA	NA	NA	-55	ZMO0184
TSS_0354	NA	NA	NA	NA	NA	NA	NA	NA	NA	NA
TSS_0355	NA	NA	NA	NA	NA	NA	NA	NA	-53	ZMO0184
TSS_0356	NA	NA	NA	NA	NA	NA	NA	NA	NA	NA
TSS_0357	NA	NA	NA	NA	NA	NA	NA	NA	NA	NA
TSS_0358	NA	NA	NA	NA	NA	NA	NA	NA	-50	ZMO0184
TSS_0359	NA	NA	NA	NA	NA	NA	NA	NA	-49	ZMO0184
TSS_0361	NA	NA	NA	NA	NA	NA	NA	NA	-377	ZMO0186
TSS_0362	NA	NA	NA	NA	NA	NA	NA	NA	NA	NA
TSS_0363	NA	NA	NA	NA	NA	NA	NA	NA	-340	ZMO0186
TSS_0364	NA	NA	NA	NA	NA	NA	NA	NA	-330	ZMO0186
TSS_0365	NA	NA	NA	NA	NA	NA	NA	NA	-325	ZMO0186
TSS_0366	NA	NA	NA	NA	NA	NA	NA	NA	-322	ZMO0186
TSS_0368	NA	NA	NA	NA	NA	NA	NA	NA	NA	ZMO0186
TSS_0373	NA	NA	NA	NA	NA	NA	NA	NA	NA	NA
TSS_0376	NA	NA	NA	NA	NA	NA	NA	NA	NA	ZMO0189
TSS_0377	NA	NA	NA	NA	NA	NA	NA	NA	-10	ZMO0189
TSS_0378	NA	NA	NA	NA	NA	NA	NA	NA	NA	NA
TSS_0381	NA	NA	NA	NA	NA	NA	NA	NA	-38	ZMO0192
TSS_0382	NA	NA	NA	NA	NA	NA	NA	NA	NA	ZMO0193
TSS_0384	NA	NA	NA	NA	NA	NA	NA	NA	-51	ZMO0193
TSS_0385	NA	NA	NA	NA	NA	NA	NA	NA	NA	NA
TSS_0386	NA	NA	NA	NA	NA	NA	NA	NA	NA	NA
TSS_0388	NA	NA	NA	NA	NA	NA	NA	NA	-426	ZMO0197
TSS_0391	NA	NA	NA	NA	NA	NA	NA	NA	NA	NA
TSS_0393	NA	NA	NA	NA	NA	NA	NA	NA	NA	NA
TSS_0395	NA	NA	NA	NA	NA	NA	NA	NA	NA	ZMO0198
TSS_0398	NA	NA	NA	NA	NA	NA	NA	NA	-30	ZMO0201
TSS_0402	NA	NA	NA	NA	NA	NA	NA	NA	-37	ZMO0202
TSS_0403	NA	NA	NA	NA	NA	NA	NA	NA	NA	ZMO0202
TSS_0406	NA	NA	NA	NA	NA	NA	NA	NA	-298	ZMO0207
TSS_0408	NA	NA	NA	NA	NA	NA	NA	NA	NA	NA
TSS_0410	NA	NA	NA	NA	NA	NA	NA	NA	-81	ZMO0209
TSS_0411	NA	NA	NA	NA	NA	NA	NA	NA	NA	NA
TSS_0412	NA	NA	NA	NA	NA	NA	NA	NA	NA	NA
TSS_0414	NA	NA	NA	NA	NA	NA	NA	NA	NA	NA
TSS_0415	NA	NA	NA	NA	NA	NA	NA	NA	-12	ZMO0211
TSS_0419	NA	NA	NA	NA	NA	NA	NA	NA	-37	ZMO0215
TSS_0420	NA	NA	NA	NA	NA	NA	NA	NA	-35	ZMO0215
TSS_0421	NA	NA	NA	NA	NA	NA	NA	NA	-640	ZMO0220
TSS_0422	NA	NA	NA	NA	NA	NA	NA	NA	-637	ZMO0220
TSS_0423	NA	NA	NA	NA	NA	NA	NA	NA	-140	ZMO0220
TSS_0425	NA	NA	NA	NA	NA	NA	NA	NA	NA	NA
TSS_0426	NA	NA	NA	NA	NA	NA	NA	NA	NA	ZMO0220
TSS_0427	NA	NA	NA	NA	NA	NA	NA	NA	NA	NA
TSS_0428	NA	NA	NA	NA	NA	NA	NA	NA	NA	NA
TSS_0431	NA	NA	NA	NA	NA	NA	NA	NA	NA	NA
TSS_0432	NA	NA	NA	NA	NA	NA	NA	NA	-66	ZMO0221
TSS_0435	NA	NA	NA	NA	NA	NA	NA	NA	-4	ZMO0225
TSS_0436	NA	NA	NA	NA	NA	NA	NA	NA	-182	ZMO0226
TSS_0440	NA	NA	NA	NA	NA	NA	NA	NA	-345	ZMO0230
TSS_0441	NA	NA	NA	NA	NA	NA	NA	NA	NA	NA
TSS_0442	NA	NA	NA	NA	NA	NA	NA	NA	-140	ZMO0231
TSS_0443	NA	NA	NA	NA	NA	NA	NA	NA	NA	NA
TSS_0444	NA	NA	NA	NA	NA	NA	NA	NA	NA	NA
TSS_0445	NA	NA	NA	NA	NA	NA	NA	NA	NA	ZMO0231
TSS_0446	NA	NA	NA	NA	NA	NA	NA	NA	NA	ZMOt003
TSS_0447	NA	NA	NA	NA	NA	NA	NA	NA	NA	ZMO0234
TSS_0448	NA	NA	NA	NA	NA	NA	NA	NA	-111	ZMO0234
TSS_0450	NA	NA	NA	NA	NA	NA	NA	NA	-148	ZMO0234
TSS_0451	NA	NA	NA	NA	NA	NA	NA	NA	-180	ZMO0234
TSS_0452	NA	NA	NA	NA	NA	NA	NA	NA	NA	NA
TSS_0455	NA	NA	NA	NA	NA	NA	NA	NA	NA	NA
TSS_0456	NA	NA	NA	NA	NA	NA	NA	NA	NA	NA
TSS_0458	NA	NA	NA	NA	NA	NA	NA	NA	NA	NA
TSS_0460	NA	NA	NA	NA	NA	NA	NA	NA	-32	ZMO0239
TSS_0461	NA	NA	NA	NA	NA	NA	NA	NA	NA	ZMO0239
TSS_0462	NA	NA	NA	NA	NA	NA	NA	NA	-590	ZMO2046
TSS_0463	NA	NA	NA	NA	NA	NA	NA	NA	-437	ZMO0240
TSS_0464	NA	NA	NA	NA	NA	NA	NA	NA	-426	ZMO0240
TSS_0465	NA	NA	NA	NA	NA	NA	NA	NA	-142	ZMO0240
TSS_0466	NA	NA	NA	NA	NA	NA	NA	NA	-187	ZMO0241
TSS_0468	NA	NA	NA	NA	NA	NA	NA	NA	-127	ZMO0241
TSS_0469	NA	NA	NA	NA	NA	NA	NA	NA	-312	ZMO0242
TSS_0470	NA	NA	NA	NA	NA	NA	NA	NA	-309	ZMO0242
TSS_0472	NA	NA	NA	NA	NA	NA	NA	NA	-76	ZMO0244
TSS_0473	NA	NA	NA	NA	NA	NA	NA	NA	-152	ZMO0244
TSS_0474	NA	NA	NA	NA	NA	NA	NA	NA	-173	ZMO0244
TSS_0476	NA	NA	NA	NA	NA	NA	NA	NA	-176	ZMO0244
TSS_0477	NA	NA	NA	NA	NA	NA	NA	NA	-177	ZMO0244
TSS_0478	NA	NA	NA	NA	NA	NA	NA	NA	NA	NA
TSS_0479	NA	NA	NA	NA	NA	NA	NA	NA	NA	NA
TSS_0480	NA	NA	NA	NA	NA	NA	NA	NA	-200	ZMO0244
TSS_0481	NA	NA	NA	NA	NA	NA	NA	NA	-207	ZMO0244
TSS_0482	NA	NA	NA	NA	NA	NA	NA	NA	-209	ZMO0244
TSS_0483	NA	NA	NA	NA	NA	NA	NA	NA	NA	NA
TSS_0484	NA	NA	NA	NA	NA	NA	NA	NA	-212	ZMO0244
TSS_0485	NA	NA	NA	NA	NA	NA	NA	NA	-217	ZMO0244
TSS_0486	NA	NA	NA	NA	NA	NA	NA	NA	-219	ZMO0244
TSS_0489	NA	NA	NA	NA	NA	NA	NA	NA	-580	ZMO0249
TSS_0491	NA	NA	NA	NA	NA	NA	NA	NA	NA	NA
TSS_0492	NA	NA	NA	NA	NA	NA	NA	NA	-81	ZMO0249
TSS_0493	NA	NA	NA	NA	NA	NA	NA	NA	NA	NA
TSS_0494	NA	NA	NA	NA	NA	NA	NA	NA	-77	ZMO0249
TSS_0498	NA	NA	NA	NA	NA	NA	NA	NA	-27	ZMO0250
TSS_0502	NA	NA	NA	NA	NA	NA	NA	NA	NA	ZMO0252
TSS_0505	NA	NA	NA	NA	NA	NA	NA	NA	NA	ZMO0252
TSS_0506	NA	NA	NA	NA	NA	NA	NA	NA	NA	ZMO0252
TSS_0509	NA	NA	NA	NA	NA	NA	NA	NA	NA	ZMO0252
TSS_0510	NA	NA	NA	NA	NA	NA	NA	NA	NA	ZMO0253
TSS_0511	NA	NA	NA	NA	NA	NA	NA	NA	NA	NA
TSS_0513	NA	NA	NA	NA	NA	NA	NA	NA	-36	ZMO0256
TSS_0514	NA	NA	NA	NA	NA	NA	NA	NA	NA	NA
TSS_0515	NA	NA	NA	NA	NA	NA	NA	NA	NA	NA
TSS_0516	NA	NA	NA	NA	NA	NA	NA	NA	NA	NA
TSS_0517	NA	NA	NA	NA	NA	NA	NA	NA	NA	NA
TSS_0518	NA	NA	NA	NA	NA	NA	NA	NA	NA	NA
TSS_0519	NA	NA	NA	NA	NA	NA	NA	NA	NA	Zms20
TSS_0520	NA	NA	NA	NA	NA	NA	NA	NA	NA	NA
TSS_0522	NA	NA	NA	NA	NA	NA	NA	NA	NA	Zms20
TSS_0523	NA	NA	NA	NA	NA	NA	NA	NA	NA	Zms20
TSS_0526	NA	NA	NA	NA	NA	NA	NA	NA	NA	ZMO0262
TSS_0527	NA	NA	NA	NA	NA	NA	NA	NA	NA	NA
TSS_0531	NA	NA	NA	NA	NA	NA	NA	NA	NA	ZMO0266
TSS_0532	NA	NA	NA	NA	NA	NA	NA	NA	NA	ZMO0266
TSS_0533	NA	NA	NA	NA	NA	NA	NA	NA	NA	NA
TSS_0534	NA	NA	NA	NA	NA	NA	NA	NA	-453	ZMO0266
TSS_0536	NA	NA	NA	NA	NA	NA	NA	NA	-455	ZMO0268
TSS_0541	NA	NA	NA	NA	NA	NA	NA	NA	-194	ZMO0273
TSS_0542	NA	NA	NA	NA	NA	NA	NA	NA	-188	ZMO0273
TSS_0543	NA	NA	NA	NA	NA	NA	NA	NA	NA	ZMO0273
TSS_0544	NA	NA	NA	NA	NA	NA	NA	NA	-138	ZMO0274
TSS_0546	NA	NA	NA	NA	NA	NA	NA	NA	NA	NA
TSS_0548	NA	NA	NA	NA	NA	NA	NA	NA	-464	ZMO0277
TSS_0549	NA	NA	NA	NA	NA	NA	NA	NA	-466	ZMO0277
TSS_0550	NA	NA	NA	NA	NA	NA	NA	NA	-592	ZMO0277
TSS_0552	NA	NA	NA	NA	NA	NA	NA	NA	-110	ZMO0279
TSS_0553	NA	NA	NA	NA	NA	NA	NA	NA	NA	NA
TSS_0554	NA	NA	NA	NA	NA	NA	NA	NA	NA	NA
TSS_0555	NA	NA	NA	NA	NA	NA	NA	NA	NA	NA
TSS_0556	NA	NA	NA	NA	NA	NA	NA	NA	NA	NA
TSS_0557	NA	NA	NA	NA	NA	NA	NA	NA	-97	ZMO0279
TSS_0558	NA	NA	NA	NA	NA	NA	NA	NA	NA	NA
TSS_0559	NA	NA	NA	NA	NA	NA	NA	NA	-95	ZMO0279
TSS_0560	NA	NA	NA	NA	NA	NA	NA	NA	NA	NA
TSS_0561	NA	NA	NA	NA	NA	NA	NA	NA	NA	NA
TSS_0562	NA	NA	NA	NA	NA	NA	NA	NA	-87	ZMO0279
TSS_0563	NA	NA	NA	NA	NA	NA	NA	NA	-298	ZMO0278
TSS_0564	NA	NA	NA	NA	NA	NA	NA	NA	NA	ZMO0279
TSS_0565	NA	NA	NA	NA	NA	NA	NA	NA	-381	ZMO0278
TSS_0566	NA	NA	NA	NA	NA	NA	NA	NA	NA	ZMO0279
TSS_0567	NA	NA	NA	NA	NA	NA	NA	NA	NA	ZMO0279
TSS_0570	NA	NA	NA	NA	NA	NA	NA	NA	-106	ZMO0282
TSS_0571	NA	NA	NA	NA	NA	NA	NA	NA	NA	NA
TSS_0573	NA	NA	NA	NA	NA	NA	NA	NA	NA	NA
TSS_0577	NA	NA	NA	NA	NA	NA	NA	NA	-25	ZMO0286
TSS_0578	NA	NA	NA	NA	NA	NA	NA	NA	-27	ZMO0286
TSS_0581	NA	NA	NA	NA	NA	NA	NA	NA	-556	ZMO0286
TSS_0585	NA	NA	NA	NA	NA	NA	NA	NA	NA	ZMO0291
TSS_0588	NA	NA	NA	NA	NA	NA	NA	NA	NA	NA
TSS_0590	NA	NA	NA	NA	NA	NA	NA	NA	-83	ZMO0294
TSS_0591	NA	NA	NA	NA	NA	NA	NA	NA	NA	NA
TSS_0592	NA	NA	NA	NA	NA	NA	NA	NA	NA	NA
TSS_0595	NA	NA	NA	NA	NA	NA	NA	NA	-23	ZMO0297
TSS_0597	NA	NA	NA	NA	NA	NA	NA	NA	-129	ZMO0300
TSS_0604	NA	NA	NA	NA	NA	NA	NA	NA	NA	ZMO0309
TSS_0605	NA	NA	NA	NA	NA	NA	NA	NA	NA	ZMO0309
TSS_0608	NA	NA	NA	NA	NA	NA	NA	NA	-63	ZMO0311
TSS_0609	NA	NA	NA	NA	NA	NA	NA	NA	-77	ZMO0313
TSS_0611	NA	NA	NA	NA	NA	NA	NA	NA	-387	ZMO0314
TSS_0613	NA	NA	NA	NA	NA	NA	NA	NA	-30	ZMO0318
TSS_0614	NA	NA	NA	NA	NA	NA	NA	NA	NA	NA
TSS_0615	NA	NA	NA	NA	NA	NA	NA	NA	-24	ZMO0318
TSS_0616	NA	NA	NA	NA	NA	NA	NA	NA	NA	ZMO0318
TSS_0618	NA	NA	NA	NA	NA	NA	NA	NA	NA	NA
TSS_0619	NA	NA	NA	NA	NA	NA	NA	NA	NA	ZMOt004
TSS_0620	NA	NA	NA	NA	NA	NA	NA	NA	NA	NA
TSS_0622	NA	NA	NA	NA	NA	NA	NA	NA	NA	NA
TSS_0627	NA	NA	NA	NA	NA	NA	NA	NA	NA	ZMO0323
TSS_0629	NA	NA	NA	NA	NA	NA	NA	NA	NA	ZMO0323
TSS_0631	NA	NA	NA	NA	NA	NA	NA	NA	NA	NA
TSS_0635	NA	NA	NA	NA	NA	NA	NA	NA	NA	ZMO0327
TSS_0638	NA	NA	NA	NA	NA	NA	NA	NA	NA	NA
TSS_0639	NA	NA	NA	NA	NA	NA	NA	NA	NA	ZMO2048
TSS_0640	NA	NA	NA	NA	NA	NA	NA	NA	NA	NA
TSS_0642	NA	NA	NA	NA	NA	NA	NA	NA	-75	ZMO0331
TSS_0643	NA	NA	NA	NA	NA	NA	NA	NA	-73	ZMO0331
TSS_0648	NA	NA	NA	NA	NA	NA	NA	NA	-66	ZMO0335
TSS_0650	NA	NA	NA	NA	NA	NA	NA	NA	-43	ZMO0336
TSS_0651	NA	NA	NA	NA	NA	NA	NA	NA	-32	ZMO0339
TSS_0652	NA	NA	NA	NA	NA	NA	NA	NA	-30	ZMO0339
TSS_0654	NA	NA	NA	NA	NA	NA	NA	NA	NA	ZMO0342
TSS_0658	NA	NA	NA	NA	NA	NA	NA	NA	-92	ZMO0343
TSS_0662	NA	NA	NA	NA	NA	NA	NA	NA	NA	NA
TSS_0663	NA	NA	NA	NA	NA	NA	NA	NA	NA	ZMO0344
TSS_0664	NA	NA	NA	NA	NA	NA	NA	NA	-495	ZMO0345
TSS_0665	NA	NA	NA	NA	NA	NA	NA	NA	-489	ZMO0345
TSS_0668	NA	NA	NA	NA	NA	NA	NA	NA	-96	ZMO0346
TSS_0669	NA	NA	NA	NA	NA	NA	NA	NA	NA	NA
TSS_0671	NA	NA	NA	NA	NA	NA	NA	NA	-92	ZMO0346
TSS_0672	NA	NA	NA	NA	NA	NA	NA	NA	-88	ZMO0346
TSS_0673	NA	NA	NA	NA	NA	NA	NA	NA	-84	ZMO0346
TSS_0674	NA	NA	NA	NA	NA	NA	NA	NA	NA	ZMO0346
TSS_0675	NA	NA	NA	NA	NA	NA	NA	NA	NA	ZMO0346
TSS_0677	NA	NA	NA	NA	NA	NA	NA	NA	-485	ZMO0347
TSS_0680	NA	NA	NA	NA	NA	NA	NA	NA	-96	ZMO0347
TSS_0684	NA	NA	NA	NA	NA	NA	NA	NA	NA	NA
TSS_0686	NA	NA	NA	NA	NA	NA	NA	NA	-61	ZMO0350
TSS_0688	NA	NA	NA	NA	NA	NA	NA	NA	NA	ZMO0351
TSS_0689	NA	NA	NA	NA	NA	NA	NA	NA	-221	ZMO0352
TSS_0690	NA	NA	NA	NA	NA	NA	NA	NA	-67	ZMO0352
TSS_0693	NA	NA	NA	NA	NA	NA	NA	NA	-379	ZMO0353
TSS_0694	NA	NA	NA	NA	NA	NA	NA	NA	-377	ZMO0353
TSS_0696	NA	NA	NA	NA	NA	NA	NA	NA	-105	ZMO0353
TSS_0698	NA	NA	NA	NA	NA	NA	NA	NA	-229	ZMO0355
TSS_0699	NA	NA	NA	NA	NA	NA	NA	NA	NA	NA
TSS_0703	NA	NA	NA	NA	NA	NA	NA	NA	NA	ZMO0355
TSS_0705	NA	NA	NA	NA	NA	NA	NA	NA	-208	ZMO0357
TSS_0711	NA	NA	NA	NA	NA	NA	NA	NA	-149	ZMO0361
TSS_0713	NA	NA	NA	NA	NA	NA	NA	NA	0	ZMO0362
TSS_0716	NA	NA	NA	NA	NA	NA	NA	NA	-52	ZMO0363
TSS_0718	NA	NA	NA	NA	NA	NA	NA	NA	-37	ZMO0363
TSS_0720	NA	NA	NA	NA	NA	NA	NA	NA	-4	ZMO0363
TSS_0721	NA	NA	NA	NA	NA	NA	NA	NA	NA	ZMO0363
TSS_0725	NA	NA	NA	NA	NA	NA	NA	NA	-171	ZMO0366
TSS_0726	NA	NA	NA	NA	NA	NA	NA	NA	-168	ZMO0366
TSS_0727	NA	NA	NA	NA	NA	NA	NA	NA	-158	ZMO0366
TSS_0728	NA	NA	NA	NA	NA	NA	NA	NA	NA	NA
TSS_0729	NA	NA	NA	NA	NA	NA	NA	NA	-146	ZMO0366
TSS_0730	NA	NA	NA	NA	NA	NA	NA	NA	-145	ZMO0366
TSS_0732	NA	NA	NA	NA	NA	NA	NA	NA	NA	NA
TSS_0733	NA	NA	NA	NA	NA	NA	NA	NA	-123	ZMO0366
TSS_0734	NA	NA	NA	NA	NA	NA	NA	NA	-122	ZMO0366
TSS_0735	NA	NA	NA	NA	NA	NA	NA	NA	-121	ZMO0366
TSS_0736	NA	NA	NA	NA	NA	NA	NA	NA	NA	NA
TSS_0737	NA	NA	NA	NA	NA	NA	NA	NA	NA	NA
TSS_0739	NA	NA	NA	NA	NA	NA	NA	NA	NA	ZMO0366
TSS_0740	NA	NA	NA	NA	NA	NA	NA	NA	NA	ZMO0366
TSS_0743	NA	NA	NA	NA	NA	NA	NA	NA	-53	ZMO0367
TSS_0744	NA	NA	NA	NA	NA	NA	NA	NA	NA	NA
TSS_0745	NA	NA	NA	NA	NA	NA	NA	NA	-24	ZMO0367
TSS_0746	NA	NA	NA	NA	NA	NA	NA	NA	NA	ZMO0367
TSS_0747	NA	NA	NA	NA	NA	NA	NA	NA	-641	ZMO0368
TSS_0750	NA	NA	NA	NA	NA	NA	NA	NA	-453	ZMO0368
TSS_0753	NA	NA	NA	NA	NA	NA	NA	NA	NA	NA
TSS_0756	NA	NA	NA	NA	NA	NA	NA	NA	-139	ZMO0368
TSS_0758	NA	NA	NA	NA	NA	NA	NA	NA	NA	ZMO0368
TSS_0759	NA	NA	NA	NA	NA	NA	NA	NA	NA	ZMO0368
TSS_0760	NA	NA	NA	NA	NA	NA	NA	NA	NA	ZMO0368
TSS_0762	NA	NA	NA	NA	NA	NA	NA	NA	NA	NA
TSS_0763	NA	NA	NA	NA	NA	NA	NA	NA	NA	NA
TSS_0765	NA	NA	NA	NA	NA	NA	NA	NA	NA	NA
TSS_0767	NA	NA	NA	NA	NA	NA	NA	NA	-32	ZMO0369
TSS_0768	NA	NA	NA	NA	NA	NA	NA	NA	NA	ZMO0369
TSS_0769	NA	NA	NA	NA	NA	NA	NA	NA	NA	ZMO0369
TSS_0770	NA	NA	NA	NA	NA	NA	NA	NA	NA	ZMO0369
TSS_0771	NA	NA	NA	NA	NA	NA	NA	NA	-3	ZMO0372
TSS_0772	NA	NA	NA	NA	NA	NA	NA	NA	NA	NA
TSS_0774	NA	NA	NA	NA	NA	NA	NA	NA	NA	ZMO0375
TSS_0775	NA	NA	NA	NA	NA	NA	NA	NA	NA	ZMOt005
TSS_0776	NA	NA	NA	NA	NA	NA	NA	NA	NA	ZMOt005
TSS_0777	NA	NA	NA	NA	NA	NA	NA	NA	NA	ZMOt005
TSS_0778	NA	NA	NA	NA	NA	NA	NA	NA	NA	ZMOt005
TSS_0779	NA	NA	NA	NA	NA	NA	NA	NA	NA	ZMOt005
TSS_0780	NA	NA	NA	NA	NA	NA	NA	NA	NA	NA
TSS_0781	NA	NA	NA	NA	NA	NA	NA	NA	NA	NA
TSS_0782	NA	NA	NA	NA	NA	NA	NA	NA	NA	ZMOt005
TSS_0783	NA	NA	NA	NA	NA	NA	NA	NA	NA	NA
TSS_0784	NA	NA	NA	NA	NA	NA	NA	NA	NA	NA
TSS_0785	NA	NA	NA	NA	NA	NA	NA	NA	NA	NA
TSS_0786	NA	NA	NA	NA	NA	NA	NA	NA	NA	NA
TSS_0787	NA	NA	NA	NA	NA	NA	NA	NA	-38	ZMO0376
TSS_0788	NA	NA	NA	NA	NA	NA	NA	NA	NA	NA
TSS_0789	NA	NA	NA	NA	NA	NA	NA	NA	-40	ZMO0376
TSS_0791	NA	NA	NA	NA	NA	NA	NA	NA	NA	NA
TSS_0793	NA	NA	NA	NA	NA	NA	NA	NA	-203	ZMO0385
TSS_0794	NA	NA	NA	NA	NA	NA	NA	NA	NA	ZMO0384
TSS_0796	NA	NA	NA	NA	NA	NA	NA	NA	NA	ZMO0400
TSS_0803	NA	NA	NA	NA	NA	NA	NA	NA	-136	ZMO0402
TSS_0806	NA	NA	NA	NA	NA	NA	NA	NA	NA	ZMOt006
TSS_0807	NA	NA	NA	NA	NA	NA	NA	NA	-301	ZMO0405
TSS_0808	NA	NA	NA	NA	NA	NA	NA	NA	NA	NA
TSS_0809	NA	NA	NA	NA	NA	NA	NA	NA	-299	ZMO0405
TSS_0811	NA	NA	NA	NA	NA	NA	NA	NA	-31	ZMO0405
TSS_0812	NA	NA	NA	NA	NA	NA	NA	NA	NA	ZMO0405
TSS_0813	NA	NA	NA	NA	NA	NA	NA	NA	NA	ZMO0405
TSS_0815	NA	NA	NA	NA	NA	NA	NA	NA	-229	ZMO0407
TSS_0816	NA	NA	NA	NA	NA	NA	NA	NA	-157	ZMO0407
TSS_0819	NA	NA	NA	NA	NA	NA	NA	NA	-141	ZMO0407
TSS_0820	NA	NA	NA	NA	NA	NA	NA	NA	-140	ZMO0407
TSS_0822	NA	NA	NA	NA	NA	NA	NA	NA	-410	ZMO0406
TSS_0824	NA	NA	NA	NA	NA	NA	NA	NA	NA	ZMO0409
TSS_0825	NA	NA	NA	NA	NA	NA	NA	NA	-56	ZMO0410
TSS_0826	NA	NA	NA	NA	NA	NA	NA	NA	NA	ZMO0411
TSS_0829	NA	NA	NA	NA	NA	NA	NA	NA	NA	ZMO0413
TSS_0830	NA	NA	NA	NA	NA	NA	NA	NA	NA	ZMO0413
TSS_0831	NA	NA	NA	NA	NA	NA	NA	NA	-108	ZMO0414
TSS_0832	NA	NA	NA	NA	NA	NA	NA	NA	-126	ZMO0414
TSS_0833	NA	NA	NA	NA	NA	NA	NA	NA	-132	ZMO0414
TSS_0834	NA	NA	NA	NA	NA	NA	NA	NA	NA	ZMO0418
TSS_0837	NA	NA	NA	NA	NA	NA	NA	NA	-74	ZMO0421
TSS_0838	NA	NA	NA	NA	NA	NA	NA	NA	NA	NA
TSS_0839	NA	NA	NA	NA	NA	NA	NA	NA	-105	ZMO0422
TSS_0840	NA	NA	NA	NA	NA	NA	NA	NA	NA	NA
TSS_0842	NA	NA	NA	NA	NA	NA	NA	NA	NA	ZMO0423
TSS_0843	NA	NA	NA	NA	NA	NA	NA	NA	-316	ZMO0425
TSS_0847	NA	NA	NA	NA	NA	NA	NA	NA	-93	ZMO0431
TSS_0848	NA	NA	NA	NA	NA	NA	NA	NA	-31	ZMO0431
TSS_0849	NA	NA	NA	NA	NA	NA	NA	NA	-24	ZMO0431
TSS_0853	NA	NA	NA	NA	NA	NA	NA	NA	0	ZMO0433
TSS_0855	NA	NA	NA	NA	NA	NA	NA	NA	NA	NA
TSS_0856	NA	NA	NA	NA	NA	NA	NA	NA	-52	ZMO0435
TSS_0857	NA	NA	NA	NA	NA	NA	NA	NA	-63	ZMO0435
TSS_0859	NA	NA	NA	NA	NA	NA	NA	NA	-89	ZMO0435
TSS_0860	NA	NA	NA	NA	NA	NA	NA	NA	NA	ZMO0439
TSS_0861	NA	NA	NA	NA	NA	NA	NA	NA	-56	ZMO0440
TSS_0863	NA	NA	NA	NA	NA	NA	NA	NA	-388	ZMO0442
TSS_0864	NA	NA	NA	NA	NA	NA	NA	NA	NA	NA
TSS_0867	NA	NA	NA	NA	NA	NA	NA	NA	-116	ZMO0444
TSS_0869	NA	NA	NA	NA	NA	NA	NA	NA	-57	ZMO0444
TSS_0870	NA	NA	NA	NA	NA	NA	NA	NA	NA	ZMO0444
TSS_0872	NA	NA	NA	NA	NA	NA	NA	NA	NA	ZMO0444
TSS_0875	NA	NA	NA	NA	NA	NA	NA	NA	-81	ZMO0448
TSS_0876	NA	NA	NA	NA	NA	NA	NA	NA	-129	ZMO0448
TSS_0877	NA	NA	NA	NA	NA	NA	NA	NA	-130	ZMO0448
TSS_0878	NA	NA	NA	NA	NA	NA	NA	NA	NA	NA
TSS_0879	NA	NA	NA	NA	NA	NA	NA	NA	NA	ZMOt007
TSS_0882	NA	NA	NA	NA	NA	NA	NA	NA	NA	ZMOt007
TSS_0883	NA	NA	NA	NA	NA	NA	NA	NA	NA	NA
TSS_0884	NA	NA	NA	NA	NA	NA	NA	NA	NA	ZMOt007
TSS_0885	NA	NA	NA	NA	NA	NA	NA	NA	NA	NA
TSS_0886	NA	NA	NA	NA	NA	NA	NA	NA	NA	ZMOt007
TSS_0887	NA	NA	NA	NA	NA	NA	NA	NA	NA	NA
TSS_0888	NA	NA	NA	NA	NA	NA	NA	NA	-370	ZMO0449
TSS_0889	NA	NA	NA	NA	NA	NA	NA	NA	NA	NA
TSS_0890	NA	NA	NA	NA	NA	NA	NA	NA	-368	ZMO0449
TSS_0891	NA	NA	NA	NA	NA	NA	NA	NA	-366	ZMO0449
TSS_0892	NA	NA	NA	NA	NA	NA	NA	NA	-354	ZMO0449
TSS_0893	NA	NA	NA	NA	NA	NA	NA	NA	-353	ZMO0449
TSS_0894	NA	NA	NA	NA	NA	NA	NA	NA	-337	ZMO0449
TSS_0895	NA	NA	NA	NA	NA	NA	NA	NA	-536	ZMO0448
TSS_0897	NA	NA	NA	NA	NA	NA	NA	NA	-95	ZMO0449
TSS_0899	NA	NA	NA	NA	NA	NA	NA	NA	-50	ZMO0449
TSS_0900	NA	NA	NA	NA	NA	NA	NA	NA	-48	ZMO0449
TSS_0901	NA	NA	NA	NA	NA	NA	NA	NA	NA	ZMO0453
TSS_0904	NA	NA	NA	NA	NA	NA	NA	NA	NA	ZMO0454
TSS_0905	NA	NA	NA	NA	NA	NA	NA	NA	NA	ZMO0454
TSS_0906	NA	NA	NA	NA	NA	NA	NA	NA	-71	ZMO0454
TSS_0911	NA	NA	NA	NA	NA	NA	NA	NA	-34	ZMO0460
TSS_0913	NA	NA	NA	NA	NA	NA	NA	NA	NA	Zms6
TSS_0915	NA	NA	NA	NA	NA	NA	NA	NA	NA	NA
TSS_0916	NA	NA	NA	NA	NA	NA	NA	NA	NA	NA
TSS_0917	NA	NA	NA	NA	NA	NA	NA	NA	NA	NA
TSS_0919	NA	NA	NA	NA	NA	NA	NA	NA	NA	NA
TSS_0921	NA	NA	NA	NA	NA	NA	NA	NA	NA	ZMO0464
TSS_0922	NA	NA	NA	NA	NA	NA	NA	NA	NA	NA
TSS_0924	NA	NA	NA	NA	NA	NA	NA	NA	-14	ZMO0465
TSS_0926	NA	NA	NA	NA	NA	NA	NA	NA	-36	ZMO0465
TSS_0928	NA	NA	NA	NA	NA	NA	NA	NA	-117	ZMO0465
TSS_0929	NA	NA	NA	NA	NA	NA	NA	NA	-120	ZMO0465
TSS_0930	NA	NA	NA	NA	NA	NA	NA	NA	-122	ZMO0465
TSS_0932	NA	NA	NA	NA	NA	NA	NA	NA	-185	ZMO0467
TSS_0934	NA	NA	NA	NA	NA	NA	NA	NA	-91	ZMO0467
TSS_0938	NA	NA	NA	NA	NA	NA	NA	NA	NA	ZMO0467
TSS_0939	NA	NA	NA	NA	NA	NA	NA	NA	-230	ZMO0468
TSS_0940	NA	NA	NA	NA	NA	NA	NA	NA	NA	ZMO0467
TSS_0941	NA	NA	NA	NA	NA	NA	NA	NA	NA	ZMO0468
TSS_0943	NA	NA	NA	NA	NA	NA	NA	NA	-68	ZMO0469
TSS_0944	NA	NA	NA	NA	NA	NA	NA	NA	NA	NA
TSS_0948	NA	NA	NA	NA	NA	NA	NA	NA	NA	NA
TSS_0949	NA	NA	NA	NA	NA	NA	NA	NA	NA	NA
TSS_0951	NA	NA	NA	NA	NA	NA	NA	NA	-26	ZMO0474
TSS_0952	NA	NA	NA	NA	NA	NA	NA	NA	-348	ZMO0476
TSS_0953	NA	NA	NA	NA	NA	NA	NA	NA	-1	ZMO0477
TSS_0954	NA	NA	NA	NA	NA	NA	NA	NA	NA	NA
TSS_0955	NA	NA	NA	NA	NA	NA	NA	NA	NA	NA
TSS_0956	NA	NA	NA	NA	NA	NA	NA	NA	-46	ZMO0478
TSS_0957	NA	NA	NA	NA	NA	NA	NA	NA	-35	ZMO0478
TSS_0959	NA	NA	NA	NA	NA	NA	NA	NA	-25	ZMO0478
TSS_0961	NA	NA	NA	NA	NA	NA	NA	NA	NA	NA
TSS_0963	NA	NA	NA	NA	NA	NA	NA	NA	-94	ZMO0480
TSS_0965	NA	NA	NA	NA	NA	NA	NA	NA	NA	ZMO0481
TSS_0967	NA	NA	NA	NA	NA	NA	NA	NA	NA	NA
TSS_0968	NA	NA	NA	NA	NA	NA	NA	NA	-51	ZMO0482
TSS_0969	NA	NA	NA	NA	NA	NA	NA	NA	-55	ZMO0482
TSS_0972	NA	NA	NA	NA	NA	NA	NA	NA	-25	ZMO0483
TSS_0975	NA	NA	NA	NA	NA	NA	NA	NA	-106	ZMO0485
TSS_0976	NA	NA	NA	NA	NA	NA	NA	NA	NA	NA
TSS_0977	NA	NA	NA	NA	NA	NA	NA	NA	-103	ZMO0485
TSS_0982	NA	NA	NA	NA	NA	NA	NA	NA	NA	NA
TSS_0983	NA	NA	NA	NA	NA	NA	NA	NA	-193	ZMO0488
TSS_0984	NA	NA	NA	NA	NA	NA	NA	NA	-194	ZMO0488
TSS_0985	NA	NA	NA	NA	NA	NA	NA	NA	NA	NA
TSS_0986	NA	NA	NA	NA	NA	NA	NA	NA	-196	ZMO0488
TSS_0987	NA	NA	NA	NA	NA	NA	NA	NA	NA	NA
TSS_0988	NA	NA	NA	NA	NA	NA	NA	NA	NA	NA
TSS_0989	NA	NA	NA	NA	NA	NA	NA	NA	NA	NA
TSS_0990	NA	NA	NA	NA	NA	NA	NA	NA	-200	ZMO0488
TSS_0991	NA	NA	NA	NA	NA	NA	NA	NA	NA	NA
TSS_0992	NA	NA	NA	NA	NA	NA	NA	NA	-214	ZMO0488
TSS_0993	NA	NA	NA	NA	NA	NA	NA	NA	-218	ZMO0488
TSS_0994	NA	NA	NA	NA	NA	NA	NA	NA	-229	ZMO0488
TSS_0995	NA	NA	NA	NA	NA	NA	NA	NA	-231	ZMO0488
TSS_0997	NA	NA	NA	NA	NA	NA	NA	NA	NA	ZMO0490
TSS_0998	NA	NA	NA	NA	NA	NA	NA	NA	NA	ZMO0490
TSS_0999	NA	NA	NA	NA	NA	NA	NA	NA	-277	ZMO0491
TSS_1000	NA	NA	NA	NA	NA	NA	NA	NA	-190	ZMO0491
TSS_1002	NA	NA	NA	NA	NA	NA	NA	NA	NA	NA
TSS_1003	NA	NA	NA	NA	NA	NA	NA	NA	-97	ZMO0491
TSS_1006	NA	NA	NA	NA	NA	NA	NA	NA	-33	ZMO0491
TSS_1008	NA	NA	NA	NA	NA	NA	NA	NA	-70	ZMO0492
TSS_1009	NA	NA	NA	NA	NA	NA	NA	NA	-61	ZMO0492
TSS_1010	NA	NA	NA	NA	NA	NA	NA	NA	NA	NA
TSS_1012	NA	NA	NA	NA	NA	NA	NA	NA	-28	ZMO0492
TSS_1013	NA	NA	NA	NA	NA	NA	NA	NA	-26	ZMO0492
TSS_1014	NA	NA	NA	NA	NA	NA	NA	NA	-16	ZMO0492
TSS_1015	NA	NA	NA	NA	NA	NA	NA	NA	0	ZMO0492
TSS_1016	NA	NA	NA	NA	NA	NA	NA	NA	-284	ZMO0493
TSS_1017	NA	NA	NA	NA	NA	NA	NA	NA	-203	ZMO0493
TSS_1019	NA	NA	NA	NA	NA	NA	NA	NA	NA	ZMO0493
TSS_1020	NA	NA	NA	NA	NA	NA	NA	NA	NA	ZMO0493
TSS_1022	NA	NA	NA	NA	NA	NA	NA	NA	-135	ZMO0494
TSS_1023	NA	NA	NA	NA	NA	NA	NA	NA	-102	ZMO0494
TSS_1024	NA	NA	NA	NA	NA	NA	NA	NA	NA	ZMO0494
TSS_1027	NA	NA	NA	NA	NA	NA	NA	NA	NA	ZMO0495
TSS_1028	NA	NA	NA	NA	NA	NA	NA	NA	-35	ZMO0496
TSS_1029	NA	NA	NA	NA	NA	NA	NA	NA	-107	ZMO0498
TSS_1030	NA	NA	NA	NA	NA	NA	NA	NA	-17	ZMO0498
TSS_1031	NA	NA	NA	NA	NA	NA	NA	NA	NA	ZMO0498
TSS_1035	NA	NA	NA	NA	NA	NA	NA	NA	NA	ZMO0499
TSS_1036	NA	NA	NA	NA	NA	NA	NA	NA	NA	ZMO0499
TSS_1037	NA	NA	NA	NA	NA	NA	NA	NA	-58	ZMO0499
TSS_1038	NA	NA	NA	NA	NA	NA	NA	NA	-205	ZMO0499
TSS_1039	NA	NA	NA	NA	NA	NA	NA	NA	NA	NA
TSS_1044	NA	NA	NA	NA	NA	NA	NA	NA	NA	NA
TSS_1046	NA	NA	NA	NA	NA	NA	NA	NA	-435	ZMO0510
TSS_1047	NA	NA	NA	NA	NA	NA	NA	NA	-133	ZMO0510
TSS_1048	NA	NA	NA	NA	NA	NA	NA	NA	-130	ZMO0510
TSS_1050	NA	NA	NA	NA	NA	NA	NA	NA	NA	ZMO0510
TSS_1052	NA	NA	NA	NA	NA	NA	NA	NA	-326	ZMO0511
TSS_1053	NA	NA	NA	NA	NA	NA	NA	NA	NA	ZMO0512
TSS_1054	NA	NA	NA	NA	NA	NA	NA	NA	NA	NA
TSS_1055	NA	NA	NA	NA	NA	NA	NA	NA	NA	NA
TSS_1057	NA	NA	NA	NA	NA	NA	NA	NA	NA	NA
TSS_1058	NA	NA	NA	NA	NA	NA	NA	NA	NA	NA
TSS_1059	NA	NA	NA	NA	NA	NA	NA	NA	NA	Zms3
TSS_1060	NA	NA	NA	NA	NA	NA	NA	NA	NA	Zms3
TSS_1061	NA	NA	NA	NA	NA	NA	NA	NA	NA	Zms3
TSS_1063	NA	NA	NA	NA	NA	NA	NA	NA	NA	NA
TSS_1064	NA	NA	NA	NA	NA	NA	NA	NA	NA	Zms3
TSS_1065	NA	NA	NA	NA	NA	NA	NA	NA	NA	Zms3
TSS_1066	NA	NA	NA	NA	NA	NA	NA	NA	NA	Zms3
TSS_1069	NA	NA	NA	NA	NA	NA	NA	NA	-217	ZMO0514
TSS_1070	NA	NA	NA	NA	NA	NA	NA	NA	-202	ZMO0514
TSS_1073	NA	NA	NA	NA	NA	NA	NA	NA	-46	ZMO0515
TSS_1074	NA	NA	NA	NA	NA	NA	NA	NA	NA	ZMO0515
TSS_1075	NA	NA	NA	NA	NA	NA	NA	NA	NA	ZMO0515
TSS_1077	NA	NA	NA	NA	NA	NA	NA	NA	NA	ZMO0515
TSS_1079	NA	NA	NA	NA	NA	NA	NA	NA	-465	ZMO0516
TSS_1080	NA	NA	NA	NA	NA	NA	NA	NA	NA	NA
TSS_1082	NA	NA	NA	NA	NA	NA	NA	NA	-401	ZMO0516
TSS_1084	NA	NA	NA	NA	NA	NA	NA	NA	NA	NA
TSS_1087	NA	NA	NA	NA	NA	NA	NA	NA	-182	ZMO0516
TSS_1088	NA	NA	NA	NA	NA	NA	NA	NA	-180	ZMO0516
TSS_1089	NA	NA	NA	NA	NA	NA	NA	NA	-94	ZMO0516
TSS_1090	NA	NA	NA	NA	NA	NA	NA	NA	NA	NA
TSS_1091	NA	NA	NA	NA	NA	NA	NA	NA	NA	NA
TSS_1093	NA	NA	NA	NA	NA	NA	NA	NA	NA	NA
TSS_1094	NA	NA	NA	NA	NA	NA	NA	NA	NA	NA
TSS_1095	NA	NA	NA	NA	NA	NA	NA	NA	NA	NA
TSS_1096	NA	NA	NA	NA	NA	NA	NA	NA	-43	ZMO0516
TSS_1097	NA	NA	NA	NA	NA	NA	NA	NA	-41	ZMO0516
TSS_1098	NA	NA	NA	NA	NA	NA	NA	NA	-1	ZMO0516
TSS_1099	NA	NA	NA	NA	NA	NA	NA	NA	NA	ZMO0516
TSS_1100	NA	NA	NA	NA	NA	NA	NA	NA	NA	ZMO0516
TSS_1102	NA	NA	NA	NA	NA	NA	NA	NA	NA	ZMO0516
TSS_1103	NA	NA	NA	NA	NA	NA	NA	NA	NA	ZMO0516
TSS_1104	NA	NA	NA	NA	NA	NA	NA	NA	NA	ZMO0516
TSS_1105	NA	NA	NA	NA	NA	NA	NA	NA	-634	ZMO2003
TSS_1106	NA	NA	NA	NA	NA	NA	NA	NA	NA	ZMO0516
TSS_1108	NA	NA	NA	NA	NA	NA	NA	NA	NA	NA
TSS_1109	NA	NA	NA	NA	NA	NA	NA	NA	NA	NA
TSS_1111	NA	NA	NA	NA	NA	NA	NA	NA	NA	NA
TSS_1112	NA	NA	NA	NA	NA	NA	NA	NA	NA	NA
TSS_1113	NA	NA	NA	NA	NA	NA	NA	NA	-191	ZMO0517
TSS_1114	NA	NA	NA	NA	NA	NA	NA	NA	NA	NA
TSS_1116	NA	NA	NA	NA	NA	NA	NA	NA	NA	NA
TSS_1117	NA	NA	NA	NA	NA	NA	NA	NA	-79	ZMO0517
TSS_1119	NA	NA	NA	NA	NA	NA	NA	NA	-6	ZMO0517
TSS_1120	NA	NA	NA	NA	NA	NA	NA	NA	NA	ZMO0517
TSS_1121	NA	NA	NA	NA	NA	NA	NA	NA	NA	ZMO0517
TSS_1122	NA	NA	NA	NA	NA	NA	NA	NA	-441	ZMO0518
TSS_1124	NA	NA	NA	NA	NA	NA	NA	NA	-478	ZMO0519
TSS_1125	NA	NA	NA	NA	NA	NA	NA	NA	-468	ZMO0519
TSS_1126	NA	NA	NA	NA	NA	NA	NA	NA	-408	ZMO0519
TSS_1127	NA	NA	NA	NA	NA	NA	NA	NA	-332	ZMO0519
TSS_1128	NA	NA	NA	NA	NA	NA	NA	NA	-254	ZMO0520
TSS_1130	NA	NA	NA	NA	NA	NA	NA	NA	-572	ZMO2004
TSS_1132	NA	NA	NA	NA	NA	NA	NA	NA	-189	ZMO2004
TSS_1133	NA	NA	NA	NA	NA	NA	NA	NA	-186	ZMO2004
TSS_1134	NA	NA	NA	NA	NA	NA	NA	NA	NA	NA
TSS_1135	NA	NA	NA	NA	NA	NA	NA	NA	NA	ZMO0520
TSS_1136	NA	NA	NA	NA	NA	NA	NA	NA	NA	ZMO0520
TSS_1137	NA	NA	NA	NA	NA	NA	NA	NA	NA	ZMO0521
TSS_1138	NA	NA	NA	NA	NA	NA	NA	NA	-172	ZMO0522
TSS_1140	NA	NA	NA	NA	NA	NA	NA	NA	-141	ZMO0522
TSS_1141	NA	NA	NA	NA	NA	NA	NA	NA	-74	ZMO0522
TSS_1142	NA	NA	NA	NA	NA	NA	NA	NA	NA	ZMO0522
TSS_1143	NA	NA	NA	NA	NA	NA	NA	NA	-512	ZMO0523
TSS_1144	NA	NA	NA	NA	NA	NA	NA	NA	-435	ZMO0523
TSS_1145	NA	NA	NA	NA	NA	NA	NA	NA	-333	ZMO0523
TSS_1146	NA	NA	NA	NA	NA	NA	NA	NA	-328	ZMO0523
TSS_1149	NA	NA	NA	NA	NA	NA	NA	NA	-220	ZMO0523
TSS_1150	NA	NA	NA	NA	NA	NA	NA	NA	-193	ZMO0523
TSS_1151	NA	NA	NA	NA	NA	NA	NA	NA	-131	ZMO0523
TSS_1152	NA	NA	NA	NA	NA	NA	NA	NA	NA	ZMO0522
TSS_1153	NA	NA	NA	NA	NA	NA	NA	NA	-115	ZMO0523
TSS_1154	NA	NA	NA	NA	NA	NA	NA	NA	-353	ZMO0524
TSS_1155	NA	NA	NA	NA	NA	NA	NA	NA	-309	ZMO0524
TSS_1156	NA	NA	NA	NA	NA	NA	NA	NA	-297	ZMO0524
TSS_1157	NA	NA	NA	NA	NA	NA	NA	NA	-130	ZMO0525
TSS_1159	NA	NA	NA	NA	NA	NA	NA	NA	-269	ZMO0526
TSS_1160	NA	NA	NA	NA	NA	NA	NA	NA	-183	ZMO0526
TSS_1161	NA	NA	NA	NA	NA	NA	NA	NA	-158	ZMO0526
TSS_1162	NA	NA	NA	NA	NA	NA	NA	NA	-136	ZMO0526
TSS_1164	NA	NA	NA	NA	NA	NA	NA	NA	-130	ZMO0526
TSS_1165	NA	NA	NA	NA	NA	NA	NA	NA	NA	NA
TSS_1166	NA	NA	NA	NA	NA	NA	NA	NA	-74	ZMO0526
TSS_1167	NA	NA	NA	NA	NA	NA	NA	NA	-350	ZMO0527
TSS_1168	NA	NA	NA	NA	NA	NA	NA	NA	-311	ZMO0527
TSS_1169	NA	NA	NA	NA	NA	NA	NA	NA	-290	ZMO0528
TSS_1170	NA	NA	NA	NA	NA	NA	NA	NA	-214	ZMO0528
TSS_1171	NA	NA	NA	NA	NA	NA	NA	NA	NA	ZMO0528
TSS_1173	NA	NA	NA	NA	NA	NA	NA	NA	-282	ZMO0529
TSS_1174	NA	NA	NA	NA	NA	NA	NA	NA	-209	ZMO0529
TSS_1175	NA	NA	NA	NA	NA	NA	NA	NA	NA	NA
TSS_1176	NA	NA	NA	NA	NA	NA	NA	NA	-83	ZMO0529
TSS_1177	NA	NA	NA	NA	NA	NA	NA	NA	-184	ZMO0530
TSS_1178	NA	NA	NA	NA	NA	NA	NA	NA	-210	ZMO0531
TSS_1179	NA	NA	NA	NA	NA	NA	NA	NA	-357	ZMO0532
TSS_1180	NA	NA	NA	NA	NA	NA	NA	NA	NA	ZMO0531
TSS_1184	NA	NA	NA	NA	NA	NA	NA	NA	-224	ZMO0534
TSS_1185	NA	NA	NA	NA	NA	NA	NA	NA	-222	ZMO0534
TSS_1186	NA	NA	NA	NA	NA	NA	NA	NA	-134	ZMO0534
TSS_1187	NA	NA	NA	NA	NA	NA	NA	NA	-92	ZMO0534
TSS_1188	NA	NA	NA	NA	NA	NA	NA	NA	NA	ZMO0534
TSS_1189	NA	NA	NA	NA	NA	NA	NA	NA	-108	ZMO0536
TSS_1190	NA	NA	NA	NA	NA	NA	NA	NA	NA	NA
TSS_1191	NA	NA	NA	NA	NA	NA	NA	NA	-105	ZMO0536
TSS_1193	NA	NA	NA	NA	NA	NA	NA	NA	-135	ZMO0537
TSS_1197	NA	NA	NA	NA	NA	NA	NA	NA	NA	NA
TSS_1198	NA	NA	NA	NA	NA	NA	NA	NA	NA	NA
TSS_1200	NA	NA	NA	NA	NA	NA	NA	NA	NA	NA
TSS_1201	NA	NA	NA	NA	NA	NA	NA	NA	-165	ZMO0539
TSS_1202	NA	NA	NA	NA	NA	NA	NA	NA	-156	ZMO0539
TSS_1203	NA	NA	NA	NA	NA	NA	NA	NA	-119	ZMO0539
TSS_1204	NA	NA	NA	NA	NA	NA	NA	NA	NA	NA
TSS_1206	NA	NA	NA	NA	NA	NA	NA	NA	NA	NA
TSS_1208	NA	NA	NA	NA	NA	NA	NA	NA	-19	ZMO0539
TSS_1209	NA	NA	NA	NA	NA	NA	NA	NA	-280	ZMO0540
TSS_1211	NA	NA	NA	NA	NA	NA	NA	NA	-149	ZMO0540
TSS_1212	NA	NA	NA	NA	NA	NA	NA	NA	-191	ZMO0541
TSS_1213	NA	NA	NA	NA	NA	NA	NA	NA	NA	ZMO0541
TSS_1214	NA	NA	NA	NA	NA	NA	NA	NA	NA	ZMO0541
TSS_1215	NA	NA	NA	NA	NA	NA	NA	NA	NA	NA
TSS_1216	NA	NA	NA	NA	NA	NA	NA	NA	-650	ZMO0542
TSS_1218	NA	NA	NA	NA	NA	NA	NA	NA	-181	ZMO0542
TSS_1220	NA	NA	NA	NA	NA	NA	NA	NA	NA	ZMOt009
TSS_1221	NA	NA	NA	NA	NA	NA	NA	NA	NA	ZMOt009
TSS_1222	NA	NA	NA	NA	NA	NA	NA	NA	NA	ZMOt009
TSS_1223	NA	NA	NA	NA	NA	NA	NA	NA	NA	NA
TSS_1224	NA	NA	NA	NA	NA	NA	NA	NA	NA	ZMOt009
TSS_1225	NA	NA	NA	NA	NA	NA	NA	NA	NA	NA
TSS_1226	NA	NA	NA	NA	NA	NA	NA	NA	NA	ZMOt009
TSS_1227	NA	NA	NA	NA	NA	NA	NA	NA	-596	ZMO0543
TSS_1228	NA	NA	NA	NA	NA	NA	NA	NA	-587	ZMO0543
TSS_1229	NA	NA	NA	NA	NA	NA	NA	NA	NA	NA
TSS_1230	NA	NA	NA	NA	NA	NA	NA	NA	NA	NA
TSS_1231	NA	NA	NA	NA	NA	NA	NA	NA	NA	NA
TSS_1232	NA	NA	NA	NA	NA	NA	NA	NA	-583	ZMO0543
TSS_1233	NA	NA	NA	NA	NA	NA	NA	NA	NA	NA
TSS_1235	NA	NA	NA	NA	NA	NA	NA	NA	-34	ZMO0543
TSS_1237	NA	NA	NA	NA	NA	NA	NA	NA	NA	ZMO0544
TSS_1240	NA	NA	NA	NA	NA	NA	NA	NA	NA	ZMO0545
TSS_1241	NA	NA	NA	NA	NA	NA	NA	NA	NA	ZMO2050
TSS_1242	NA	NA	NA	NA	NA	NA	NA	NA	NA	Zms13
TSS_1243	NA	NA	NA	NA	NA	NA	NA	NA	NA	NA
TSS_1244	NA	NA	NA	NA	NA	NA	NA	NA	NA	ZMO2050
TSS_1245	NA	NA	NA	NA	NA	NA	NA	NA	NA	ZMO2050
TSS_1246	NA	NA	NA	NA	NA	NA	NA	NA	NA	Zms13
TSS_1247	NA	NA	NA	NA	NA	NA	NA	NA	NA	Zms13
TSS_1248	NA	NA	NA	NA	NA	NA	NA	NA	NA	NA
TSS_1249	NA	NA	NA	NA	NA	NA	NA	NA	NA	ZMO2050
TSS_1251	NA	NA	NA	NA	NA	NA	NA	NA	NA	NA
TSS_1252	NA	NA	NA	NA	NA	NA	NA	NA	NA	NA
TSS_1253	NA	NA	NA	NA	NA	NA	NA	NA	NA	ZMO2050
TSS_1254	NA	NA	NA	NA	NA	NA	NA	NA	NA	NA
TSS_1255	NA	NA	NA	NA	NA	NA	NA	NA	NA	NA
TSS_1256	NA	NA	NA	NA	NA	NA	NA	NA	NA	NA
TSS_1257	NA	NA	NA	NA	NA	NA	NA	NA	NA	NA
TSS_1258	NA	NA	NA	NA	NA	NA	NA	NA	NA	NA
TSS_1259	NA	NA	NA	NA	NA	NA	NA	NA	NA	ZMO2050
TSS_1260	NA	NA	NA	NA	NA	NA	NA	NA	NA	NA
TSS_1261	NA	NA	NA	NA	NA	NA	NA	NA	NA	NA
TSS_1262	NA	NA	NA	NA	NA	NA	NA	NA	NA	NA
TSS_1263	NA	NA	NA	NA	NA	NA	NA	NA	NA	ZMO2050
TSS_1264	NA	NA	NA	NA	NA	NA	NA	NA	NA	NA
TSS_1265	NA	NA	NA	NA	NA	NA	NA	NA	NA	ZMO2050
TSS_1266	NA	NA	NA	NA	NA	NA	NA	NA	NA	NA
TSS_1267	NA	NA	NA	NA	NA	NA	NA	NA	NA	ZMO2050
TSS_1268	NA	NA	NA	NA	NA	NA	NA	NA	NA	ZMO2050
TSS_1269	NA	NA	NA	NA	NA	NA	NA	NA	NA	ZMO2050
TSS_1270	NA	NA	NA	NA	NA	NA	NA	NA	NA	ZMO2050
TSS_1271	NA	NA	NA	NA	NA	NA	NA	NA	NA	NA
TSS_1272	NA	NA	NA	NA	NA	NA	NA	NA	NA	NA
TSS_1273	NA	NA	NA	NA	NA	NA	NA	NA	NA	NA
TSS_1274	NA	NA	NA	NA	NA	NA	NA	NA	NA	NA
TSS_1275	NA	NA	NA	NA	NA	NA	NA	NA	NA	ZMO2050
TSS_1276	NA	NA	NA	NA	NA	NA	NA	NA	NA	ZMO2050
TSS_1277	NA	NA	NA	NA	NA	NA	NA	NA	NA	NA
TSS_1278	NA	NA	NA	NA	NA	NA	NA	NA	NA	NA
TSS_1279	NA	NA	NA	NA	NA	NA	NA	NA	NA	NA
TSS_1280	NA	NA	NA	NA	NA	NA	NA	NA	NA	NA
TSS_1282	NA	NA	NA	NA	NA	NA	NA	NA	NA	NA
TSS_1283	NA	NA	NA	NA	NA	NA	NA	NA	NA	NA
TSS_1284	NA	NA	NA	NA	NA	NA	NA	NA	NA	NA
TSS_1285	NA	NA	NA	NA	NA	NA	NA	NA	NA	NA
TSS_1286	NA	NA	NA	NA	NA	NA	NA	NA	-81	ZMO2050
TSS_1288	NA	NA	NA	NA	NA	NA	NA	NA	-102	ZMO0547
TSS_1290	NA	NA	NA	NA	NA	NA	NA	NA	-68	ZMO0548
TSS_1292	NA	NA	NA	NA	NA	NA	NA	NA	-83	ZMO0548
TSS_1293	NA	NA	NA	NA	NA	NA	NA	NA	-87	ZMO0548
TSS_1294	NA	NA	NA	NA	NA	NA	NA	NA	NA	ZMO0549
TSS_1295	NA	NA	NA	NA	NA	NA	NA	NA	NA	ZMO0549
TSS_1296	NA	NA	NA	NA	NA	NA	NA	NA	NA	NA
TSS_1297	NA	NA	NA	NA	NA	NA	NA	NA	NA	ZMO0549
TSS_1298	NA	NA	NA	NA	NA	NA	NA	NA	NA	ZMO0550
TSS_1299	NA	NA	NA	NA	NA	NA	NA	NA	-23	ZMO0550
TSS_1300	NA	NA	NA	NA	NA	NA	NA	NA	-41	ZMO0550
TSS_1301	NA	NA	NA	NA	NA	NA	NA	NA	-148	ZMO0550
TSS_1302	NA	NA	NA	NA	NA	NA	NA	NA	NA	NA
TSS_1303	NA	NA	NA	NA	NA	NA	NA	NA	NA	NA
TSS_1304	NA	NA	NA	NA	NA	NA	NA	NA	-233	ZMO0550
TSS_1305	NA	NA	NA	NA	NA	NA	NA	NA	NA	NA
TSS_1306	NA	NA	NA	NA	NA	NA	NA	NA	NA	NA
TSS_1307	NA	NA	NA	NA	NA	NA	NA	NA	NA	NA
TSS_1313	NA	NA	NA	NA	NA	NA	NA	NA	-294	ZMO0555
TSS_1314	NA	NA	NA	NA	NA	NA	NA	NA	NA	NA
TSS_1317	NA	NA	NA	NA	NA	NA	NA	NA	-422	ZMO0555
TSS_1318	NA	NA	NA	NA	NA	NA	NA	NA	-428	ZMO0555
TSS_1319	NA	NA	NA	NA	NA	NA	NA	NA	-434	ZMO0555
TSS_1320	NA	NA	NA	NA	NA	NA	NA	NA	NA	NA
TSS_1322	NA	NA	NA	NA	NA	NA	NA	NA	NA	NA
TSS_1323	NA	NA	NA	NA	NA	NA	NA	NA	NA	ZMO0556
TSS_1324	NA	NA	NA	NA	NA	NA	NA	NA	NA	ZMO0556
TSS_1325	NA	NA	NA	NA	NA	NA	NA	NA	-134	ZMO0556
TSS_1326	NA	NA	NA	NA	NA	NA	NA	NA	-139	ZMO0556
TSS_1330	NA	NA	NA	NA	NA	NA	NA	NA	NA	NA
TSS_1331	NA	NA	NA	NA	NA	NA	NA	NA	NA	ZMO0561
TSS_1335	NA	NA	NA	NA	NA	NA	NA	NA	NA	NA
TSS_1337	NA	NA	NA	NA	NA	NA	NA	NA	NA	ZMO0561
TSS_1340	NA	NA	NA	NA	NA	NA	NA	NA	-424	ZMO0564
TSS_1341	NA	NA	NA	NA	NA	NA	NA	NA	NA	NA
TSS_1343	NA	NA	NA	NA	NA	NA	NA	NA	NA	NA
TSS_1345	NA	NA	NA	NA	NA	NA	NA	NA	-193	ZMO0564
TSS_1346	NA	NA	NA	NA	NA	NA	NA	NA	-175	ZMO0564
TSS_1348	NA	NA	NA	NA	NA	NA	NA	NA	-106	ZMO0564
TSS_1349	NA	NA	NA	NA	NA	NA	NA	NA	-32	ZMO0563
TSS_1350	NA	NA	NA	NA	NA	NA	NA	NA	-38	ZMO0563
TSS_1352	NA	NA	NA	NA	NA	NA	NA	NA	NA	ZMO0565
TSS_1356	NA	NA	NA	NA	NA	NA	NA	NA	-191	ZMO0570
TSS_1359	NA	NA	NA	NA	NA	NA	NA	NA	-47	ZMO0570
TSS_1360	NA	NA	NA	NA	NA	NA	NA	NA	NA	ZMOt010
TSS_1362	NA	NA	NA	NA	NA	NA	NA	NA	NA	ZMOt010
TSS_1364	NA	NA	NA	NA	NA	NA	NA	NA	NA	NA
TSS_1365	NA	NA	NA	NA	NA	NA	NA	NA	NA	ZMOt010
TSS_1366	NA	NA	NA	NA	NA	NA	NA	NA	NA	ZMOt010
TSS_1367	NA	NA	NA	NA	NA	NA	NA	NA	NA	NA
TSS_1368	NA	NA	NA	NA	NA	NA	NA	NA	NA	NA
TSS_1369	NA	NA	NA	NA	NA	NA	NA	NA	-382	ZMO0571
TSS_1371	NA	NA	NA	NA	NA	NA	NA	NA	NA	ZMO0576
TSS_1373	NA	NA	NA	NA	NA	NA	NA	NA	NA	NA
TSS_1378	NA	NA	NA	NA	NA	NA	NA	NA	NA	ZMO0581
TSS_1379	NA	NA	NA	NA	NA	NA	NA	NA	-287	ZMO0583
TSS_1380	NA	NA	NA	NA	NA	NA	NA	NA	NA	NA
TSS_1381	NA	NA	NA	NA	NA	NA	NA	NA	-53	ZMO0586
TSS_1382	NA	NA	NA	NA	NA	NA	NA	NA	-77	ZMO0587
TSS_1384	NA	NA	NA	NA	NA	NA	NA	NA	-55	ZMO0588
TSS_1389	NA	NA	NA	NA	NA	NA	NA	NA	NA	NA
TSS_1391	NA	NA	NA	NA	NA	NA	NA	NA	-125	ZMO0595
TSS_1392	NA	NA	NA	NA	NA	NA	NA	NA	-119	ZMO0595
TSS_1394	NA	NA	NA	NA	NA	NA	NA	NA	-67	ZMO0595
TSS_1395	NA	NA	NA	NA	NA	NA	NA	NA	-65	ZMO0595
TSS_1396	NA	NA	NA	NA	NA	NA	NA	NA	-384	ZMO0594
TSS_1397	NA	NA	NA	NA	NA	NA	NA	NA	NA	ZMO0597
TSS_1398	NA	NA	NA	NA	NA	NA	NA	NA	-151	ZMO0598
TSS_1399	NA	NA	NA	NA	NA	NA	NA	NA	NA	ZMO0598
TSS_1407	NA	NA	NA	NA	NA	NA	NA	NA	NA	ZMO0603
TSS_1410	NA	NA	NA	NA	NA	NA	NA	NA	-47	ZMO0604
TSS_1412	NA	NA	NA	NA	NA	NA	NA	NA	-62	ZMO0605
TSS_1414	NA	NA	NA	NA	NA	NA	NA	NA	NA	ZMO0608
TSS_1415	NA	NA	NA	NA	NA	NA	NA	NA	NA	ZMO0609
TSS_1416	NA	NA	NA	NA	NA	NA	NA	NA	-7	ZMO0608
TSS_1417	NA	NA	NA	NA	NA	NA	NA	NA	-74	ZMO0608
TSS_1418	NA	NA	NA	NA	NA	NA	NA	NA	NA	NA
TSS_1419	NA	NA	NA	NA	NA	NA	NA	NA	-143	ZMO0608
TSS_1421	NA	NA	NA	NA	NA	NA	NA	NA	-549	ZMO0609
TSS_1422	NA	NA	NA	NA	NA	NA	NA	NA	-554	ZMO0609
TSS_1423	NA	NA	NA	NA	NA	NA	NA	NA	NA	ZMO0610
TSS_1424	NA	NA	NA	NA	NA	NA	NA	NA	-177	ZMO0610
TSS_1425	NA	NA	NA	NA	NA	NA	NA	NA	-312	ZMO0610
TSS_1426	NA	NA	NA	NA	NA	NA	NA	NA	NA	ZMO0611
TSS_1427	NA	NA	NA	NA	NA	NA	NA	NA	NA	ZMO0611
TSS_1428	NA	NA	NA	NA	NA	NA	NA	NA	NA	ZMO0611
TSS_1429	NA	NA	NA	NA	NA	NA	NA	NA	-523	ZMO0611
TSS_1430	NA	NA	NA	NA	NA	NA	NA	NA	-14	ZMO0612
TSS_1431	NA	NA	NA	NA	NA	NA	NA	NA	-35	ZMO0614
TSS_1433	NA	NA	NA	NA	NA	NA	NA	NA	-141	ZMO0616
TSS_1434	NA	NA	NA	NA	NA	NA	NA	NA	-173	ZMO0619
TSS_1435	NA	NA	NA	NA	NA	NA	NA	NA	-172	ZMO0619
TSS_1436	NA	NA	NA	NA	NA	NA	NA	NA	-171	ZMO0619
TSS_1438	NA	NA	NA	NA	NA	NA	NA	NA	-378	ZMO0622
TSS_1440	NA	NA	NA	NA	NA	NA	NA	NA	NA	NA
TSS_1442	NA	NA	NA	NA	NA	NA	NA	NA	-101	ZMO0624
TSS_1443	NA	NA	NA	NA	NA	NA	NA	NA	-89	ZMO0624
TSS_1444	NA	NA	NA	NA	NA	NA	NA	NA	-88	ZMO0624
TSS_1448	NA	NA	NA	NA	NA	NA	NA	NA	-200	ZMO0628
TSS_1450	NA	NA	NA	NA	NA	NA	NA	NA	NA	ZMO0629
TSS_1451	NA	NA	NA	NA	NA	NA	NA	NA	NA	ZMO0629
TSS_1452	NA	NA	NA	NA	NA	NA	NA	NA	NA	ZMO0629
TSS_1454	NA	NA	NA	NA	NA	NA	NA	NA	-117	ZMO0631
TSS_1455	NA	NA	NA	NA	NA	NA	NA	NA	-68	ZMO0631
TSS_1456	NA	NA	NA	NA	NA	NA	NA	NA	-66	ZMO0631
TSS_1458	NA	NA	NA	NA	NA	NA	NA	NA	NA	ZMO0634
TSS_1460	NA	NA	NA	NA	NA	NA	NA	NA	NA	ZMO0637
TSS_1461	NA	NA	NA	NA	NA	NA	NA	NA	-186	ZMO0638
TSS_1463	NA	NA	NA	NA	NA	NA	NA	NA	NA	ZMO0641
TSS_1466	NA	NA	NA	NA	NA	NA	NA	NA	NA	NA
TSS_1470	NA	NA	NA	NA	NA	NA	NA	NA	NA	NA
TSS_1472	NA	NA	NA	NA	NA	NA	NA	NA	NA	ZMO0651
TSS_1480	NA	NA	NA	NA	NA	NA	NA	NA	-33	ZMO0652
TSS_1486	NA	NA	NA	NA	NA	NA	NA	NA	NA	ZMO0653
TSS_1487	NA	NA	NA	NA	NA	NA	NA	NA	NA	ZMO0653
TSS_1491	NA	NA	NA	NA	NA	NA	NA	NA	-456	ZMO0654
TSS_1492	NA	NA	NA	NA	NA	NA	NA	NA	-198	ZMO0657
TSS_1493	NA	NA	NA	NA	NA	NA	NA	NA	-300	ZMO0659
TSS_1494	NA	NA	NA	NA	NA	NA	NA	NA	-296	ZMO0659
TSS_1495	NA	NA	NA	NA	NA	NA	NA	NA	-189	ZMO0659
TSS_1496	NA	NA	NA	NA	NA	NA	NA	NA	-110	ZMO0659
TSS_1498	NA	NA	NA	NA	NA	NA	NA	NA	-172	ZMO0660
TSS_1500	NA	NA	NA	NA	NA	NA	NA	NA	-168	ZMO0660
TSS_1501	NA	NA	NA	NA	NA	NA	NA	NA	NA	NA
TSS_1502	NA	NA	NA	NA	NA	NA	NA	NA	NA	NA
TSS_1504	NA	NA	NA	NA	NA	NA	NA	NA	-19	ZMO0660
TSS_1505	NA	NA	NA	NA	NA	NA	NA	NA	NA	ZMO0660
TSS_1506	NA	NA	NA	NA	NA	NA	NA	NA	-644	ZMO0661
TSS_1508	NA	NA	NA	NA	NA	NA	NA	NA	NA	ZMO0662
TSS_1509	NA	NA	NA	NA	NA	NA	NA	NA	NA	NA
TSS_1510	NA	NA	NA	NA	NA	NA	NA	NA	NA	ZMO0662
TSS_1511	NA	NA	NA	NA	NA	NA	NA	NA	NA	ZMO0662
TSS_1513	NA	NA	NA	NA	NA	NA	NA	NA	NA	ZMO0662
TSS_1514	NA	NA	NA	NA	NA	NA	NA	NA	-448	ZMO0664
TSS_1516	NA	NA	NA	NA	NA	NA	NA	NA	-11	ZMO0664
TSS_1517	NA	NA	NA	NA	NA	NA	NA	NA	NA	ZMO0664
TSS_1518	NA	NA	NA	NA	NA	NA	NA	NA	-115	ZMO0665
TSS_1521	NA	NA	NA	NA	NA	NA	NA	NA	-88	ZMO2005
TSS_1524	NA	NA	NA	NA	NA	NA	NA	NA	-22	ZMO2005
TSS_1526	NA	NA	NA	NA	NA	NA	NA	NA	-114	ZMO0667
TSS_1527	NA	NA	NA	NA	NA	NA	NA	NA	-94	ZMO0667
TSS_1528	NA	NA	NA	NA	NA	NA	NA	NA	-75	ZMO0667
TSS_1529	NA	NA	NA	NA	NA	NA	NA	NA	-70	ZMO0667
TSS_1530	NA	NA	NA	NA	NA	NA	NA	NA	NA	NA
TSS_1532	NA	NA	NA	NA	NA	NA	NA	NA	-59	ZMO0667
TSS_1533	NA	NA	NA	NA	NA	NA	NA	NA	-25	ZMO0667
TSS_1534	NA	NA	NA	NA	NA	NA	NA	NA	NA	ZMO0667
TSS_1535	NA	NA	NA	NA	NA	NA	NA	NA	-566	ZMO0668
TSS_1537	NA	NA	NA	NA	NA	NA	NA	NA	-142	ZMO0668
TSS_1541	NA	NA	NA	NA	NA	NA	NA	NA	NA	NA
TSS_1542	NA	NA	NA	NA	NA	NA	NA	NA	-6	ZMO0672
TSS_1545	NA	NA	NA	NA	NA	NA	NA	NA	-84	ZMO0675
TSS_1546	NA	NA	NA	NA	NA	NA	NA	NA	-133	ZMO0675
TSS_1548	NA	NA	NA	NA	NA	NA	NA	NA	-138	ZMO0675
TSS_1550	NA	NA	NA	NA	NA	NA	NA	NA	-360	ZMO0675
TSS_1551	NA	NA	NA	NA	NA	NA	NA	NA	-29	ZMO0676
TSS_1552	NA	NA	NA	NA	NA	NA	NA	NA	NA	NA
TSS_1554	NA	NA	NA	NA	NA	NA	NA	NA	-118	ZMO0676
TSS_1555	NA	NA	NA	NA	NA	NA	NA	NA	-630	ZMO0676
TSS_1556	NA	NA	NA	NA	NA	NA	NA	NA	NA	ZMO0677
TSS_1557	NA	NA	NA	NA	NA	NA	NA	NA	-23	ZMO0677
TSS_1558	NA	NA	NA	NA	NA	NA	NA	NA	-25	ZMO0677
TSS_1563	NA	NA	NA	NA	NA	NA	NA	NA	NA	ZMO0687
TSS_1564	NA	NA	NA	NA	NA	NA	NA	NA	-43	ZMO0687
TSS_1566	NA	NA	NA	NA	NA	NA	NA	NA	NA	NA
TSS_1569	NA	NA	NA	NA	NA	NA	NA	NA	-423	ZMO0688
TSS_1571	NA	NA	NA	NA	NA	NA	NA	NA	NA	ZMO0689
TSS_1572	NA	NA	NA	NA	NA	NA	NA	NA	NA	NA
TSS_1576	NA	NA	NA	NA	NA	NA	NA	NA	-102	ZMO0691
TSS_1578	NA	NA	NA	NA	NA	NA	NA	NA	NA	ZMO0692
TSS_1579	NA	NA	NA	NA	NA	NA	NA	NA	NA	ZMO0692
TSS_1580	NA	NA	NA	NA	NA	NA	NA	NA	NA	ZMO0692
TSS_1581	NA	NA	NA	NA	NA	NA	NA	NA	NA	ZMO0692
TSS_1583	NA	NA	NA	NA	NA	NA	NA	NA	-186	ZMO0692
TSS_1585	NA	NA	NA	NA	NA	NA	NA	NA	-103	ZMO0693
TSS_1586	NA	NA	NA	NA	NA	NA	NA	NA	NA	NA
TSS_1587	NA	NA	NA	NA	NA	NA	NA	NA	-105	ZMO0693
TSS_1588	NA	NA	NA	NA	NA	NA	NA	NA	-106	ZMO0693
TSS_1589	NA	NA	NA	NA	NA	NA	NA	NA	NA	NA
TSS_1590	NA	NA	NA	NA	NA	NA	NA	NA	NA	NA
TSS_1592	NA	NA	NA	NA	NA	NA	NA	NA	NA	NA
TSS_1593	NA	NA	NA	NA	NA	NA	NA	NA	NA	ZMOt011
TSS_1594	NA	NA	NA	NA	NA	NA	NA	NA	NA	ZMOt011
TSS_1595	NA	NA	NA	NA	NA	NA	NA	NA	NA	ZMOt011
TSS_1596	NA	NA	NA	NA	NA	NA	NA	NA	NA	ZMOt011
TSS_1597	NA	NA	NA	NA	NA	NA	NA	NA	NA	ZMOt011
TSS_1598	NA	NA	NA	NA	NA	NA	NA	NA	NA	ZMOt011
TSS_1599	NA	NA	NA	NA	NA	NA	NA	NA	NA	NA
TSS_1602	NA	NA	NA	NA	NA	NA	NA	NA	-77	ZMO0704
TSS_1605	NA	NA	NA	NA	NA	NA	NA	NA	-173	ZMO0704
TSS_1606	NA	NA	NA	NA	NA	NA	NA	NA	NA	NA
TSS_1607	NA	NA	NA	NA	NA	NA	NA	NA	-312	ZMO0710
TSS_1608	NA	NA	NA	NA	NA	NA	NA	NA	-62	ZMO0709
TSS_1609	NA	NA	NA	NA	NA	NA	NA	NA	NA	NA
TSS_1610	NA	NA	NA	NA	NA	NA	NA	NA	NA	NA
TSS_1612	NA	NA	NA	NA	NA	NA	NA	NA	-173	ZMO0709
TSS_1616	NA	NA	NA	NA	NA	NA	NA	NA	NA	NA
TSS_1618	NA	NA	NA	NA	NA	NA	NA	NA	-530	ZMO0713
TSS_1621	NA	NA	NA	NA	NA	NA	NA	NA	-34	ZMO0714
TSS_1622	NA	NA	NA	NA	NA	NA	NA	NA	-37	ZMO0715
TSS_1623	NA	NA	NA	NA	NA	NA	NA	NA	NA	ZMO0715
TSS_1624	NA	NA	NA	NA	NA	NA	NA	NA	-150	ZMO0716
TSS_1625	NA	NA	NA	NA	NA	NA	NA	NA	NA	ZMO0718
TSS_1626	NA	NA	NA	NA	NA	NA	NA	NA	NA	NA
TSS_1628	NA	NA	NA	NA	NA	NA	NA	NA	-378	ZMO0720
TSS_1629	NA	NA	NA	NA	NA	NA	NA	NA	-377	ZMO0720
TSS_1630	NA	NA	NA	NA	NA	NA	NA	NA	-223	ZMO0720
TSS_1634	NA	NA	NA	NA	NA	NA	NA	NA	-414	ZMO0721
TSS_1635	NA	NA	NA	NA	NA	NA	NA	NA	NA	NA
TSS_1638	NA	NA	NA	NA	NA	NA	NA	NA	-56	ZMO0722
TSS_1639	NA	NA	NA	NA	NA	NA	NA	NA	NA	ZMO0722
TSS_1640	NA	NA	NA	NA	NA	NA	NA	NA	NA	ZMO0722
TSS_1642	NA	NA	NA	NA	NA	NA	NA	NA	NA	ZMOt013
TSS_1646	NA	NA	NA	NA	NA	NA	NA	NA	-146	ZMOt013
TSS_1647	NA	NA	NA	NA	NA	NA	NA	NA	NA	NA
TSS_1649	NA	NA	NA	NA	NA	NA	NA	NA	NA	NA
TSS_1650	NA	NA	NA	NA	NA	NA	NA	NA	NA	ZMOt013
TSS_1651	NA	NA	NA	NA	NA	NA	NA	NA	NA	NA
TSS_1652	NA	NA	NA	NA	NA	NA	NA	NA	NA	ZMOt013
TSS_1653	NA	NA	NA	NA	NA	NA	NA	NA	NA	NA
TSS_1654	NA	NA	NA	NA	NA	NA	NA	NA	NA	NA
TSS_1655	NA	NA	NA	NA	NA	NA	NA	NA	-156	ZMO2006
TSS_1656	NA	NA	NA	NA	NA	NA	NA	NA	NA	ZMO2006
TSS_1658	NA	NA	NA	NA	NA	NA	NA	NA	-341	ZMO0726
TSS_1659	NA	NA	NA	NA	NA	NA	NA	NA	-317	ZMO0726
TSS_1660	NA	NA	NA	NA	NA	NA	NA	NA	-506	ZMO0727
TSS_1663	NA	NA	NA	NA	NA	NA	NA	NA	-185	ZMO0727
TSS_1664	NA	NA	NA	NA	NA	NA	NA	NA	-90	ZMO0727
TSS_1665	NA	NA	NA	NA	NA	NA	NA	NA	-53	ZMO0727
TSS_1666	NA	NA	NA	NA	NA	NA	NA	NA	-354	ZMO0728
TSS_1667	NA	NA	NA	NA	NA	NA	NA	NA	-248	ZMO0728
TSS_1668	NA	NA	NA	NA	NA	NA	NA	NA	NA	ZMO0727
TSS_1669	NA	NA	NA	NA	NA	NA	NA	NA	-172	ZMO0728
TSS_1670	NA	NA	NA	NA	NA	NA	NA	NA	-144	ZMO0728
TSS_1671	NA	NA	NA	NA	NA	NA	NA	NA	NA	ZMO0728
TSS_1672	NA	NA	NA	NA	NA	NA	NA	NA	NA	ZMO0728
TSS_1673	NA	NA	NA	NA	NA	NA	NA	NA	NA	ZMO0728
TSS_1674	NA	NA	NA	NA	NA	NA	NA	NA	NA	ZMO0728
TSS_1675	NA	NA	NA	NA	NA	NA	NA	NA	NA	ZMO0728
TSS_1676	NA	NA	NA	NA	NA	NA	NA	NA	-243	ZMO0731
TSS_1677	NA	NA	NA	NA	NA	NA	NA	NA	-76	ZMO0731
TSS_1679	NA	NA	NA	NA	NA	NA	NA	NA	NA	ZMO0731
TSS_1680	NA	NA	NA	NA	NA	NA	NA	NA	NA	ZMO0731
TSS_1681	NA	NA	NA	NA	NA	NA	NA	NA	NA	ZMO0731
TSS_1682	NA	NA	NA	NA	NA	NA	NA	NA	NA	ZMO0731
TSS_1683	NA	NA	NA	NA	NA	NA	NA	NA	NA	NA
TSS_1684	NA	NA	NA	NA	NA	NA	NA	NA	NA	ZMO0731
TSS_1686	NA	NA	NA	NA	NA	NA	NA	NA	NA	ZMO0732
TSS_1687	NA	NA	NA	NA	NA	NA	NA	NA	NA	ZMO0732
TSS_1688	NA	NA	NA	NA	NA	NA	NA	NA	NA	ZMO0732
TSS_1690	NA	NA	NA	NA	NA	NA	NA	NA	NA	ZMO0732
TSS_1691	NA	NA	NA	NA	NA	NA	NA	NA	NA	ZMO0732
TSS_1692	NA	NA	NA	NA	NA	NA	NA	NA	NA	ZMO0733
TSS_1693	NA	NA	NA	NA	NA	NA	NA	NA	-92	ZMO0734
TSS_1694	NA	NA	NA	NA	NA	NA	NA	NA	-47	ZMO0734
TSS_1695	NA	NA	NA	NA	NA	NA	NA	NA	NA	NA
TSS_1696	NA	NA	NA	NA	NA	NA	NA	NA	-45	ZMO0734
TSS_1697	NA	NA	NA	NA	NA	NA	NA	NA	-44	ZMO0734
TSS_1698	NA	NA	NA	NA	NA	NA	NA	NA	-43	ZMO0734
TSS_1699	NA	NA	NA	NA	NA	NA	NA	NA	NA	NA
TSS_1700	NA	NA	NA	NA	NA	NA	NA	NA	-41	ZMO0734
TSS_1701	NA	NA	NA	NA	NA	NA	NA	NA	NA	ZMO0734
TSS_1702	NA	NA	NA	NA	NA	NA	NA	NA	-406	ZMO0733
TSS_1703	NA	NA	NA	NA	NA	NA	NA	NA	NA	ZMO0734
TSS_1705	NA	NA	NA	NA	NA	NA	NA	NA	NA	ZMO0735
TSS_1706	NA	NA	NA	NA	NA	NA	NA	NA	NA	NA
TSS_1708	NA	NA	NA	NA	NA	NA	NA	NA	-82	ZMO0736
TSS_1709	NA	NA	NA	NA	NA	NA	NA	NA	-250	ZMO0736
TSS_1710	NA	NA	NA	NA	NA	NA	NA	NA	-314	ZMO0736
TSS_1712	NA	NA	NA	NA	NA	NA	NA	NA	-368	ZMO0736
TSS_1714	NA	NA	NA	NA	NA	NA	NA	NA	-70	ZMO0737
TSS_1715	NA	NA	NA	NA	NA	NA	NA	NA	-22	ZMO0739
TSS_1717	NA	NA	NA	NA	NA	NA	NA	NA	-91	ZMO0740
TSS_1718	NA	NA	NA	NA	NA	NA	NA	NA	-89	ZMO0740
TSS_1719	NA	NA	NA	NA	NA	NA	NA	NA	-87	ZMO0740
TSS_1721	NA	NA	NA	NA	NA	NA	NA	NA	-60	ZMO0740
TSS_1722	NA	NA	NA	NA	NA	NA	NA	NA	-55	ZMO0740
TSS_1723	NA	NA	NA	NA	NA	NA	NA	NA	-52	ZMO0740
TSS_1724	NA	NA	NA	NA	NA	NA	NA	NA	-565	ZMO0743
TSS_1725	NA	NA	NA	NA	NA	NA	NA	NA	-376	ZMO0743
TSS_1726	NA	NA	NA	NA	NA	NA	NA	NA	-374	ZMO0743
TSS_1727	NA	NA	NA	NA	NA	NA	NA	NA	-372	ZMO0743
TSS_1728	NA	NA	NA	NA	NA	NA	NA	NA	-354	ZMO0743
TSS_1729	NA	NA	NA	NA	NA	NA	NA	NA	-89	ZMO0743
TSS_1730	NA	NA	NA	NA	NA	NA	NA	NA	NA	NA
TSS_1732	NA	NA	NA	NA	NA	NA	NA	NA	NA	ZMOt014
TSS_1733	NA	NA	NA	NA	NA	NA	NA	NA	NA	NA
TSS_1734	NA	NA	NA	NA	NA	NA	NA	NA	NA	ZMOt014
TSS_1735	NA	NA	NA	NA	NA	NA	NA	NA	NA	ZMOt014
TSS_1739	NA	NA	NA	NA	NA	NA	NA	NA	NA	NA
TSS_1741	NA	NA	NA	NA	NA	NA	NA	NA	NA	NA
TSS_1742	NA	NA	NA	NA	NA	NA	NA	NA	NA	NA
TSS_1743	NA	NA	NA	NA	NA	NA	NA	NA	NA	ZMO0749
TSS_1744	NA	NA	NA	NA	NA	NA	NA	NA	NA	NA
TSS_1745	NA	NA	NA	NA	NA	NA	NA	NA	-57	ZMO0749
TSS_1747	NA	NA	NA	NA	NA	NA	NA	NA	-92	ZMO0749
TSS_1748	NA	NA	NA	NA	NA	NA	NA	NA	-194	ZMO0749
TSS_1749	NA	NA	NA	NA	NA	NA	NA	NA	-197	ZMO0749
TSS_1750	NA	NA	NA	NA	NA	NA	NA	NA	NA	NA
TSS_1751	NA	NA	NA	NA	NA	NA	NA	NA	-200	ZMO0749
TSS_1752	NA	NA	NA	NA	NA	NA	NA	NA	NA	NA
TSS_1753	NA	NA	NA	NA	NA	NA	NA	NA	-625	ZMO0753
TSS_1754	NA	NA	NA	NA	NA	NA	NA	NA	-409	ZMO0753
TSS_1756	NA	NA	NA	NA	NA	NA	NA	NA	NA	NA
TSS_1757	NA	NA	NA	NA	NA	NA	NA	NA	-42	ZMO0753
TSS_1759	NA	NA	NA	NA	NA	NA	NA	NA	NA	ZMO0756
TSS_1761	NA	NA	NA	NA	NA	NA	NA	NA	NA	NA
TSS_1762	NA	NA	NA	NA	NA	NA	NA	NA	-70	ZMO0760
TSS_1763	NA	NA	NA	NA	NA	NA	NA	NA	-72	ZMO0760
TSS_1764	NA	NA	NA	NA	NA	NA	NA	NA	-127	ZMO0760
TSS_1765	NA	NA	NA	NA	NA	NA	NA	NA	-168	ZMO0765
TSS_1767	NA	NA	NA	NA	NA	NA	NA	NA	NA	NA
TSS_1769	NA	NA	NA	NA	NA	NA	NA	NA	NA	NA
TSS_1772	NA	NA	NA	NA	NA	NA	NA	NA	-605	ZMO0766
TSS_1773	NA	NA	NA	NA	NA	NA	NA	NA	-42	ZMO0766
TSS_1774	NA	NA	NA	NA	NA	NA	NA	NA	NA	NA
TSS_1776	NA	NA	NA	NA	NA	NA	NA	NA	NA	NA
TSS_1778	NA	NA	NA	NA	NA	NA	NA	NA	NA	ZMO0766
TSS_1780	NA	NA	NA	NA	NA	NA	NA	NA	-13	ZMO0770
TSS_1781	NA	NA	NA	NA	NA	NA	NA	NA	-105	ZMO0770
TSS_1782	NA	NA	NA	NA	NA	NA	NA	NA	-107	ZMO0773
TSS_1787	NA	NA	NA	NA	NA	NA	NA	NA	-49	ZMO0776
TSS_1793	NA	NA	NA	NA	NA	NA	NA	NA	-156	ZMO0781
TSS_1794	NA	NA	NA	NA	NA	NA	NA	NA	-114	ZMO0781
TSS_1796	NA	NA	NA	NA	NA	NA	NA	NA	NA	ZMO0782; ZMO0783
TSS_1797	NA	NA	NA	NA	NA	NA	NA	NA	NA	ZMO0783
TSS_1799	NA	NA	NA	NA	NA	NA	NA	NA	-38	ZMO0785
TSS_1800	NA	NA	NA	NA	NA	NA	NA	NA	-32	ZMO0785
TSS_1802	NA	NA	NA	NA	NA	NA	NA	NA	-43	ZMO0786
TSS_1804	NA	NA	NA	NA	NA	NA	NA	NA	NA	ZMO0789
TSS_1808	NA	NA	NA	NA	NA	NA	NA	NA	-25	ZMO0794
TSS_1811	NA	NA	NA	NA	NA	NA	NA	NA	-71	ZMO0797
TSS_1812	NA	NA	NA	NA	NA	NA	NA	NA	NA	NA
TSS_1814	NA	NA	NA	NA	NA	NA	NA	NA	NA	ZMO2055
TSS_1818	NA	NA	NA	NA	NA	NA	NA	NA	-2	ZMO0807
TSS_1820	NA	NA	NA	NA	NA	NA	NA	NA	0	ZMO0812
TSS_1823	NA	NA	NA	NA	NA	NA	NA	NA	-19	ZMO0815
TSS_1824	NA	NA	NA	NA	NA	NA	NA	NA	-23	ZMO0815
TSS_1825	NA	NA	NA	NA	NA	NA	NA	NA	NA	NA
TSS_1827	NA	NA	NA	NA	NA	NA	NA	NA	-221	ZMO0815
TSS_1828	NA	NA	NA	NA	NA	NA	NA	NA	-227	ZMO0815
TSS_1829	NA	NA	NA	NA	NA	NA	NA	NA	NA	NA
TSS_1830	NA	NA	NA	NA	NA	NA	NA	NA	-232	ZMO0815
TSS_1831	NA	NA	NA	NA	NA	NA	NA	NA	-331	ZMO0815
TSS_1832	NA	NA	NA	NA	NA	NA	NA	NA	-337	ZMO0815
TSS_1833	NA	NA	NA	NA	NA	NA	NA	NA	-347	ZMO0815
TSS_1834	NA	NA	NA	NA	NA	NA	NA	NA	-365	ZMO0815
TSS_1835	NA	NA	NA	NA	NA	NA	NA	NA	-376	ZMO0815
TSS_1836	NA	NA	NA	NA	NA	NA	NA	NA	-378	ZMO0815
TSS_1837	NA	NA	NA	NA	NA	NA	NA	NA	-398	ZMO0815
TSS_1838	NA	NA	NA	NA	NA	NA	NA	NA	-408	ZMO0815
TSS_1839	NA	NA	NA	NA	NA	NA	NA	NA	-410	ZMO0815
TSS_1840	NA	NA	NA	NA	NA	NA	NA	NA	-19	ZMO2056
TSS_1841	NA	NA	NA	NA	NA	NA	NA	NA	-22	ZMO2056
TSS_1842	NA	NA	NA	NA	NA	NA	NA	NA	-24	ZMO2056
TSS_1843	NA	NA	NA	NA	NA	NA	NA	NA	NA	NA
TSS_1844	NA	NA	NA	NA	NA	NA	NA	NA	NA	NA
TSS_1845	NA	NA	NA	NA	NA	NA	NA	NA	NA	NA
TSS_1847	NA	NA	NA	NA	NA	NA	NA	NA	NA	NA
TSS_1848	NA	NA	NA	NA	NA	NA	NA	NA	NA	NA
TSS_1849	NA	NA	NA	NA	NA	NA	NA	NA	NA	NA
TSS_1850	NA	NA	NA	NA	NA	NA	NA	NA	NA	NA
TSS_1851	NA	NA	NA	NA	NA	NA	NA	NA	NA	NA
TSS_1852	NA	NA	NA	NA	NA	NA	NA	NA	-42	ZMO2056
TSS_1854	NA	NA	NA	NA	NA	NA	NA	NA	-62	ZMO0818
TSS_1855	NA	NA	NA	NA	NA	NA	NA	NA	-53	ZMO0818
TSS_1857	NA	NA	NA	NA	NA	NA	NA	NA	-163	ZMO0819
TSS_1858	NA	NA	NA	NA	NA	NA	NA	NA	NA	ZMO0819
TSS_1859	NA	NA	NA	NA	NA	NA	NA	NA	NA	ZMO0819
TSS_1860	NA	NA	NA	NA	NA	NA	NA	NA	NA	ZMO0820
TSS_1861	NA	NA	NA	NA	NA	NA	NA	NA	NA	ZMO0820
TSS_1862	NA	NA	NA	NA	NA	NA	NA	NA	NA	NA
TSS_1863	NA	NA	NA	NA	NA	NA	NA	NA	-59	ZMO0821
TSS_1864	NA	NA	NA	NA	NA	NA	NA	NA	-50	ZMO0821
TSS_1865	NA	NA	NA	NA	NA	NA	NA	NA	-35	ZMO0821
TSS_1867	NA	NA	NA	NA	NA	NA	NA	NA	-306	ZMO0822
TSS_1870	NA	NA	NA	NA	NA	NA	NA	NA	NA	NA
TSS_1874	NA	NA	NA	NA	NA	NA	NA	NA	NA	ZMO0829
TSS_1876	NA	NA	NA	NA	NA	NA	NA	NA	NA	ZMO0832
TSS_1877	NA	NA	NA	NA	NA	NA	NA	NA	-155	ZMO0836
TSS_1878	NA	NA	NA	NA	NA	NA	NA	NA	-152	ZMO0836
TSS_1882	NA	NA	NA	NA	NA	NA	NA	NA	-642	ZMO0837
TSS_1883	NA	NA	NA	NA	NA	NA	NA	NA	-461	ZMO0837
TSS_1884	NA	NA	NA	NA	NA	NA	NA	NA	NA	ZMO0836
TSS_1886	NA	NA	NA	NA	NA	NA	NA	NA	-160	ZMO0837
TSS_1887	NA	NA	NA	NA	NA	NA	NA	NA	-155	ZMO0837
TSS_1888	NA	NA	NA	NA	NA	NA	NA	NA	-153	ZMO0837
TSS_1891	NA	NA	NA	NA	NA	NA	NA	NA	-16	ZMO0837
TSS_1892	NA	NA	NA	NA	NA	NA	NA	NA	NA	ZMO0837
TSS_1893	NA	NA	NA	NA	NA	NA	NA	NA	NA	ZMO0837
TSS_1895	NA	NA	NA	NA	NA	NA	NA	NA	NA	ZMO0837
TSS_1898	NA	NA	NA	NA	NA	NA	NA	NA	-168	ZMO0844
TSS_1900	NA	NA	NA	NA	NA	NA	NA	NA	-150	ZMO0844
TSS_1901	NA	NA	NA	NA	NA	NA	NA	NA	-141	ZMO0844
TSS_1902	NA	NA	NA	NA	NA	NA	NA	NA	-134	ZMO0844
TSS_1904	NA	NA	NA	NA	NA	NA	NA	NA	NA	NA
TSS_1905	NA	NA	NA	NA	NA	NA	NA	NA	NA	NA
TSS_1906	NA	NA	NA	NA	NA	NA	NA	NA	-127	ZMO0844
TSS_1907	NA	NA	NA	NA	NA	NA	NA	NA	-105	ZMO0844
TSS_1908	NA	NA	NA	NA	NA	NA	NA	NA	-406	ZMO0845
TSS_1909	NA	NA	NA	NA	NA	NA	NA	NA	-169	ZMO0845
TSS_1911	NA	NA	NA	NA	NA	NA	NA	NA	NA	ZMO0845
TSS_1915	NA	NA	NA	NA	NA	NA	NA	NA	-227	ZMO0847
TSS_1916	NA	NA	NA	NA	NA	NA	NA	NA	NA	NA
TSS_1920	NA	NA	NA	NA	NA	NA	NA	NA	NA	NA
TSS_1921	NA	NA	NA	NA	NA	NA	NA	NA	-323	ZMO0850
TSS_1922	NA	NA	NA	NA	NA	NA	NA	NA	-138	ZMO0850
TSS_1923	NA	NA	NA	NA	NA	NA	NA	NA	-136	ZMO0850
TSS_1924	NA	NA	NA	NA	NA	NA	NA	NA	NA	ZMO0850
TSS_1925	NA	NA	NA	NA	NA	NA	NA	NA	NA	ZMO0851
TSS_1928	NA	NA	NA	NA	NA	NA	NA	NA	-611	ZMO0851
TSS_1932	NA	NA	NA	NA	NA	NA	NA	NA	-3	ZMO0856
TSS_1935	NA	NA	NA	NA	NA	NA	NA	NA	-106	ZMO0856
TSS_1937	NA	NA	NA	NA	NA	NA	NA	NA	NA	NA
TSS_1938	NA	NA	NA	NA	NA	NA	NA	NA	NA	NA
TSS_1939	NA	NA	NA	NA	NA	NA	NA	NA	NA	Zms16
TSS_1940	NA	NA	NA	NA	NA	NA	NA	NA	NA	NA
TSS_1941	NA	NA	NA	NA	NA	NA	NA	NA	NA	NA
TSS_1942	NA	NA	NA	NA	NA	NA	NA	NA	NA	NA
TSS_1943	NA	NA	NA	NA	NA	NA	NA	NA	NA	Zms16
TSS_1944	NA	NA	NA	NA	NA	NA	NA	NA	NA	Zms16
TSS_1945	NA	NA	NA	NA	NA	NA	NA	NA	NA	NA
TSS_1949	NA	NA	NA	NA	NA	NA	NA	NA	NA	ZMO0862
TSS_1951	NA	NA	NA	NA	NA	NA	NA	NA	-330	ZMO0865
TSS_1953	NA	NA	NA	NA	NA	NA	NA	NA	-122	ZMO0865
TSS_1954	NA	NA	NA	NA	NA	NA	NA	NA	NA	ZMO0865
TSS_1956	NA	NA	NA	NA	NA	NA	NA	NA	-419	ZMO0866
TSS_1958	NA	NA	NA	NA	NA	NA	NA	NA	-113	ZMO0867
TSS_1959	NA	NA	NA	NA	NA	NA	NA	NA	NA	NA
TSS_1961	NA	NA	NA	NA	NA	NA	NA	NA	-43	ZMO0869
TSS_1962	NA	NA	NA	NA	NA	NA	NA	NA	NA	ZMO0871
TSS_1963	NA	NA	NA	NA	NA	NA	NA	NA	-38	ZMO0872
TSS_1964	NA	NA	NA	NA	NA	NA	NA	NA	NA	ZMO0872
TSS_1968	NA	NA	NA	NA	NA	NA	NA	NA	-103	ZMO0874
TSS_1969	NA	NA	NA	NA	NA	NA	NA	NA	-41	ZMO0875
TSS_1970	NA	NA	NA	NA	NA	NA	NA	NA	-52	ZMO0875
TSS_1971	NA	NA	NA	NA	NA	NA	NA	NA	-55	ZMO0875
TSS_1972	NA	NA	NA	NA	NA	NA	NA	NA	-63	ZMO0875
TSS_1974	NA	NA	NA	NA	NA	NA	NA	NA	-213	ZMO0876
TSS_1975	NA	NA	NA	NA	NA	NA	NA	NA	-149	ZMO0876
TSS_1976	NA	NA	NA	NA	NA	NA	NA	NA	NA	NA
TSS_1977	NA	NA	NA	NA	NA	NA	NA	NA	NA	NA
TSS_1978	NA	NA	NA	NA	NA	NA	NA	NA	-146	ZMO0876
TSS_1979	NA	NA	NA	NA	NA	NA	NA	NA	-75	ZMO0876
TSS_1980	NA	NA	NA	NA	NA	NA	NA	NA	-68	ZMO0876
TSS_1981	NA	NA	NA	NA	NA	NA	NA	NA	-15	ZMO0878
TSS_1982	NA	NA	NA	NA	NA	NA	NA	NA	NA	NA
TSS_1983	NA	NA	NA	NA	NA	NA	NA	NA	-19	ZMO0878
TSS_1984	NA	NA	NA	NA	NA	NA	NA	NA	NA	NA
TSS_1986	NA	NA	NA	NA	NA	NA	NA	NA	-114	ZMO0878
TSS_1989	NA	NA	NA	NA	NA	NA	NA	NA	-126	ZMO0880
TSS_1992	NA	NA	NA	NA	NA	NA	NA	NA	NA	ZMO0883
TSS_1993	NA	NA	NA	NA	NA	NA	NA	NA	-613	ZMO0882
TSS_1995	NA	NA	NA	NA	NA	NA	NA	NA	-74	ZMO0884
TSS_1996	NA	NA	NA	NA	NA	NA	NA	NA	-75	ZMO0884
TSS_1997	NA	NA	NA	NA	NA	NA	NA	NA	NA	NA
TSS_1999	NA	NA	NA	NA	NA	NA	NA	NA	NA	NA
TSS_2004	NA	NA	NA	NA	NA	NA	NA	NA	NA	NA
TSS_2005	NA	NA	NA	NA	NA	NA	NA	NA	NA	NA
TSS_2006	NA	NA	NA	NA	NA	NA	NA	NA	-63	ZMO0890
TSS_2007	NA	NA	NA	NA	NA	NA	NA	NA	-66	ZMO0890
TSS_2008	NA	NA	NA	NA	NA	NA	NA	NA	-68	ZMO0890
TSS_2009	NA	NA	NA	NA	NA	NA	NA	NA	-269	ZMO0890
TSS_2010	NA	NA	NA	NA	NA	NA	NA	NA	NA	NA
TSS_2014	NA	NA	NA	NA	NA	NA	NA	NA	-397	ZMO0895
TSS_2015	NA	NA	NA	NA	NA	NA	NA	NA	-414	ZMO0895
TSS_2016	NA	NA	NA	NA	NA	NA	NA	NA	-417	ZMO0895
TSS_2017	NA	NA	NA	NA	NA	NA	NA	NA	-74	ZMO0896
TSS_2018	NA	NA	NA	NA	NA	NA	NA	NA	-55	ZMO0896
TSS_2020	NA	NA	NA	NA	NA	NA	NA	NA	-142	ZMO0899
TSS_2021	NA	NA	NA	NA	NA	NA	NA	NA	-101	ZMO0899
TSS_2022	NA	NA	NA	NA	NA	NA	NA	NA	-76	ZMO0899
TSS_2023	NA	NA	NA	NA	NA	NA	NA	NA	-225	ZMO0900
TSS_2024	NA	NA	NA	NA	NA	NA	NA	NA	NA	ZMO0900
TSS_2025	NA	NA	NA	NA	NA	NA	NA	NA	-505	ZMO0902
TSS_2027	NA	NA	NA	NA	NA	NA	NA	NA	-186	ZMO0903
TSS_2028	NA	NA	NA	NA	NA	NA	NA	NA	-490	ZMO0903
TSS_2029	NA	NA	NA	NA	NA	NA	NA	NA	NA	ZMO0904
TSS_2033	NA	NA	NA	NA	NA	NA	NA	NA	NA	ZMO0905
TSS_2034	NA	NA	NA	NA	NA	NA	NA	NA	NA	ZMOt016
TSS_2035	NA	NA	NA	NA	NA	NA	NA	NA	NA	ZMOt016
TSS_2036	NA	NA	NA	NA	NA	NA	NA	NA	NA	ZMOt016
TSS_2037	NA	NA	NA	NA	NA	NA	NA	NA	NA	ZMOt016
TSS_2039	NA	NA	NA	NA	NA	NA	NA	NA	NA	NA
TSS_2040	NA	NA	NA	NA	NA	NA	NA	NA	NA	ZMOt016
TSS_2041	NA	NA	NA	NA	NA	NA	NA	NA	NA	ZMO0908
TSS_2044	NA	NA	NA	NA	NA	NA	NA	NA	NA	ZMO0909
TSS_2050	NA	NA	NA	NA	NA	NA	NA	NA	-172	ZMO0910
TSS_2051	NA	NA	NA	NA	NA	NA	NA	NA	-3	ZMO0911
TSS_2052	NA	NA	NA	NA	NA	NA	NA	NA	-1	ZMO0911
TSS_2058	NA	NA	NA	NA	NA	NA	NA	NA	NA	ZMO0912
TSS_2060	NA	NA	NA	NA	NA	NA	NA	NA	-33	ZMO0913
TSS_2061	NA	NA	NA	NA	NA	NA	NA	NA	-599	ZMO0915
TSS_2063	NA	NA	NA	NA	NA	NA	NA	NA	-56	ZMO0914
TSS_2065	NA	NA	NA	NA	NA	NA	NA	NA	NA	NA
TSS_2066	NA	NA	NA	NA	NA	NA	NA	NA	-64	ZMO0914
TSS_2067	NA	NA	NA	NA	NA	NA	NA	NA	-82	ZMO0915
TSS_2068	NA	NA	NA	NA	NA	NA	NA	NA	-40	ZMO0915
TSS_2071	NA	NA	NA	NA	NA	NA	NA	NA	-234	ZMO0916
TSS_2075	NA	NA	NA	NA	NA	NA	NA	NA	-40	ZMO0917
TSS_2077	NA	NA	NA	NA	NA	NA	NA	NA	-561	ZMO0918
TSS_2078	NA	NA	NA	NA	NA	NA	NA	NA	NA	NA
TSS_2079	NA	NA	NA	NA	NA	NA	NA	NA	-27	ZMO0918
TSS_2080	NA	NA	NA	NA	NA	NA	NA	NA	NA	NA
TSS_2081	NA	NA	NA	NA	NA	NA	NA	NA	-24	ZMO0918
TSS_2082	NA	NA	NA	NA	NA	NA	NA	NA	NA	NA
TSS_2083	NA	NA	NA	NA	NA	NA	NA	NA	NA	ZMO0918
TSS_2084	NA	NA	NA	NA	NA	NA	NA	NA	-38	ZMO0919
TSS_2087	NA	NA	NA	NA	NA	NA	NA	NA	NA	ZMO0922
TSS_2088	NA	NA	NA	NA	NA	NA	NA	NA	-59	ZMO0923
TSS_2091	NA	NA	NA	NA	NA	NA	NA	NA	-217	ZMO0924
TSS_2092	NA	NA	NA	NA	NA	NA	NA	NA	-208	ZMO0924
TSS_2093	NA	NA	NA	NA	NA	NA	NA	NA	-206	ZMO0924
TSS_2096	NA	NA	NA	NA	NA	NA	NA	NA	NA	ZMO0924
TSS_2097	NA	NA	NA	NA	NA	NA	NA	NA	-312	ZMO0925
TSS_2098	NA	NA	NA	NA	NA	NA	NA	NA	-289	ZMO0925
TSS_2100	NA	NA	NA	NA	NA	NA	NA	NA	NA	NA
TSS_2107	NA	NA	NA	NA	NA	NA	NA	NA	-266	ZMO0934
TSS_2108	NA	NA	NA	NA	NA	NA	NA	NA	-22	ZMO0935
TSS_2114	NA	NA	NA	NA	NA	NA	NA	NA	NA	ZMO0938
TSS_2118	NA	NA	NA	NA	NA	NA	NA	NA	NA	ZMO0942
TSS_2119	NA	NA	NA	NA	NA	NA	NA	NA	-31	ZMO0942
TSS_2121	NA	NA	NA	NA	NA	NA	NA	NA	0	ZMO0945
TSS_2122	NA	NA	NA	NA	NA	NA	NA	NA	-3	ZMO0945
TSS_2123	NA	NA	NA	NA	NA	NA	NA	NA	NA	NA
TSS_2124	NA	NA	NA	NA	NA	NA	NA	NA	NA	ZMOt019
TSS_2125	NA	NA	NA	NA	NA	NA	NA	NA	NA	NA
TSS_2127	NA	NA	NA	NA	NA	NA	NA	NA	NA	ZMOt019
TSS_2128	NA	NA	NA	NA	NA	NA	NA	NA	-157	ZMO0946
TSS_2129	NA	NA	NA	NA	NA	NA	NA	NA	NA	NA
TSS_2130	NA	NA	NA	NA	NA	NA	NA	NA	NA	NA
TSS_2131	NA	NA	NA	NA	NA	NA	NA	NA	-153	ZMO0946
TSS_2132	NA	NA	NA	NA	NA	NA	NA	NA	-111	ZMO0946
TSS_2133	NA	NA	NA	NA	NA	NA	NA	NA	NA	ZMO0946
TSS_2134	NA	NA	NA	NA	NA	NA	NA	NA	NA	ZMO0946
TSS_2135	NA	NA	NA	NA	NA	NA	NA	NA	NA	ZMO0946
TSS_2136	NA	NA	NA	NA	NA	NA	NA	NA	-350	ZMO0947
TSS_2137	NA	NA	NA	NA	NA	NA	NA	NA	NA	ZMO0946
TSS_2138	NA	NA	NA	NA	NA	NA	NA	NA	-336	ZMO0947
TSS_2140	NA	NA	NA	NA	NA	NA	NA	NA	-32	ZMO0948
TSS_2141	NA	NA	NA	NA	NA	NA	NA	NA	-29	ZMO0948
TSS_2142	NA	NA	NA	NA	NA	NA	NA	NA	NA	NA
TSS_2143	NA	NA	NA	NA	NA	NA	NA	NA	-496	ZMO0949
TSS_2144	NA	NA	NA	NA	NA	NA	NA	NA	-365	ZMO0949
TSS_2145	NA	NA	NA	NA	NA	NA	NA	NA	-87	ZMO0949
TSS_2146	NA	NA	NA	NA	NA	NA	NA	NA	NA	NA
TSS_2149	NA	NA	NA	NA	NA	NA	NA	NA	NA	NA
TSS_2155	NA	NA	NA	NA	NA	NA	NA	NA	-233	ZMO0956
TSS_2156	NA	NA	NA	NA	NA	NA	NA	NA	-231	ZMO0956
TSS_2157	NA	NA	NA	NA	NA	NA	NA	NA	-106	ZMO0956
TSS_2158	NA	NA	NA	NA	NA	NA	NA	NA	NA	ZMO0956
TSS_2162	NA	NA	NA	NA	NA	NA	NA	NA	-309	ZMO0964
TSS_2164	NA	NA	NA	NA	NA	NA	NA	NA	-22	ZMO0963
TSS_2165	NA	NA	NA	NA	NA	NA	NA	NA	-27	ZMO0964
TSS_2166	NA	NA	NA	NA	NA	NA	NA	NA	NA	NA
TSS_2168	NA	NA	NA	NA	NA	NA	NA	NA	-10	ZMO0964
TSS_2169	NA	NA	NA	NA	NA	NA	NA	NA	-105	ZMO0963
TSS_2170	NA	NA	NA	NA	NA	NA	NA	NA	NA	ZMO0964
TSS_2171	NA	NA	NA	NA	NA	NA	NA	NA	NA	ZMO0964
TSS_2172	NA	NA	NA	NA	NA	NA	NA	NA	NA	NA
TSS_2181	NA	NA	NA	NA	NA	NA	NA	NA	-78	ZMO0972
TSS_2182	NA	NA	NA	NA	NA	NA	NA	NA	-64	ZMO0972
TSS_2183	NA	NA	NA	NA	NA	NA	NA	NA	-560	ZMO0973
TSS_2187	NA	NA	NA	NA	NA	NA	NA	NA	-141	ZMO0974
TSS_2188	NA	NA	NA	NA	NA	NA	NA	NA	-77	ZMO0974
TSS_2189	NA	NA	NA	NA	NA	NA	NA	NA	-517	ZMO0975
TSS_2191	NA	NA	NA	NA	NA	NA	NA	NA	NA	ZMOt020
TSS_2193	NA	NA	NA	NA	NA	NA	NA	NA	NA	NA
TSS_2194	NA	NA	NA	NA	NA	NA	NA	NA	-135	ZMO0976
TSS_2195	NA	NA	NA	NA	NA	NA	NA	NA	-445	ZMO0979
TSS_2196	NA	NA	NA	NA	NA	NA	NA	NA	-283	ZMO0979
TSS_2197	NA	NA	NA	NA	NA	NA	NA	NA	-60	ZMO0980
TSS_2198	NA	NA	NA	NA	NA	NA	NA	NA	NA	NA
TSS_2200	NA	NA	NA	NA	NA	NA	NA	NA	-146	ZMO0980
TSS_2202	NA	NA	NA	NA	NA	NA	NA	NA	NA	ZMO0981
TSS_2203	NA	NA	NA	NA	NA	NA	NA	NA	NA	ZMO0983
TSS_2208	NA	NA	NA	NA	NA	NA	NA	NA	-196	ZMO0987
TSS_2209	NA	NA	NA	NA	NA	NA	NA	NA	-158	ZMO0987
TSS_2210	NA	NA	NA	NA	NA	NA	NA	NA	NA	NA
TSS_2212	NA	NA	NA	NA	NA	NA	NA	NA	-591	ZMO0988
TSS_2213	NA	NA	NA	NA	NA	NA	NA	NA	NA	ZMO0987
TSS_2215	NA	NA	NA	NA	NA	NA	NA	NA	NA	NA
TSS_2217	NA	NA	NA	NA	NA	NA	NA	NA	NA	NA
TSS_2218	NA	NA	NA	NA	NA	NA	NA	NA	NA	NA
TSS_2219	NA	NA	NA	NA	NA	NA	NA	NA	-42	ZMO2009
TSS_2221	NA	NA	NA	NA	NA	NA	NA	NA	-58	ZMO0988
TSS_2222	NA	NA	NA	NA	NA	NA	NA	NA	NA	ZMO0989
TSS_2223	NA	NA	NA	NA	NA	NA	NA	NA	NA	NA
TSS_2224	NA	NA	NA	NA	NA	NA	NA	NA	-91	ZMO0989
TSS_2225	NA	NA	NA	NA	NA	NA	NA	NA	NA	NA
TSS_2226	NA	NA	NA	NA	NA	NA	NA	NA	NA	ZMO0992
TSS_2229	NA	NA	NA	NA	NA	NA	NA	NA	NA	NA
TSS_2230	NA	NA	NA	NA	NA	NA	NA	NA	-34	ZMO0994
TSS_2231	NA	NA	NA	NA	NA	NA	NA	NA	NA	NA
TSS_2232	NA	NA	NA	NA	NA	NA	NA	NA	NA	NA
TSS_2233	NA	NA	NA	NA	NA	NA	NA	NA	-67	ZMO0994
TSS_2234	NA	NA	NA	NA	NA	NA	NA	NA	-71	ZMO0994
TSS_2236	NA	NA	NA	NA	NA	NA	NA	NA	-98	ZMO0994
TSS_2240	NA	NA	NA	NA	NA	NA	NA	NA	-35	ZMO0997
TSS_2241	NA	NA	NA	NA	NA	NA	NA	NA	NA	NA
TSS_2242	NA	NA	NA	NA	NA	NA	NA	NA	-33	ZMO0997
TSS_2243	NA	NA	NA	NA	NA	NA	NA	NA	-30	ZMO0997
TSS_2244	NA	NA	NA	NA	NA	NA	NA	NA	-29	ZMO0997
TSS_2245	NA	NA	NA	NA	NA	NA	NA	NA	-17	ZMO0997
TSS_2246	NA	NA	NA	NA	NA	NA	NA	NA	0	ZMO0998
TSS_2247	NA	NA	NA	NA	NA	NA	NA	NA	NA	ZMO0998
TSS_2248	NA	NA	NA	NA	NA	NA	NA	NA	NA	ZMO0998
TSS_2250	NA	NA	NA	NA	NA	NA	NA	NA	NA	NA
TSS_2251	NA	NA	NA	NA	NA	NA	NA	NA	NA	NA
TSS_2252	NA	NA	NA	NA	NA	NA	NA	NA	-256	ZMO1000
TSS_2253	NA	NA	NA	NA	NA	NA	NA	NA	NA	NA
TSS_2254	NA	NA	NA	NA	NA	NA	NA	NA	-178	ZMO1000
TSS_2255	NA	NA	NA	NA	NA	NA	NA	NA	-124	ZMO1000
TSS_2257	NA	NA	NA	NA	NA	NA	NA	NA	NA	ZMO1000
TSS_2258	NA	NA	NA	NA	NA	NA	NA	NA	NA	NA
TSS_2259	NA	NA	NA	NA	NA	NA	NA	NA	-65	ZMO1001
TSS_2262	NA	NA	NA	NA	NA	NA	NA	NA	NA	ZMO1002
TSS_2263	NA	NA	NA	NA	NA	NA	NA	NA	-113	ZMO1004
TSS_2264	NA	NA	NA	NA	NA	NA	NA	NA	NA	NA
TSS_2265	NA	NA	NA	NA	NA	NA	NA	NA	-26	ZMO1005
TSS_2267	NA	NA	NA	NA	NA	NA	NA	NA	-25	ZMO1007
TSS_2268	NA	NA	NA	NA	NA	NA	NA	NA	NA	ZMO1007
TSS_2271	NA	NA	NA	NA	NA	NA	NA	NA	NA	NA
TSS_2272	NA	NA	NA	NA	NA	NA	NA	NA	-110	ZMO1008
TSS_2274	NA	NA	NA	NA	NA	NA	NA	NA	-78	ZMO1008
TSS_2275	NA	NA	NA	NA	NA	NA	NA	NA	-61	ZMO1008
TSS_2276	NA	NA	NA	NA	NA	NA	NA	NA	-49	ZMO1008
TSS_2277	NA	NA	NA	NA	NA	NA	NA	NA	NA	ZMO1008
TSS_2282	NA	NA	NA	NA	NA	NA	NA	NA	NA	ZMO1011
TSS_2283	NA	NA	NA	NA	NA	NA	NA	NA	-52	ZMO1011
TSS_2284	NA	NA	NA	NA	NA	NA	NA	NA	-55	ZMO1011
TSS_2285	NA	NA	NA	NA	NA	NA	NA	NA	-57	ZMO1011
TSS_2286	NA	NA	NA	NA	NA	NA	NA	NA	-65	ZMO1011
TSS_2287	NA	NA	NA	NA	NA	NA	NA	NA	NA	NA
TSS_2288	NA	NA	NA	NA	NA	NA	NA	NA	NA	NA
TSS_2290	NA	NA	NA	NA	NA	NA	NA	NA	-174	ZMO1015
TSS_2291	NA	NA	NA	NA	NA	NA	NA	NA	-176	ZMO1015
TSS_2292	NA	NA	NA	NA	NA	NA	NA	NA	-465	ZMO1015
TSS_2293	NA	NA	NA	NA	NA	NA	NA	NA	-511	ZMO1015
TSS_2294	NA	NA	NA	NA	NA	NA	NA	NA	-166	ZMO1016
TSS_2295	NA	NA	NA	NA	NA	NA	NA	NA	-3	ZMO1018
TSS_2297	NA	NA	NA	NA	NA	NA	NA	NA	-410	ZMO1018
TSS_2298	NA	NA	NA	NA	NA	NA	NA	NA	-488	ZMO1019
TSS_2299	NA	NA	NA	NA	NA	NA	NA	NA	-78	ZMO1020
TSS_2300	NA	NA	NA	NA	NA	NA	NA	NA	-79	ZMO1020
TSS_2301	NA	NA	NA	NA	NA	NA	NA	NA	-98	ZMO1020
TSS_2302	NA	NA	NA	NA	NA	NA	NA	NA	NA	NA
TSS_2305	NA	NA	NA	NA	NA	NA	NA	NA	NA	NA
TSS_2306	NA	NA	NA	NA	NA	NA	NA	NA	-52	ZMO1021
TSS_2311	NA	NA	NA	NA	NA	NA	NA	NA	NA	ZMO1023
TSS_2312	NA	NA	NA	NA	NA	NA	NA	NA	-140	ZMO1025
TSS_2313	NA	NA	NA	NA	NA	NA	NA	NA	NA	ZMO1025
TSS_2314	NA	NA	NA	NA	NA	NA	NA	NA	-173	ZMO1026
TSS_2317	NA	NA	NA	NA	NA	NA	NA	NA	-561	ZMO1030
TSS_2318	NA	NA	NA	NA	NA	NA	NA	NA	-409	ZMO1030
TSS_2321	NA	NA	NA	NA	NA	NA	NA	NA	NA	ZMO1033
TSS_2322	NA	NA	NA	NA	NA	NA	NA	NA	NA	ZMO1033
TSS_2323	NA	NA	NA	NA	NA	NA	NA	NA	NA	ZMOt022
TSS_2324	NA	NA	NA	NA	NA	NA	NA	NA	NA	ZMOt022
TSS_2325	NA	NA	NA	NA	NA	NA	NA	NA	-69	ZMO1034
TSS_2328	NA	NA	NA	NA	NA	NA	NA	NA	-96	ZMO1036
TSS_2329	NA	NA	NA	NA	NA	NA	NA	NA	-62	ZMO1036
TSS_2330	NA	NA	NA	NA	NA	NA	NA	NA	-50	ZMO1036
TSS_2331	NA	NA	NA	NA	NA	NA	NA	NA	-48	ZMO1036
TSS_2332	NA	NA	NA	NA	NA	NA	NA	NA	NA	ZMO1036
TSS_2334	NA	NA	NA	NA	NA	NA	NA	NA	NA	NA
TSS_2335	NA	NA	NA	NA	NA	NA	NA	NA	NA	NA
TSS_2336	NA	NA	NA	NA	NA	NA	NA	NA	NA	ZMOt052
TSS_2337	NA	NA	NA	NA	NA	NA	NA	NA	NA	ZMOt052
TSS_2338	NA	NA	NA	NA	NA	NA	NA	NA	NA	NA
TSS_2339	NA	NA	NA	NA	NA	NA	NA	NA	NA	NA
TSS_2340	NA	NA	NA	NA	NA	NA	NA	NA	NA	NA
TSS_2341	NA	NA	NA	NA	NA	NA	NA	NA	NA	ZMOt052
TSS_2342	NA	NA	NA	NA	NA	NA	NA	NA	NA	ZMOt052
TSS_2343	NA	NA	NA	NA	NA	NA	NA	NA	NA	ZMOt052
TSS_2344	NA	NA	NA	NA	NA	NA	NA	NA	NA	ZMOt052
TSS_2349	NA	NA	NA	NA	NA	NA	NA	NA	NA	NA
TSS_2351	NA	NA	NA	NA	NA	NA	NA	NA	-48	ZMO1040
TSS_2353	NA	NA	NA	NA	NA	NA	NA	NA	NA	ZMOt023
TSS_2354	NA	NA	NA	NA	NA	NA	NA	NA	NA	ZMOt023
TSS_2355	NA	NA	NA	NA	NA	NA	NA	NA	NA	ZMOt023
TSS_2356	NA	NA	NA	NA	NA	NA	NA	NA	NA	NA
TSS_2361	NA	NA	NA	NA	NA	NA	NA	NA	NA	ZMO1044
TSS_2364	NA	NA	NA	NA	NA	NA	NA	NA	NA	ZMO1044
TSS_2368	NA	NA	NA	NA	NA	NA	NA	NA	-44	ZMO1047
TSS_2369	NA	NA	NA	NA	NA	NA	NA	NA	-164	ZMO1048
TSS_2370	NA	NA	NA	NA	NA	NA	NA	NA	-162	ZMO1048
TSS_2373	NA	NA	NA	NA	NA	NA	NA	NA	-82	ZMO1052
TSS_2375	NA	NA	NA	NA	NA	NA	NA	NA	NA	NA
TSS_2377	NA	NA	NA	NA	NA	NA	NA	NA	NA	ZMO1054
TSS_2378	NA	NA	NA	NA	NA	NA	NA	NA	NA	ZMO1054
TSS_2383	NA	NA	NA	NA	NA	NA	NA	NA	-244	ZMO1059
TSS_2384	NA	NA	NA	NA	NA	NA	NA	NA	NA	ZMO1060
TSS_2385	NA	NA	NA	NA	NA	NA	NA	NA	NA	ZMO1060
TSS_2387	NA	NA	NA	NA	NA	NA	NA	NA	-37	ZMO1060
TSS_2388	NA	NA	NA	NA	NA	NA	NA	NA	-39	ZMO1060
TSS_2390	NA	NA	NA	NA	NA	NA	NA	NA	-38	ZMO1062
TSS_2394	NA	NA	NA	NA	NA	NA	NA	NA	NA	ZMO2059
TSS_2395	NA	NA	NA	NA	NA	NA	NA	NA	NA	NA
TSS_2396	NA	NA	NA	NA	NA	NA	NA	NA	NA	NA
TSS_2397	NA	NA	NA	NA	NA	NA	NA	NA	NA	NA
TSS_2398	NA	NA	NA	NA	NA	NA	NA	NA	NA	ZMO2059
TSS_2399	NA	NA	NA	NA	NA	NA	NA	NA	NA	ZMO2059
TSS_2400	NA	NA	NA	NA	NA	NA	NA	NA	NA	ZMO2059
TSS_2401	NA	NA	NA	NA	NA	NA	NA	NA	NA	ZMO2059
TSS_2402	NA	NA	NA	NA	NA	NA	NA	NA	NA	ZMO2059
TSS_2403	NA	NA	NA	NA	NA	NA	NA	NA	NA	ZMO2059
TSS_2404	NA	NA	NA	NA	NA	NA	NA	NA	NA	ZMO2059
TSS_2405	NA	NA	NA	NA	NA	NA	NA	NA	NA	ZMO2059
TSS_2406	NA	NA	NA	NA	NA	NA	NA	NA	NA	ZMO2059
TSS_2407	NA	NA	NA	NA	NA	NA	NA	NA	NA	ZMO2059
TSS_2408	NA	NA	NA	NA	NA	NA	NA	NA	NA	ZMO2059
TSS_2409	NA	NA	NA	NA	NA	NA	NA	NA	NA	NA
TSS_2410	NA	NA	NA	NA	NA	NA	NA	NA	NA	NA
TSS_2411	NA	NA	NA	NA	NA	NA	NA	NA	NA	NA
TSS_2412	NA	NA	NA	NA	NA	NA	NA	NA	-2	ZMO2059
TSS_2413	NA	NA	NA	NA	NA	NA	NA	NA	NA	NA
TSS_2414	NA	NA	NA	NA	NA	NA	NA	NA	NA	NA
TSS_2415	NA	NA	NA	NA	NA	NA	NA	NA	NA	NA
TSS_2416	NA	NA	NA	NA	NA	NA	NA	NA	-6	ZMO2059
TSS_2417	NA	NA	NA	NA	NA	NA	NA	NA	-7	ZMO2059
TSS_2418	NA	NA	NA	NA	NA	NA	NA	NA	NA	NA
TSS_2420	NA	NA	NA	NA	NA	NA	NA	NA	-153	ZMO1075
TSS_2421	NA	NA	NA	NA	NA	NA	NA	NA	NA	NA
TSS_2423	NA	NA	NA	NA	NA	NA	NA	NA	NA	NA
TSS_2425	NA	NA	NA	NA	NA	NA	NA	NA	-409	ZMO1077
TSS_2426	NA	NA	NA	NA	NA	NA	NA	NA	NA	NA
TSS_2427	NA	NA	NA	NA	NA	NA	NA	NA	-250	ZMO1079
TSS_2428	NA	NA	NA	NA	NA	NA	NA	NA	NA	NA
TSS_2430	NA	NA	NA	NA	NA	NA	NA	NA	-165	ZMO1079
TSS_2431	NA	NA	NA	NA	NA	NA	NA	NA	-101	ZMO1079
TSS_2432	NA	NA	NA	NA	NA	NA	NA	NA	-93	ZMO1079
TSS_2434	NA	NA	NA	NA	NA	NA	NA	NA	-23	ZMO1080
TSS_2437	NA	NA	NA	NA	NA	NA	NA	NA	-110	ZMO1085
TSS_2438	NA	NA	NA	NA	NA	NA	NA	NA	NA	ZMO1085
TSS_2440	NA	NA	NA	NA	NA	NA	NA	NA	-51	ZMO1086
TSS_2442	NA	NA	NA	NA	NA	NA	NA	NA	-177	ZMO1088
TSS_2443	NA	NA	NA	NA	NA	NA	NA	NA	-176	ZMO1088
TSS_2444	NA	NA	NA	NA	NA	NA	NA	NA	NA	NA
TSS_2445	NA	NA	NA	NA	NA	NA	NA	NA	-239	ZMO1089
TSS_2446	NA	NA	NA	NA	NA	NA	NA	NA	-314	ZMO1090
TSS_2449	NA	NA	NA	NA	NA	NA	NA	NA	-25	ZMO1095
TSS_2451	NA	NA	NA	NA	NA	NA	NA	NA	NA	ZMO1096
TSS_2453	NA	NA	NA	NA	NA	NA	NA	NA	-24	ZMO1097
TSS_2454	NA	NA	NA	NA	NA	NA	NA	NA	-34	ZMO1097
TSS_2456	NA	NA	NA	NA	NA	NA	NA	NA	-385	ZMO1097
TSS_2457	NA	NA	NA	NA	NA	NA	NA	NA	-312	ZMO1098
TSS_2465	NA	NA	NA	NA	NA	NA	NA	NA	-32	ZMO1105
TSS_2467	NA	NA	NA	NA	NA	NA	NA	NA	-106	ZMO1107
TSS_2469	NA	NA	NA	NA	NA	NA	NA	NA	-24	ZMO1107
TSS_2470	NA	NA	NA	NA	NA	NA	NA	NA	NA	NA
TSS_2471	NA	NA	NA	NA	NA	NA	NA	NA	NA	NA
TSS_2473	NA	NA	NA	NA	NA	NA	NA	NA	NA	NA
TSS_2474	NA	NA	NA	NA	NA	NA	NA	NA	NA	NA
TSS_2475	NA	NA	NA	NA	NA	NA	NA	NA	NA	NA
TSS_2476	NA	NA	NA	NA	NA	NA	NA	NA	NA	NA
TSS_2478	NA	NA	NA	NA	NA	NA	NA	NA	NA	ZMO1109
TSS_2480	NA	NA	NA	NA	NA	NA	NA	NA	NA	NA
TSS_2481	NA	NA	NA	NA	NA	NA	NA	NA	-41	ZMO1109
TSS_2482	NA	NA	NA	NA	NA	NA	NA	NA	NA	NA
TSS_2484	NA	NA	NA	NA	NA	NA	NA	NA	-114	ZMO1109
TSS_2485	NA	NA	NA	NA	NA	NA	NA	NA	NA	NA
TSS_2487	NA	NA	NA	NA	NA	NA	NA	NA	-226	ZMO1109
TSS_2489	NA	NA	NA	NA	NA	NA	NA	NA	NA	NA
TSS_2490	NA	NA	NA	NA	NA	NA	NA	NA	-232	ZMO1109
TSS_2491	NA	NA	NA	NA	NA	NA	NA	NA	-86	ZMO1111
TSS_2494	NA	NA	NA	NA	NA	NA	NA	NA	NA	NA
TSS_2495	NA	NA	NA	NA	NA	NA	NA	NA	NA	NA
TSS_2497	NA	NA	NA	NA	NA	NA	NA	NA	NA	NA
TSS_2498	NA	NA	NA	NA	NA	NA	NA	NA	-73	ZMO1113
TSS_2499	NA	NA	NA	NA	NA	NA	NA	NA	NA	ZMO1113
TSS_2500	NA	NA	NA	NA	NA	NA	NA	NA	NA	ZMO1113
TSS_2501	NA	NA	NA	NA	NA	NA	NA	NA	-134	ZMO1114
TSS_2503	NA	NA	NA	NA	NA	NA	NA	NA	NA	ZMOt025
TSS_2504	NA	NA	NA	NA	NA	NA	NA	NA	NA	ZMOt025
TSS_2507	NA	NA	NA	NA	NA	NA	NA	NA	-14	ZMO1116
TSS_2509	NA	NA	NA	NA	NA	NA	NA	NA	NA	ZMO1116
TSS_2510	NA	NA	NA	NA	NA	NA	NA	NA	NA	ZMO1117
TSS_2511	NA	NA	NA	NA	NA	NA	NA	NA	NA	ZMO1117
TSS_2514	NA	NA	NA	NA	NA	NA	NA	NA	0	ZMO1122
TSS_2516	NA	NA	NA	NA	NA	NA	NA	NA	NA	ZMOt026
TSS_2517	NA	NA	NA	NA	NA	NA	NA	NA	NA	NA
TSS_2519	NA	NA	NA	NA	NA	NA	NA	NA	-362	ZMO1124
TSS_2520	NA	NA	NA	NA	NA	NA	NA	NA	-608	ZMO1124
TSS_2526	NA	NA	NA	NA	NA	NA	NA	NA	-546	ZMO1130
TSS_2528	NA	NA	NA	NA	NA	NA	NA	NA	-369	ZMO1130
TSS_2529	NA	NA	NA	NA	NA	NA	NA	NA	NA	ZMO1130
TSS_2530	NA	NA	NA	NA	NA	NA	NA	NA	-121	ZMO1133
TSS_2531	NA	NA	NA	NA	NA	NA	NA	NA	NA	NA
TSS_2532	NA	NA	NA	NA	NA	NA	NA	NA	0	ZMO1132
TSS_2533	NA	NA	NA	NA	NA	NA	NA	NA	-20	ZMO1132
TSS_2534	NA	NA	NA	NA	NA	NA	NA	NA	NA	NA
TSS_2535	NA	NA	NA	NA	NA	NA	NA	NA	-28	ZMO1132
TSS_2536	NA	NA	NA	NA	NA	NA	NA	NA	-35	ZMO1133
TSS_2539	NA	NA	NA	NA	NA	NA	NA	NA	-342	ZMO1135
TSS_2540	NA	NA	NA	NA	NA	NA	NA	NA	-496	ZMO1135
TSS_2541	NA	NA	NA	NA	NA	NA	NA	NA	NA	ZMO1136
TSS_2543	NA	NA	NA	NA	NA	NA	NA	NA	-111	ZMO1136
TSS_2545	NA	NA	NA	NA	NA	NA	NA	NA	NA	ZMO1137
TSS_2547	NA	NA	NA	NA	NA	NA	NA	NA	NA	NA
TSS_2548	NA	NA	NA	NA	NA	NA	NA	NA	-118	ZMO1137
TSS_2550	NA	NA	NA	NA	NA	NA	NA	NA	NA	NA
TSS_2551	NA	NA	NA	NA	NA	NA	NA	NA	NA	NA
TSS_2553	NA	NA	NA	NA	NA	NA	NA	NA	-400	ZMO1139
TSS_2555	NA	NA	NA	NA	NA	NA	NA	NA	NA	ZMO1139
TSS_2556	NA	NA	NA	NA	NA	NA	NA	NA	NA	ZMO1139
TSS_2558	NA	NA	NA	NA	NA	NA	NA	NA	NA	ZMO1139
TSS_2559	NA	NA	NA	NA	NA	NA	NA	NA	NA	NA
TSS_2560	NA	NA	NA	NA	NA	NA	NA	NA	NA	ZMO1139
TSS_2561	NA	NA	NA	NA	NA	NA	NA	NA	NA	NA
TSS_2563	NA	NA	NA	NA	NA	NA	NA	NA	-36	ZMO1140
TSS_2565	NA	NA	NA	NA	NA	NA	NA	NA	NA	NA
TSS_2567	NA	NA	NA	NA	NA	NA	NA	NA	NA	NA
TSS_2568	NA	NA	NA	NA	NA	NA	NA	NA	NA	NA
TSS_2569	NA	NA	NA	NA	NA	NA	NA	NA	-61	ZMO1141
TSS_2572	NA	NA	NA	NA	NA	NA	NA	NA	NA	ZMO1142
TSS_2575	NA	NA	NA	NA	NA	NA	NA	NA	-159	ZMO1144
TSS_2576	NA	NA	NA	NA	NA	NA	NA	NA	-43	ZMO1145
TSS_2579	NA	NA	NA	NA	NA	NA	NA	NA	-624	ZMO1146
TSS_2584	NA	NA	NA	NA	NA	NA	NA	NA	-368	ZMO1147
TSS_2585	NA	NA	NA	NA	NA	NA	NA	NA	NA	ZMO1148
TSS_2586	NA	NA	NA	NA	NA	NA	NA	NA	-79	ZMO1148
TSS_2587	NA	NA	NA	NA	NA	NA	NA	NA	NA	NA
TSS_2588	NA	NA	NA	NA	NA	NA	NA	NA	-303	ZMO1148
TSS_2590	NA	NA	NA	NA	NA	NA	NA	NA	NA	NA
TSS_2592	NA	NA	NA	NA	NA	NA	NA	NA	-431	ZMO1149
TSS_2593	NA	NA	NA	NA	NA	NA	NA	NA	NA	NA
TSS_2594	NA	NA	NA	NA	NA	NA	NA	NA	-38	ZMO1153
TSS_2597	NA	NA	NA	NA	NA	NA	NA	NA	-414	ZMO1154
TSS_2598	NA	NA	NA	NA	NA	NA	NA	NA	-641	ZMO1154
TSS_2599	NA	NA	NA	NA	NA	NA	NA	NA	-144	ZMO1155
TSS_2600	NA	NA	NA	NA	NA	NA	NA	NA	-178	ZMO1155
TSS_2602	NA	NA	NA	NA	NA	NA	NA	NA	-229	ZMO1155
TSS_2603	NA	NA	NA	NA	NA	NA	NA	NA	NA	ZMO1156
TSS_2605	NA	NA	NA	NA	NA	NA	NA	NA	NA	ZMO1156
TSS_2606	NA	NA	NA	NA	NA	NA	NA	NA	-82	ZMO1156
TSS_2607	NA	NA	NA	NA	NA	NA	NA	NA	-85	ZMO1156
TSS_2608	NA	NA	NA	NA	NA	NA	NA	NA	-88	ZMO1156
TSS_2610	NA	NA	NA	NA	NA	NA	NA	NA	-93	ZMO1156
TSS_2611	NA	NA	NA	NA	NA	NA	NA	NA	NA	NA
TSS_2612	NA	NA	NA	NA	NA	NA	NA	NA	-100	ZMO1156
TSS_2613	NA	NA	NA	NA	NA	NA	NA	NA	NA	NA
TSS_2615	NA	NA	NA	NA	NA	NA	NA	NA	NA	NA
TSS_2616	NA	NA	NA	NA	NA	NA	NA	NA	NA	NA
TSS_2617	NA	NA	NA	NA	NA	NA	NA	NA	-26	ZMO2060
TSS_2618	NA	NA	NA	NA	NA	NA	NA	NA	-24	ZMO2060
TSS_2620	NA	NA	NA	NA	NA	NA	NA	NA	-30	ZMO1158
TSS_2623	NA	NA	NA	NA	NA	NA	NA	NA	-102	ZMO1160
TSS_2626	NA	NA	NA	NA	NA	NA	NA	NA	NA	NA
TSS_2629	NA	NA	NA	NA	NA	NA	NA	NA	-27	ZMO1163
TSS_2631	NA	NA	NA	NA	NA	NA	NA	NA	-218	ZMO1164
TSS_2632	NA	NA	NA	NA	NA	NA	NA	NA	NA	ZMO1164
TSS_2633	NA	NA	NA	NA	NA	NA	NA	NA	NA	NA
TSS_2635	NA	NA	NA	NA	NA	NA	NA	NA	NA	NA
TSS_2638	NA	NA	NA	NA	NA	NA	NA	NA	-27	ZMO1169
TSS_2641	NA	NA	NA	NA	NA	NA	NA	NA	-157	ZMO1172
TSS_2648	NA	NA	NA	NA	NA	NA	NA	NA	NA	ZMO1174
TSS_2649	NA	NA	NA	NA	NA	NA	NA	NA	-161	ZMO1173
TSS_2651	NA	NA	NA	NA	NA	NA	NA	NA	NA	ZMO1174
TSS_2652	NA	NA	NA	NA	NA	NA	NA	NA	-214	ZMO1174
TSS_2659	NA	NA	NA	NA	NA	NA	NA	NA	-12	ZMO1178
TSS_2660	NA	NA	NA	NA	NA	NA	NA	NA	-33	ZMO1178
TSS_2665	NA	NA	NA	NA	NA	NA	NA	NA	-185	ZMO1180
TSS_2667	NA	NA	NA	NA	NA	NA	NA	NA	-391	ZMO1181
TSS_2668	NA	NA	NA	NA	NA	NA	NA	NA	NA	ZMO1182
TSS_2669	NA	NA	NA	NA	NA	NA	NA	NA	-29	ZMO1182
TSS_2670	NA	NA	NA	NA	NA	NA	NA	NA	-35	ZMO1182
TSS_2671	NA	NA	NA	NA	NA	NA	NA	NA	NA	ZMO1184
TSS_2672	NA	NA	NA	NA	NA	NA	NA	NA	NA	ZMO1184
TSS_2674	NA	NA	NA	NA	NA	NA	NA	NA	-34	ZMO1184
TSS_2677	NA	NA	NA	NA	NA	NA	NA	NA	-165	ZMO1184
TSS_2679	NA	NA	NA	NA	NA	NA	NA	NA	-92	ZMO1186
TSS_2681	NA	NA	NA	NA	NA	NA	NA	NA	-27	ZMO1187
TSS_2682	NA	NA	NA	NA	NA	NA	NA	NA	NA	ZMOt027
TSS_2683	NA	NA	NA	NA	NA	NA	NA	NA	-290	ZMO1187
TSS_2684	NA	NA	NA	NA	NA	NA	NA	NA	-2	ZMO1188
TSS_2688	NA	NA	NA	NA	NA	NA	NA	NA	NA	ZMO1189
TSS_2689	NA	NA	NA	NA	NA	NA	NA	NA	NA	ZMO1190
TSS_2690	NA	NA	NA	NA	NA	NA	NA	NA	NA	ZMO1190
TSS_2692	NA	NA	NA	NA	NA	NA	NA	NA	NA	NA
TSS_2693	NA	NA	NA	NA	NA	NA	NA	NA	NA	ZMO1193
TSS_2696	NA	NA	NA	NA	NA	NA	NA	NA	NA	ZMO1198
TSS_2699	NA	NA	NA	NA	NA	NA	NA	NA	NA	ZMO1200
TSS_2700	NA	NA	NA	NA	NA	NA	NA	NA	NA	NA
TSS_2701	NA	NA	NA	NA	NA	NA	NA	NA	NA	ZMO1201
TSS_2702	NA	NA	NA	NA	NA	NA	NA	NA	-2	ZMO2061
TSS_2707	NA	NA	NA	NA	NA	NA	NA	NA	-39	ZMO1207
TSS_2709	NA	NA	NA	NA	NA	NA	NA	NA	NA	ZMOt028
TSS_2711	NA	NA	NA	NA	NA	NA	NA	NA	NA	NA
TSS_2712	NA	NA	NA	NA	NA	NA	NA	NA	NA	ZMOt028
TSS_2714	NA	NA	NA	NA	NA	NA	NA	NA	NA	ZMO2062
TSS_2715	NA	NA	NA	NA	NA	NA	NA	NA	NA	ZMO1209
TSS_2716	NA	NA	NA	NA	NA	NA	NA	NA	-109	ZMO1209
TSS_2717	NA	NA	NA	NA	NA	NA	NA	NA	-257	ZMO1209
TSS_2718	NA	NA	NA	NA	NA	NA	NA	NA	NA	NA
TSS_2719	NA	NA	NA	NA	NA	NA	NA	NA	NA	NA
TSS_2720	NA	NA	NA	NA	NA	NA	NA	NA	NA	NA
TSS_2721	NA	NA	NA	NA	NA	NA	NA	NA	NA	NA
TSS_2722	NA	NA	NA	NA	NA	NA	NA	NA	-273	ZMO1209
TSS_2723	NA	NA	NA	NA	NA	NA	NA	NA	NA	NA
TSS_2725	NA	NA	NA	NA	NA	NA	NA	NA	NA	NA
TSS_2726	NA	NA	NA	NA	NA	NA	NA	NA	NA	ZMOt029
TSS_2728	NA	NA	NA	NA	NA	NA	NA	NA	NA	ZMOt029
TSS_2729	NA	NA	NA	NA	NA	NA	NA	NA	NA	ZMO1211
TSS_2730	NA	NA	NA	NA	NA	NA	NA	NA	-86	ZMO1211
TSS_2732	NA	NA	NA	NA	NA	NA	NA	NA	NA	NA
TSS_2733	NA	NA	NA	NA	NA	NA	NA	NA	-67	ZMO1212
TSS_2734	NA	NA	NA	NA	NA	NA	NA	NA	NA	NA
TSS_2735	NA	NA	NA	NA	NA	NA	NA	NA	-72	ZMO1212
TSS_2736	NA	NA	NA	NA	NA	NA	NA	NA	NA	NA
TSS_2738	NA	NA	NA	NA	NA	NA	NA	NA	NA	NA
TSS_2739	NA	NA	NA	NA	NA	NA	NA	NA	NA	NA
TSS_2740	NA	NA	NA	NA	NA	NA	NA	NA	-77	ZMO1212
TSS_2741	NA	NA	NA	NA	NA	NA	NA	NA	NA	NA
TSS_2742	NA	NA	NA	NA	NA	NA	NA	NA	-121	ZMO1213
TSS_2744	NA	NA	NA	NA	NA	NA	NA	NA	-644	ZMO1215
TSS_2747	NA	NA	NA	NA	NA	NA	NA	NA	NA	NA
TSS_2748	NA	NA	NA	NA	NA	NA	NA	NA	NA	NA
TSS_2749	NA	NA	NA	NA	NA	NA	NA	NA	NA	NA
TSS_2750	NA	NA	NA	NA	NA	NA	NA	NA	-230	ZMO1215
TSS_2752	NA	NA	NA	NA	NA	NA	NA	NA	NA	NA
TSS_2753	NA	NA	NA	NA	NA	NA	NA	NA	-53	ZMO1215
TSS_2755	NA	NA	NA	NA	NA	NA	NA	NA	-234	ZMO2011
TSS_2757	NA	NA	NA	NA	NA	NA	NA	NA	NA	NA
TSS_2758	NA	NA	NA	NA	NA	NA	NA	NA	-82	ZMO2011
TSS_2759	NA	NA	NA	NA	NA	NA	NA	NA	NA	NA
TSS_2760	NA	NA	NA	NA	NA	NA	NA	NA	-79	ZMO2011
TSS_2761	NA	NA	NA	NA	NA	NA	NA	NA	-77	ZMO2011
TSS_2764	NA	NA	NA	NA	NA	NA	NA	NA	NA	NA
TSS_2765	NA	NA	NA	NA	NA	NA	NA	NA	-34	ZMO1220
TSS_2768	NA	NA	NA	NA	NA	NA	NA	NA	-108	ZMO1220
TSS_2769	NA	NA	NA	NA	NA	NA	NA	NA	-573	ZMO1220
TSS_2771	NA	NA	NA	NA	NA	NA	NA	NA	NA	ZMO1222
TSS_2772	NA	NA	NA	NA	NA	NA	NA	NA	NA	ZMO1222
TSS_2775	NA	NA	NA	NA	NA	NA	NA	NA	-229	ZMO1222
TSS_2777	NA	NA	NA	NA	NA	NA	NA	NA	NA	NA
TSS_2778	NA	NA	NA	NA	NA	NA	NA	NA	NA	NA
TSS_2779	NA	NA	NA	NA	NA	NA	NA	NA	-183	ZMO1225
TSS_2780	NA	NA	NA	NA	NA	NA	NA	NA	NA	NA
TSS_2781	NA	NA	NA	NA	NA	NA	NA	NA	-181	ZMO1225
TSS_2782	NA	NA	NA	NA	NA	NA	NA	NA	NA	NA
TSS_2783	NA	NA	NA	NA	NA	NA	NA	NA	NA	NA
TSS_2785	NA	NA	NA	NA	NA	NA	NA	NA	-158	ZMO1225
TSS_2787	NA	NA	NA	NA	NA	NA	NA	NA	-44	ZMO1225
TSS_2788	NA	NA	NA	NA	NA	NA	NA	NA	-348	ZMO1226
TSS_2789	NA	NA	NA	NA	NA	NA	NA	NA	-5	ZMO1227
TSS_2790	NA	NA	NA	NA	NA	NA	NA	NA	NA	ZMO1227
TSS_2791	NA	NA	NA	NA	NA	NA	NA	NA	NA	ZMO1227
TSS_2792	NA	NA	NA	NA	NA	NA	NA	NA	NA	ZMO1227
TSS_2796	NA	NA	NA	NA	NA	NA	NA	NA	-74	ZMO1229
TSS_2797	NA	NA	NA	NA	NA	NA	NA	NA	-113	ZMO1229
TSS_2798	NA	NA	NA	NA	NA	NA	NA	NA	-115	ZMO1229
TSS_2802	NA	NA	NA	NA	NA	NA	NA	NA	NA	ZMOt030
TSS_2803	NA	NA	NA	NA	NA	NA	NA	NA	-236	ZMO1232
TSS_2805	NA	NA	NA	NA	NA	NA	NA	NA	NA	ZMO1233
TSS_2809	NA	NA	NA	NA	NA	NA	NA	NA	-403	ZMO1235
TSS_2810	NA	NA	NA	NA	NA	NA	NA	NA	-405	ZMO1235
TSS_2811	NA	NA	NA	NA	NA	NA	NA	NA	NA	ZMO1236
TSS_2812	NA	NA	NA	NA	NA	NA	NA	NA	NA	NA
TSS_2813	NA	NA	NA	NA	NA	NA	NA	NA	NA	ZMO1236
TSS_2814	NA	NA	NA	NA	NA	NA	NA	NA	NA	ZMO1236
TSS_2815	NA	NA	NA	NA	NA	NA	NA	NA	NA	ZMO1236
TSS_2816	NA	NA	NA	NA	NA	NA	NA	NA	NA	NA
TSS_2817	NA	NA	NA	NA	NA	NA	NA	NA	NA	ZMO1236
TSS_2818	NA	NA	NA	NA	NA	NA	NA	NA	NA	NA
TSS_2819	NA	NA	NA	NA	NA	NA	NA	NA	NA	ZMO1236
TSS_2821	NA	NA	NA	NA	NA	NA	NA	NA	-71	ZMO1236
TSS_2822	NA	NA	NA	NA	NA	NA	NA	NA	NA	NA
TSS_2823	NA	NA	NA	NA	NA	NA	NA	NA	-77	ZMO1236
TSS_2824	NA	NA	NA	NA	NA	NA	NA	NA	-79	ZMO1236
TSS_2825	NA	NA	NA	NA	NA	NA	NA	NA	NA	NA
TSS_2826	NA	NA	NA	NA	NA	NA	NA	NA	-81	ZMO1236
TSS_2828	NA	NA	NA	NA	NA	NA	NA	NA	NA	ZMO1237
TSS_2829	NA	NA	NA	NA	NA	NA	NA	NA	-17	ZMO1237
TSS_2830	NA	NA	NA	NA	NA	NA	NA	NA	-92	ZMO1237
TSS_2831	NA	NA	NA	NA	NA	NA	NA	NA	NA	NA
TSS_2832	NA	NA	NA	NA	NA	NA	NA	NA	NA	NA
TSS_2833	NA	NA	NA	NA	NA	NA	NA	NA	NA	NA
TSS_2834	NA	NA	NA	NA	NA	NA	NA	NA	-602	ZMO1237
TSS_2835	NA	NA	NA	NA	NA	NA	NA	NA	NA	ZMO1240
TSS_2836	NA	NA	NA	NA	NA	NA	NA	NA	NA	ZMO1240
TSS_2837	NA	NA	NA	NA	NA	NA	NA	NA	-31	ZMO1240
TSS_2838	NA	NA	NA	NA	NA	NA	NA	NA	-33	ZMO1240
TSS_2839	NA	NA	NA	NA	NA	NA	NA	NA	-75	ZMO1240
TSS_2841	NA	NA	NA	NA	NA	NA	NA	NA	NA	NA
TSS_2842	NA	NA	NA	NA	NA	NA	NA	NA	-81	ZMO1240
TSS_2844	NA	NA	NA	NA	NA	NA	NA	NA	NA	NA
TSS_2845	NA	NA	NA	NA	NA	NA	NA	NA	-150	ZMO1240
TSS_2846	NA	NA	NA	NA	NA	NA	NA	NA	-171	ZMO1240
TSS_2852	NA	NA	NA	NA	NA	NA	NA	NA	0	ZMO1251
TSS_2854	NA	NA	NA	NA	NA	NA	NA	NA	NA	ZMO1254
TSS_2856	NA	NA	NA	NA	NA	NA	NA	NA	NA	ZMO1256
TSS_2857	NA	NA	NA	NA	NA	NA	NA	NA	NA	ZMO1260
TSS_2859	NA	NA	NA	NA	NA	NA	NA	NA	-49	ZMO1261
TSS_2861	NA	NA	NA	NA	NA	NA	NA	NA	NA	ZMO1268
TSS_2862	NA	NA	NA	NA	NA	NA	NA	NA	NA	ZMO1268
TSS_2864	NA	NA	NA	NA	NA	NA	NA	NA	-57	ZMO1268
TSS_2866	NA	NA	NA	NA	NA	NA	NA	NA	-214	ZMO1268
TSS_2867	NA	NA	NA	NA	NA	NA	NA	NA	-41	ZMO2012
TSS_2868	NA	NA	NA	NA	NA	NA	NA	NA	-13	ZMO2012
TSS_2870	NA	NA	NA	NA	NA	NA	NA	NA	NA	ZMO1271
TSS_2871	NA	NA	NA	NA	NA	NA	NA	NA	-32	ZMO1271
TSS_2872	NA	NA	NA	NA	NA	NA	NA	NA	NA	NA
TSS_2873	NA	NA	NA	NA	NA	NA	NA	NA	-121	ZMO1271
TSS_2874	NA	NA	NA	NA	NA	NA	NA	NA	-102	ZMO1272
TSS_2875	NA	NA	NA	NA	NA	NA	NA	NA	NA	NA
TSS_2876	NA	NA	NA	NA	NA	NA	NA	NA	NA	NA
TSS_2877	NA	NA	NA	NA	NA	NA	NA	NA	NA	NA
TSS_2878	NA	NA	NA	NA	NA	NA	NA	NA	-161	ZMO1271
TSS_2879	NA	NA	NA	NA	NA	NA	NA	NA	NA	NA
TSS_2881	NA	NA	NA	NA	NA	NA	NA	NA	NA	NA
TSS_2885	NA	NA	NA	NA	NA	NA	NA	NA	-55	ZMO1278
TSS_2886	NA	NA	NA	NA	NA	NA	NA	NA	NA	NA
TSS_2889	NA	NA	NA	NA	NA	NA	NA	NA	-75	ZMO1278
TSS_2890	NA	NA	NA	NA	NA	NA	NA	NA	-90	ZMO1278
TSS_2891	NA	NA	NA	NA	NA	NA	NA	NA	-9	ZMO1279
TSS_2892	NA	NA	NA	NA	NA	NA	NA	NA	-10	ZMO1279
TSS_2893	NA	NA	NA	NA	NA	NA	NA	NA	-21	ZMO1279
TSS_2894	NA	NA	NA	NA	NA	NA	NA	NA	-23	ZMO1279
TSS_2895	NA	NA	NA	NA	NA	NA	NA	NA	-24	ZMO1279
TSS_2896	NA	NA	NA	NA	NA	NA	NA	NA	-25	ZMO1279
TSS_2897	NA	NA	NA	NA	NA	NA	NA	NA	NA	NA
TSS_2898	NA	NA	NA	NA	NA	NA	NA	NA	-46	ZMO1279
TSS_2899	NA	NA	NA	NA	NA	NA	NA	NA	-51	ZMO1279
TSS_2900	NA	NA	NA	NA	NA	NA	NA	NA	-63	ZMO1279
TSS_2901	NA	NA	NA	NA	NA	NA	NA	NA	-157	ZMO1279
TSS_2904	NA	NA	NA	NA	NA	NA	NA	NA	-78	ZMO1283
TSS_2906	NA	NA	NA	NA	NA	NA	NA	NA	-453	ZMO1285
TSS_2907	NA	NA	NA	NA	NA	NA	NA	NA	NA	NA
TSS_2908	NA	NA	NA	NA	NA	NA	NA	NA	-72	ZMO1286
TSS_2909	NA	NA	NA	NA	NA	NA	NA	NA	-572	ZMO1286
TSS_2911	NA	NA	NA	NA	NA	NA	NA	NA	NA	NA
TSS_2914	NA	NA	NA	NA	NA	NA	NA	NA	NA	ZMO1287
TSS_2915	NA	NA	NA	NA	NA	NA	NA	NA	NA	ZMO1287
TSS_2918	NA	NA	NA	NA	NA	NA	NA	NA	-98	ZMO1288
TSS_2919	NA	NA	NA	NA	NA	NA	NA	NA	NA	NA
TSS_2920	NA	NA	NA	NA	NA	NA	NA	NA	-18	ZMO1289
TSS_2921	NA	NA	NA	NA	NA	NA	NA	NA	NA	NA
TSS_2922	NA	NA	NA	NA	NA	NA	NA	NA	NA	NA
TSS_2923	NA	NA	NA	NA	NA	NA	NA	NA	-21	ZMO1289
TSS_2924	NA	NA	NA	NA	NA	NA	NA	NA	-22	ZMO1289
TSS_2925	NA	NA	NA	NA	NA	NA	NA	NA	NA	NA
TSS_2926	NA	NA	NA	NA	NA	NA	NA	NA	-24	ZMO1289
TSS_2927	NA	NA	NA	NA	NA	NA	NA	NA	-27	ZMO1289
TSS_2928	NA	NA	NA	NA	NA	NA	NA	NA	NA	NA
TSS_2929	NA	NA	NA	NA	NA	NA	NA	NA	-30	ZMO1289
TSS_2930	NA	NA	NA	NA	NA	NA	NA	NA	-38	ZMO1289
TSS_2932	NA	NA	NA	NA	NA	NA	NA	NA	-107	ZMO1291
TSS_2936	NA	NA	NA	NA	NA	NA	NA	NA	NA	ZMO2014
TSS_2941	NA	NA	NA	NA	NA	NA	NA	NA	-103	ZMO1298
TSS_2942	NA	NA	NA	NA	NA	NA	NA	NA	NA	NA
TSS_2946	NA	NA	NA	NA	NA	NA	NA	NA	-434	ZMO2016
TSS_2949	NA	NA	NA	NA	NA	NA	NA	NA	-82	ZMO2017
TSS_2950	NA	NA	NA	NA	NA	NA	NA	NA	-51	ZMO2017
TSS_2952	NA	NA	NA	NA	NA	NA	NA	NA	NA	ZMO2017
TSS_2953	NA	NA	NA	NA	NA	NA	NA	NA	NA	ZMO1299
TSS_2956	NA	NA	NA	NA	NA	NA	NA	NA	-322	ZMO1304
TSS_2957	NA	NA	NA	NA	NA	NA	NA	NA	NA	NA
TSS_2958	NA	NA	NA	NA	NA	NA	NA	NA	-30	ZMO1305
TSS_2959	NA	NA	NA	NA	NA	NA	NA	NA	-31	ZMO1305
TSS_2960	NA	NA	NA	NA	NA	NA	NA	NA	NA	NA
TSS_2961	NA	NA	NA	NA	NA	NA	NA	NA	-33	ZMO1305
TSS_2962	NA	NA	NA	NA	NA	NA	NA	NA	NA	NA
TSS_2963	NA	NA	NA	NA	NA	NA	NA	NA	NA	NA
TSS_2964	NA	NA	NA	NA	NA	NA	NA	NA	-196	ZMO1307
TSS_2965	NA	NA	NA	NA	NA	NA	NA	NA	-194	ZMO1307
TSS_2968	NA	NA	NA	NA	NA	NA	NA	NA	-33	ZMO1309
TSS_2971	NA	NA	NA	NA	NA	NA	NA	NA	-206	ZMO1311
TSS_2973	NA	NA	NA	NA	NA	NA	NA	NA	-85	ZMO1311
TSS_2975	NA	NA	NA	NA	NA	NA	NA	NA	-8	ZMO1312
TSS_2976	NA	NA	NA	NA	NA	NA	NA	NA	-7	ZMO1312
TSS_2979	NA	NA	NA	NA	NA	NA	NA	NA	-32	ZMO1313
TSS_2980	NA	NA	NA	NA	NA	NA	NA	NA	-20	ZMO1313
TSS_2985	NA	NA	NA	NA	NA	NA	NA	NA	NA	ZMO1319
TSS_2987	NA	NA	NA	NA	NA	NA	NA	NA	-163	ZMO1320
TSS_2990	NA	NA	NA	NA	NA	NA	NA	NA	-75	ZMO1321
TSS_2991	NA	NA	NA	NA	NA	NA	NA	NA	NA	NA
TSS_2994	NA	NA	NA	NA	NA	NA	NA	NA	-108	ZMO1322
TSS_2996	NA	NA	NA	NA	NA	NA	NA	NA	-97	ZMO1323
TSS_2998	NA	NA	NA	NA	NA	NA	NA	NA	-21	ZMO1325
TSS_3000	NA	NA	NA	NA	NA	NA	NA	NA	NA	NA
TSS_3002	NA	NA	NA	NA	NA	NA	NA	NA	NA	NA
TSS_3003	NA	NA	NA	NA	NA	NA	NA	NA	-187	ZMO1326
TSS_3004	NA	NA	NA	NA	NA	NA	NA	NA	-181	ZMO1326
TSS_3005	NA	NA	NA	NA	NA	NA	NA	NA	-84	ZMO1326
TSS_3008	NA	NA	NA	NA	NA	NA	NA	NA	-300	ZMO1331
TSS_3009	NA	NA	NA	NA	NA	NA	NA	NA	NA	NA
TSS_3010	NA	NA	NA	NA	NA	NA	NA	NA	-254	ZMO1331
TSS_3011	NA	NA	NA	NA	NA	NA	NA	NA	-251	ZMO1331
TSS_3012	NA	NA	NA	NA	NA	NA	NA	NA	NA	NA
TSS_3013	NA	NA	NA	NA	NA	NA	NA	NA	-198	ZMO1331
TSS_3016	NA	NA	NA	NA	NA	NA	NA	NA	-114	ZMO1331
TSS_3019	NA	NA	NA	NA	NA	NA	NA	NA	NA	NA
TSS_3021	NA	NA	NA	NA	NA	NA	NA	NA	NA	NA
TSS_3022	NA	NA	NA	NA	NA	NA	NA	NA	NA	NA
TSS_3023	NA	NA	NA	NA	NA	NA	NA	NA	-159	ZMO1335
TSS_3024	NA	NA	NA	NA	NA	NA	NA	NA	NA	NA
TSS_3028	NA	NA	NA	NA	NA	NA	NA	NA	NA	NA
TSS_3029	NA	NA	NA	NA	NA	NA	NA	NA	NA	NA
TSS_3033	NA	NA	NA	NA	NA	NA	NA	NA	-130	ZMO1341
TSS_3034	NA	NA	NA	NA	NA	NA	NA	NA	-131	ZMO1341
TSS_3036	NA	NA	NA	NA	NA	NA	NA	NA	NA	NA
TSS_3037	NA	NA	NA	NA	NA	NA	NA	NA	NA	ZMOt031
TSS_3038	NA	NA	NA	NA	NA	NA	NA	NA	NA	NA
TSS_3039	NA	NA	NA	NA	NA	NA	NA	NA	NA	ZMOt031
TSS_3040	NA	NA	NA	NA	NA	NA	NA	NA	NA	ZMOt031
TSS_3041	NA	NA	NA	NA	NA	NA	NA	NA	NA	ZMOt031
TSS_3042	NA	NA	NA	NA	NA	NA	NA	NA	NA	NA
TSS_3043	NA	NA	NA	NA	NA	NA	NA	NA	NA	ZMOt031
TSS_3044	NA	NA	NA	NA	NA	NA	NA	NA	NA	ZMOt031
TSS_3045	NA	NA	NA	NA	NA	NA	NA	NA	NA	ZMOt031
TSS_3047	NA	NA	NA	NA	NA	NA	NA	NA	NA	NA
TSS_3048	NA	NA	NA	NA	NA	NA	NA	NA	-25	ZMO1344
TSS_3049	NA	NA	NA	NA	NA	NA	NA	NA	NA	ZMO1345
TSS_3051	NA	NA	NA	NA	NA	NA	NA	NA	NA	NA
TSS_3054	NA	NA	NA	NA	NA	NA	NA	NA	NA	NA
TSS_3055	NA	NA	NA	NA	NA	NA	NA	NA	-30	ZMO1346
TSS_3056	NA	NA	NA	NA	NA	NA	NA	NA	-231	ZMO1346
TSS_3059	NA	NA	NA	NA	NA	NA	NA	NA	-88	ZMO1347
TSS_3060	NA	NA	NA	NA	NA	NA	NA	NA	0	ZMO1348
TSS_3061	NA	NA	NA	NA	NA	NA	NA	NA	NA	NA
TSS_3063	NA	NA	NA	NA	NA	NA	NA	NA	NA	NA
TSS_3064	NA	NA	NA	NA	NA	NA	NA	NA	NA	NA
TSS_3070	NA	NA	NA	NA	NA	NA	NA	NA	-140	ZMO1352
TSS_3071	NA	NA	NA	NA	NA	NA	NA	NA	-155	ZMO1352
TSS_3074	NA	NA	NA	NA	NA	NA	NA	NA	NA	ZMO1354
TSS_3076	NA	NA	NA	NA	NA	NA	NA	NA	-543	ZMO1353
TSS_3077	NA	NA	NA	NA	NA	NA	NA	NA	-549	ZMO1353
TSS_3078	NA	NA	NA	NA	NA	NA	NA	NA	-564	ZMO1353
TSS_3079	NA	NA	NA	NA	NA	NA	NA	NA	-566	ZMO1353
TSS_3080	NA	NA	NA	NA	NA	NA	NA	NA	-570	ZMO1353
TSS_3081	NA	NA	NA	NA	NA	NA	NA	NA	-612	ZMO1353
TSS_3082	NA	NA	NA	NA	NA	NA	NA	NA	-22	ZMO1354
TSS_3083	NA	NA	NA	NA	NA	NA	NA	NA	-26	ZMO1354
TSS_3084	NA	NA	NA	NA	NA	NA	NA	NA	NA	NA
TSS_3086	NA	NA	NA	NA	NA	NA	NA	NA	-35	ZMO1354
TSS_3089	NA	NA	NA	NA	NA	NA	NA	NA	NA	NA
TSS_3090	NA	NA	NA	NA	NA	NA	NA	NA	-197	ZMO1354
TSS_3091	NA	NA	NA	NA	NA	NA	NA	NA	NA	NA
TSS_3092	NA	NA	NA	NA	NA	NA	NA	NA	-200	ZMO1354
TSS_3094	NA	NA	NA	NA	NA	NA	NA	NA	NA	NA
TSS_3095	NA	NA	NA	NA	NA	NA	NA	NA	NA	NA
TSS_3096	NA	NA	NA	NA	NA	NA	NA	NA	-355	ZMO1354
TSS_3097	NA	NA	NA	NA	NA	NA	NA	NA	-211	ZMO1356
TSS_3100	NA	NA	NA	NA	NA	NA	NA	NA	-65	ZMO1358
TSS_3101	NA	NA	NA	NA	NA	NA	NA	NA	NA	NA
TSS_3102	NA	NA	NA	NA	NA	NA	NA	NA	NA	NA
TSS_3104	NA	NA	NA	NA	NA	NA	NA	NA	-69	ZMO1358
TSS_3105	NA	NA	NA	NA	NA	NA	NA	NA	NA	NA
TSS_3107	NA	NA	NA	NA	NA	NA	NA	NA	-605	ZMO1358
TSS_3108	NA	NA	NA	NA	NA	NA	NA	NA	NA	ZMO1360
TSS_3109	NA	NA	NA	NA	NA	NA	NA	NA	NA	ZMO1360
TSS_3110	NA	NA	NA	NA	NA	NA	NA	NA	NA	ZMO1360
TSS_3111	NA	NA	NA	NA	NA	NA	NA	NA	NA	ZMO1360
TSS_3112	NA	NA	NA	NA	NA	NA	NA	NA	NA	NA
TSS_3113	NA	NA	NA	NA	NA	NA	NA	NA	-43	ZMO1360
TSS_3114	NA	NA	NA	NA	NA	NA	NA	NA	-45	ZMO1360
TSS_3115	NA	NA	NA	NA	NA	NA	NA	NA	NA	NA
TSS_3116	NA	NA	NA	NA	NA	NA	NA	NA	NA	NA
TSS_3117	NA	NA	NA	NA	NA	NA	NA	NA	-165	ZMO1360
TSS_3119	NA	NA	NA	NA	NA	NA	NA	NA	NA	NA
TSS_3120	NA	NA	NA	NA	NA	NA	NA	NA	-59	ZMO2067
TSS_3121	NA	NA	NA	NA	NA	NA	NA	NA	NA	NA
TSS_3122	NA	NA	NA	NA	NA	NA	NA	NA	NA	NA
TSS_3127	NA	NA	NA	NA	NA	NA	NA	NA	NA	NA
TSS_3128	NA	NA	NA	NA	NA	NA	NA	NA	NA	NA
TSS_3130	NA	NA	NA	NA	NA	NA	NA	NA	-124	ZMO1366
TSS_3132	NA	NA	NA	NA	NA	NA	NA	NA	NA	NA
TSS_3134	NA	NA	NA	NA	NA	NA	NA	NA	-612	ZMO1369
TSS_3136	NA	NA	NA	NA	NA	NA	NA	NA	NA	ZMOt032
TSS_3139	NA	NA	NA	NA	NA	NA	NA	NA	-24	ZMO1372
TSS_3140	NA	NA	NA	NA	NA	NA	NA	NA	-27	ZMO1372
TSS_3141	NA	NA	NA	NA	NA	NA	NA	NA	-144	ZMO1373
TSS_3142	NA	NA	NA	NA	NA	NA	NA	NA	-143	ZMO1373
TSS_3146	NA	NA	NA	NA	NA	NA	NA	NA	NA	NA
TSS_3148	NA	NA	NA	NA	NA	NA	NA	NA	NA	ZMO1375
TSS_3149	NA	NA	NA	NA	NA	NA	NA	NA	NA	ZMO1375
TSS_3150	NA	NA	NA	NA	NA	NA	NA	NA	NA	ZMO1375
TSS_3151	NA	NA	NA	NA	NA	NA	NA	NA	NA	NA
TSS_3152	NA	NA	NA	NA	NA	NA	NA	NA	NA	ZMOt033
TSS_3154	NA	NA	NA	NA	NA	NA	NA	NA	NA	ZMO1380
TSS_3160	NA	NA	NA	NA	NA	NA	NA	NA	-196	ZMO1387
TSS_3161	NA	NA	NA	NA	NA	NA	NA	NA	-61	ZMO1387
TSS_3162	NA	NA	NA	NA	NA	NA	NA	NA	NA	ZMO1387
TSS_3165	NA	NA	NA	NA	NA	NA	NA	NA	NA	ZMO1389
TSS_3166	NA	NA	NA	NA	NA	NA	NA	NA	NA	ZMO1389
TSS_3169	NA	NA	NA	NA	NA	NA	NA	NA	NA	ZMO1390
TSS_3171	NA	NA	NA	NA	NA	NA	NA	NA	-74	ZMO1392
TSS_3172	NA	NA	NA	NA	NA	NA	NA	NA	NA	ZMO1394
TSS_3175	NA	NA	NA	NA	NA	NA	NA	NA	NA	NA
TSS_3176	NA	NA	NA	NA	NA	NA	NA	NA	-155	ZMO1396
TSS_3177	NA	NA	NA	NA	NA	NA	NA	NA	-72	ZMO1399
TSS_3181	NA	NA	NA	NA	NA	NA	NA	NA	-142	ZMO1402
TSS_3182	NA	NA	NA	NA	NA	NA	NA	NA	-492	ZMO1402
TSS_3183	NA	NA	NA	NA	NA	NA	NA	NA	NA	ZMO1403
TSS_3185	NA	NA	NA	NA	NA	NA	NA	NA	NA	NA
TSS_3188	NA	NA	NA	NA	NA	NA	NA	NA	-110	ZMO1405
TSS_3189	NA	NA	NA	NA	NA	NA	NA	NA	NA	NA
TSS_3192	NA	NA	NA	NA	NA	NA	NA	NA	NA	NA
TSS_3193	NA	NA	NA	NA	NA	NA	NA	NA	-41	ZMO1407
TSS_3196	NA	NA	NA	NA	NA	NA	NA	NA	-405	ZMO1408
TSS_3199	NA	NA	NA	NA	NA	NA	NA	NA	-85	ZMO2019
TSS_3200	NA	NA	NA	NA	NA	NA	NA	NA	-81	ZMO2019
TSS_3201	NA	NA	NA	NA	NA	NA	NA	NA	NA	NA
TSS_3202	NA	NA	NA	NA	NA	NA	NA	NA	NA	NA
TSS_3204	NA	NA	NA	NA	NA	NA	NA	NA	NA	NA
TSS_3205	NA	NA	NA	NA	NA	NA	NA	NA	NA	NA
TSS_3206	NA	NA	NA	NA	NA	NA	NA	NA	NA	NA
TSS_3208	NA	NA	NA	NA	NA	NA	NA	NA	NA	NA
TSS_3209	NA	NA	NA	NA	NA	NA	NA	NA	NA	NA
TSS_3210	NA	NA	NA	NA	NA	NA	NA	NA	NA	NA
TSS_3211	NA	NA	NA	NA	NA	NA	NA	NA	NA	NA
TSS_3212	NA	NA	NA	NA	NA	NA	NA	NA	-35	ZMO1410
TSS_3213	NA	NA	NA	NA	NA	NA	NA	NA	-33	ZMO1410
TSS_3214	NA	NA	NA	NA	NA	NA	NA	NA	-32	ZMO1410
TSS_3215	NA	NA	NA	NA	NA	NA	NA	NA	-29	ZMO1410
TSS_3216	NA	NA	NA	NA	NA	NA	NA	NA	-23	ZMO1410
TSS_3217	NA	NA	NA	NA	NA	NA	NA	NA	NA	ZMO1410
TSS_3218	NA	NA	NA	NA	NA	NA	NA	NA	NA	ZMO1411
TSS_3219	NA	NA	NA	NA	NA	NA	NA	NA	-76	ZMO1411
TSS_3221	NA	NA	NA	NA	NA	NA	NA	NA	NA	NA
TSS_3222	NA	NA	NA	NA	NA	NA	NA	NA	-344	ZMO1411
TSS_3224	NA	NA	NA	NA	NA	NA	NA	NA	-106	ZMO1412
TSS_3225	NA	NA	NA	NA	NA	NA	NA	NA	NA	NA
TSS_3226	NA	NA	NA	NA	NA	NA	NA	NA	NA	NA
TSS_3228	NA	NA	NA	NA	NA	NA	NA	NA	0	ZMO1415
TSS_3233	NA	NA	NA	NA	NA	NA	NA	NA	NA	ZMO1422
TSS_3234	NA	NA	NA	NA	NA	NA	NA	NA	-48	ZMO1422
TSS_3236	NA	NA	NA	NA	NA	NA	NA	NA	-19	ZMO1424
TSS_3238	NA	NA	NA	NA	NA	NA	NA	NA	NA	ZMO1424
TSS_3239	NA	NA	NA	NA	NA	NA	NA	NA	NA	ZMO1424
TSS_3240	NA	NA	NA	NA	NA	NA	NA	NA	-581	ZMO1426
TSS_3244	NA	NA	NA	NA	NA	NA	NA	NA	NA	ZMO1428
TSS_3245	NA	NA	NA	NA	NA	NA	NA	NA	NA	ZMO1428
TSS_3246	NA	NA	NA	NA	NA	NA	NA	NA	NA	ZMO1430
TSS_3248	NA	NA	NA	NA	NA	NA	NA	NA	-523	ZMO1431
TSS_3250	NA	NA	NA	NA	NA	NA	NA	NA	NA	ZMO1432
TSS_3255	NA	NA	NA	NA	NA	NA	NA	NA	-36	ZMO1436
TSS_3258	NA	NA	NA	NA	NA	NA	NA	NA	-28	ZMO1440
TSS_3259	NA	NA	NA	NA	NA	NA	NA	NA	-38	ZMO1440
TSS_3261	NA	NA	NA	NA	NA	NA	NA	NA	-92	ZMO1441
TSS_3262	NA	NA	NA	NA	NA	NA	NA	NA	NA	NA
TSS_3263	NA	NA	NA	NA	NA	NA	NA	NA	-88	ZMO1441
TSS_3267	NA	NA	NA	NA	NA	NA	NA	NA	NA	NA
TSS_3270	NA	NA	NA	NA	NA	NA	NA	NA	-79	ZMO1447
TSS_3274	NA	NA	NA	NA	NA	NA	NA	NA	NA	ZMO1452
TSS_3281	NA	NA	NA	NA	NA	NA	NA	NA	NA	ZMO1460
TSS_3284	NA	NA	NA	NA	NA	NA	NA	NA	-27	ZMO1464
TSS_3286	NA	NA	NA	NA	NA	NA	NA	NA	NA	NA
TSS_3287	NA	NA	NA	NA	NA	NA	NA	NA	NA	NA
TSS_3295	NA	NA	NA	NA	NA	NA	NA	NA	-51	ZMO1470
TSS_3300	NA	NA	NA	NA	NA	NA	NA	NA	NA	NA
TSS_3301	NA	NA	NA	NA	NA	NA	NA	NA	NA	NA
TSS_3303	NA	NA	NA	NA	NA	NA	NA	NA	NA	ZMO1477
TSS_3305	NA	NA	NA	NA	NA	NA	NA	NA	-66	ZMO1478
TSS_3306	NA	NA	NA	NA	NA	NA	NA	NA	-68	ZMO1478
TSS_3307	NA	NA	NA	NA	NA	NA	NA	NA	-75	ZMO1478
TSS_3308	NA	NA	NA	NA	NA	NA	NA	NA	-77	ZMO1478
TSS_3309	NA	NA	NA	NA	NA	NA	NA	NA	-86	ZMO1478
TSS_3310	NA	NA	NA	NA	NA	NA	NA	NA	-143	ZMO1478
TSS_3311	NA	NA	NA	NA	NA	NA	NA	NA	-146	ZMO1478
TSS_3312	NA	NA	NA	NA	NA	NA	NA	NA	-148	ZMO1478
TSS_3314	NA	NA	NA	NA	NA	NA	NA	NA	-150	ZMO1478
TSS_3315	NA	NA	NA	NA	NA	NA	NA	NA	NA	NA
TSS_3316	NA	NA	NA	NA	NA	NA	NA	NA	-20	ZMO1480
TSS_3318	NA	NA	NA	NA	NA	NA	NA	NA	-476	ZMO1480
TSS_3322	NA	NA	NA	NA	NA	NA	NA	NA	NA	NA
TSS_3325	NA	NA	NA	NA	NA	NA	NA	NA	NA	ZMOt035
TSS_3326	NA	NA	NA	NA	NA	NA	NA	NA	NA	ZMOt035
TSS_3327	NA	NA	NA	NA	NA	NA	NA	NA	NA	ZMOt035
TSS_3328	NA	NA	NA	NA	NA	NA	NA	NA	NA	ZMOt035
TSS_3329	NA	NA	NA	NA	NA	NA	NA	NA	NA	ZMOt035
TSS_3333	NA	NA	NA	NA	NA	NA	NA	NA	NA	NA
TSS_3335	NA	NA	NA	NA	NA	NA	NA	NA	-84	ZMO1488
TSS_3338	NA	NA	NA	NA	NA	NA	NA	NA	-440	ZMO1488
TSS_3339	NA	NA	NA	NA	NA	NA	NA	NA	NA	NA
TSS_3340	NA	NA	NA	NA	NA	NA	NA	NA	-328	ZMO1490
TSS_3342	NA	NA	NA	NA	NA	NA	NA	NA	-324	ZMO1490
TSS_3343	NA	NA	NA	NA	NA	NA	NA	NA	-133	ZMO1490
TSS_3344	NA	NA	NA	NA	NA	NA	NA	NA	-130	ZMO1490
TSS_3345	NA	NA	NA	NA	NA	NA	NA	NA	-122	ZMO1490
TSS_3346	NA	NA	NA	NA	NA	NA	NA	NA	-120	ZMO1490
TSS_3347	NA	NA	NA	NA	NA	NA	NA	NA	-118	ZMO1490
TSS_3348	NA	NA	NA	NA	NA	NA	NA	NA	-101	ZMO1490
TSS_3349	NA	NA	NA	NA	NA	NA	NA	NA	-90	ZMO1490
TSS_3350	NA	NA	NA	NA	NA	NA	NA	NA	-84	ZMO1490
TSS_3352	NA	NA	NA	NA	NA	NA	NA	NA	-76	ZMO1490
TSS_3353	NA	NA	NA	NA	NA	NA	NA	NA	-74	ZMO1490
TSS_3354	NA	NA	NA	NA	NA	NA	NA	NA	-68	ZMO1490
TSS_3355	NA	NA	NA	NA	NA	NA	NA	NA	-39	ZMO1490
TSS_3356	NA	NA	NA	NA	NA	NA	NA	NA	NA	NA
TSS_3357	NA	NA	NA	NA	NA	NA	NA	NA	NA	NA
TSS_3359	NA	NA	NA	NA	NA	NA	NA	NA	NA	NA
TSS_3360	NA	NA	NA	NA	NA	NA	NA	NA	-25	ZMO1490
TSS_3361	NA	NA	NA	NA	NA	NA	NA	NA	NA	NA
TSS_3362	NA	NA	NA	NA	NA	NA	NA	NA	-22	ZMO1490
TSS_3363	NA	NA	NA	NA	NA	NA	NA	NA	NA	NA
TSS_3364	NA	NA	NA	NA	NA	NA	NA	NA	NA	NA
TSS_3367	NA	NA	NA	NA	NA	NA	NA	NA	NA	ZMO1490
TSS_3368	NA	NA	NA	NA	NA	NA	NA	NA	-580	ZMO1489
TSS_3369	NA	NA	NA	NA	NA	NA	NA	NA	-301	ZMO1491
TSS_3371	NA	NA	NA	NA	NA	NA	NA	NA	-136	ZMO1491
TSS_3372	NA	NA	NA	NA	NA	NA	NA	NA	-61	ZMO1491
TSS_3373	NA	NA	NA	NA	NA	NA	NA	NA	-60	ZMO1491
TSS_3375	NA	NA	NA	NA	NA	NA	NA	NA	NA	ZMO1491
TSS_3377	NA	NA	NA	NA	NA	NA	NA	NA	NA	ZMO1491
TSS_3379	NA	NA	NA	NA	NA	NA	NA	NA	NA	ZMO1494
TSS_3380	NA	NA	NA	NA	NA	NA	NA	NA	0	ZMO1495
TSS_3383	NA	NA	NA	NA	NA	NA	NA	NA	0	ZMO1496
TSS_3384	NA	NA	NA	NA	NA	NA	NA	NA	NA	ZMO1496
TSS_3387	NA	NA	NA	NA	NA	NA	NA	NA	NA	ZMO1497
TSS_3389	NA	NA	NA	NA	NA	NA	NA	NA	NA	ZMO1497
TSS_3391	NA	NA	NA	NA	NA	NA	NA	NA	-216	ZMO1497
TSS_3392	NA	NA	NA	NA	NA	NA	NA	NA	-229	ZMO1497
TSS_3396	NA	NA	NA	NA	NA	NA	NA	NA	0	ZMO1504
TSS_3398	NA	NA	NA	NA	NA	NA	NA	NA	-74	ZMO1506
TSS_3399	NA	NA	NA	NA	NA	NA	NA	NA	NA	NA
TSS_3400	NA	NA	NA	NA	NA	NA	NA	NA	-71	ZMO1506
TSS_3401	NA	NA	NA	NA	NA	NA	NA	NA	-70	ZMO1506
TSS_3402	NA	NA	NA	NA	NA	NA	NA	NA	-69	ZMO1506
TSS_3403	NA	NA	NA	NA	NA	NA	NA	NA	NA	ZMO1506
TSS_3405	NA	NA	NA	NA	NA	NA	NA	NA	-493	ZMO1509
TSS_3406	NA	NA	NA	NA	NA	NA	NA	NA	NA	NA
TSS_3407	NA	NA	NA	NA	NA	NA	NA	NA	NA	NA
TSS_3409	NA	NA	NA	NA	NA	NA	NA	NA	NA	NA
TSS_3410	NA	NA	NA	NA	NA	NA	NA	NA	NA	ZMO1511
TSS_3414	NA	NA	NA	NA	NA	NA	NA	NA	-124	ZMO1514
TSS_3415	NA	NA	NA	NA	NA	NA	NA	NA	-188	ZMO2020
TSS_3418	NA	NA	NA	NA	NA	NA	NA	NA	-274	ZMO2020
TSS_3419	NA	NA	NA	NA	NA	NA	NA	NA	NA	NA
TSS_3421	NA	NA	NA	NA	NA	NA	NA	NA	NA	NA
TSS_3423	NA	NA	NA	NA	NA	NA	NA	NA	NA	NA
TSS_3425	NA	NA	NA	NA	NA	NA	NA	NA	NA	NA
TSS_3426	NA	NA	NA	NA	NA	NA	NA	NA	NA	NA
TSS_3427	NA	NA	NA	NA	NA	NA	NA	NA	NA	NA
TSS_3428	NA	NA	NA	NA	NA	NA	NA	NA	NA	NA
TSS_3429	NA	NA	NA	NA	NA	NA	NA	NA	-146	ZMO1516
TSS_3430	NA	NA	NA	NA	NA	NA	NA	NA	NA	NA
TSS_3431	NA	NA	NA	NA	NA	NA	NA	NA	-16	ZMO1519
TSS_3432	NA	NA	NA	NA	NA	NA	NA	NA	NA	NA
TSS_3433	NA	NA	NA	NA	NA	NA	NA	NA	-26	ZMO1519
TSS_3437	NA	NA	NA	NA	NA	NA	NA	NA	NA	NA
TSS_3438	NA	NA	NA	NA	NA	NA	NA	NA	NA	NA
TSS_3440	NA	NA	NA	NA	NA	NA	NA	NA	-123	ZMO1522
TSS_3441	NA	NA	NA	NA	NA	NA	NA	NA	-112	ZMO1522
TSS_3442	NA	NA	NA	NA	NA	NA	NA	NA	NA	NA
TSS_3443	NA	NA	NA	NA	NA	NA	NA	NA	-90	ZMO1522
TSS_3444	NA	NA	NA	NA	NA	NA	NA	NA	NA	ZMO1522
TSS_3445	NA	NA	NA	NA	NA	NA	NA	NA	NA	ZMO1522
TSS_3447	NA	NA	NA	NA	NA	NA	NA	NA	NA	ZMO1522
TSS_3451	NA	NA	NA	NA	NA	NA	NA	NA	NA	ZMO1522
TSS_3452	NA	NA	NA	NA	NA	NA	NA	NA	NA	ZMO1522
TSS_3453	NA	NA	NA	NA	NA	NA	NA	NA	NA	ZMO1522
TSS_3455	NA	NA	NA	NA	NA	NA	NA	NA	NA	ZMO1522
TSS_3456	NA	NA	NA	NA	NA	NA	NA	NA	-133	ZMO1524
TSS_3459	NA	NA	NA	NA	NA	NA	NA	NA	NA	ZMO1525
TSS_3463	NA	NA	NA	NA	NA	NA	NA	NA	NA	NA
TSS_3465	NA	NA	NA	NA	NA	NA	NA	NA	NA	ZMO1527
TSS_3466	NA	NA	NA	NA	NA	NA	NA	NA	-58	ZMO1529
TSS_3468	NA	NA	NA	NA	NA	NA	NA	NA	-71	ZMO1529
TSS_3471	NA	NA	NA	NA	NA	NA	NA	NA	-187	ZMO1530
TSS_3472	NA	NA	NA	NA	NA	NA	NA	NA	-185	ZMO1530
TSS_3474	NA	NA	NA	NA	NA	NA	NA	NA	-174	ZMO1530
TSS_3475	NA	NA	NA	NA	NA	NA	NA	NA	-341	ZMO1529
TSS_3476	NA	NA	NA	NA	NA	NA	NA	NA	NA	NA
TSS_3477	NA	NA	NA	NA	NA	NA	NA	NA	-54	ZMO1531
TSS_3479	NA	NA	NA	NA	NA	NA	NA	NA	NA	NA
TSS_3480	NA	NA	NA	NA	NA	NA	NA	NA	-72	ZMO1533
TSS_3483	NA	NA	NA	NA	NA	NA	NA	NA	NA	NA
TSS_3484	NA	NA	NA	NA	NA	NA	NA	NA	NA	NA
TSS_3485	NA	NA	NA	NA	NA	NA	NA	NA	NA	NA
TSS_3487	NA	NA	NA	NA	NA	NA	NA	NA	NA	NA
TSS_3488	NA	NA	NA	NA	NA	NA	NA	NA	NA	ZMO1536
TSS_3492	NA	NA	NA	NA	NA	NA	NA	NA	NA	ZMO1536
TSS_3493	NA	NA	NA	NA	NA	NA	NA	NA	NA	NA
TSS_3495	NA	NA	NA	NA	NA	NA	NA	NA	-112	ZMO1540
TSS_3496	NA	NA	NA	NA	NA	NA	NA	NA	-110	ZMO1540
TSS_3497	NA	NA	NA	NA	NA	NA	NA	NA	-98	ZMO1540
TSS_3498	NA	NA	NA	NA	NA	NA	NA	NA	NA	ZMO1541
TSS_3499	NA	NA	NA	NA	NA	NA	NA	NA	-168	ZMO1542
TSS_3500	NA	NA	NA	NA	NA	NA	NA	NA	-116	ZMO1542
TSS_3502	NA	NA	NA	NA	NA	NA	NA	NA	NA	ZMO1543
TSS_3506	NA	NA	NA	NA	NA	NA	NA	NA	NA	NA
TSS_3507	NA	NA	NA	NA	NA	NA	NA	NA	-44	ZMO1545
TSS_3508	NA	NA	NA	NA	NA	NA	NA	NA	-45	ZMO1545
TSS_3509	NA	NA	NA	NA	NA	NA	NA	NA	-59	ZMO1545
TSS_3511	NA	NA	NA	NA	NA	NA	NA	NA	NA	NA
TSS_3512	NA	NA	NA	NA	NA	NA	NA	NA	NA	NA
TSS_3514	NA	NA	NA	NA	NA	NA	NA	NA	-510	ZMO1548
TSS_3517	NA	NA	NA	NA	NA	NA	NA	NA	-38	ZMO1549
TSS_3518	NA	NA	NA	NA	NA	NA	NA	NA	-29	ZMO1549
TSS_3521	NA	NA	NA	NA	NA	NA	NA	NA	-27	ZMO1554
TSS_3524	NA	NA	NA	NA	NA	NA	NA	NA	NA	NA
TSS_3525	NA	NA	NA	NA	NA	NA	NA	NA	-27	ZMO1557
TSS_3530	NA	NA	NA	NA	NA	NA	NA	NA	NA	NA
TSS_3533	NA	NA	NA	NA	NA	NA	NA	NA	NA	ZMOt036
TSS_3534	NA	NA	NA	NA	NA	NA	NA	NA	NA	NA
TSS_3535	NA	NA	NA	NA	NA	NA	NA	NA	NA	ZMOt036
TSS_3536	NA	NA	NA	NA	NA	NA	NA	NA	NA	NA
TSS_3538	NA	NA	NA	NA	NA	NA	NA	NA	NA	NA
TSS_3539	NA	NA	NA	NA	NA	NA	NA	NA	NA	NA
TSS_3542	NA	NA	NA	NA	NA	NA	NA	NA	NA	ZMO1570
TSS_3544	NA	NA	NA	NA	NA	NA	NA	NA	-96	ZMO1571
TSS_3546	NA	NA	NA	NA	NA	NA	NA	NA	NA	ZMO1571
TSS_3547	NA	NA	NA	NA	NA	NA	NA	NA	-16	ZMO2021
TSS_3548	NA	NA	NA	NA	NA	NA	NA	NA	NA	ZMO1572; ZMO2021
TSS_3551	NA	NA	NA	NA	NA	NA	NA	NA	NA	ZMO1577
TSS_3552	NA	NA	NA	NA	NA	NA	NA	NA	NA	NA
TSS_3553	NA	NA	NA	NA	NA	NA	NA	NA	-43	ZMO1581
TSS_3555	NA	NA	NA	NA	NA	NA	NA	NA	NA	NA
TSS_3556	NA	NA	NA	NA	NA	NA	NA	NA	NA	ZMO1583
TSS_3557	NA	NA	NA	NA	NA	NA	NA	NA	NA	ZMO1583
TSS_3559	NA	NA	NA	NA	NA	NA	NA	NA	-1	ZMO1583
TSS_3560	NA	NA	NA	NA	NA	NA	NA	NA	-216	ZMO1586
TSS_3562	NA	NA	NA	NA	NA	NA	NA	NA	-26	ZMO1586
TSS_3563	NA	NA	NA	NA	NA	NA	NA	NA	-231	ZMO1587
TSS_3564	NA	NA	NA	NA	NA	NA	NA	NA	-64	ZMO1588
TSS_3565	NA	NA	NA	NA	NA	NA	NA	NA	NA	ZMO1590
TSS_3566	NA	NA	NA	NA	NA	NA	NA	NA	NA	NA
TSS_3568	NA	NA	NA	NA	NA	NA	NA	NA	NA	ZMO1593
TSS_3569	NA	NA	NA	NA	NA	NA	NA	NA	NA	ZMO1593
TSS_3571	NA	NA	NA	NA	NA	NA	NA	NA	-82	ZMO1593
TSS_3573	NA	NA	NA	NA	NA	NA	NA	NA	-92	ZMO1593
TSS_3576	NA	NA	NA	NA	NA	NA	NA	NA	NA	NA
TSS_3578	NA	NA	NA	NA	NA	NA	NA	NA	NA	NA
TSS_3579	NA	NA	NA	NA	NA	NA	NA	NA	-175	ZMO1596
TSS_3580	NA	NA	NA	NA	NA	NA	NA	NA	-171	ZMO1596
TSS_3581	NA	NA	NA	NA	NA	NA	NA	NA	NA	ZMO1596
TSS_3582	NA	NA	NA	NA	NA	NA	NA	NA	NA	ZMO1596
TSS_3584	NA	NA	NA	NA	NA	NA	NA	NA	-222	ZMO1598
TSS_3588	NA	NA	NA	NA	NA	NA	NA	NA	-160	ZMO1600
TSS_3590	NA	NA	NA	NA	NA	NA	NA	NA	-117	ZMO1600
TSS_3591	NA	NA	NA	NA	NA	NA	NA	NA	NA	ZMO1600
TSS_3592	NA	NA	NA	NA	NA	NA	NA	NA	-32	ZMO1602
TSS_3593	NA	NA	NA	NA	NA	NA	NA	NA	-20	ZMO1602
TSS_3594	NA	NA	NA	NA	NA	NA	NA	NA	-17	ZMO1602
TSS_3596	NA	NA	NA	NA	NA	NA	NA	NA	-23	ZMO1603
TSS_3599	NA	NA	NA	NA	NA	NA	NA	NA	NA	ZMO1605
TSS_3600	NA	NA	NA	NA	NA	NA	NA	NA	-105	ZMO1606
TSS_3603	NA	NA	NA	NA	NA	NA	NA	NA	-604	ZMO1607
TSS_3604	NA	NA	NA	NA	NA	NA	NA	NA	NA	ZMO1608
TSS_3605	NA	NA	NA	NA	NA	NA	NA	NA	-47	ZMO1608
TSS_3606	NA	NA	NA	NA	NA	NA	NA	NA	NA	NA
TSS_3607	NA	NA	NA	NA	NA	NA	NA	NA	NA	NA
TSS_3608	NA	NA	NA	NA	NA	NA	NA	NA	NA	NA
TSS_3610	NA	NA	NA	NA	NA	NA	NA	NA	NA	NA
TSS_3611	NA	NA	NA	NA	NA	NA	NA	NA	NA	NA
TSS_3612	NA	NA	NA	NA	NA	NA	NA	NA	NA	NA
TSS_3613	NA	NA	NA	NA	NA	NA	NA	NA	NA	NA
TSS_3614	NA	NA	NA	NA	NA	NA	NA	NA	-128	ZMO1609
TSS_3616	NA	NA	NA	NA	NA	NA	NA	NA	NA	NA
TSS_3617	NA	NA	NA	NA	NA	NA	NA	NA	-70	ZMO1609
TSS_3619	NA	NA	NA	NA	NA	NA	NA	NA	-164	ZMO1608
TSS_3623	NA	NA	NA	NA	NA	NA	NA	NA	NA	NA
TSS_3624	NA	NA	NA	NA	NA	NA	NA	NA	-319	ZMO1608
TSS_3625	NA	NA	NA	NA	NA	NA	NA	NA	-320	ZMO1608
TSS_3626	NA	NA	NA	NA	NA	NA	NA	NA	-321	ZMO1608
TSS_3628	NA	NA	NA	NA	NA	NA	NA	NA	-34	ZMO1610
TSS_3630	NA	NA	NA	NA	NA	NA	NA	NA	-213	ZMO1612
TSS_3631	NA	NA	NA	NA	NA	NA	NA	NA	NA	ZMO1614
TSS_3632	NA	NA	NA	NA	NA	NA	NA	NA	NA	ZMO1614
TSS_3634	NA	NA	NA	NA	NA	NA	NA	NA	NA	NA
TSS_3635	NA	NA	NA	NA	NA	NA	NA	NA	NA	NA
TSS_3637	NA	NA	NA	NA	NA	NA	NA	NA	NA	NA
TSS_3638	NA	NA	NA	NA	NA	NA	NA	NA	-240	ZMO1615
TSS_3639	NA	NA	NA	NA	NA	NA	NA	NA	-316	ZMO1615
TSS_3644	NA	NA	NA	NA	NA	NA	NA	NA	NA	NA
TSS_3645	NA	NA	NA	NA	NA	NA	NA	NA	-27	ZMO1619
TSS_3646	NA	NA	NA	NA	NA	NA	NA	NA	NA	ZMO1619
TSS_3647	NA	NA	NA	NA	NA	NA	NA	NA	NA	ZMO1619
TSS_3648	NA	NA	NA	NA	NA	NA	NA	NA	NA	NA
TSS_3649	NA	NA	NA	NA	NA	NA	NA	NA	-241	ZMO1622
TSS_3650	NA	NA	NA	NA	NA	NA	NA	NA	-233	ZMO1622
TSS_3652	NA	NA	NA	NA	NA	NA	NA	NA	NA	NA
TSS_3654	NA	NA	NA	NA	NA	NA	NA	NA	-178	ZMO1623
TSS_3655	NA	NA	NA	NA	NA	NA	NA	NA	-175	ZMO1623
TSS_3656	NA	NA	NA	NA	NA	NA	NA	NA	-116	ZMO1623
TSS_3657	NA	NA	NA	NA	NA	NA	NA	NA	-114	ZMO1623
TSS_3658	NA	NA	NA	NA	NA	NA	NA	NA	-81	ZMO1623
TSS_3659	NA	NA	NA	NA	NA	NA	NA	NA	NA	ZMO1623
TSS_3660	NA	NA	NA	NA	NA	NA	NA	NA	NA	ZMO1623
TSS_3662	NA	NA	NA	NA	NA	NA	NA	NA	NA	Zms15
TSS_3663	NA	NA	NA	NA	NA	NA	NA	NA	NA	NA
TSS_3665	NA	NA	NA	NA	NA	NA	NA	NA	-55	ZMO1625
TSS_3666	NA	NA	NA	NA	NA	NA	NA	NA	-146	ZMO1627
TSS_3667	NA	NA	NA	NA	NA	NA	NA	NA	-38	ZMO1631
TSS_3669	NA	NA	NA	NA	NA	NA	NA	NA	NA	ZMO1634
TSS_3670	NA	NA	NA	NA	NA	NA	NA	NA	-174	ZMO1634
TSS_3671	NA	NA	NA	NA	NA	NA	NA	NA	-178	ZMO1634
TSS_3672	NA	NA	NA	NA	NA	NA	NA	NA	-225	ZMO1634
TSS_3674	NA	NA	NA	NA	NA	NA	NA	NA	NA	NA
TSS_3675	NA	NA	NA	NA	NA	NA	NA	NA	-117	ZMO1636
TSS_3677	NA	NA	NA	NA	NA	NA	NA	NA	-121	ZMO1636
TSS_3678	NA	NA	NA	NA	NA	NA	NA	NA	-122	ZMO1636
TSS_3679	NA	NA	NA	NA	NA	NA	NA	NA	-195	ZMO1638
TSS_3681	NA	NA	NA	NA	NA	NA	NA	NA	-81	ZMO1638
TSS_3682	NA	NA	NA	NA	NA	NA	NA	NA	-59	ZMO1638
TSS_3683	NA	NA	NA	NA	NA	NA	NA	NA	-57	ZMO1638
TSS_3684	NA	NA	NA	NA	NA	NA	NA	NA	NA	NA
TSS_3685	NA	NA	NA	NA	NA	NA	NA	NA	-28	ZMO1638
TSS_3686	NA	NA	NA	NA	NA	NA	NA	NA	-429	ZMO1640
TSS_3687	NA	NA	NA	NA	NA	NA	NA	NA	NA	NA
TSS_3688	NA	NA	NA	NA	NA	NA	NA	NA	-73	ZMO1641
TSS_3689	NA	NA	NA	NA	NA	NA	NA	NA	-34	ZMO1641
TSS_3691	NA	NA	NA	NA	NA	NA	NA	NA	-31	ZMO1641
TSS_3695	NA	NA	NA	NA	NA	NA	NA	NA	-76	ZMO1642
TSS_3696	NA	NA	NA	NA	NA	NA	NA	NA	-53	ZMO1643
TSS_3700	NA	NA	NA	NA	NA	NA	NA	NA	-31	ZMO1646
TSS_3701	NA	NA	NA	NA	NA	NA	NA	NA	NA	NA
TSS_3702	NA	NA	NA	NA	NA	NA	NA	NA	NA	ZMOt040
TSS_3703	NA	NA	NA	NA	NA	NA	NA	NA	-79	ZMOt040
TSS_3705	NA	NA	NA	NA	NA	NA	NA	NA	-275	ZMO1647
TSS_3706	NA	NA	NA	NA	NA	NA	NA	NA	NA	NA
TSS_3708	NA	NA	NA	NA	NA	NA	NA	NA	-18	ZMO1649
TSS_3709	NA	NA	NA	NA	NA	NA	NA	NA	NA	NA
TSS_3710	NA	NA	NA	NA	NA	NA	NA	NA	NA	ZMO1649
TSS_3711	NA	NA	NA	NA	NA	NA	NA	NA	NA	ZMO1649
TSS_3712	NA	NA	NA	NA	NA	NA	NA	NA	-645	ZMO1650
TSS_3713	NA	NA	NA	NA	NA	NA	NA	NA	-541	ZMO1650
TSS_3714	NA	NA	NA	NA	NA	NA	NA	NA	-512	ZMO1650
TSS_3721	NA	NA	NA	NA	NA	NA	NA	NA	-634	ZMO1652
TSS_3722	NA	NA	NA	NA	NA	NA	NA	NA	-635	ZMO1652
TSS_3723	NA	NA	NA	NA	NA	NA	NA	NA	-420	ZMO1654
TSS_3724	NA	NA	NA	NA	NA	NA	NA	NA	-386	ZMO1654
TSS_3725	NA	NA	NA	NA	NA	NA	NA	NA	-384	ZMO1654
TSS_3726	NA	NA	NA	NA	NA	NA	NA	NA	-382	ZMO1654
TSS_3727	NA	NA	NA	NA	NA	NA	NA	NA	-45	ZMO1653
TSS_3728	NA	NA	NA	NA	NA	NA	NA	NA	NA	NA
TSS_3730	NA	NA	NA	NA	NA	NA	NA	NA	NA	NA
TSS_3731	NA	NA	NA	NA	NA	NA	NA	NA	-59	ZMO1653
TSS_3732	NA	NA	NA	NA	NA	NA	NA	NA	-483	ZMO1655
TSS_3734	NA	NA	NA	NA	NA	NA	NA	NA	-69	ZMO1656
TSS_3736	NA	NA	NA	NA	NA	NA	NA	NA	NA	NA
TSS_3739	NA	NA	NA	NA	NA	NA	NA	NA	-137	ZMO1658
TSS_3740	NA	NA	NA	NA	NA	NA	NA	NA	-519	ZMO1659
TSS_3743	NA	NA	NA	NA	NA	NA	NA	NA	-3	ZMO1660
TSS_3744	NA	NA	NA	NA	NA	NA	NA	NA	-202	ZMO1661
TSS_3745	NA	NA	NA	NA	NA	NA	NA	NA	-195	ZMO1662
TSS_3749	NA	NA	NA	NA	NA	NA	NA	NA	NA	NA
TSS_3750	NA	NA	NA	NA	NA	NA	NA	NA	-218	ZMO1668
TSS_3751	NA	NA	NA	NA	NA	NA	NA	NA	-122	ZMO1668
TSS_3752	NA	NA	NA	NA	NA	NA	NA	NA	-52	ZMO1668
TSS_3753	NA	NA	NA	NA	NA	NA	NA	NA	-60	ZMO1671
TSS_3754	NA	NA	NA	NA	NA	NA	NA	NA	NA	NA
TSS_3755	NA	NA	NA	NA	NA	NA	NA	NA	-393	ZMO1672
TSS_3756	NA	NA	NA	NA	NA	NA	NA	NA	NA	ZMO1672
TSS_3758	NA	NA	NA	NA	NA	NA	NA	NA	-111	ZMO1673
TSS_3761	NA	NA	NA	NA	NA	NA	NA	NA	NA	NA
TSS_3762	NA	NA	NA	NA	NA	NA	NA	NA	-67	ZMO1677
TSS_3763	NA	NA	NA	NA	NA	NA	NA	NA	NA	ZMO1676
TSS_3766	NA	NA	NA	NA	NA	NA	NA	NA	NA	NA
TSS_3767	NA	NA	NA	NA	NA	NA	NA	NA	-48	ZMO1681
TSS_3768	NA	NA	NA	NA	NA	NA	NA	NA	-158	ZMO1683
TSS_3770	NA	NA	NA	NA	NA	NA	NA	NA	NA	NA
TSS_3773	NA	NA	NA	NA	NA	NA	NA	NA	NA	ZMO1687
TSS_3775	NA	NA	NA	NA	NA	NA	NA	NA	NA	NA
TSS_3777	NA	NA	NA	NA	NA	NA	NA	NA	NA	NA
TSS_3778	NA	NA	NA	NA	NA	NA	NA	NA	-88	ZMO1690
TSS_3779	NA	NA	NA	NA	NA	NA	NA	NA	-47	ZMO1690
TSS_3780	NA	NA	NA	NA	NA	NA	NA	NA	-36	ZMO1690
TSS_3782	NA	NA	NA	NA	NA	NA	NA	NA	-159	ZMO1692
TSS_3783	NA	NA	NA	NA	NA	NA	NA	NA	-144	ZMO1692
TSS_3784	NA	NA	NA	NA	NA	NA	NA	NA	-27	ZMO1692
TSS_3785	NA	NA	NA	NA	NA	NA	NA	NA	NA	ZMO1694
TSS_3786	NA	NA	NA	NA	NA	NA	NA	NA	NA	ZMO1694
TSS_3787	NA	NA	NA	NA	NA	NA	NA	NA	-96	ZMO1694
TSS_3789	NA	NA	NA	NA	NA	NA	NA	NA	-151	ZMO1694
TSS_3790	NA	NA	NA	NA	NA	NA	NA	NA	-166	ZMO1694
TSS_3791	NA	NA	NA	NA	NA	NA	NA	NA	-207	ZMO1694
TSS_3792	NA	NA	NA	NA	NA	NA	NA	NA	-225	ZMO1694
TSS_3793	NA	NA	NA	NA	NA	NA	NA	NA	-229	ZMO1694
TSS_3794	NA	NA	NA	NA	NA	NA	NA	NA	-230	ZMO1694
TSS_3796	NA	NA	NA	NA	NA	NA	NA	NA	-247	ZMO1694
TSS_3797	NA	NA	NA	NA	NA	NA	NA	NA	-249	ZMO1694
TSS_3798	NA	NA	NA	NA	NA	NA	NA	NA	-254	ZMO1694
TSS_3799	NA	NA	NA	NA	NA	NA	NA	NA	-429	ZMO1694
TSS_3800	NA	NA	NA	NA	NA	NA	NA	NA	NA	ZMO1695
TSS_3802	NA	NA	NA	NA	NA	NA	NA	NA	-337	ZMO1695
TSS_3803	NA	NA	NA	NA	NA	NA	NA	NA	-347	ZMO1695
TSS_3806	NA	NA	NA	NA	NA	NA	NA	NA	-276	ZMO1699
TSS_3808	NA	NA	NA	NA	NA	NA	NA	NA	-161	ZMO1700
TSS_3809	NA	NA	NA	NA	NA	NA	NA	NA	-54	ZMO1701
TSS_3813	NA	NA	NA	NA	NA	NA	NA	NA	NA	NA
TSS_3815	NA	NA	NA	NA	NA	NA	NA	NA	-90	ZMO1703
TSS_3821	NA	NA	NA	NA	NA	NA	NA	NA	NA	NA
TSS_3822	NA	NA	NA	NA	NA	NA	NA	NA	-32	ZMO1705
TSS_3823	NA	NA	NA	NA	NA	NA	NA	NA	NA	NA
TSS_3824	NA	NA	NA	NA	NA	NA	NA	NA	-74	ZMO1707
TSS_3825	NA	NA	NA	NA	NA	NA	NA	NA	-67	ZMO1707
TSS_3826	NA	NA	NA	NA	NA	NA	NA	NA	-58	ZMO1707
TSS_3828	NA	NA	NA	NA	NA	NA	NA	NA	-166	ZMO1710
TSS_3831	NA	NA	NA	NA	NA	NA	NA	NA	-298	ZMO1711
TSS_3832	NA	NA	NA	NA	NA	NA	NA	NA	-1	ZMO1713
TSS_3834	NA	NA	NA	NA	NA	NA	NA	NA	NA	NA
TSS_3835	NA	NA	NA	NA	NA	NA	NA	NA	-106	ZMO1713
TSS_3836	NA	NA	NA	NA	NA	NA	NA	NA	NA	NA
TSS_3837	NA	NA	NA	NA	NA	NA	NA	NA	-108	ZMO1713
TSS_3838	NA	NA	NA	NA	NA	NA	NA	NA	-122	ZMO1713
TSS_3840	NA	NA	NA	NA	NA	NA	NA	NA	NA	ZMO2025
TSS_3841	NA	NA	NA	NA	NA	NA	NA	NA	-463	ZMO1713
TSS_3842	NA	NA	NA	NA	NA	NA	NA	NA	-466	ZMO1713
TSS_3844	NA	NA	NA	NA	NA	NA	NA	NA	-220	ZMO2025
TSS_3845	NA	NA	NA	NA	NA	NA	NA	NA	-191	ZMO1715
TSS_3846	NA	NA	NA	NA	NA	NA	NA	NA	NA	ZMO1716
TSS_3847	NA	NA	NA	NA	NA	NA	NA	NA	NA	ZMO1716
TSS_3850	NA	NA	NA	NA	NA	NA	NA	NA	-80	ZMO1716
TSS_3852	NA	NA	NA	NA	NA	NA	NA	NA	-201	ZMO1716
TSS_3853	NA	NA	NA	NA	NA	NA	NA	NA	-260	ZMO1716
TSS_3854	NA	NA	NA	NA	NA	NA	NA	NA	NA	ZMO1717
TSS_3855	NA	NA	NA	NA	NA	NA	NA	NA	NA	ZMO1717
TSS_3856	NA	NA	NA	NA	NA	NA	NA	NA	NA	ZMO1717
TSS_3857	NA	NA	NA	NA	NA	NA	NA	NA	-164	ZMO1717
TSS_3858	NA	NA	NA	NA	NA	NA	NA	NA	-166	ZMO1717
TSS_3860	NA	NA	NA	NA	NA	NA	NA	NA	NA	NA
TSS_3861	NA	NA	NA	NA	NA	NA	NA	NA	-199	ZMO1717
TSS_3862	NA	NA	NA	NA	NA	NA	NA	NA	-212	ZMO1717
TSS_3863	NA	NA	NA	NA	NA	NA	NA	NA	-213	ZMO1717
TSS_3865	NA	NA	NA	NA	NA	NA	NA	NA	NA	ZMO1718
TSS_3866	NA	NA	NA	NA	NA	NA	NA	NA	-149	ZMO1719
TSS_3867	NA	NA	NA	NA	NA	NA	NA	NA	NA	NA
TSS_3868	NA	NA	NA	NA	NA	NA	NA	NA	NA	NA
TSS_3870	NA	NA	NA	NA	NA	NA	NA	NA	-145	ZMO1719
TSS_3871	NA	NA	NA	NA	NA	NA	NA	NA	-142	ZMO1719
TSS_3872	NA	NA	NA	NA	NA	NA	NA	NA	-139	ZMO1719
TSS_3873	NA	NA	NA	NA	NA	NA	NA	NA	-138	ZMO1719
TSS_3875	NA	NA	NA	NA	NA	NA	NA	NA	NA	ZMO1719
TSS_3878	NA	NA	NA	NA	NA	NA	NA	NA	NA	NA
TSS_3880	NA	NA	NA	NA	NA	NA	NA	NA	NA	NA
TSS_3881	NA	NA	NA	NA	NA	NA	NA	NA	NA	NA
TSS_3882	NA	NA	NA	NA	NA	NA	NA	NA	-114	ZMO1721
TSS_3883	NA	NA	NA	NA	NA	NA	NA	NA	NA	NA
TSS_3885	NA	NA	NA	NA	NA	NA	NA	NA	-216	ZMO1723
TSS_3887	NA	NA	NA	NA	NA	NA	NA	NA	-98	ZMO1725
TSS_3888	NA	NA	NA	NA	NA	NA	NA	NA	-108	ZMO1725
TSS_3889	NA	NA	NA	NA	NA	NA	NA	NA	-111	ZMO1725
TSS_3890	NA	NA	NA	NA	NA	NA	NA	NA	-569	ZMO1725
TSS_3891	NA	NA	NA	NA	NA	NA	NA	NA	-28	ZMO1728
TSS_3894	NA	NA	NA	NA	NA	NA	NA	NA	NA	NA
TSS_3899	NA	NA	NA	NA	NA	NA	NA	NA	NA	NA
TSS_3901	NA	NA	NA	NA	NA	NA	NA	NA	NA	ZMO1733
TSS_3903	NA	NA	NA	NA	NA	NA	NA	NA	NA	ZMO1733
TSS_3904	NA	NA	NA	NA	NA	NA	NA	NA	NA	ZMO1733
TSS_3906	NA	NA	NA	NA	NA	NA	NA	NA	NA	ZMO1733
TSS_3907	NA	NA	NA	NA	NA	NA	NA	NA	-123	ZMO1734
TSS_3910	NA	NA	NA	NA	NA	NA	NA	NA	-68	ZMO1738
TSS_3912	NA	NA	NA	NA	NA	NA	NA	NA	-226	ZMO1738
TSS_3914	NA	NA	NA	NA	NA	NA	NA	NA	-125	ZMO1740
TSS_3915	NA	NA	NA	NA	NA	NA	NA	NA	-30	ZMO1741
TSS_3917	NA	NA	NA	NA	NA	NA	NA	NA	NA	ZMO1743
TSS_3924	NA	NA	NA	NA	NA	NA	NA	NA	-204	ZMO1746
TSS_3927	NA	NA	NA	NA	NA	NA	NA	NA	-3	ZMO1749
TSS_3928	NA	NA	NA	NA	NA	NA	NA	NA	0	ZMO1749
TSS_3929	NA	NA	NA	NA	NA	NA	NA	NA	NA	ZMO1749
TSS_3930	NA	NA	NA	NA	NA	NA	NA	NA	NA	ZMO1749
TSS_3931	NA	NA	NA	NA	NA	NA	NA	NA	-183	ZMO1751
TSS_3932	NA	NA	NA	NA	NA	NA	NA	NA	-177	ZMO1751
TSS_3933	NA	NA	NA	NA	NA	NA	NA	NA	-175	ZMO1751
TSS_3934	NA	NA	NA	NA	NA	NA	NA	NA	NA	NA
TSS_3935	NA	NA	NA	NA	NA	NA	NA	NA	NA	NA
TSS_3936	NA	NA	NA	NA	NA	NA	NA	NA	NA	NA
TSS_3938	NA	NA	NA	NA	NA	NA	NA	NA	NA	NA
TSS_3939	NA	NA	NA	NA	NA	NA	NA	NA	-165	ZMO1751
TSS_3940	NA	NA	NA	NA	NA	NA	NA	NA	-139	ZMO1751
TSS_3941	NA	NA	NA	NA	NA	NA	NA	NA	-138	ZMO1751
TSS_3943	NA	NA	NA	NA	NA	NA	NA	NA	NA	NA
TSS_3944	NA	NA	NA	NA	NA	NA	NA	NA	NA	NA
TSS_3945	NA	NA	NA	NA	NA	NA	NA	NA	NA	NA
TSS_3946	NA	NA	NA	NA	NA	NA	NA	NA	NA	NA
TSS_3947	NA	NA	NA	NA	NA	NA	NA	NA	NA	NA
TSS_3949	NA	NA	NA	NA	NA	NA	NA	NA	NA	NA
TSS_3950	NA	NA	NA	NA	NA	NA	NA	NA	-92	ZMO1751
TSS_3951	NA	NA	NA	NA	NA	NA	NA	NA	NA	NA
TSS_3952	NA	NA	NA	NA	NA	NA	NA	NA	-90	ZMO1751
TSS_3954	NA	NA	NA	NA	NA	NA	NA	NA	-338	ZMO1752
TSS_3955	NA	NA	NA	NA	NA	NA	NA	NA	-303	ZMO1752
TSS_3957	NA	NA	NA	NA	NA	NA	NA	NA	-211	ZMO1753
TSS_3958	NA	NA	NA	NA	NA	NA	NA	NA	NA	NA
TSS_3961	NA	NA	NA	NA	NA	NA	NA	NA	-74	ZMO1753
TSS_3962	NA	NA	NA	NA	NA	NA	NA	NA	NA	ZMO1753
TSS_3963	NA	NA	NA	NA	NA	NA	NA	NA	NA	ZMO1754
TSS_3964	NA	NA	NA	NA	NA	NA	NA	NA	-236	ZMO1754
TSS_3965	NA	NA	NA	NA	NA	NA	NA	NA	-240	ZMO1754
TSS_3966	NA	NA	NA	NA	NA	NA	NA	NA	-65	ZMO1756
TSS_3967	NA	NA	NA	NA	NA	NA	NA	NA	-161	ZMO1757
TSS_3968	NA	NA	NA	NA	NA	NA	NA	NA	-42	ZMO1757
TSS_3970	NA	NA	NA	NA	NA	NA	NA	NA	NA	ZMO1757
TSS_3971	NA	NA	NA	NA	NA	NA	NA	NA	NA	ZMO1758
TSS_3974	NA	NA	NA	NA	NA	NA	NA	NA	NA	NA
TSS_3978	NA	NA	NA	NA	NA	NA	NA	NA	-285	ZMO1760
TSS_3983	NA	NA	NA	NA	NA	NA	NA	NA	NA	NA
TSS_3984	NA	NA	NA	NA	NA	NA	NA	NA	-68	ZMO1767
TSS_3985	NA	NA	NA	NA	NA	NA	NA	NA	-69	ZMO1767
TSS_3990	NA	NA	NA	NA	NA	NA	NA	NA	-47	ZMO1771
TSS_3991	NA	NA	NA	NA	NA	NA	NA	NA	-91	ZMO1771
TSS_3993	NA	NA	NA	NA	NA	NA	NA	NA	-27	ZMO1773
TSS_3994	NA	NA	NA	NA	NA	NA	NA	NA	NA	NA
TSS_3996	NA	NA	NA	NA	NA	NA	NA	NA	-266	ZMO1773
TSS_3997	NA	NA	NA	NA	NA	NA	NA	NA	NA	ZMOt041
TSS_3999	NA	NA	NA	NA	NA	NA	NA	NA	-180	ZMO1776
TSS_4000	NA	NA	NA	NA	NA	NA	NA	NA	NA	ZMO1776
TSS_4002	NA	NA	NA	NA	NA	NA	NA	NA	NA	ZMO1776
TSS_4004	NA	NA	NA	NA	NA	NA	NA	NA	-228	ZMO1778
TSS_4005	NA	NA	NA	NA	NA	NA	NA	NA	-268	ZMO1778
TSS_4006	NA	NA	NA	NA	NA	NA	NA	NA	-69	ZMO1779
TSS_4007	NA	NA	NA	NA	NA	NA	NA	NA	-181	ZMO1779
TSS_4008	NA	NA	NA	NA	NA	NA	NA	NA	-209	ZMO1779
TSS_4009	NA	NA	NA	NA	NA	NA	NA	NA	-298	ZMO1779
TSS_4011	NA	NA	NA	NA	NA	NA	NA	NA	-326	ZMO1779
TSS_4012	NA	NA	NA	NA	NA	NA	NA	NA	-335	ZMO1779
TSS_4014	NA	NA	NA	NA	NA	NA	NA	NA	NA	NA
TSS_4015	NA	NA	NA	NA	NA	NA	NA	NA	NA	NA
TSS_4016	NA	NA	NA	NA	NA	NA	NA	NA	-40	ZMO1780
TSS_4017	NA	NA	NA	NA	NA	NA	NA	NA	-57	ZMO1780
TSS_4018	NA	NA	NA	NA	NA	NA	NA	NA	NA	NA
TSS_4019	NA	NA	NA	NA	NA	NA	NA	NA	NA	NA
TSS_4021	NA	NA	NA	NA	NA	NA	NA	NA	NA	NA
TSS_4022	NA	NA	NA	NA	NA	NA	NA	NA	NA	NA
TSS_4023	NA	NA	NA	NA	NA	NA	NA	NA	NA	NA
TSS_4024	NA	NA	NA	NA	NA	NA	NA	NA	-190	ZMO1780
TSS_4029	NA	NA	NA	NA	NA	NA	NA	NA	NA	NA
TSS_4030	NA	NA	NA	NA	NA	NA	NA	NA	NA	NA
TSS_4032	NA	NA	NA	NA	NA	NA	NA	NA	NA	ZMO1788
TSS_4034	NA	NA	NA	NA	NA	NA	NA	NA	-39	ZMO1788
TSS_4035	NA	NA	NA	NA	NA	NA	NA	NA	-146	ZMO1790
TSS_4037	NA	NA	NA	NA	NA	NA	NA	NA	-67	ZMO1790
TSS_4038	NA	NA	NA	NA	NA	NA	NA	NA	NA	NA
TSS_4039	NA	NA	NA	NA	NA	NA	NA	NA	NA	ZMOt042
TSS_4040	NA	NA	NA	NA	NA	NA	NA	NA	NA	NA
TSS_4041	NA	NA	NA	NA	NA	NA	NA	NA	NA	ZMOt042
TSS_4042	NA	NA	NA	NA	NA	NA	NA	NA	NA	NA
TSS_4043	NA	NA	NA	NA	NA	NA	NA	NA	NA	ZMOt042
TSS_4044	NA	NA	NA	NA	NA	NA	NA	NA	NA	ZMOt042
TSS_4045	NA	NA	NA	NA	NA	NA	NA	NA	NA	ZMOt042
TSS_4046	NA	NA	NA	NA	NA	NA	NA	NA	NA	ZMOt042
TSS_4047	NA	NA	NA	NA	NA	NA	NA	NA	NA	ZMOt042
TSS_4048	NA	NA	NA	NA	NA	NA	NA	NA	NA	ZMOt042
TSS_4049	NA	NA	NA	NA	NA	NA	NA	NA	NA	NA
TSS_4050	NA	NA	NA	NA	NA	NA	NA	NA	NA	NA
TSS_4051	NA	NA	NA	NA	NA	NA	NA	NA	NA	NA
TSS_4052	NA	NA	NA	NA	NA	NA	NA	NA	NA	NA
TSS_4053	NA	NA	NA	NA	NA	NA	NA	NA	NA	ZMOt042
TSS_4054	NA	NA	NA	NA	NA	NA	NA	NA	NA	NA
TSS_4055	NA	NA	NA	NA	NA	NA	NA	NA	NA	NA
TSS_4056	NA	NA	NA	NA	NA	NA	NA	NA	NA	NA
TSS_4057	NA	NA	NA	NA	NA	NA	NA	NA	NA	NA
TSS_4059	NA	NA	NA	NA	NA	NA	NA	NA	-26	ZMO1794
TSS_4063	NA	NA	NA	NA	NA	NA	NA	NA	-167	ZMO1794
TSS_4065	NA	NA	NA	NA	NA	NA	NA	NA	-69	ZMO1796
TSS_4066	NA	NA	NA	NA	NA	NA	NA	NA	-66	ZMO1796
TSS_4067	NA	NA	NA	NA	NA	NA	NA	NA	NA	NA
TSS_4068	NA	NA	NA	NA	NA	NA	NA	NA	NA	NA
TSS_4070	NA	NA	NA	NA	NA	NA	NA	NA	NA	NA
TSS_4071	NA	NA	NA	NA	NA	NA	NA	NA	NA	NA
TSS_4073	NA	NA	NA	NA	NA	NA	NA	NA	NA	ZMO1798
TSS_4074	NA	NA	NA	NA	NA	NA	NA	NA	NA	ZMO1798
TSS_4076	NA	NA	NA	NA	NA	NA	NA	NA	-38	ZMO1800
TSS_4079	NA	NA	NA	NA	NA	NA	NA	NA	-80	ZMO1801
TSS_4081	NA	NA	NA	NA	NA	NA	NA	NA	NA	NA
TSS_4083	NA	NA	NA	NA	NA	NA	NA	NA	-3	ZMO2027
TSS_4084	NA	NA	NA	NA	NA	NA	NA	NA	-415	ZMO1804
TSS_4088	NA	NA	NA	NA	NA	NA	NA	NA	NA	ZMO1814
TSS_4090	NA	NA	NA	NA	NA	NA	NA	NA	-133	ZMO1814
TSS_4092	NA	NA	NA	NA	NA	NA	NA	NA	-93	ZMO1815
TSS_4093	NA	NA	NA	NA	NA	NA	NA	NA	-94	ZMO1815
TSS_4096	NA	NA	NA	NA	NA	NA	NA	NA	-285	ZMO1818
TSS_4099	NA	NA	NA	NA	NA	NA	NA	NA	-126	ZMO1818
TSS_4106	NA	NA	NA	NA	NA	NA	NA	NA	-115	ZMO1827
TSS_4111	NA	NA	NA	NA	NA	NA	NA	NA	NA	NA
TSS_4112	NA	NA	NA	NA	NA	NA	NA	NA	-33	ZMO1838
TSS_4115	NA	NA	NA	NA	NA	NA	NA	NA	-28	ZMO1840
TSS_4116	NA	NA	NA	NA	NA	NA	NA	NA	-365	ZMO1841
TSS_4117	NA	NA	NA	NA	NA	NA	NA	NA	NA	ZMO1842
TSS_4120	NA	NA	NA	NA	NA	NA	NA	NA	-76	ZMO1842
TSS_4122	NA	NA	NA	NA	NA	NA	NA	NA	-87	ZMO1842
TSS_4123	NA	NA	NA	NA	NA	NA	NA	NA	NA	ZMO1844
TSS_4124	NA	NA	NA	NA	NA	NA	NA	NA	NA	NA
TSS_4126	NA	NA	NA	NA	NA	NA	NA	NA	-152	ZMO1844
TSS_4128	NA	NA	NA	NA	NA	NA	NA	NA	-31	ZMO1845
TSS_4131	NA	NA	NA	NA	NA	NA	NA	NA	NA	ZMO1848
TSS_4132	NA	NA	NA	NA	NA	NA	NA	NA	-77	ZMO1848
TSS_4134	NA	NA	NA	NA	NA	NA	NA	NA	NA	NA
TSS_4137	NA	NA	NA	NA	NA	NA	NA	NA	NA	NA
TSS_4139	NA	NA	NA	NA	NA	NA	NA	NA	-536	ZMO1850
TSS_4140	NA	NA	NA	NA	NA	NA	NA	NA	NA	NA
TSS_4142	NA	NA	NA	NA	NA	NA	NA	NA	NA	ZMO1859
TSS_4144	NA	NA	NA	NA	NA	NA	NA	NA	-49	ZMO1860
TSS_4146	NA	NA	NA	NA	NA	NA	NA	NA	NA	ZMO1861
TSS_4150	NA	NA	NA	NA	NA	NA	NA	NA	NA	ZMOr009
TSS_4151	NA	NA	NA	NA	NA	NA	NA	NA	NA	ZMOr009
TSS_4152	NA	NA	NA	NA	NA	NA	NA	NA	NA	NA
TSS_4153	NA	NA	NA	NA	NA	NA	NA	NA	NA	ZMOr009
TSS_4154	NA	NA	NA	NA	NA	NA	NA	NA	NA	ZMOr009
TSS_4156	NA	NA	NA	NA	NA	NA	NA	NA	NA	ZMO1867
TSS_4157	NA	NA	NA	NA	NA	NA	NA	NA	NA	ZMO1867
TSS_4161	NA	NA	NA	NA	NA	NA	NA	NA	-353	ZMO1867
TSS_4162	NA	NA	NA	NA	NA	NA	NA	NA	NA	NA
TSS_4163	NA	NA	NA	NA	NA	NA	NA	NA	-493	ZMO1867
TSS_4164	NA	NA	NA	NA	NA	NA	NA	NA	-494	ZMO1867
TSS_4165	NA	NA	NA	NA	NA	NA	NA	NA	NA	ZMO1868
TSS_4170	NA	NA	NA	NA	NA	NA	NA	NA	-112	ZMO1871
TSS_4173	NA	NA	NA	NA	NA	NA	NA	NA	NA	NA
TSS_4176	NA	NA	NA	NA	NA	NA	NA	NA	-193	ZMO1874
TSS_4178	NA	NA	NA	NA	NA	NA	NA	NA	-20	ZMO1875
TSS_4179	NA	NA	NA	NA	NA	NA	NA	NA	NA	NA
TSS_4181	NA	NA	NA	NA	NA	NA	NA	NA	NA	NA
TSS_4183	NA	NA	NA	NA	NA	NA	NA	NA	NA	NA
TSS_4185	NA	NA	NA	NA	NA	NA	NA	NA	-79	ZMO1876
TSS_4186	NA	NA	NA	NA	NA	NA	NA	NA	-9	ZMO1876
TSS_4187	NA	NA	NA	NA	NA	NA	NA	NA	NA	ZMO1877
TSS_4188	NA	NA	NA	NA	NA	NA	NA	NA	-382	ZMO1878
TSS_4189	NA	NA	NA	NA	NA	NA	NA	NA	-35	ZMO1877
TSS_4190	NA	NA	NA	NA	NA	NA	NA	NA	-37	ZMO1877
TSS_4197	NA	NA	NA	NA	NA	NA	NA	NA	0	ZMO1879
TSS_4198	NA	NA	NA	NA	NA	NA	NA	NA	NA	NA
TSS_4199	NA	NA	NA	NA	NA	NA	NA	NA	NA	ZMOt049
TSS_4201	NA	NA	NA	NA	NA	NA	NA	NA	NA	NA
TSS_4202	NA	NA	NA	NA	NA	NA	NA	NA	NA	ZMOt049
TSS_4203	NA	NA	NA	NA	NA	NA	NA	NA	-425	ZMO1882
TSS_4204	NA	NA	NA	NA	NA	NA	NA	NA	-422	ZMO1882
TSS_4205	NA	NA	NA	NA	NA	NA	NA	NA	-417	ZMO1882
TSS_4206	NA	NA	NA	NA	NA	NA	NA	NA	-413	ZMO1882
TSS_4207	NA	NA	NA	NA	NA	NA	NA	NA	-409	ZMO1882
TSS_4208	NA	NA	NA	NA	NA	NA	NA	NA	-404	ZMO1882
TSS_4209	NA	NA	NA	NA	NA	NA	NA	NA	-402	ZMO1882
TSS_4210	NA	NA	NA	NA	NA	NA	NA	NA	NA	NA
TSS_4211	NA	NA	NA	NA	NA	NA	NA	NA	-399	ZMO1882
TSS_4212	NA	NA	NA	NA	NA	NA	NA	NA	-398	ZMO1882
TSS_4213	NA	NA	NA	NA	NA	NA	NA	NA	-397	ZMO1882
TSS_4214	NA	NA	NA	NA	NA	NA	NA	NA	-396	ZMO1882
TSS_4215	NA	NA	NA	NA	NA	NA	NA	NA	NA	NA
TSS_4216	NA	NA	NA	NA	NA	NA	NA	NA	-394	ZMO1882
TSS_4217	NA	NA	NA	NA	NA	NA	NA	NA	-387	ZMO1882
TSS_4220	NA	NA	NA	NA	NA	NA	NA	NA	NA	NA
TSS_4221	NA	NA	NA	NA	NA	NA	NA	NA	-329	ZMO1887
TSS_4222	NA	NA	NA	NA	NA	NA	NA	NA	-332	ZMO1887
TSS_4223	NA	NA	NA	NA	NA	NA	NA	NA	-334	ZMO1887
TSS_4224	NA	NA	NA	NA	NA	NA	NA	NA	-335	ZMO1887
TSS_4225	NA	NA	NA	NA	NA	NA	NA	NA	NA	NA
TSS_4226	NA	NA	NA	NA	NA	NA	NA	NA	NA	NA
TSS_4227	NA	NA	NA	NA	NA	NA	NA	NA	NA	ZMOt050
TSS_4231	NA	NA	NA	NA	NA	NA	NA	NA	NA	ZMO1890
TSS_4232	NA	NA	NA	NA	NA	NA	NA	NA	NA	ZMO1891
TSS_4236	NA	NA	NA	NA	NA	NA	NA	NA	-64	ZMO1892
TSS_4237	NA	NA	NA	NA	NA	NA	NA	NA	-70	ZMO1895
TSS_4238	NA	NA	NA	NA	NA	NA	NA	NA	-32	ZMO1895
TSS_4240	NA	NA	NA	NA	NA	NA	NA	NA	NA	NA
TSS_4241	NA	NA	NA	NA	NA	NA	NA	NA	NA	ZMO1896
TSS_4242	NA	NA	NA	NA	NA	NA	NA	NA	NA	ZMO1896
TSS_4244	NA	NA	NA	NA	NA	NA	NA	NA	NA	ZMO1896
TSS_4245	NA	NA	NA	NA	NA	NA	NA	NA	NA	ZMO1896
TSS_4248	NA	NA	NA	NA	NA	NA	NA	NA	NA	ZMO1900
TSS_4249	NA	NA	NA	NA	NA	NA	NA	NA	-115	ZMO2031
TSS_4250	NA	NA	NA	NA	NA	NA	NA	NA	NA	NA
TSS_4252	NA	NA	NA	NA	NA	NA	NA	NA	NA	NA
TSS_4253	NA	NA	NA	NA	NA	NA	NA	NA	-99	ZMO1901
TSS_4254	NA	NA	NA	NA	NA	NA	NA	NA	-112	ZMO1901
TSS_4256	NA	NA	NA	NA	NA	NA	NA	NA	-489	ZMO1901
TSS_4258	NA	NA	NA	NA	NA	NA	NA	NA	NA	NA
TSS_4260	NA	NA	NA	NA	NA	NA	NA	NA	NA	ZMO1902
TSS_4266	NA	NA	NA	NA	NA	NA	NA	NA	-135	ZMO1905
TSS_4269	NA	NA	NA	NA	NA	NA	NA	NA	-104	ZMO1906
TSS_4270	NA	NA	NA	NA	NA	NA	NA	NA	NA	ZMO1907
TSS_4273	NA	NA	NA	NA	NA	NA	NA	NA	NA	ZMO1907
TSS_4274	NA	NA	NA	NA	NA	NA	NA	NA	NA	ZMO1907
TSS_4275	NA	NA	NA	NA	NA	NA	NA	NA	NA	ZMO1907
TSS_4276	NA	NA	NA	NA	NA	NA	NA	NA	-394	ZMO1907
TSS_4277	NA	NA	NA	NA	NA	NA	NA	NA	-427	ZMO1907
TSS_4282	NA	NA	NA	NA	NA	NA	NA	NA	NA	NA
TSS_4283	NA	NA	NA	NA	NA	NA	NA	NA	NA	NA
TSS_4284	NA	NA	NA	NA	NA	NA	NA	NA	NA	NA
TSS_4285	NA	NA	NA	NA	NA	NA	NA	NA	NA	NA
TSS_4287	NA	NA	NA	NA	NA	NA	NA	NA	NA	NA
TSS_4288	NA	NA	NA	NA	NA	NA	NA	NA	-58	ZMO1910
TSS_4289	NA	NA	NA	NA	NA	NA	NA	NA	NA	NA
TSS_4290	NA	NA	NA	NA	NA	NA	NA	NA	-56	ZMO1910
TSS_4295	NA	NA	NA	NA	NA	NA	NA	NA	-432	ZMO1913
TSS_4296	NA	NA	NA	NA	NA	NA	NA	NA	NA	NA
TSS_4297	NA	NA	NA	NA	NA	NA	NA	NA	-30	ZMO1913
TSS_4298	NA	NA	NA	NA	NA	NA	NA	NA	-29	ZMO1913
TSS_4299	NA	NA	NA	NA	NA	NA	NA	NA	NA	ZMO1913
TSS_4311	NA	NA	NA	NA	NA	NA	NA	NA	-88	ZMO1920
TSS_4312	NA	NA	NA	NA	NA	NA	NA	NA	-85	ZMO1920
TSS_4313	NA	NA	NA	NA	NA	NA	NA	NA	-83	ZMO1920
TSS_4314	NA	NA	NA	NA	NA	NA	NA	NA	-79	ZMO1920
TSS_4315	NA	NA	NA	NA	NA	NA	NA	NA	-77	ZMO1920
TSS_4316	NA	NA	NA	NA	NA	NA	NA	NA	NA	NA
TSS_4317	NA	NA	NA	NA	NA	NA	NA	NA	-73	ZMO1920
TSS_4318	NA	NA	NA	NA	NA	NA	NA	NA	-38	ZMO1920
TSS_4320	NA	NA	NA	NA	NA	NA	NA	NA	NA	ZMO1921
TSS_4321	NA	NA	NA	NA	NA	NA	NA	NA	NA	ZMO1922
TSS_4323	NA	NA	NA	NA	NA	NA	NA	NA	-144	ZMO1922
TSS_4324	NA	NA	NA	NA	NA	NA	NA	NA	-180	ZMO1923
TSS_4325	NA	NA	NA	NA	NA	NA	NA	NA	NA	ZMO1923
TSS_4328	NA	NA	NA	NA	NA	NA	NA	NA	-44	ZMO1924
TSS_4331	NA	NA	NA	NA	NA	NA	NA	NA	-435	ZMO1925
TSS_4332	NA	NA	NA	NA	NA	NA	NA	NA	-569	ZMO1925
TSS_4333	NA	NA	NA	NA	NA	NA	NA	NA	NA	ZMO1927
TSS_4334	NA	NA	NA	NA	NA	NA	NA	NA	NA	NA
TSS_4335	NA	NA	NA	NA	NA	NA	NA	NA	-34	ZMO1927
TSS_4336	NA	NA	NA	NA	NA	NA	NA	NA	NA	NA
TSS_4337	NA	NA	NA	NA	NA	NA	NA	NA	NA	NA
TSS_4338	NA	NA	NA	NA	NA	NA	NA	NA	-37	ZMO1927
TSS_4339	NA	NA	NA	NA	NA	NA	NA	NA	-39	ZMO1927
TSS_4340	NA	NA	NA	NA	NA	NA	NA	NA	-112	ZMO1927
TSS_4343	NA	NA	NA	NA	NA	NA	NA	NA	-186	ZMO1927
TSS_4344	NA	NA	NA	NA	NA	NA	NA	NA	NA	NA
TSS_4346	NA	NA	NA	NA	NA	NA	NA	NA	NA	NA
TSS_4347	NA	NA	NA	NA	NA	NA	NA	NA	NA	NA
TSS_4348	NA	NA	NA	NA	NA	NA	NA	NA	-460	ZMO1929
TSS_4350	NA	NA	NA	NA	NA	NA	NA	NA	-75	ZMO1929
TSS_4353	NA	NA	NA	NA	NA	NA	NA	NA	NA	NA
TSS_4355	NA	NA	NA	NA	NA	NA	NA	NA	NA	NA
TSS_4356	NA	NA	NA	NA	NA	NA	NA	NA	NA	ZMO1929
TSS_4357	NA	NA	NA	NA	NA	NA	NA	NA	NA	ZMO1929
TSS_4358	NA	NA	NA	NA	NA	NA	NA	NA	NA	ZMO1929
TSS_4359	NA	NA	NA	NA	NA	NA	NA	NA	NA	ZMO1929
TSS_4360	NA	NA	NA	NA	NA	NA	NA	NA	NA	ZMO1929
TSS_4361	NA	NA	NA	NA	NA	NA	NA	NA	NA	ZMO1929
TSS_4362	NA	NA	NA	NA	NA	NA	NA	NA	NA	ZMO1929
TSS_4365	NA	NA	NA	NA	NA	NA	NA	NA	NA	NA
TSS_4366	NA	NA	NA	NA	NA	NA	NA	NA	-89	ZMO1931
TSS_4370	NA	NA	NA	NA	NA	NA	NA	NA	NA	ZMO1933
TSS_4375	NA	NA	NA	NA	NA	NA	NA	NA	NA	ZMO1950
TSS_4376	NA	NA	NA	NA	NA	NA	NA	NA	NA	ZMO2039
TSS_4377	NA	NA	NA	NA	NA	NA	NA	NA	NA	ZMO2039
TSS_4378	NA	NA	NA	NA	NA	NA	NA	NA	NA	NA
TSS_4379	NA	NA	NA	NA	NA	NA	NA	NA	NA	ZMO1951
TSS_4380	NA	NA	NA	NA	NA	NA	NA	NA	NA	ZMO1971
TSS_4381	NA	NA	NA	NA	NA	NA	NA	NA	NA	NA
TSS_4384	NA	NA	NA	NA	NA	NA	NA	NA	-10	ZMO1955
TSS_4388	NA	NA	NA	NA	NA	NA	NA	NA	-3	ZMO1956
TSS_4389	NA	NA	NA	NA	NA	NA	NA	NA	-312	ZMO1957
TSS_4394	NA	NA	NA	NA	NA	NA	NA	NA	NA	NA
TSS_4396	NA	NA	NA	NA	NA	NA	NA	NA	NA	ZMO1961
TSS_4398	NA	NA	NA	NA	NA	NA	NA	NA	NA	ZMO1962
TSS_4400	NA	NA	NA	NA	NA	NA	NA	NA	-93	ZMO1963
TSS_4404	NA	NA	NA	NA	NA	NA	NA	NA	-89	ZMO1967
TSS_4406	NA	NA	NA	NA	NA	NA	NA	NA	-24	ZMO1969
TSS_4408	NA	NA	NA	NA	NA	NA	NA	NA	-52	ZMO1969
TSS_4409	NA	NA	NA	NA	NA	NA	NA	NA	-72	ZMO1969
TSS_4414	NA	NA	NA	NA	NA	NA	NA	NA	-88	ZMO1979
TSS_4415	NA	NA	NA	NA	NA	NA	NA	NA	NA	NA
TSS_4417	NA	NA	NA	NA	NA	NA	NA	NA	-16	ZMO1983
TSS_4424	NA	NA	NA	NA	NA	NA	NA	NA	NA	ZMO1996
TSS_4425	NA	NA	NA	NA	NA	NA	NA	NA	-112	ZMO1996
TSS_4429	NA	NA	NA	NA	NA	NA	NA	NA	NA	ZMOp32x001
TSS_4435	NA	NA	NA	NA	NA	NA	NA	NA	NA	ZMOp32x006
TSS_4436	NA	NA	NA	NA	NA	NA	NA	NA	NA	ZMOp32x006
TSS_4443	NA	NA	NA	NA	NA	NA	NA	NA	NA	ZMOp32x008
TSS_4445	NA	NA	NA	NA	NA	NA	NA	NA	NA	NA
TSS_4447	NA	NA	NA	NA	NA	NA	NA	NA	NA	NA
TSS_4448	NA	NA	NA	NA	NA	NA	NA	NA	NA	NA
TSS_4449	NA	NA	NA	NA	NA	NA	NA	NA	-81	ZMOp32x010
TSS_4451	NA	NA	NA	NA	NA	NA	NA	NA	NA	NA
TSS_4454	NA	NA	NA	NA	NA	NA	NA	NA	NA	NA
TSS_4455	NA	NA	NA	NA	NA	NA	NA	NA	NA	ZMOp32x016
TSS_4459	NA	NA	NA	NA	NA	NA	NA	NA	NA	NA
TSS_4461	NA	NA	NA	NA	NA	NA	NA	NA	NA	NA
TSS_4462	NA	NA	NA	NA	NA	NA	NA	NA	NA	ZMOp32x017
TSS_4463	NA	NA	NA	NA	NA	NA	NA	NA	-129	ZMOp32x017
TSS_4464	NA	NA	NA	NA	NA	NA	NA	NA	NA	NA
TSS_4465	NA	NA	NA	NA	NA	NA	NA	NA	NA	NA
TSS_4467	NA	NA	NA	NA	NA	NA	NA	NA	NA	NA
TSS_4468	NA	NA	NA	NA	NA	NA	NA	NA	NA	NA
TSS_4470	NA	NA	NA	NA	NA	NA	NA	NA	-386	ZMOp32x031
TSS_4477	NA	NA	NA	NA	NA	NA	NA	NA	NA	ZMOp32x023
TSS_4481	NA	NA	NA	NA	NA	NA	NA	NA	-450	ZMOp32x033
TSS_4482	NA	NA	NA	NA	NA	NA	NA	NA	NA	NA
TSS_4484	NA	NA	NA	NA	NA	NA	NA	NA	-160	ZMOp32x025
TSS_4485	NA	NA	NA	NA	NA	NA	NA	NA	NA	ZMOp32x025
TSS_4486	NA	NA	NA	NA	NA	NA	NA	NA	-418	ZMOp32x034
TSS_4487	NA	NA	NA	NA	NA	NA	NA	NA	-483	ZMOp32x028
TSS_4488	NA	NA	NA	NA	NA	NA	NA	NA	-409	ZMOp32x028
TSS_4489	NA	NA	NA	NA	NA	NA	NA	NA	-189	ZMOp32x028
TSS_4490	NA	NA	NA	NA	NA	NA	NA	NA	NA	ZMOp32x029
TSS_4492	NA	NA	NA	NA	NA	NA	NA	NA	NA	NA
TSS_4493	NA	NA	NA	NA	NA	NA	NA	NA	-23	ZMOp33x001
TSS_4495	NA	NA	NA	NA	NA	NA	NA	NA	NA	ZMOp33x002
TSS_4498	NA	NA	NA	NA	NA	NA	NA	NA	-30	ZMOp33x004
TSS_4499	NA	NA	NA	NA	NA	NA	NA	NA	-19	ZMOp33x005
TSS_4501	NA	NA	NA	NA	NA	NA	NA	NA	-12	ZMOp33x005
TSS_4502	NA	NA	NA	NA	NA	NA	NA	NA	-283	ZMOp33x006
TSS_4503	NA	NA	NA	NA	NA	NA	NA	NA	-245	ZMOp33x006
TSS_4505	NA	NA	NA	NA	NA	NA	NA	NA	NA	NA
TSS_4508	NA	NA	NA	NA	NA	NA	NA	NA	-133	ZMOp33x012
TSS_4511	NA	NA	NA	NA	NA	NA	NA	NA	-189	ZMOp33x014
TSS_4512	NA	NA	NA	NA	NA	NA	NA	NA	NA	NA
TSS_4513	NA	NA	NA	NA	NA	NA	NA	NA	NA	NA
TSS_4514	NA	NA	NA	NA	NA	NA	NA	NA	-52	ZMOp33x015
TSS_4516	NA	NA	NA	NA	NA	NA	NA	NA	NA	ZMOp33x015
TSS_4519	NA	NA	NA	NA	NA	NA	NA	NA	NA	NA
TSS_4522	NA	NA	NA	NA	NA	NA	NA	NA	-85	ZMOp33x018
TSS_4523	NA	NA	NA	NA	NA	NA	NA	NA	NA	ZMOp33x019
TSS_4525	NA	NA	NA	NA	NA	NA	NA	NA	-128	ZMOp33x020
TSS_4527	NA	NA	NA	NA	NA	NA	NA	NA	-121	ZMOp33x021
TSS_4529	NA	NA	NA	NA	NA	NA	NA	NA	-154	ZMOp33x021
TSS_4530	NA	NA	NA	NA	NA	NA	NA	NA	-157	ZMOp33x021
TSS_4532	NA	NA	NA	NA	NA	NA	NA	NA	-175	ZMOp33x021
TSS_4534	NA	NA	NA	NA	NA	NA	NA	NA	NA	NA
TSS_4535	NA	NA	NA	NA	NA	NA	NA	NA	-72	ZMOp33x022
TSS_4536	NA	NA	NA	NA	NA	NA	NA	NA	-71	ZMOp33x022
TSS_4540	NA	NA	NA	NA	NA	NA	NA	NA	NA	ZMOp33x023
TSS_4541	NA	NA	NA	NA	NA	NA	NA	NA	NA	NA
TSS_4544	NA	NA	NA	NA	NA	NA	NA	NA	NA	NA
TSS_4545	NA	NA	NA	NA	NA	NA	NA	NA	NA	NA
TSS_4552	NA	NA	NA	NA	NA	NA	NA	NA	0	ZMOp33x024
TSS_4553	NA	NA	NA	NA	NA	NA	NA	NA	-8	ZMOp33x024
TSS_4555	NA	NA	NA	NA	NA	NA	NA	NA	NA	ZMOp33x025
TSS_4556	NA	NA	NA	NA	NA	NA	NA	NA	-14	ZMOp33x027
TSS_4558	NA	NA	NA	NA	NA	NA	NA	NA	NA	NA
TSS_4563	NA	NA	NA	NA	NA	NA	NA	NA	NA	NA
TSS_4565	NA	NA	NA	NA	NA	NA	NA	NA	0	ZMOp33x031
TSS_4566	NA	NA	NA	NA	NA	NA	NA	NA	NA	ZMOp33x031
TSS_4567	NA	NA	NA	NA	NA	NA	NA	NA	NA	NA
TSS_4577	NA	NA	NA	NA	NA	NA	NA	NA	NA	NA
TSS_4578	NA	NA	NA	NA	NA	NA	NA	NA	NA	NA
TSS_4579	NA	NA	NA	NA	NA	NA	NA	NA	NA	ZMOp36x007
TSS_4582	NA	NA	NA	NA	NA	NA	NA	NA	-497	ZMOp36x017
TSS_4583	NA	NA	NA	NA	NA	NA	NA	NA	-30	ZMOp36x048
TSS_4586	NA	NA	NA	NA	NA	NA	NA	NA	-342	ZMOp36x050
TSS_4587	NA	NA	NA	NA	NA	NA	NA	NA	-343	ZMOp36x050
TSS_4590	NA	NA	NA	NA	NA	NA	NA	NA	-26	ZMOp36x024
TSS_4591	NA	NA	NA	NA	NA	NA	NA	NA	-383	ZMOp36x024
TSS_4594	NA	NA	NA	NA	NA	NA	NA	NA	-19	ZMOp36x029
TSS_4595	NA	NA	NA	NA	NA	NA	NA	NA	0	ZMOp36x030
TSS_4596	NA	NA	NA	NA	NA	NA	NA	NA	-3	ZMOp36x030
TSS_4597	NA	NA	NA	NA	NA	NA	NA	NA	-11	ZMOp36x030
TSS_4607	NA	NA	NA	NA	NA	NA	NA	NA	NA	ZMOp36x041
TSS_4610	NA	NA	NA	NA	NA	NA	NA	NA	NA	NA
TSS_4611	NA	NA	NA	NA	NA	NA	NA	NA	NA	ZMOp39x004
TSS_4614	NA	NA	NA	NA	NA	NA	NA	NA	-24	ZMOp39x005
TSS_4617	NA	NA	NA	NA	NA	NA	NA	NA	NA	ZMOp39x007
TSS_4626	NA	NA	NA	NA	NA	NA	NA	NA	NA	NA
TSS_4628	NA	NA	NA	NA	NA	NA	NA	NA	NA	NA
TSS_4629	NA	NA	NA	NA	NA	NA	NA	NA	-17	ZMOp39x026
TSS_4631	NA	NA	NA	NA	NA	NA	NA	NA	-29	ZMOp39x026
TSS_4635	NA	NA	NA	NA	NA	NA	NA	NA	NA	ZMOp39x027
TSS_4637	NA	NA	NA	NA	NA	NA	NA	NA	NA	ZMOp39x027
TSS_4638	NA	NA	NA	NA	NA	NA	NA	NA	NA	ZMOp39x027
TSS_4645	NA	NA	NA	NA	NA	NA	NA	NA	NA	NA
TSS_4647	NA	NA	NA	NA	NA	NA	NA	NA	-3	ZMOp39x035
TSS_4648	NA	NA	NA	NA	NA	NA	NA	NA	-502	ZMOp39x030
TSS_4650	NA	NA	NA	NA	NA	NA	NA	NA	-158	ZMOp39x037
