chrm	peak_start	peak_end	TF	peak_enrichment	gene_start	gene	gene_strand	distance	simple_name	class
ZM4	14272	14273	ZMO0023	13.564	14370	ZMO1_ZMO0011	-	98	ZMO0023 (AsnC)	TF homology
ZM4	17262	17263	ZMO0023	26.8172	17332	hrcA	+	-70	ZMO0023 (AsnC)	TF homology
ZM4	26848	26849	ZMO0023	1142.47	26828	ZMO1_ZMO0023	-	-20	ZMO0023 (AsnC)	TF homology
ZM4	30899	30900	ZMO0023	8.33587	31082	ZMO1_ZMO0028	+	-183	ZMO0023 (AsnC)	TF homology
ZM4	37147	37148	ZMO0023	48.6678	37054	ZMO1_ZMO0031	-	-93	ZMO0023 (AsnC)	TF homology
ZM4	43281	43282	ZMO0023	2.01892	43129	ZMO1_ZMO0043	-	-152	ZMO0023 (AsnC)	TF homology
ZM4	76469	76470	ZMO0023	2.67721	76369	mcp	-	-100	ZMO0023 (AsnC)	TF homology
ZM4	80596	80597	ZMO0023	65.5282	80422	ZMO1_ZMO0088	-	-174	ZMO0023 (AsnC)	TF homology
ZM4	82692	82693	ZMO0023	7.37729	82624	ZMO1_ZMO0091	+	68	ZMO0023 (AsnC)	TF homology
ZM4	95331	95332	ZMO0023	3.41134	95276	ZMO1_ZMO0109	+	55	ZMO0023 (AsnC)	TF homology
ZM4	100830	100831	ZMO0023	6.40863	100923	pabB	+	-93	ZMO0023 (AsnC)	TF homology
ZM4	104085	104086	ZMO0023	226.773	104016	ZMO1_ZMO0116	+	69	ZMO0023 (AsnC)	TF homology
ZM4	140672	140673	ZMO0023	496.213	140798	ZMO1_ZMO2043	+	-126	ZMO0023 (AsnC)	TF homology
ZM4	208798	208799	ZMO0023	49.1165	208677	shdA	-	-121	ZMO0023 (AsnC)	TF homology
ZM4	245041	245042	ZMO0023	133.787	245174	ZMO1_ZMO0252	+	-133	ZMO0023 (AsnC)	TF homology
ZM4	254165	254166	ZMO0023	309.724	254133	tolC	+	32	ZMO0023 (AsnC)	TF homology
ZM4	284872	284873	ZMO0023	107.524	284751	rnd1	-	-121	ZMO0023 (AsnC)	TF homology
ZM4	293809	293810	ZMO0023	33.3929	293738	ZMO1_ZMO0286	-	-71	ZMO0023 (AsnC)	TF homology
ZM4	295248	295249	ZMO0023	66.713	295366	ZMO1_ZMO0290	+	-118	ZMO0023 (AsnC)	TF homology
ZM4	297573	297574	ZMO0023	16.8737	297469	lgt	-	-104	ZMO0023 (AsnC)	TF homology
ZM4	306466	306467	ZMO0023	14.6149	306493	ZMO1_ZMO0301	+	-27	ZMO0023 (AsnC)	TF homology
ZM4	309069	309070	ZMO0023	9.67529	309144	ZMO1_ZMO0305	-	75	ZMO0023 (AsnC)	TF homology
ZM4	332431	332432	ZMO0023	4.52917	332579	ZMO1_ZMO0335	+	-148	ZMO0023 (AsnC)	TF homology
ZM4	378332	378333	ZMO0023	14.8176	378392	ZMO1_ZMO0372	+	-60	ZMO0023 (AsnC)	TF homology
ZM4	454284	454285	ZMO0023	12.0861	454420	lolD	-	136	ZMO0023 (AsnC)	TF homology
ZM4	559171	559172	ZMO0023	132.29	559252	hisC3	+	-81	ZMO0023 (AsnC)	TF homology
ZM4	573747	573748	ZMO0023	4.35738	573858	ZMO1_ZMO0571	+	-111	ZMO0023 (AsnC)	TF homology
ZM4	596944	596945	ZMO0023	59.9544	596747	ZMO1_ZMO0597	+	197	ZMO0023 (AsnC)	TF homology
ZM4	599359	599360	ZMO0023	26.1783	599378	accA	+	-19	ZMO0023 (AsnC)	TF homology
ZM4	605057	605058	ZMO0023	11.0884	605049	motB1	-	-8	ZMO0023 (AsnC)	TF homology
ZM4	617959	617960	ZMO0023	21.5294	618042	flgM	+	-83	ZMO0023 (AsnC)	TF homology
ZM4	622889	622890	ZMO0023	3.9698	623011	ZMO1_ZMO0627	+	-122	ZMO0023 (AsnC)	TF homology
ZM4	635612	635613	ZMO0023	349.7	635590	fliL	+	22	ZMO0023 (AsnC)	TF homology
ZM4	637141	637142	ZMO0023	124.142	637151	fliN	+	-10	ZMO0023 (AsnC)	TF homology
ZM4	638996	638997	ZMO0023	4.23364	639020	fliR	+	-24	ZMO0023 (AsnC)	TF homology
ZM4	642816	642817	ZMO0023	26.5419	642786	fliS	+	30	ZMO0023 (AsnC)	TF homology
ZM4	650220	650221	ZMO0023	18.0573	650148	gpt	-	-72	ZMO0023 (AsnC)	TF homology
ZM4	663080	663081	ZMO0023	64.3798	663271	ZMO1_ZMO2005	+	-191	ZMO0023 (AsnC)	TF homology
ZM4	672799	672800	ZMO0023	46.7395	672694	leuB	-	-105	ZMO0023 (AsnC)	TF homology
ZM4	674809	674810	ZMO0023	218.982	674838	ZMO1_ZMO0681	+	-29	ZMO0023 (AsnC)	TF homology
ZM4	682891	682892	ZMO0023	46.5227	682751	ZMO1_ZMO0686	+	140	ZMO0023 (AsnC)	TF homology
ZM4	684862	684863	ZMO0023	14.7788	684921	budB	-	59	ZMO0023 (AsnC)	TF homology
ZM4	746985	746986	ZMO0023	40.4312	747007	ZMO1_ZMO0747	+	-22	ZMO0023 (AsnC)	TF homology
ZM4	749615	749616	ZMO0023	2776.87	749510	rpoH	-	-105	ZMO0023 (AsnC)	TF homology
ZM4	754177	754178	ZMO0023	229.533	754022	ZMO1_ZMO0756	-	-155	ZMO0023 (AsnC)	TF homology
ZM4	772928	772929	ZMO0023	12.7566	773083	ZMO1_ZMO0777	-	155	ZMO0023 (AsnC)	TF homology
ZM4	815870	815871	ZMO0023	182.918	815682	truA	-	-188	ZMO0023 (AsnC)	TF homology
ZM4	820179	820180	ZMO0023	139.267	820257	queD	+	-78	ZMO0023 (AsnC)	TF homology
ZM4	843739	843740	ZMO0023	29.695	843901	ftsZ	+	-162	ZMO0023 (AsnC)	TF homology
ZM4	857774	857775	ZMO0023	793.367	857720	kefB	-	-54	ZMO0023 (AsnC)	TF homology
ZM4	888270	888271	ZMO0023	194.738	888141	ispH	-	-129	ZMO0023 (AsnC)	TF homology
ZM4	926158	926159	ZMO0023	105.216	926001	ZMO1_ZMO0909	-	-157	ZMO0023 (AsnC)	TF homology
ZM4	934790	934791	ZMO0023	70.9284	934825	ZMO1_ZMO0916	+	-35	ZMO0023 (AsnC)	TF homology
ZM4	974350	974351	ZMO0023	7.03839	974470	ZMO1_ZMO0956	+	-120	ZMO0023 (AsnC)	TF homology
ZM4	1017180	1017181	ZMO0023	163.538	1017150	ZMO1_ZMO0999	-	-30	ZMO0023 (AsnC)	TF homology
ZM4	1031121	1031122	ZMO0023	203.793	1031094	ZMO1_ZMOt021	-	-27	ZMO0023 (AsnC)	TF homology
ZM4	1055177	1055178	ZMO0023	9.93106	1055355	ZMO1_ZMO1040	+	-178	ZMO0023 (AsnC)	TF homology
ZM4	1076744	1076745	ZMO0023	23.5422	1076596	sod	-	-148	ZMO0023 (AsnC)	TF homology
ZM4	1080961	1080962	ZMO0023	20.0852	1080784	ZMO1_ZMO1068	+	177	ZMO0023 (AsnC)	TF homology
ZM4	1132820	1132821	ZMO0023	57.0938	1132932	gltD	+	-112	ZMO0023 (AsnC)	TF homology
ZM4	1151112	1151113	ZMO0023	13.9957	1151105	lipA	-	-7	ZMO0023 (AsnC)	TF homology
ZM4	1229336	1229337	ZMO0023	3.23253	1229342	trmH	+	-6	ZMO0023 (AsnC)	TF homology
ZM4	1236344	1236345	ZMO0023	24.7344	1236445	ZMO1_ZMOt029	-	101	ZMO0023 (AsnC)	TF homology
ZM4	1244659	1244660	ZMO0023	93.3715	1244662	ZMO1_ZMO2011	+	-3	ZMO0023 (AsnC)	TF homology
ZM4	1261580	1261581	ZMO0023	4.50426	1261520	ZMO1_ZMO1235	-	-60	ZMO0023 (AsnC)	TF homology
ZM4	1286421	1286422	ZMO0023	42.0605	1286443	ZMO1_ZMO2012	+	-22	ZMO0023 (AsnC)	TF homology
ZM4	1288910	1288911	ZMO0023	23.6471	1288961	cysG2	-	51	ZMO0023 (AsnC)	TF homology
ZM4	1301596	1301597	ZMO0023	306.02	1301774	sldL	-	178	ZMO0023 (AsnC)	TF homology
ZM4	1303961	1303962	ZMO0023	53.8	1303926	ZMO1_ZMO1287	-	-35	ZMO0023 (AsnC)	TF homology
ZM4	1313023	1313024	ZMO0023	36.7837	1313079	ZMO1_ZMO1298	+	-56	ZMO0023 (AsnC)	TF homology
ZM4	1316156	1316157	ZMO0023	9.70706	1316015	ZMO1_ZMO2017	+	141	ZMO0023 (AsnC)	TF homology
ZM4	1341565	1341566	ZMO0023	8.72296	1341680	chvI	+	-115	ZMO0023 (AsnC)	TF homology
ZM4	1345527	1345528	ZMO0023	12.4547	1345629	nagE	+	-102	ZMO0023 (AsnC)	TF homology
ZM4	1370771	1370772	ZMO0023	78.8212	1370666	motB3	-	-105	ZMO0023 (AsnC)	TF homology
ZM4	1383476	1383477	ZMO0023	20.9378	1383431	rpsD	+	45	ZMO0023 (AsnC)	TF homology
ZM4	1422283	1422284	ZMO0023	32.9322	1422091	asd	-	-192	ZMO0023 (AsnC)	TF homology
ZM4	1429539	1429540	ZMO0023	497.184	1429455	ZMO1_ZMO1415	-	-84	ZMO0023 (AsnC)	TF homology
ZM4	1458607	1458608	ZMO0023	104.564	1458600	ZMO1_ZMO1439	-	-7	ZMO0023 (AsnC)	TF homology
ZM4	1459540	1459541	ZMO0023	2.59548	1459483	ZMO1_ZMO1440	-	-57	ZMO0023 (AsnC)	TF homology
ZM4	1473405	1473406	ZMO0023	515.851	1473528	ZMO1_ZMO1451	-	123	ZMO0023 (AsnC)	TF homology
ZM4	1482696	1482697	ZMO0023	20.2313	1482632	ZMO1_ZMO1461	-	-64	ZMO0023 (AsnC)	TF homology
ZM4	1486432	1486433	ZMO0023	5.68803	1486337	ZMO1_ZMO1464	-	-95	ZMO0023 (AsnC)	TF homology
ZM4	1501412	1501413	ZMO0023	94.322	1501411	ZMO1_ZMO1477	-	-1	ZMO0023 (AsnC)	TF homology
ZM4	1518156	1518157	ZMO0023	88.6722	1518298	ZMO1_ZMO1491	+	-142	ZMO0023 (AsnC)	TF homology
ZM4	1546298	1546299	ZMO0023	7.1343	1546201	ZMO1_ZMO1520	-	-97	ZMO0023 (AsnC)	TF homology
ZM4	1562939	1562940	ZMO0023	2.76817	1562843	ZMO1_ZMO1529	-	-96	ZMO0023 (AsnC)	TF homology
ZM4	1563270	1563271	ZMO0023	9.51307	1563298	ZMO1_ZMO1530	+	-28	ZMO0023 (AsnC)	TF homology
ZM4	1605004	1605005	ZMO0023	12.012	1605177	ZMO1_ZMO2073	-	173	ZMO0023 (AsnC)	TF homology
ZM4	1618404	1618405	ZMO0023	344.12	1618304	ZMO1_ZMOr002	-	-100	ZMO0023 (AsnC)	TF homology
ZM4	1636904	1636905	ZMO0023	78.8439	1637038	adhB	+	-134	ZMO0023 (AsnC)	TF homology
ZM4	1638467	1638468	ZMO0023	23.5653	1638583	dxs2	+	-116	ZMO0023 (AsnC)	TF homology
ZM4	1681915	1681916	ZMO0023	74.2483	1681744	ZMO1_ZMO1636	-	-171	ZMO0023 (AsnC)	TF homology
ZM4	1694852	1694853	ZMO0023	5.36298	1694799	ZMO1_ZMOt040	-	-53	ZMO0023 (AsnC)	TF homology
ZM4	1701363	1701364	ZMO0023	173.81	1701418	ptsP	-	55	ZMO0023 (AsnC)	TF homology
ZM4	1712773	1712774	ZMO0023	117.752	1712750	nadD	+	23	ZMO0023 (AsnC)	TF homology
ZM4	1752987	1752988	ZMO0023	1105.34	1752921	ZMO1_ZMO1701	-	-66	ZMO0023 (AsnC)	TF homology
ZM4	1768713	1768714	ZMO0023	6.52458	1768624	frk	+	89	ZMO0023 (AsnC)	TF homology
ZM4	1778031	1778032	ZMO0023	31.4088	1778179	cysE	-	148	ZMO0023 (AsnC)	TF homology
ZM4	1827339	1827340	ZMO0023	13.1313	1827190	ZMO1_ZMO1780	-	-149	ZMO0023 (AsnC)	TF homology
ZM4	1849806	1849807	ZMO0023	60.6527	1849886	ZMO1_ZMO1807	+	-80	ZMO0023 (AsnC)	TF homology
ZM4	1850073	1850074	ZMO0023	10.8946	1849886	ZMO1_ZMO1807	+	187	ZMO0023 (AsnC)	TF homology
ZM4	1868322	1868323	ZMO0023	193.584	1868308	ZMO1_ZMO1822	-	-14	ZMO0023 (AsnC)	TF homology
ZM4	1903553	1903554	ZMO0023	319.859	1903453	ZMO1_ZMOr005	-	-100	ZMO0023 (AsnC)	TF homology
ZM4	1917406	1917407	ZMO0023	360.898	1917305	ZMO1_ZMOr008	-	-101	ZMO0023 (AsnC)	TF homology
ZM4	1925313	1925314	ZMO0023	315.589	1925168	nadC	-	-145	ZMO0023 (AsnC)	TF homology
ZM4	1927255	1927256	ZMO0023	4.74587	1927197	ZMO1_ZMO1873	-	-58	ZMO0023 (AsnC)	TF homology
ZM4	1928078	1928079	ZMO0023	24.0944	1928221	ZMO1_ZMO1876	+	-143	ZMO0023 (AsnC)	TF homology
ZM4	1954982	1954983	ZMO0023	13.5826	1955092	hemD	-	110	ZMO0023 (AsnC)	TF homology
ZM4	2005736	2005737	ZMO0023	78.4853	2005747	ZMO1_ZMO1949	+	-11	ZMO0023 (AsnC)	TF homology
ZM4	2036682	2036683	ZMO0023	4.15379	2036639	ZMO1_ZMO1974	+	43	ZMO0023 (AsnC)	TF homology
ZM4	2037535	2037536	ZMO0023	8.24351	2037544	ZMO1_ZMO1975	+	-9	ZMO0023 (AsnC)	TF homology
ZM4	2048485	2048486	ZMO0023	8.93753	2048504	ZMO1_ZMO1986	+	-19	ZMO0023 (AsnC)	TF homology
ZM4	46126	46127	ZMO0050	14054	46170	ZMO1_ZMO0050	+	-44	ZMO0050 (LysR)	TF homology
ZM4	600706	600707	ZMO0050	12.8946	600580	ZMO1_ZMO0601	+	126	ZMO0050 (LysR)	TF homology
ZM4	1519494	1519495	ZMO0050	13.4559	1519568	ZMO1_ZMO2071	-	74	ZMO0050 (LysR)	TF homology
ZM4	49272	49273	ZMO0054	51655.8	49227	pcaD	-	-45	ZMO0054 (MarR)	TF homology
ZM4	119298	119299	ZMO0054	1859.8	119178	phoC	-	-120	ZMO0054 (MarR)	TF homology
ZM4	217663	217664	ZMO0054	3673.38	217814	ZMO1_ZMO0222	+	-151	ZMO0054 (MarR)	TF homology
ZM4	1726600	1726601	ZMO0054	6225.31	1726753	ZMO1_ZMO1681	+	-153	ZMO0054 (MarR)	TF homology
ZM4	1893371	1893372	ZMO0054	51.1775	1893241	fldA	-	-130	ZMO0054 (MarR)	TF homology
ZM4	67097	67098	ZMO0100	23.182	67041	phoH	-	-56	ZMO0100 (HxlR)	TF homology
ZM4	88401	88402	ZMO0100	42458.4	88383	ZMO1_ZMO0100	-	-18	ZMO0100 (HxlR)	TF homology
ZM4	93230	93231	ZMO0100	10263	93102	leuD	+	128	ZMO0100 (HxlR)	TF homology
ZM4	120454	120455	ZMO0100	25.4724	120280	ZMO1_ZMO0131	-	-174	ZMO0100 (HxlR)	TF homology
ZM4	125686	125687	ZMO0100	18.0392	125858	ZMO1_ZMO0135	+	-172	ZMO0100 (HxlR)	TF homology
ZM4	164015	164016	ZMO0100	788.972	163877	gap	+	138	ZMO0100 (HxlR)	TF homology
ZM4	232171	232172	ZMO0100	37.2015	232262	ZMO1_ZMO0234	-	91	ZMO0100 (HxlR)	TF homology
ZM4	254070	254071	ZMO0100	13.7158	254133	tolC	+	-63	ZMO0100 (HxlR)	TF homology
ZM4	300557	300558	ZMO0100	7501.83	300450	ZMO1_ZMO0296	+	107	ZMO0100 (HxlR)	TF homology
ZM4	390338	390339	ZMO0100	23.5178	390350	ZMO1_ZMO0381	+	-12	ZMO0100 (HxlR)	TF homology
ZM4	406828	406829	ZMO0100	23.8074	406761	ppx1	-	-67	ZMO0100 (HxlR)	TF homology
ZM4	471460	471461	ZMO0100	10.4328	471537	ZMO1_ZMO0479	+	-77	ZMO0100 (HxlR)	TF homology
ZM4	558111	558112	ZMO0100	6.8266	558258	ZMO1_ZMO0559	+	-147	ZMO0100 (HxlR)	TF homology
ZM4	630790	630791	ZMO0100	51.6506	630667	fliH	+	123	ZMO0100 (HxlR)	TF homology
ZM4	716696	716697	ZMO0100	155.246	716599	ZMO1_ZMO0716	+	97	ZMO0100 (HxlR)	TF homology
ZM4	736911	736912	ZMO0100	1680.98	736891	ZMO1_ZMO0733	-	-20	ZMO0100 (HxlR)	TF homology
ZM4	842318	842319	ZMO0100	84.0821	842401	ftsA	+	-83	ZMO0100 (HxlR)	TF homology
ZM4	853279	853280	ZMO0100	1363.9	853194	alaS	+	85	ZMO0100 (HxlR)	TF homology
ZM4	976187	976188	ZMO0100	55.9313	976332	petC	+	-145	ZMO0100 (HxlR)	TF homology
ZM4	1031037	1031038	ZMO0100	150.202	1031094	ZMO1_ZMOt021	-	57	ZMO0100 (HxlR)	TF homology
ZM4	1033899	1033900	ZMO0100	2278.53	1034085	ZMO1_ZMO1015	-	186	ZMO0100 (HxlR)	TF homology
ZM4	1034139	1034140	ZMO0100	14.3391	1034085	ZMO1_ZMO1015	-	-54	ZMO0100 (HxlR)	TF homology
ZM4	1040269	1040270	ZMO0100	51.609	1040408	ZMO1_ZMO1021	-	139	ZMO0100 (HxlR)	TF homology
ZM4	1087726	1087727	ZMO0100	28.062	1087605	rimM	+	121	ZMO0100 (HxlR)	TF homology
ZM4	1131792	1131793	ZMO0100	45.8511	1131860	ZMO1_ZMOt025	-	68	ZMO0100 (HxlR)	TF homology
ZM4	1140654	1140655	ZMO0100	15.5184	1140578	ZMO1_ZMO1121	-	-76	ZMO0100 (HxlR)	TF homology
ZM4	1176310	1176311	ZMO0100	9.66983	1176351	rpsB	-	41	ZMO0100 (HxlR)	TF homology
ZM4	1274655	1274656	ZMO0100	44.1509	1274456	ccmF	-	-199	ZMO0100 (HxlR)	TF homology
ZM4	1357119	1357120	ZMO0100	37.8974	1357145	ZMO1_ZMO2018	-	26	ZMO0100 (HxlR)	TF homology
ZM4	1509539	1509540	ZMO0100	51.3189	1509453	ZMO1_ZMO1483	-	-86	ZMO0100 (HxlR)	TF homology
ZM4	1514124	1514125	ZMO0100	622.758	1514171	ZMO1_ZMOt035	-	47	ZMO0100 (HxlR)	TF homology
ZM4	1640819	1640820	ZMO0100	47.7238	1640658	ZMO1_ZMO1599	+	161	ZMO0100 (HxlR)	TF homology
ZM4	1784940	1784941	ZMO0100	54.3543	1785131	ZMO1_ZMO1739	-	191	ZMO0100 (HxlR)	TF homology
ZM4	1802100	1802101	ZMO0100	26.3937	1802064	gntP	+	36	ZMO0100 (HxlR)	TF homology
ZM4	1852700	1852701	ZMO0100	5.80588	1852587	rfnH	-	-113	ZMO0100 (HxlR)	TF homology
ZM4	1984824	1984825	ZMO0100	83.2083	1984724	groEL	+	100	ZMO0100 (HxlR)	TF homology
ZM4	1991971	1991972	ZMO0100	1506.7	1992057	ZMO1_ZMO1933	-	86	ZMO0100 (HxlR)	TF homology
ZM4	1993974	1993975	ZMO0100	10.4057	1994084	ZMO1_ZMO1934	-	110	ZMO0100 (HxlR)	TF homology
ZM4	2004111	2004112	ZMO0100	78.9977	2004015	ZMO1_ZMO1946	+	96	ZMO0100 (HxlR)	TF homology
pZM39	15724	15725	ZMO0100	68.46	15655	ZMO1_ZMOp39x016	+	69	ZMO0100 (HxlR)	TF homology
ZM4	318405	318406	ZMO1164	16.5172	318262	ZMO1_ZMO0315	-	-143	ZMO1164 (PhoB)	TF homology
ZM4	600706	600707	ZMO1164	13.1876	600580	ZMO1_ZMO0601	+	126	ZMO1164 (PhoB)	TF homology
ZM4	1063598	1063599	ZMO1164	593.387	1063504	ZMO1_ZMO1045	-	-94	ZMO1164 (PhoB)	TF homology
ZM4	1180882	1180883	ZMO1164	125.128	1181060	phoU	+	-178	ZMO1164 (PhoB)	TF homology
ZM4	1860626	1860627	ZMO1164	9.50016	1860457	ZMO1_ZMO1815	-	-169	ZMO1164 (PhoB)	TF homology
ZM4	404974	404975	ZMO0190	133.927	404776	ZMO1_ZMO0401	-	-198	ZMO0190 (RpiR)	TF homology
ZM4	18377	18378	ZMO0199	290.341	18366	grpE	+	11	ZMO0199 (LexA)	TF homology
ZM4	25955	25956	ZMO0199	272.441	25981	ZMO1_ZMO0022	-	26	ZMO0199 (LexA)	TF homology
ZM4	49166	49167	ZMO0199	7488.58	49227	pcaD	-	61	ZMO0199 (LexA)	TF homology
ZM4	50793	50794	ZMO0199	2705.66	50778	ZMO1_ZMO0055	-	-15	ZMO0199 (LexA)	TF homology
ZM4	61452	61453	ZMO0199	274.926	61629	ZMO1_ZMO0069	+	-177	ZMO0199 (LexA)	TF homology
ZM4	64381	64382	ZMO0199	302.211	64485	ZMO1_ZMO0072	-	104	ZMO0199 (LexA)	TF homology
ZM4	64605	64606	ZMO0199	749.829	64485	ZMO1_ZMO0072	-	-120	ZMO0199 (LexA)	TF homology
ZM4	68921	68922	ZMO0199	674.369	69118	cheW	-	197	ZMO0199 (LexA)	TF homology
ZM4	69249	69250	ZMO0199	15.6975	69118	cheW	-	-131	ZMO0199 (LexA)	TF homology
ZM4	88411	88412	ZMO0199	962.025	88383	ZMO1_ZMO0100	-	-28	ZMO0199 (LexA)	TF homology
ZM4	96708	96709	ZMO0199	364.541	96712	ZMO1_ZMO0110	+	-4	ZMO0199 (LexA)	TF homology
ZM4	99488	99489	ZMO0199	71.5578	99644	ZMO1_ZMO0111	-	156	ZMO0199 (LexA)	TF homology
ZM4	100812	100813	ZMO0199	164.614	100923	pabB	+	-111	ZMO0199 (LexA)	TF homology
ZM4	110427	110428	ZMO0199	653.605	110562	ZMO1_ZMO0122	+	-135	ZMO0199 (LexA)	TF homology
ZM4	113210	113211	ZMO0199	428.405	113185	ZMO1_ZMO0125	-	-25	ZMO0199 (LexA)	TF homology
ZM4	113813	113814	ZMO0199	20159.9	113615	ZMO1_ZMOt001	-	-198	ZMO0199 (LexA)	TF homology
ZM4	115602	115603	ZMO0199	54.9426	115551	ZMO1_ZMO0127	-	-51	ZMO0199 (LexA)	TF homology
ZM4	125883	125884	ZMO0199	739.81	125858	ZMO1_ZMO0135	+	25	ZMO0199 (LexA)	TF homology
ZM4	126630	126631	ZMO0199	133.376	126653	ZMO1_ZMO0136	+	-23	ZMO0199 (LexA)	TF homology
ZM4	127401	127402	ZMO0199	103.318	127569	ZMO1_ZMO0137	+	-168	ZMO0199 (LexA)	TF homology
ZM4	130649	130650	ZMO0199	903.261	130699	ZMO1_ZMO0142	+	-50	ZMO0199 (LexA)	TF homology
ZM4	152878	152879	ZMO0199	260.854	152938	ZMO1_ZMO2000	-	60	ZMO0199 (LexA)	TF homology
ZM4	153015	153016	ZMO0199	395.629	152938	ZMO1_ZMO2000	-	-77	ZMO0199 (LexA)	TF homology
ZM4	160570	160571	ZMO0199	160.644	160544	zapA	-	-26	ZMO0199 (LexA)	TF homology
ZM4	165172	165173	ZMO0199	177.939	165113	pgk	+	59	ZMO0199 (LexA)	TF homology
ZM4	173581	173582	ZMO0199	1699.43	173736	ZMO1_ZMO0184	+	-155	ZMO0199 (LexA)	TF homology
ZM4	177157	177158	ZMO0199	14835.6	177223	ZMO1_ZMOt002	+	-66	ZMO0199 (LexA)	TF homology
ZM4	177781	177782	ZMO0199	83.2628	177746	fhuE	+	35	ZMO0199 (LexA)	TF homology
ZM4	181487	181488	ZMO0199	385.384	181499	sdaA	-	12	ZMO0199 (LexA)	TF homology
ZM4	183546	183547	ZMO0199	45.8925	183620	ZMO1_ZMO0191	-	74	ZMO0199 (LexA)	TF homology
ZM4	194460	194461	ZMO0199	23005.9	194368	lexA	-	-92	ZMO0199 (LexA)	TF homology
ZM4	196245	196246	ZMO0199	84.1112	196170	trpG	-	-75	ZMO0199 (LexA)	TF homology
ZM4	217177	217178	ZMO0199	41.827	217046	ZMO1_ZMO0221	+	131	ZMO0199 (LexA)	TF homology
ZM4	221679	221680	ZMO0199	2956.91	221875	polA	+	-196	ZMO0199 (LexA)	TF homology
ZM4	229438	229439	ZMO0199	417.141	229636	ZMO1_ZMO0232	-	198	ZMO0199 (LexA)	TF homology
ZM4	232150	232151	ZMO0199	369.931	232262	ZMO1_ZMO0234	-	112	ZMO0199 (LexA)	TF homology
ZM4	232857	232858	ZMO0199	14.3974	232799	ZMO1_ZMO0236	+	58	ZMO0199 (LexA)	TF homology
ZM4	234646	234647	ZMO0199	414.869	234818	atpA	+	-172	ZMO0199 (LexA)	TF homology
ZM4	238640	238641	ZMO0199	196.221	238820	atpC	+	-180	ZMO0199 (LexA)	TF homology
ZM4	267407	267408	ZMO0199	119.072	267535	ZMO1_ZMO0264	-	128	ZMO0199 (LexA)	TF homology
ZM4	286650	286651	ZMO0199	18.7667	286839	ZMO1_ZMO0281	-	189	ZMO0199 (LexA)	TF homology
ZM4	293908	293909	ZMO0199	122.531	293738	ZMO1_ZMO0286	-	-170	ZMO0199 (LexA)	TF homology
ZM4	295284	295285	ZMO0199	101.804	295366	ZMO1_ZMO0290	+	-82	ZMO0199 (LexA)	TF homology
ZM4	310672	310673	ZMO0199	194.222	310506	ZMO1_ZMO0306	-	-166	ZMO0199 (LexA)	TF homology
ZM4	318576	318577	ZMO0199	1032.35	318603	ZMO1_ZMO0318	+	-27	ZMO0199 (LexA)	TF homology
ZM4	325141	325142	ZMO0199	67.1682	325021	lspA	+	120	ZMO0199 (LexA)	TF homology
ZM4	329494	329495	ZMO0199	331.126	329552	cbbF1	+	-58	ZMO0199 (LexA)	TF homology
ZM4	368626	368627	ZMO0199	51.61	368513	ligA	+	113	ZMO0199 (LexA)	TF homology
ZM4	370916	370917	ZMO0199	815.913	371081	glf	+	-165	ZMO0199 (LexA)	TF homology
ZM4	376164	376165	ZMO0199	31.2528	376054	glk	+	110	ZMO0199 (LexA)	TF homology
ZM4	378481	378482	ZMO0199	3751.47	378392	ZMO1_ZMO0372	+	89	ZMO0199 (LexA)	TF homology
ZM4	380000	380001	ZMO0199	95.0125	380041	sacB	+	-41	ZMO0199 (LexA)	TF homology
ZM4	393315	393316	ZMO0199	100.327	393157	ZMO1_ZMO0388	+	158	ZMO0199 (LexA)	TF homology
ZM4	406877	406878	ZMO0199	109.285	406965	ZMO1_ZMOt006	+	-88	ZMO0199 (LexA)	TF homology
ZM4	417984	417985	ZMO0199	302.868	418116	ZMO1_ZMO0412	-	132	ZMO0199 (LexA)	TF homology
ZM4	419559	419560	ZMO0199	123.97	419695	ZMO1_ZMO0414	-	136	ZMO0199 (LexA)	TF homology
ZM4	425050	425051	ZMO0199	2640.74	424958	hisC2	-	-92	ZMO0199 (LexA)	TF homology
ZM4	447549	447550	ZMO0199	194.08	447706	ZMO1_ZMO0452	+	-157	ZMO0199 (LexA)	TF homology
ZM4	447902	447903	ZMO0199	2972.41	447706	ZMO1_ZMO0452	+	196	ZMO0199 (LexA)	TF homology
ZM4	469081	469082	ZMO0199	199.795	469191	ribC	-	110	ZMO0199 (LexA)	TF homology
ZM4	470669	470670	ZMO0199	128.97	470632	ZMO1_ZMO0477	-	-37	ZMO0199 (LexA)	TF homology
ZM4	471419	471420	ZMO0199	32.8305	471537	ZMO1_ZMO0479	+	-118	ZMO0199 (LexA)	TF homology
ZM4	483271	483272	ZMO0199	181.026	483304	ZMO1_ZMO0488	-	33	ZMO0199 (LexA)	TF homology
ZM4	483668	483669	ZMO0199	251.651	483636	ZMO1_ZMO0489	+	32	ZMO0199 (LexA)	TF homology
ZM4	486068	486069	ZMO0199	388.966	486064	pepP	+	4	ZMO0199 (LexA)	TF homology
ZM4	489988	489989	ZMO0199	580.354	490037	ZMO1_ZMO0494	+	-49	ZMO0199 (LexA)	TF homology
ZM4	498205	498206	ZMO0199	1034.68	498331	ZMO1_ZMO0497	-	126	ZMO0199 (LexA)	TF homology
ZM4	498477	498478	ZMO0199	156.9	498536	glmU	+	-59	ZMO0199 (LexA)	TF homology
ZM4	507988	507989	ZMO0199	349.672	507965	rluC_1	+	23	ZMO0199 (LexA)	TF homology
ZM4	516070	516071	ZMO0199	352.509	516150	rpsG	+	-80	ZMO0199 (LexA)	TF homology
ZM4	516308	516309	ZMO0199	27.4147	516150	rpsG	+	158	ZMO0199 (LexA)	TF homology
ZM4	521354	521355	ZMO0199	163.964	521512	rplD	+	-158	ZMO0199 (LexA)	TF homology
ZM4	523249	523250	ZMO0199	1652.49	523283	ZMO1_ZMO2004	+	-34	ZMO0199 (LexA)	TF homology
ZM4	525930	525931	ZMO0199	40.9158	526040	rplX	+	-110	ZMO0199 (LexA)	TF homology
ZM4	526914	526915	ZMO0199	428.919	526972	rpsN	+	-58	ZMO0199 (LexA)	TF homology
ZM4	534965	534966	ZMO0199	1576.4	534912	rplQ	+	53	ZMO0199 (LexA)	TF homology
ZM4	545689	545690	ZMO0199	5868.04	545618	ZMO1_ZMO0548	-	-71	ZMO0199 (LexA)	TF homology
ZM4	548320	548321	ZMO0199	17.8064	548400	rpsO	-	80	ZMO0199 (LexA)	TF homology
ZM4	550322	550323	ZMO0199	113.346	550356	rbfA	-	34	ZMO0199 (LexA)	TF homology
ZM4	559342	559343	ZMO0199	70.1481	559252	hisC3	+	90	ZMO0199 (LexA)	TF homology
ZM4	563066	563067	ZMO0199	209.503	563120	hisC4	+	-54	ZMO0199 (LexA)	TF homology
ZM4	589644	589645	ZMO0199	905.051	589686	trpB	-	42	ZMO0199 (LexA)	TF homology
ZM4	591436	591437	ZMO0199	133.936	591469	ZMO1_ZMO0588	-	33	ZMO0199 (LexA)	TF homology
ZM4	609111	609112	ZMO0199	20708.6	608968	ZMO1_ZMO0606	-	-143	ZMO0199 (LexA)	TF homology
ZM4	610295	610296	ZMO0199	48.0624	610131	flgI	-	-164	ZMO0199 (LexA)	TF homology
ZM4	619013	619014	ZMO0199	411.212	619200	flhA	+	-187	ZMO0199 (LexA)	TF homology
ZM4	627211	627212	ZMO0199	110.853	627410	fliE	+	-199	ZMO0199 (LexA)	TF homology
ZM4	630791	630792	ZMO0199	906.254	630667	fliH	+	124	ZMO0199 (LexA)	TF homology
ZM4	647998	647999	ZMO0199	9058.13	647919	add1	+	79	ZMO0199 (LexA)	TF homology
ZM4	663581	663582	ZMO0199	121.785	663633	atpB	+	-52	ZMO0199 (LexA)	TF homology
ZM4	665275	665276	ZMO0199	6112.98	665344	atpF	+	-69	ZMO0199 (LexA)	TF homology
ZM4	666135	666136	ZMO0199	15.5833	666137	uvrC	+	-2	ZMO0199 (LexA)	TF homology
ZM4	680730	680731	ZMO0199	186.06	680698	ZMO1_ZMO0684	+	32	ZMO0199 (LexA)	TF homology
ZM4	693826	693827	ZMO0199	104.437	693720	ZMO1_ZMO0694	-	-106	ZMO0199 (LexA)	TF homology
ZM4	707735	707736	ZMO0199	950.812	707657	ZMO1_ZMO0710	+	78	ZMO0199 (LexA)	TF homology
ZM4	714621	714622	ZMO0199	527.699	714674	rnd2	-	53	ZMO0199 (LexA)	TF homology
ZM4	746949	746950	ZMO0199	39.3876	747007	ZMO1_ZMO0747	+	-58	ZMO0199 (LexA)	TF homology
ZM4	750546	750547	ZMO0199	2192.23	750573	ZMO1_ZMO0751	+	-27	ZMO0199 (LexA)	TF homology
ZM4	764331	764332	ZMO0199	109.519	764453	ZMO1_ZMO0767	+	-122	ZMO0199 (LexA)	TF homology
ZM4	783816	783817	ZMO0199	14.0085	783746	gatC	-	-70	ZMO0199 (LexA)	TF homology
ZM4	788889	788890	ZMO0199	2010.37	788772	ZMO1_ZMO0789	+	117	ZMO0199 (LexA)	TF homology
ZM4	792870	792871	ZMO0199	746.948	793064	pyrC1	+	-194	ZMO0199 (LexA)	TF homology
ZM4	841468	841469	ZMO0199	137.597	841454	ftsQ	+	14	ZMO0199 (LexA)	TF homology
ZM4	845353	845354	ZMO0199	92.7627	845509	ZMO1_ZMO0840	+	-156	ZMO0199 (LexA)	TF homology
ZM4	851742	851743	ZMO0199	102.547	851926	ZMO1_ZMO0844	+	-184	ZMO0199 (LexA)	TF homology
ZM4	858313	858314	ZMO0199	103.406	858415	oprB2	+	-102	ZMO0199 (LexA)	TF homology
ZM4	868404	868405	ZMO0199	42.0592	868355	ispA2	-	-49	ZMO0199 (LexA)	TF homology
ZM4	879185	879186	ZMO0199	76.9866	879105	hpnB	+	80	ZMO0199 (LexA)	TF homology
ZM4	888237	888238	ZMO0199	2.54261	888141	ispH	-	-96	ZMO0199 (LexA)	TF homology
ZM4	888443	888444	ZMO0199	176.136	888637	hpnM	+	-194	ZMO0199 (LexA)	TF homology
ZM4	894355	894356	ZMO0199	1107.17	894296	mcpA2	-	-59	ZMO0199 (LexA)	TF homology
ZM4	895686	895687	ZMO0199	2321.76	895529	rplM	-	-157	ZMO0199 (LexA)	TF homology
ZM4	896644	896645	ZMO0199	4580.42	896838	ZMO1_ZMO0886	-	194	ZMO0199 (LexA)	TF homology
ZM4	908163	908164	ZMO0199	1098.51	908274	ZMO1_ZMO0899	+	-111	ZMO0199 (LexA)	TF homology
ZM4	909798	909799	ZMO0199	5.90831	909963	gltX1	+	-165	ZMO0199 (LexA)	TF homology
ZM4	913911	913912	ZMO0199	139.625	913840	ZMO1_ZMO0902	-	-71	ZMO0199 (LexA)	TF homology
ZM4	932307	932308	ZMO0199	127.598	932379	folD	-	72	ZMO0199 (LexA)	TF homology
ZM4	949806	949807	ZMO0199	268.685	949808	ZMO1_ZMO2007	+	-2	ZMO0199 (LexA)	TF homology
ZM4	953087	953088	ZMO0199	23000.9	953062	ZMO1_ZMO0931	-	-25	ZMO0199 (LexA)	TF homology
ZM4	954138	954139	ZMO0199	21500.1	954115	zliE	-	-23	ZMO0199 (LexA)	TF homology
ZM4	964422	964423	ZMO0199	572.108	964316	ZMO1_ZMOt018	+	106	ZMO0199 (LexA)	TF homology
ZM4	968318	968319	ZMO0199	50.9285	968238	clpP	+	80	ZMO0199 (LexA)	TF homology
ZM4	972461	972462	ZMO0199	85.4937	972262	ZMO1_ZMO0952	-	-199	ZMO0199 (LexA)	TF homology
ZM4	974950	974951	ZMO0199	201.518	975074	cytB	+	-124	ZMO0199 (LexA)	TF homology
ZM4	987557	987558	ZMO0199	3541.81	987503	ZMO1_ZMO0970	+	54	ZMO0199 (LexA)	TF homology
ZM4	989738	989739	ZMO0199	63.1456	989763	ZMO1_ZMO0972	+	-25	ZMO0199 (LexA)	TF homology
ZM4	996892	996893	ZMO0199	61.5339	997005	ZMO1_ZMO0979	+	-113	ZMO0199 (LexA)	TF homology
ZM4	1013253	1013254	ZMO0199	88.4351	1013187	ZMO1_ZMO0994	-	-66	ZMO0199 (LexA)	TF homology
ZM4	1021699	1021700	ZMO0199	156.996	1021678	glmM	+	21	ZMO0199 (LexA)	TF homology
ZM4	1032922	1032923	ZMO0199	6.773	1033017	ZMO1_ZMO1013	-	95	ZMO0199 (LexA)	TF homology
ZM4	1033109	1033110	ZMO0199	35.9258	1033017	ZMO1_ZMO1013	-	-92	ZMO0199 (LexA)	TF homology
ZM4	1034932	1034933	ZMO0199	87.8138	1035038	ZMO1_ZMO1016	-	106	ZMO0199 (LexA)	TF homology
ZM4	1051093	1051094	ZMO0199	66.1157	1051024	argG	+	69	ZMO0199 (LexA)	TF homology
ZM4	1058887	1058888	ZMO0199	110.225	1058719	ZMO1_ZMOt023	+	168	ZMO0199 (LexA)	TF homology
ZM4	1079636	1079637	ZMO0199	551.143	1079542	pspC	+	94	ZMO0199 (LexA)	TF homology
ZM4	1087461	1087462	ZMO0199	5049.6	1087605	rimM	+	-144	ZMO0199 (LexA)	TF homology
ZM4	1088877	1088878	ZMO0199	441.061	1088839	rplS	+	38	ZMO0199 (LexA)	TF homology
ZM4	1094522	1094523	ZMO0199	210.484	1094691	bcsC	+	-169	ZMO0199 (LexA)	TF homology
ZM4	1098765	1098766	ZMO0199	75.8699	1098857	celA	+	-92	ZMO0199 (LexA)	TF homology
ZM4	1106801	1106802	ZMO0199	75.8808	1106728	ZMO1_ZMO1094	+	73	ZMO0199 (LexA)	TF homology
ZM4	1115299	1115300	ZMO0199	118.486	1115389	addA	-	90	ZMO0199 (LexA)	TF homology
ZM4	1129375	1129376	ZMO0199	6.85373	1129473	ndh	+	-98	ZMO0199 (LexA)	TF homology
ZM4	1129569	1129570	ZMO0199	117.734	1129473	ndh	+	96	ZMO0199 (LexA)	TF homology
ZM4	1132809	1132810	ZMO0199	19.559	1132932	gltD	+	-123	ZMO0199 (LexA)	TF homology
ZM4	1133076	1133077	ZMO0199	840.409	1132932	gltD	+	144	ZMO0199 (LexA)	TF homology
ZM4	1143314	1143315	ZMO0199	5833.35	1143161	ZMO1_ZMO1124	-	-153	ZMO0199 (LexA)	TF homology
ZM4	1151709	1151710	ZMO0199	2990.46	1151851	ZMO1_ZMO1134	+	-142	ZMO0199 (LexA)	TF homology
ZM4	1154169	1154170	ZMO0199	4.06875	1154148	ZMO1_ZMO1135	-	-21	ZMO0199 (LexA)	TF homology
ZM4	1154254	1154255	ZMO0199	31.8172	1154148	ZMO1_ZMO1135	-	-106	ZMO0199 (LexA)	TF homology
ZM4	1166225	1166226	ZMO0199	151.036	1166128	ZMO1_ZMO1147	-	-97	ZMO0199 (LexA)	TF homology
ZM4	1169203	1169204	ZMO0199	551.832	1169355	ZMO1_ZMO1148	-	152	ZMO0199 (LexA)	TF homology
ZM4	1173765	1173766	ZMO0199	30.251	1173703	frr	-	-62	ZMO0199 (LexA)	TF homology
ZM4	1176199	1176200	ZMO0199	278.14	1176351	rpsB	-	152	ZMO0199 (LexA)	TF homology
ZM4	1176643	1176644	ZMO0199	23112.2	1176606	ZMO1_ZMO2060	+	37	ZMO0199 (LexA)	TF homology
ZM4	1179201	1179202	ZMO0199	148.282	1179384	psd	-	183	ZMO0199 (LexA)	TF homology
ZM4	1183589	1183590	ZMO0199	2887.63	1183399	comF	-	-190	ZMO0199 (LexA)	TF homology
ZM4	1184634	1184635	ZMO0199	22590.7	1184541	recA	-	-93	ZMO0199 (LexA)	TF homology
ZM4	1200667	1200668	ZMO0199	380.778	1200732	ygcA	-	65	ZMO0199 (LexA)	TF homology
ZM4	1201986	1201987	ZMO0199	244.424	1202183	ZMO1_ZMO1180	-	197	ZMO0199 (LexA)	TF homology
ZM4	1212956	1212957	ZMO0199	1609.05	1212869	ubiB1	+	87	ZMO0199 (LexA)	TF homology
ZM4	1222761	1222762	ZMO0199	117.462	1222958	plsY	-	197	ZMO0199 (LexA)	TF homology
ZM4	1227409	1227410	ZMO0199	287.369	1227581	glyA	+	-172	ZMO0199 (LexA)	TF homology
ZM4	1228889	1228890	ZMO0199	206.089	1228875	nrdR	+	14	ZMO0199 (LexA)	TF homology
ZM4	1230888	1230889	ZMO0199	104.388	1230766	ZMO1_ZMO1205	-	-122	ZMO0199 (LexA)	TF homology
ZM4	1236275	1236276	ZMO0199	130.458	1236154	kup	-	-121	ZMO0199 (LexA)	TF homology
ZM4	1251291	1251292	ZMO0199	799.094	1251172	rpsR	+	119	ZMO0199 (LexA)	TF homology
ZM4	1253906	1253907	ZMO0199	765.41	1253957	recJ	+	-51	ZMO0199 (LexA)	TF homology
ZM4	1256113	1256114	ZMO0199	44.9369	1256093	ZMO1_ZMO1232	+	20	ZMO0199 (LexA)	TF homology
ZM4	1260933	1260934	ZMO0199	306.082	1260857	dxs1	-	-76	ZMO0199 (LexA)	TF homology
ZM4	1264591	1264592	ZMO0199	13829.6	1264477	ldhA	-	-114	ZMO0199 (LexA)	TF homology
ZM4	1265584	1265585	ZMO0199	14.9694	1265633	gpmA	-	49	ZMO0199 (LexA)	TF homology
ZM4	1275970	1275971	ZMO0199	346.385	1275799	ccmC	-	-171	ZMO0199 (LexA)	TF homology
ZM4	1278665	1278666	ZMO0199	913.186	1278835	ssuA	+	-170	ZMO0199 (LexA)	TF homology
ZM4	1289114	1289115	ZMO0199	27.9031	1289194	astD	+	-80	ZMO0199 (LexA)	TF homology
ZM4	1289333	1289334	ZMO0199	108.346	1289194	astD	+	139	ZMO0199 (LexA)	TF homology
ZM4	1310615	1310616	ZMO0199	236.72	1310622	ZMO1_ZMO2014	-	7	ZMO0199 (LexA)	TF homology
ZM4	1321886	1321887	ZMO0199	249.979	1321717	proC2	-	-169	ZMO0199 (LexA)	TF homology
ZM4	1338482	1338483	ZMO0199	200.926	1338475	ZMO1_ZMO1319	-	-7	ZMO0199 (LexA)	TF homology
ZM4	1352732	1352733	ZMO0199	83.455	1352707	wrbA	+	25	ZMO0199 (LexA)	TF homology
ZM4	1374724	1374725	ZMO0199	47.8153	1374914	ZMO1_ZMO2065	+	-190	ZMO0199 (LexA)	TF homology
ZM4	1377631	1377632	ZMO0199	83.182	1377727	ZMO1_ZMO2066	-	96	ZMO0199 (LexA)	TF homology
ZM4	1385376	1385377	ZMO0199	500.746	1385545	ZMO1_ZMO1370	+	-169	ZMO0199 (LexA)	TF homology
ZM4	1387879	1387880	ZMO0199	2321.77	1387826	ZMO1_ZMO1372	-	-53	ZMO0199 (LexA)	TF homology
ZM4	1390759	1390760	ZMO0199	223.366	1390769	rnc	-	10	ZMO0199 (LexA)	TF homology
ZM4	1396741	1396742	ZMO0199	1333.53	1396778	ZMO1_ZMO1382	+	-37	ZMO0199 (LexA)	TF homology
ZM4	1408453	1408454	ZMO0199	3329.71	1408440	ZMO1_ZMO1391	-	-13	ZMO0199 (LexA)	TF homology
ZM4	1412809	1412810	ZMO0199	1728.8	1412930	ZMO1_ZMO1396	-	121	ZMO0199 (LexA)	TF homology
ZM4	1413116	1413117	ZMO0199	1850.12	1412930	ZMO1_ZMO1396	-	-186	ZMO0199 (LexA)	TF homology
ZM4	1422253	1422254	ZMO0199	32.9544	1422091	asd	-	-162	ZMO0199 (LexA)	TF homology
ZM4	1443940	1443941	ZMO0199	62.9683	1444104	thiE2	-	164	ZMO0199 (LexA)	TF homology
ZM4	1448594	1448595	ZMO0199	1540.93	1448762	ZMO1_ZMO1430	-	168	ZMO0199 (LexA)	TF homology
ZM4	1455521	1455522	ZMO0199	74.9058	1455654	leuS	-	133	ZMO0199 (LexA)	TF homology
ZM4	1457106	1457107	ZMO0199	9274.05	1457144	ZMO1_ZMO1437	-	38	ZMO0199 (LexA)	TF homology
ZM4	1466897	1466898	ZMO0199	882.957	1466827	glyQ	-	-70	ZMO0199 (LexA)	TF homology
ZM4	1467337	1467338	ZMO0199	172.238	1467158	ZMO1_ZMO1447	+	179	ZMO0199 (LexA)	TF homology
ZM4	1470664	1470665	ZMO0199	93.4511	1470562	mtlD	-	-102	ZMO0199 (LexA)	TF homology
ZM4	1470882	1470883	ZMO0199	201.492	1470981	phrB	+	-99	ZMO0199 (LexA)	TF homology
ZM4	1475143	1475144	ZMO0199	70.8751	1475140	ZMO1_ZMO1455	+	3	ZMO0199 (LexA)	TF homology
ZM4	1475991	1475992	ZMO0199	54.4778	1476043	ZMO1_ZMO1456	+	-52	ZMO0199 (LexA)	TF homology
ZM4	1495629	1495630	ZMO0199	144.908	1495800	typA	-	171	ZMO0199 (LexA)	TF homology
ZM4	1502296	1502297	ZMO0199	91.2291	1502176	pgl	-	-120	ZMO0199 (LexA)	TF homology
ZM4	1516322	1516323	ZMO0199	15.7821	1516179	kdsA	-	-143	ZMO0199 (LexA)	TF homology
ZM4	1517074	1517075	ZMO0199	478.13	1516996	kdsB	-	-78	ZMO0199 (LexA)	TF homology
ZM4	1522829	1522830	ZMO0199	65.0951	1522632	ppc	+	197	ZMO0199 (LexA)	TF homology
ZM4	1527009	1527010	ZMO0199	125.669	1526929	ZMO1_ZMO1497	-	-80	ZMO0199 (LexA)	TF homology
ZM4	1529754	1529755	ZMO0199	13684.9	1529728	hisA	-	-26	ZMO0199 (LexA)	TF homology
ZM4	1532052	1532053	ZMO0199	3184.55	1531868	ZMO1_ZMO1506	+	184	ZMO0199 (LexA)	TF homology
ZM4	1533198	1533199	ZMO0199	60.3868	1533016	hisS	+	182	ZMO0199 (LexA)	TF homology
ZM4	1536362	1536363	ZMO0199	276.134	1536512	ZMO1_ZMO1511	+	-150	ZMO0199 (LexA)	TF homology
ZM4	1546807	1546808	ZMO0199	2117.4	1546928	ZMO1_ZMO1521	-	121	ZMO0199 (LexA)	TF homology
ZM4	1565753	1565754	ZMO0199	116.829	1565858	ZMO1_ZMO1533	+	-105	ZMO0199 (LexA)	TF homology
ZM4	1569022	1569023	ZMO0199	344.401	1569199	ZMO1_ZMO1536	-	177	ZMO0199 (LexA)	TF homology
ZM4	1573645	1573646	ZMO0199	407.722	1573656	dnaE	-	11	ZMO0199 (LexA)	TF homology
ZM4	1573967	1573968	ZMO0199	513.159	1574009	feoA	+	-42	ZMO0199 (LexA)	TF homology
ZM4	1586439	1586440	ZMO0199	52.3839	1586592	thiL	+	-153	ZMO0199 (LexA)	TF homology
ZM4	1618886	1618887	ZMO0199	96.7379	1618759	ZMO1_ZMOt039	-	-127	ZMO0199 (LexA)	TF homology
ZM4	1626166	1626167	ZMO0199	74.922	1626073	bfr2	+	93	ZMO0199 (LexA)	TF homology
ZM4	1627054	1627055	ZMO0199	18219.7	1627144	uvrA	+	-90	ZMO0199 (LexA)	TF homology
ZM4	1636103	1636104	ZMO0199	136.171	1636123	ZMO1_ZMO2074	-	20	ZMO0199 (LexA)	TF homology
ZM4	1648666	1648667	ZMO0199	234.483	1648591	ZMO1_ZMO1604	-	-75	ZMO0199 (LexA)	TF homology
ZM4	1651834	1651835	ZMO0199	302.075	1651895	ZMO1_ZMO1607	-	61	ZMO0199 (LexA)	TF homology
ZM4	1663392	1663393	ZMO0199	1432.6	1663575	dnaG	+	-183	ZMO0199 (LexA)	TF homology
ZM4	1665315	1665316	ZMO0199	693.24	1665462	rpoD	+	-147	ZMO0199 (LexA)	TF homology
ZM4	1676946	1676947	ZMO0199	29.8668	1676915	ZMO1_ZMO1631	-	-31	ZMO0199 (LexA)	TF homology
ZM4	1682116	1682117	ZMO0199	308.023	1682211	secB	+	-95	ZMO0199 (LexA)	TF homology
ZM4	1687577	1687578	ZMO0199	378.678	1687564	tyrS	+	13	ZMO0199 (LexA)	TF homology
ZM4	1697788	1697789	ZMO0199	411.143	1697899	ZMO1_ZMO1650	+	-111	ZMO0199 (LexA)	TF homology
ZM4	1717633	1717634	ZMO0199	37.6279	1717609	ubiB2	+	24	ZMO0199 (LexA)	TF homology
ZM4	1721642	1721643	ZMO0199	3173.69	1721630	ZMO1_ZMO1675	-	-12	ZMO0199 (LexA)	TF homology
ZM4	1742284	1742285	ZMO0199	93.4244	1742213	fabI	+	71	ZMO0199 (LexA)	TF homology
ZM4	1746813	1746814	ZMO0199	90.6449	1746651	ZMO1_ZMO1694	-	-162	ZMO0199 (LexA)	TF homology
ZM4	1748692	1748693	ZMO0199	1431.33	1748743	ZMO1_ZMO1697	+	-51	ZMO0199 (LexA)	TF homology
ZM4	1757447	1757448	ZMO0199	146.913	1757514	lon2	-	67	ZMO0199 (LexA)	TF homology
ZM4	1758602	1758603	ZMO0199	322.053	1758664	pyrE	+	-62	ZMO0199 (LexA)	TF homology
ZM4	1761205	1761206	ZMO0199	217.469	1761388	ZMO1_ZMO1711	+	-183	ZMO0199 (LexA)	TF homology
ZM4	1763461	1763462	ZMO0199	288.794	1763628	rpsU	-	167	ZMO0199 (LexA)	TF homology
ZM4	1770718	1770719	ZMO0199	97.1797	1770678	gloA3	-	-40	ZMO0199 (LexA)	TF homology
ZM4	1794401	1794402	ZMO0199	5697.19	1794289	ZMO1_ZMO1748	-	-112	ZMO0199 (LexA)	TF homology
ZM4	1796255	1796256	ZMO0199	2501.68	1796148	ZMO1_ZMO1750	-	-107	ZMO0199 (LexA)	TF homology
ZM4	1796959	1796960	ZMO0199	1338.6	1797110	ZMO1_ZMO1751	+	-151	ZMO0199 (LexA)	TF homology
ZM4	1797502	1797503	ZMO0199	120.867	1797542	ZMO1_ZMO1752	+	-40	ZMO0199 (LexA)	TF homology
ZM4	1798045	1798046	ZMO0199	7342.32	1798158	fpr	+	-113	ZMO0199 (LexA)	TF homology
ZM4	1801758	1801759	ZMO0199	49.8021	1801692	thyB	-	-66	ZMO0199 (LexA)	TF homology
ZM4	1802059	1802060	ZMO0199	3204.57	1802064	gntP	+	-5	ZMO0199 (LexA)	TF homology
ZM4	1826329	1826330	ZMO0199	67.9174	1826236	ZMO1_ZMO1778	-	-93	ZMO0199 (LexA)	TF homology
ZM4	1828371	1828372	ZMO0199	128.195	1828472	mscS3	-	101	ZMO0199 (LexA)	TF homology
ZM4	1831026	1831027	ZMO0199	136.465	1831127	mscS4	-	101	ZMO0199 (LexA)	TF homology
ZM4	1832636	1832637	ZMO0199	18072.8	1832586	ZMO1_ZMO1787	-	-50	ZMO0199 (LexA)	TF homology
ZM4	1849797	1849798	ZMO0199	609.971	1849886	ZMO1_ZMO1807	+	-89	ZMO0199 (LexA)	TF homology
ZM4	1855203	1855204	ZMO0199	281.831	1855047	rnfD	-	-156	ZMO0199 (LexA)	TF homology
ZM4	1861215	1861216	ZMO0199	60.348	1861167	nifA	+	48	ZMO0199 (LexA)	TF homology
ZM4	1868285	1868286	ZMO0199	52.5923	1868308	ZMO1_ZMO1822	-	23	ZMO0199 (LexA)	TF homology
ZM4	1877652	1877653	ZMO0199	5782.85	1877585	iscA	+	67	ZMO0199 (LexA)	TF homology
ZM4	1882320	1882321	ZMO0199	199.596	1882259	ZMO1_ZMO1838	-	-61	ZMO0199 (LexA)	TF homology
ZM4	1894345	1894346	ZMO0199	158.396	1894297	dapA2	-	-48	ZMO0199 (LexA)	TF homology
ZM4	1904035	1904036	ZMO0199	95.4065	1903908	ZMO1_ZMOt045	-	-127	ZMO0199 (LexA)	TF homology
ZM4	1917888	1917889	ZMO0199	112.275	1917760	ZMO1_ZMOt048	-	-128	ZMO0199 (LexA)	TF homology
ZM4	1922539	1922540	ZMO0199	54.9013	1922508	ZMO1_ZMO1867	-	-31	ZMO0199 (LexA)	TF homology
ZM4	1926135	1926136	ZMO0199	39.1976	1926188	nadA	-	53	ZMO0199 (LexA)	TF homology
ZM4	1940345	1940346	ZMO0199	130.318	1940416	ZMO1_ZMO1886	-	71	ZMO0199 (LexA)	TF homology
ZM4	1945613	1945614	ZMO0199	158.277	1945698	ZMO1_ZMO1892	-	85	ZMO0199 (LexA)	TF homology
ZM4	1951871	1951872	ZMO0199	440.162	1951817	fabH	-	-54	ZMO0199 (LexA)	TF homology
ZM4	1954458	1954459	ZMO0199	354.109	1954345	ZMO1_ZMO1901	-	-113	ZMO0199 (LexA)	TF homology
ZM4	1964231	1964232	ZMO0199	393.604	1964402	ychF	+	-171	ZMO0199 (LexA)	TF homology
ZM4	1973026	1973027	ZMO0199	1448.44	1973113	ZMO1_ZMO1920	+	-87	ZMO0199 (LexA)	TF homology
ZM4	1977093	1977094	ZMO0199	4.717	1977226	kpsS	-	133	ZMO0199 (LexA)	TF homology
ZM4	1977260	1977261	ZMO0199	25.9811	1977226	kpsS	-	-34	ZMO0199 (LexA)	TF homology
ZM4	1977775	1977776	ZMO0199	1459.76	1977631	ZMO1_ZMO1923	+	144	ZMO0199 (LexA)	TF homology
ZM4	1980141	1980142	ZMO0199	34.4757	1980071	ZMO1_ZMO1924	-	-70	ZMO0199 (LexA)	TF homology
ZM4	1994065	1994066	ZMO0199	13.4177	1994084	ZMO1_ZMO1934	-	19	ZMO0199 (LexA)	TF homology
ZM4	2013295	2013296	ZMO0199	448.066	2013483	mdh	-	188	ZMO0199 (LexA)	TF homology
ZM4	2030322	2030323	ZMO0199	339.262	2030131	ZMO1_ZMO1966	+	191	ZMO0199 (LexA)	TF homology
ZM4	2031208	2031209	ZMO0199	2084.96	2031146	blaP	+	62	ZMO0199 (LexA)	TF homology
ZM4	2034009	2034010	ZMO0199	75.7284	2033903	ZMO1_ZMO1969	-	-106	ZMO0199 (LexA)	TF homology
ZM4	2036456	2036457	ZMO0199	17702.1	2036564	ZMO1_ZMO1973	-	108	ZMO0199 (LexA)	TF homology
ZM4	2043025	2043026	ZMO0199	452.033	2043026	parA	-	1	ZMO0199 (LexA)	TF homology
ZM4	2045669	2045670	ZMO0199	1074.62	2045550	gidA	-	-119	ZMO0199 (LexA)	TF homology
ZM4	2045907	2045908	ZMO0199	6322.79	2045915	ZMO1_ZMO1983	+	-8	ZMO0199 (LexA)	TF homology
ZM4	2057924	2057925	ZMO0199	97.9957	2058037	hemE	-	113	ZMO0199 (LexA)	TF homology
pZM32	4545	4546	ZMO0199	230.183	4406	ZMO1_ZMOp32x002	+	139	ZMO0199 (LexA)	TF homology
pZM32	14510	14511	ZMO0199	381.415	14430	ZMO1_ZMOp32x012	+	80	ZMO0199 (LexA)	TF homology
pZM32	18215	18216	ZMO0199	41.6097	18312	ZMO1_ZMOp32x019	+	-97	ZMO0199 (LexA)	TF homology
pZM32	18415	18416	ZMO0199	1957.79	18312	ZMO1_ZMOp32x019	+	103	ZMO0199 (LexA)	TF homology
pZM32	23090	23091	ZMO0199	712.669	22899	ZMO1_ZMOp32x023	+	191	ZMO0199 (LexA)	TF homology
pZM33	4574	4575	ZMO0199	137.597	4539	ZMO1_ZMOp33x008	-	-35	ZMO0199 (LexA)	TF homology
pZM33	13398	13399	ZMO0199	54.8416	13531	ZMO1_ZMOp33x018	+	-133	ZMO0199 (LexA)	TF homology
pZM33	15317	15318	ZMO0199	75.8699	15161	ZMO1_ZMOp33x019	-	-156	ZMO0199 (LexA)	TF homology
pZM33	16614	16615	ZMO0199	70.9357	16573	ZMO1_ZMOp33x020	-	-41	ZMO0199 (LexA)	TF homology
pZM33	18983	18984	ZMO0199	75.8699	19135	ZMO1_ZMOp33x023	+	-152	ZMO0199 (LexA)	TF homology
pZM33	19117	19118	ZMO0199	391.495	19135	ZMO1_ZMOp33x023	+	-18	ZMO0199 (LexA)	TF homology
pZM36	7235	7236	ZMO0199	20856.4	7376	ZMO1_ZMOp36x010	+	-141	ZMO0199 (LexA)	TF homology
pZM36	13278	13279	ZMO0199	91.3325	13242	ZMO1_ZMOp36x016	+	36	ZMO0199 (LexA)	TF homology
pZM36	17796	17797	ZMO0199	90.1543	17663	ZMO1_ZMOp36x052	-	-133	ZMO0199 (LexA)	TF homology
pZM36	23456	23457	ZMO0199	35.9258	23502	ZMO1_ZMOp36x031	-	46	ZMO0199 (LexA)	TF homology
pZM36	28800	28801	ZMO0199	476.596	28793	ZMO1_ZMOp36x039	+	7	ZMO0199 (LexA)	TF homology
pZM36	31151	31152	ZMO0199	18.7948	31040	ZMO1_ZMOp36x041	-	-111	ZMO0199 (LexA)	TF homology
pZM36	33956	33957	ZMO0199	151.294	33799	ZMO1_ZMOp36x044	+	157	ZMO0199 (LexA)	TF homology
pZM39	3744	3745	ZMO0199	33.4064	3670	ZMO1_ZMOp39x007	+	74	ZMO0199 (LexA)	TF homology
pZM39	22366	22367	ZMO0199	54.8416	22275	ZMO1_ZMOp39x022	+	91	ZMO0199 (LexA)	TF homology
pZM39	23922	23923	ZMO0199	90.1543	23996	ZMO1_ZMOp39x025	-	74	ZMO0199 (LexA)	TF homology
pZM39	34917	34918	ZMO0199	95.4952	34876	ZMO1_ZMOp39x031	+	41	ZMO0199 (LexA)	TF homology
ZM4	4432	4433	ZMO0203	19.1594	4328	cysC	-	-104	ZMO0203 (MerR)	TF homology
ZM4	5586	5587	ZMO0203	1.98576	5769	cysN	-	183	ZMO0203 (MerR)	TF homology
ZM4	61708	61709	ZMO0203	17.7431	61629	ZMO1_ZMO0069	+	79	ZMO0203 (MerR)	TF homology
ZM4	79130	79131	ZMO0203	36.1843	78967	ZMO1_ZMO0086	-	-163	ZMO0203 (MerR)	TF homology
ZM4	130880	130881	ZMO0203	1.34685	130699	ZMO1_ZMO0142	+	181	ZMO0203 (MerR)	TF homology
ZM4	134027	134028	ZMO0203	14.6599	134054	ZMO1_ZMO0145	+	-27	ZMO0203 (MerR)	TF homology
ZM4	147058	147059	ZMO0203	4.39215	146899	tolQ	+	159	ZMO0203 (MerR)	TF homology
ZM4	154098	154099	ZMO0203	56.2649	154130	soxR	+	-32	ZMO0203 (MerR)	TF homology
ZM4	199562	199563	ZMO0203	13491.9	199546	pbrR	-	-16	ZMO0203 (MerR)	TF homology
ZM4	234169	234170	ZMO0203	18.5863	234261	atpH	+	-92	ZMO0203 (MerR)	TF homology
ZM4	283518	283519	ZMO0203	8.29741	283445	ZMO1_ZMO0276	-	-73	ZMO0203 (MerR)	TF homology
ZM4	284967	284968	ZMO0203	11.1614	285023	ZMO1_ZMO0279	+	-56	ZMO0203 (MerR)	TF homology
ZM4	285130	285131	ZMO0203	7.37148	285023	ZMO1_ZMO0279	+	107	ZMO0203 (MerR)	TF homology
ZM4	299120	299121	ZMO0203	18.8853	299172	ZMO1_ZMO0293	-	52	ZMO0203 (MerR)	TF homology
ZM4	375929	375930	ZMO0203	17.7772	376054	glk	+	-125	ZMO0203 (MerR)	TF homology
ZM4	393213	393214	ZMO0203	5.1055	393157	ZMO1_ZMO0388	+	56	ZMO0203 (MerR)	TF homology
ZM4	393343	393344	ZMO0203	15.3473	393493	ZMO1_ZMO0389	+	-150	ZMO0203 (MerR)	TF homology
ZM4	438050	438051	ZMO0203	8.62394	437901	ZMO1_ZMO0440	+	149	ZMO0203 (MerR)	TF homology
ZM4	487845	487846	ZMO0203	1.52144	487997	glnB	+	-152	ZMO0203 (MerR)	TF homology
ZM4	520659	520660	ZMO0203	3.39207	520781	rplC	+	-122	ZMO0203 (MerR)	TF homology
ZM4	521326	521327	ZMO0203	16.6581	521512	rplD	+	-186	ZMO0203 (MerR)	TF homology
ZM4	556076	556077	ZMO0203	44.3826	555893	nusA	-	-183	ZMO0203 (MerR)	TF homology
ZM4	791967	791968	ZMO0203	77.9813	792108	pyrB	+	-141	ZMO0203 (MerR)	TF homology
ZM4	797190	797191	ZMO0203	93.5187	797171	ZMO1_ZMO0794	-	-19	ZMO0203 (MerR)	TF homology
ZM4	799657	799658	ZMO0203	9.41257	799724	ZMO1_ZMO0796	-	67	ZMO0203 (MerR)	TF homology
ZM4	824488	824489	ZMO0203	472.162	824420	purL	-	-68	ZMO0203 (MerR)	TF homology
ZM4	834261	834262	ZMO0203	3.73644	834423	murD	+	-162	ZMO0203 (MerR)	TF homology
ZM4	868512	868513	ZMO0203	5.048	868610	xseB	-	98	ZMO0203 (MerR)	TF homology
ZM4	894462	894463	ZMO0203	13.2702	894296	mcpA2	-	-166	ZMO0203 (MerR)	TF homology
ZM4	907300	907301	ZMO0203	12.1125	907229	ZMO1_ZMO0896	+	71	ZMO0203 (MerR)	TF homology
ZM4	968404	968405	ZMO0203	7.20457	968238	clpP	+	166	ZMO0203 (MerR)	TF homology
ZM4	1039554	1039555	ZMO0203	135.553	1039435	lysA1	-	-119	ZMO0203 (MerR)	TF homology
ZM4	1082098	1082099	ZMO0203	7.43789	1082281	rnpB	-	183	ZMO0203 (MerR)	TF homology
ZM4	1247567	1247568	ZMO0203	16.4328	1247547	tatA	-	-20	ZMO0203 (MerR)	TF homology
ZM4	1250912	1250913	ZMO0203	16.9783	1250777	rpsF	+	135	ZMO0203 (MerR)	TF homology
ZM4	1279863	1279864	ZMO0203	95.7761	1279838	ssuC	+	25	ZMO0203 (MerR)	TF homology
ZM4	1311138	1311139	ZMO0203	15.8426	1311194	ZMO1_ZMO2015	-	56	ZMO0203 (MerR)	TF homology
ZM4	1320051	1320052	ZMO0203	1456.92	1320086	lipB	+	-35	ZMO0203 (MerR)	TF homology
ZM4	1427793	1427794	ZMO0203	11.9087	1427629	ZMO1_ZMO1412	-	-164	ZMO0203 (MerR)	TF homology
ZM4	1444990	1444991	ZMO0203	14.0383	1444946	ZMO1_ZMO1428	+	44	ZMO0203 (MerR)	TF homology
ZM4	1615444	1615445	ZMO0203	7.51476	1615415	ZMO1_ZMOr001	-	-29	ZMO0203 (MerR)	TF homology
ZM4	1618818	1618819	ZMO0203	10.3409	1618759	ZMO1_ZMOt039	-	-59	ZMO0203 (MerR)	TF homology
ZM4	1649972	1649973	ZMO0203	35.0275	1650094	pdhB	-	122	ZMO0203 (MerR)	TF homology
ZM4	1685745	1685746	ZMO0203	6.41381	1685568	ZMO1_ZMO1641	+	177	ZMO0203 (MerR)	TF homology
ZM4	1734843	1734844	ZMO0203	5.96988	1734730	hisZ	+	113	ZMO0203 (MerR)	TF homology
ZM4	1750442	1750443	ZMO0203	2.7675	1750360	ribA	-	-82	ZMO0203 (MerR)	TF homology
ZM4	1849933	1849934	ZMO0203	140.807	1849886	ZMO1_ZMO1807	+	47	ZMO0203 (MerR)	TF homology
ZM4	1869774	1869775	ZMO0203	15.0212	1869584	nifD	+	190	ZMO0203 (MerR)	TF homology
ZM4	1900587	1900588	ZMO0203	10.8797	1900564	ZMO1_ZMOr004	-	-23	ZMO0203 (MerR)	TF homology
ZM4	1903959	1903960	ZMO0203	16.9637	1903908	ZMO1_ZMOt045	-	-51	ZMO0203 (MerR)	TF homology
ZM4	1910348	1910349	ZMO0203	91.496	1910243	ZMO1_ZMO1861	-	-105	ZMO0203 (MerR)	TF homology
ZM4	1914438	1914439	ZMO0203	11.3955	1914416	ZMO1_ZMOr007	-	-22	ZMO0203 (MerR)	TF homology
ZM4	1917810	1917811	ZMO0203	22.0204	1917760	ZMO1_ZMOt048	-	-50	ZMO0203 (MerR)	TF homology
ZM4	1973023	1973024	ZMO0203	69.1263	1973113	ZMO1_ZMO1920	+	-90	ZMO0203 (MerR)	TF homology
ZM4	1984652	1984653	ZMO0203	50.2388	1984724	groEL	+	-72	ZMO0203 (MerR)	TF homology
ZM4	1989042	1989043	ZMO0203	7.62822	1989215	ZMO1_ZMO2032	+	-173	ZMO0203 (MerR)	TF homology
ZM4	1994028	1994029	ZMO0203	7.11207	1994084	ZMO1_ZMO1934	-	56	ZMO0203 (MerR)	TF homology
ZM4	1994555	1994556	ZMO0203	6.88963	1994546	ZMO1_ZMO2034	+	9	ZMO0203 (MerR)	TF homology
ZM4	1998398	1998399	ZMO0203	4.85089	1998489	ZMO1_ZMO1940	+	-91	ZMO0203 (MerR)	TF homology
ZM4	2003025	2003026	ZMO0203	1.68258	2002998	ZMO1_ZMO1944	-	-27	ZMO0203 (MerR)	TF homology
ZM4	2004053	2004054	ZMO0203	8.71069	2004015	ZMO1_ZMO1946	+	38	ZMO0203 (MerR)	TF homology
ZM4	2030089	2030090	ZMO0203	866.649	2030131	ZMO1_ZMO1966	+	-42	ZMO0203 (MerR)	TF homology
pZM36	17062	17063	ZMO0203	52.0119	17232	ZMO1_ZMOp36x051	-	170	ZMO0203 (MerR)	TF homology
pZM39	20274	20275	ZMO0203	453.991	20166	ZMO1_ZMOp39x018	-	-108	ZMO0203 (MerR)	TF homology
ZM4	318405	318406	ZMO0244	20.7285	318262	ZMO1_ZMO0315	-	-143	ZMO0244 (HU)	NAP homology
ZM4	1519483	1519484	ZMO0244	9.03671	1519568	ZMO1_ZMO2071	-	85	ZMO0244 (HU)	NAP homology
ZM4	286966	286967	ZMO0281	343.467	287064	ZMO1_ZMO0282	+	-98	ZMO0281 (TetR)	TF homology
ZM4	318418	318419	ZMO0349	21.2361	318262	ZMO1_ZMO0315	-	-156	ZMO0349 (DUF179)	TF homology
ZM4	8946	8947	ZMO0373	215.195	9119	cysH	-	173	ZMO0373 (Global reg)	Predicted DBD
ZM4	13038	13039	ZMO0373	328.758	13005	ZMO1_ZMO0010	+	33	ZMO0373 (Global reg)	Predicted DBD
ZM4	17287	17288	ZMO0373	39.7165	17332	hrcA	+	-45	ZMO0373 (Global reg)	Predicted DBD
ZM4	26808	26809	ZMO0373	243.265	26828	ZMO1_ZMO0023	-	20	ZMO0373 (Global reg)	Predicted DBD
ZM4	27026	27027	ZMO0373	503.655	26924	ZMO1_ZMO0025	+	102	ZMO0373 (Global reg)	Predicted DBD
ZM4	28114	28115	ZMO0373	459.408	28028	ZMO1_ZMO0026	+	86	ZMO0373 (Global reg)	Predicted DBD
ZM4	29379	29380	ZMO0373	345.553	29292	purH	+	87	ZMO0373 (Global reg)	Predicted DBD
ZM4	33843	33844	ZMO0373	162.08	33933	ZMO1_ZMO0029	-	90	ZMO0373 (Global reg)	Predicted DBD
ZM4	37842	37843	ZMO0373	133.32	37836	ZMO1_ZMO0033	-	-6	ZMO0373 (Global reg)	Predicted DBD
ZM4	39066	39067	ZMO0373	58.1974	38960	ZMO1_ZMO0036	-	-106	ZMO0373 (Global reg)	Predicted DBD
ZM4	43710	43711	ZMO0373	66.1692	43593	ZMO1_ZMO0044	+	117	ZMO0373 (Global reg)	Predicted DBD
ZM4	46002	46003	ZMO0373	365.118	46002	ZMO1_ZMO0047	-	0	ZMO0373 (Global reg)	Predicted DBD
ZM4	59420	59421	ZMO0373	534.622	59456	oprB1	-	36	ZMO0373 (Global reg)	Predicted DBD
ZM4	62312	62313	ZMO0373	459.799	62216	grxB1	+	96	ZMO0373 (Global reg)	Predicted DBD
ZM4	68459	68460	ZMO0373	79.9015	68487	miaB	-	28	ZMO0373 (Global reg)	Predicted DBD
ZM4	74716	74717	ZMO0373	229.47	74602	cheA1	-	-114	ZMO0373 (Global reg)	Predicted DBD
ZM4	79710	79711	ZMO0373	51.5512	79592	ZMO1_ZMO0087	-	-118	ZMO0373 (Global reg)	Predicted DBD
ZM4	86521	86522	ZMO0373	125.79	86441	ZMO1_ZMO2042	+	80	ZMO0373 (Global reg)	Predicted DBD
ZM4	88687	88688	ZMO0373	343.148	88490	ZMO1_ZMO0101	+	197	ZMO0373 (Global reg)	Predicted DBD
ZM4	91483	91484	ZMO0373	71.2413	91651	leuC	+	-168	ZMO0373 (Global reg)	Predicted DBD
ZM4	94538	94539	ZMO0373	10.4786	94554	ZMO1_ZMO0107	-	16	ZMO0373 (Global reg)	Predicted DBD
ZM4	95120	95121	ZMO0373	1558.35	95276	ZMO1_ZMO0109	+	-156	ZMO0373 (Global reg)	Predicted DBD
ZM4	95349	95350	ZMO0373	323.847	95276	ZMO1_ZMO0109	+	73	ZMO0373 (Global reg)	Predicted DBD
ZM4	99926	99927	ZMO0373	54.8476	99840	ZMO1_ZMO0112	+	86	ZMO0373 (Global reg)	Predicted DBD
ZM4	104611	104612	ZMO0373	355.986	104520	hcp	+	91	ZMO0373 (Global reg)	Predicted DBD
ZM4	113608	113609	ZMO0373	20.7224	113615	ZMO1_ZMOt001	-	7	ZMO0373 (Global reg)	Predicted DBD
ZM4	125322	125323	ZMO0373	1373.49	125250	ZMO1_ZMO0134	+	72	ZMO0373 (Global reg)	Predicted DBD
ZM4	126010	126011	ZMO0373	223.176	125858	ZMO1_ZMO0135	+	152	ZMO0373 (Global reg)	Predicted DBD
ZM4	129917	129918	ZMO0373	51.0904	129815	ZMO1_ZMO0139	-	-102	ZMO0373 (Global reg)	Predicted DBD
ZM4	130361	130362	ZMO0373	74.1445	130360	ptpA	-	-1	ZMO0373 (Global reg)	Predicted DBD
ZM4	142410	142411	ZMO0373	64.4349	142276	ruvC	+	134	ZMO0373 (Global reg)	Predicted DBD
ZM4	147033	147034	ZMO0373	45.6234	146899	tolQ	+	134	ZMO0373 (Global reg)	Predicted DBD
ZM4	149173	149174	ZMO0373	89.8172	149279	tolB	+	-106	ZMO0373 (Global reg)	Predicted DBD
ZM4	153015	153016	ZMO0373	63.4781	152938	ZMO1_ZMO2000	-	-77	ZMO0373 (Global reg)	Predicted DBD
ZM4	161238	161239	ZMO0373	664.633	161129	ZMO1_ZMO0174	-	-109	ZMO0373 (Global reg)	Predicted DBD
ZM4	164980	164981	ZMO0373	1457.39	165113	pgk	+	-133	ZMO0373 (Global reg)	Predicted DBD
ZM4	195448	195449	ZMO0373	17.1338	195559	trpD	-	111	ZMO0373 (Global reg)	Predicted DBD
ZM4	199580	199581	ZMO0373	909.803	199613	czcD	+	-33	ZMO0373 (Global reg)	Predicted DBD
ZM4	202176	202177	ZMO0373	706	202362	proB	-	186	ZMO0373 (Global reg)	Predicted DBD
ZM4	204232	204233	ZMO0373	18.7958	204090	ZMO1_ZMO0208	-	-142	ZMO0373 (Global reg)	Predicted DBD
ZM4	204626	204627	ZMO0373	65.4625	204552	rpmA	-	-74	ZMO0373 (Global reg)	Predicted DBD
ZM4	216348	216349	ZMO0373	19.8706	216379	fdxA	+	-31	ZMO0373 (Global reg)	Predicted DBD
ZM4	216531	216532	ZMO0373	9.60139	216379	fdxA	+	152	ZMO0373 (Global reg)	Predicted DBD
ZM4	220917	220918	ZMO0373	61.9164	220731	metX	-	-186	ZMO0373 (Global reg)	Predicted DBD
ZM4	238905	238906	ZMO0373	22.4913	238820	atpC	+	85	ZMO0373 (Global reg)	Predicted DBD
ZM4	241810	241811	ZMO0373	1161.07	241972	hslU	+	-162	ZMO0373 (Global reg)	Predicted DBD
ZM4	245074	245075	ZMO0373	124.357	245174	ZMO1_ZMO0252	+	-100	ZMO0373 (Global reg)	Predicted DBD
ZM4	259170	259171	ZMO0373	123.432	259048	ZMO1_ZMO0256	+	122	ZMO0373 (Global reg)	Predicted DBD
ZM4	260873	260874	ZMO0373	55.5067	260995	ZMO1_ZMO0257	+	-122	ZMO0373 (Global reg)	Predicted DBD
ZM4	276447	276448	ZMO0373	551.491	276475	ZMO1_ZMO0270	-	28	ZMO0373 (Global reg)	Predicted DBD
ZM4	283399	283400	ZMO0373	708.166	283445	ZMO1_ZMO0276	-	46	ZMO0373 (Global reg)	Predicted DBD
ZM4	286735	286736	ZMO0373	838.928	286839	ZMO1_ZMO0281	-	104	ZMO0373 (Global reg)	Predicted DBD
ZM4	295386	295387	ZMO0373	30.7616	295366	ZMO1_ZMO0290	+	20	ZMO0373 (Global reg)	Predicted DBD
ZM4	300286	300287	ZMO0373	225.743	300144	ZMO1_ZMO0294	-	-142	ZMO0373 (Global reg)	Predicted DBD
ZM4	306628	306629	ZMO0373	1207	306493	ZMO1_ZMO0301	+	135	ZMO0373 (Global reg)	Predicted DBD
ZM4	308970	308971	ZMO0373	66.4266	309144	ZMO1_ZMO0305	-	174	ZMO0373 (Global reg)	Predicted DBD
ZM4	310579	310580	ZMO0373	627.41	310506	ZMO1_ZMO0306	-	-73	ZMO0373 (Global reg)	Predicted DBD
ZM4	316036	316037	ZMO0373	37.6054	315872	ZMO1_ZMO0313	+	164	ZMO0373 (Global reg)	Predicted DBD
ZM4	329086	329087	ZMO0373	1207.92	328989	efp	+	97	ZMO0373 (Global reg)	Predicted DBD
ZM4	329591	329592	ZMO0373	270.404	329552	cbbF1	+	39	ZMO0373 (Global reg)	Predicted DBD
ZM4	332280	332281	ZMO0373	27.7698	332190	thiE1	-	-90	ZMO0373 (Global reg)	Predicted DBD
ZM4	333311	333312	ZMO0373	44.5987	333461	ZMO1_ZMO0336	+	-150	ZMO0373 (Global reg)	Predicted DBD
ZM4	334260	334261	ZMO0373	266.327	334276	exoC	+	-16	ZMO0373 (Global reg)	Predicted DBD
ZM4	335918	335919	ZMO0373	406.277	335842	ZMO1_ZMO0341	+	76	ZMO0373 (Global reg)	Predicted DBD
ZM4	341485	341486	ZMO0373	177.058	341633	amtB	+	-148	ZMO0373 (Global reg)	Predicted DBD
ZM4	341693	341694	ZMO0373	10.7614	341633	amtB	+	60	ZMO0373 (Global reg)	Predicted DBD
ZM4	358503	358504	ZMO0373	515.223	358453	mreC	+	50	ZMO0373 (Global reg)	Predicted DBD
ZM4	375892	375893	ZMO0373	42.0001	376054	glk	+	-162	ZMO0373 (Global reg)	Predicted DBD
ZM4	378328	378329	ZMO0373	1875.03	378392	ZMO1_ZMO0372	+	-64	ZMO0373 (Global reg)	Predicted DBD
ZM4	390882	390883	ZMO0373	42.7673	390772	ZMO1_ZMO0383	+	110	ZMO0373 (Global reg)	Predicted DBD
ZM4	391764	391765	ZMO0373	11.6193	391649	ZMO1_ZMO0384	+	115	ZMO0373 (Global reg)	Predicted DBD
ZM4	391963	391964	ZMO0373	187.441	391941	ZMO1_ZMO0385	+	22	ZMO0373 (Global reg)	Predicted DBD
ZM4	392976	392977	ZMO0373	356.796	393157	ZMO1_ZMO0388	+	-181	ZMO0373 (Global reg)	Predicted DBD
ZM4	406594	406595	ZMO0373	20.233	406761	ppx1	-	167	ZMO0373 (Global reg)	Predicted DBD
ZM4	423906	423907	ZMO0373	196.774	423848	tyrC	-	-58	ZMO0373 (Global reg)	Predicted DBD
ZM4	431448	431449	ZMO0373	2308.2	431439	ZMO1_ZMO0430	+	9	ZMO0373 (Global reg)	Predicted DBD
ZM4	433741	433742	ZMO0373	112.355	433911	rocF	-	170	ZMO0373 (Global reg)	Predicted DBD
ZM4	435499	435500	ZMO0373	1.63687	435506	ZMO1_ZMO0435	-	7	ZMO0373 (Global reg)	Predicted DBD
ZM4	435699	435700	ZMO0373	328.623	435506	ZMO1_ZMO0435	-	-193	ZMO0373 (Global reg)	Predicted DBD
ZM4	437841	437842	ZMO0373	238.766	437901	ZMO1_ZMO0440	+	-60	ZMO0373 (Global reg)	Predicted DBD
ZM4	440680	440681	ZMO0373	21.7418	440716	nrdF	-	36	ZMO0373 (Global reg)	Predicted DBD
ZM4	446135	446136	ZMO0373	588.013	446086	ZMO1_ZMO0448	-	-49	ZMO0373 (Global reg)	Predicted DBD
ZM4	446413	446414	ZMO0373	26.9951	446547	ZMO1_ZMOt007	+	-134	ZMO0373 (Global reg)	Predicted DBD
ZM4	449187	449188	ZMO0373	108.765	449257	engA	+	-70	ZMO0373 (Global reg)	Predicted DBD
ZM4	456872	456873	ZMO0373	258.218	456991	proS	-	119	ZMO0373 (Global reg)	Predicted DBD
ZM4	459035	459036	ZMO0373	225.249	459115	pyrG	-	80	ZMO0373 (Global reg)	Predicted DBD
ZM4	460880	460881	ZMO0373	92.2515	460927	ZMO1_ZMO0467	+	-47	ZMO0373 (Global reg)	Predicted DBD
ZM4	462789	462790	ZMO0373	486.369	462852	trpE	+	-63	ZMO0373 (Global reg)	Predicted DBD
ZM4	470566	470567	ZMO0373	121.963	470632	ZMO1_ZMO0477	-	66	ZMO0373 (Global reg)	Predicted DBD
ZM4	470814	470815	ZMO0373	78.1982	470814	ZMO1_ZMO0478	+	0	ZMO0373 (Global reg)	Predicted DBD
ZM4	472880	472881	ZMO0373	612.032	472882	ZMO1_ZMO0480	+	-2	ZMO0373 (Global reg)	Predicted DBD
ZM4	475646	475647	ZMO0373	190.617	475717	ZMO1_ZMO0481	-	71	ZMO0373 (Global reg)	Predicted DBD
ZM4	483201	483202	ZMO0373	30.5049	483304	ZMO1_ZMO0488	-	103	ZMO0373 (Global reg)	Predicted DBD
ZM4	483620	483621	ZMO0373	97.8672	483636	ZMO1_ZMO0489	+	-16	ZMO0373 (Global reg)	Predicted DBD
ZM4	486018	486019	ZMO0373	3.51631	486064	pepP	+	-46	ZMO0373 (Global reg)	Predicted DBD
ZM4	498262	498263	ZMO0373	83.8354	498331	ZMO1_ZMO0497	-	69	ZMO0373 (Global reg)	Predicted DBD
ZM4	498544	498545	ZMO0373	538.094	498536	glmU	+	8	ZMO0373 (Global reg)	Predicted DBD
ZM4	507933	507934	ZMO0373	82.7269	507965	rluC_1	+	-32	ZMO0373 (Global reg)	Predicted DBD
ZM4	510098	510099	ZMO0373	2.42308	509916	ZMO1_ZMO0508	+	182	ZMO0373 (Global reg)	Predicted DBD
ZM4	514622	514623	ZMO0373	863.712	514657	ZMO1_ZMO0513	+	-35	ZMO0373 (Global reg)	Predicted DBD
ZM4	515647	515648	ZMO0373	41.8714	515763	ZMO1_ZMO2002	+	-116	ZMO0373 (Global reg)	Predicted DBD
ZM4	516593	516594	ZMO0373	4106.54	516679	ZMO1_ZMO0515	+	-86	ZMO0373 (Global reg)	Predicted DBD
ZM4	521602	521603	ZMO0373	417.89	521512	rplD	+	90	ZMO0373 (Global reg)	Predicted DBD
ZM4	525714	525715	ZMO0373	90.6661	525669	rplN	+	45	ZMO0373 (Global reg)	Predicted DBD
ZM4	525855	525856	ZMO0373	239.362	526040	rplX	+	-185	ZMO0373 (Global reg)	Predicted DBD
ZM4	528386	528387	ZMO0373	14.7582	528219	rplR	+	167	ZMO0373 (Global reg)	Predicted DBD
ZM4	530192	530193	ZMO0373	112.705	530389	secY	+	-197	ZMO0373 (Global reg)	Predicted DBD
ZM4	532707	532708	ZMO0373	2095.48	532816	rpsM	+	-109	ZMO0373 (Global reg)	Predicted DBD
ZM4	533159	533160	ZMO0373	11.0817	533249	rpsK	+	-90	ZMO0373 (Global reg)	Predicted DBD
ZM4	533897	533898	ZMO0373	7.38889	533731	rpoA	+	166	ZMO0373 (Global reg)	Predicted DBD
ZM4	549972	549973	ZMO0373	298.515	549907	tdk	-	-65	ZMO0373 (Global reg)	Predicted DBD
ZM4	553552	553553	ZMO0373	194.639	553472	infB	-	-80	ZMO0373 (Global reg)	Predicted DBD
ZM4	556943	556944	ZMO0373	1324.61	556926	ZMO1_ZMO0558	+	17	ZMO0373 (Global reg)	Predicted DBD
ZM4	564804	564805	ZMO0373	38.519	564838	idsA	+	-34	ZMO0373 (Global reg)	Predicted DBD
ZM4	571118	571119	ZMO0373	610.306	570957	sucD	-	-161	ZMO0373 (Global reg)	Predicted DBD
ZM4	571792	571793	ZMO0373	727.67	571867	sdhC	-	75	ZMO0373 (Global reg)	Predicted DBD
ZM4	580959	580960	ZMO0373	1720.46	580761	rsmD	-	-198	ZMO0373 (Global reg)	Predicted DBD
ZM4	584196	584197	ZMO0373	65.1361	584103	ZMO1_ZMO0581	+	93	ZMO0373 (Global reg)	Predicted DBD
ZM4	587685	587686	ZMO0373	107.525	587642	accD	-	-43	ZMO0373 (Global reg)	Predicted DBD
ZM4	591246	591247	ZMO0373	985.996	591141	pyrF	-	-105	ZMO0373 (Global reg)	Predicted DBD
ZM4	591528	591529	ZMO0373	144.968	591559	radA	+	-31	ZMO0373 (Global reg)	Predicted DBD
ZM4	595964	595965	ZMO0373	73.9722	595901	aroB	-	-63	ZMO0373 (Global reg)	Predicted DBD
ZM4	596802	596803	ZMO0373	5.73428	596747	ZMO1_ZMO0597	+	55	ZMO0373 (Global reg)	Predicted DBD
ZM4	607183	607184	ZMO0373	2615.67	607024	flgL	-	-159	ZMO0373 (Global reg)	Predicted DBD
ZM4	608969	608970	ZMO0373	106.29	608968	ZMO1_ZMO0606	-	-1	ZMO0373 (Global reg)	Predicted DBD
ZM4	610689	610690	ZMO0373	36.2215	610817	flgH	-	128	ZMO0373 (Global reg)	Predicted DBD
ZM4	610888	610889	ZMO0373	107.299	610817	flgH	-	-71	ZMO0373 (Global reg)	Predicted DBD
ZM4	611658	611659	ZMO0373	24.3951	611610	flgG	-	-48	ZMO0373 (Global reg)	Predicted DBD
ZM4	614752	614753	ZMO0373	82.604	614886	flgC	-	134	ZMO0373 (Global reg)	Predicted DBD
ZM4	618669	618670	ZMO0373	335.566	618469	ZMO1_ZMO0622	+	200	ZMO0373 (Global reg)	Predicted DBD
ZM4	622863	622864	ZMO0373	27.9992	623011	ZMO1_ZMO0627	+	-148	ZMO0373 (Global reg)	Predicted DBD
ZM4	623739	623740	ZMO0373	83.1134	623756	ZMO1_ZMO0628	+	-17	ZMO0373 (Global reg)	Predicted DBD
ZM4	635731	635732	ZMO0373	14.724	635590	fliL	+	141	ZMO0373 (Global reg)	Predicted DBD
ZM4	637609	637610	ZMO0373	615.642	637468	fliO	+	141	ZMO0373 (Global reg)	Predicted DBD
ZM4	638979	638980	ZMO0373	21.7999	639020	fliR	+	-41	ZMO0373 (Global reg)	Predicted DBD
ZM4	664503	664504	ZMO0373	460.033	664469	atpE	+	34	ZMO0373 (Global reg)	Predicted DBD
ZM4	671626	671627	ZMO0373	199.886	671578	ZMO1_ZMO0676	-	-48	ZMO0373 (Global reg)	Predicted DBD
ZM4	672529	672530	ZMO0373	259.79	672694	leuB	-	165	ZMO0373 (Global reg)	Predicted DBD
ZM4	678346	678347	ZMO0373	725.56	678305	ZMO1_ZMO0682	+	41	ZMO0373 (Global reg)	Predicted DBD
ZM4	679614	679615	ZMO0373	870.828	679636	ZMO1_ZMO0683	+	-22	ZMO0373 (Global reg)	Predicted DBD
ZM4	679815	679816	ZMO0373	79.0741	679636	ZMO1_ZMO0683	+	179	ZMO0373 (Global reg)	Predicted DBD
ZM4	681543	681544	ZMO0373	49.1751	681728	ZMO1_ZMO0685	+	-185	ZMO0373 (Global reg)	Predicted DBD
ZM4	693542	693543	ZMO0373	16.1828	693720	ZMO1_ZMO0694	-	178	ZMO0373 (Global reg)	Predicted DBD
ZM4	699354	699355	ZMO0373	130.243	699347	ZMO1_ZMO0698	-	-7	ZMO0373 (Global reg)	Predicted DBD
ZM4	706556	706557	ZMO0373	4898.78	706503	purN	-	-53	ZMO0373 (Global reg)	Predicted DBD
ZM4	707580	707581	ZMO0373	94.198	707596	purM	-	16	ZMO0373 (Global reg)	Predicted DBD
ZM4	723921	723922	ZMO0373	29.7359	724005	ZMO1_ZMOt013	+	-84	ZMO0373 (Global reg)	Predicted DBD
ZM4	725148	725149	ZMO0373	193.147	725019	rplK	+	129	ZMO0373 (Global reg)	Predicted DBD
ZM4	736796	736797	ZMO0373	174.801	736891	ZMO1_ZMO0733	-	95	ZMO0373 (Global reg)	Predicted DBD
ZM4	745420	745421	ZMO0373	1225.76	745276	ZMO1_ZMO0745	+	144	ZMO0373 (Global reg)	Predicted DBD
ZM4	749609	749610	ZMO0373	69.392	749510	rpoH	-	-99	ZMO0373 (Global reg)	Predicted DBD
ZM4	752238	752239	ZMO0373	33.7173	752224	ZMO1_ZMO0754	+	14	ZMO0373 (Global reg)	Predicted DBD
ZM4	764583	764584	ZMO0373	185.481	764453	ZMO1_ZMO0767	+	130	ZMO0373 (Global reg)	Predicted DBD
ZM4	771174	771175	ZMO0373	2625.84	771215	ZMO1_ZMO0774	-	41	ZMO0373 (Global reg)	Predicted DBD
ZM4	773012	773013	ZMO0373	64.1254	773083	ZMO1_ZMO0777	-	71	ZMO0373 (Global reg)	Predicted DBD
ZM4	777623	777624	ZMO0373	106.29	777802	ZMO1_ZMO0780	+	-179	ZMO0373 (Global reg)	Predicted DBD
ZM4	777941	777942	ZMO0373	121.417	777802	ZMO1_ZMO0780	+	139	ZMO0373 (Global reg)	Predicted DBD
ZM4	783314	783315	ZMO0373	120.132	783456	gatA	-	142	ZMO0373 (Global reg)	Predicted DBD
ZM4	788710	788711	ZMO0373	111.021	788772	ZMO1_ZMO0789	+	-62	ZMO0373 (Global reg)	Predicted DBD
ZM4	793133	793134	ZMO0373	2.8315	793064	pyrC1	+	69	ZMO0373 (Global reg)	Predicted DBD
ZM4	799401	799402	ZMO0373	5031.5	799467	ZMO1_ZMO0795	-	66	ZMO0373 (Global reg)	Predicted DBD
ZM4	800801	800802	ZMO0373	98.9767	800765	ZMO1_ZMO0797	-	-36	ZMO0373 (Global reg)	Predicted DBD
ZM4	803702	803703	ZMO0373	32.4903	803535	ZMO1_ZMO0799	-	-167	ZMO0373 (Global reg)	Predicted DBD
ZM4	814437	814438	ZMO0373	366.677	814344	rimO	-	-93	ZMO0373 (Global reg)	Predicted DBD
ZM4	815097	815098	ZMO0373	351.458	814930	ZMO1_ZMO0809	-	-167	ZMO0373 (Global reg)	Predicted DBD
ZM4	817432	817433	ZMO0373	32.0852	817350	defA	+	82	ZMO0373 (Global reg)	Predicted DBD
ZM4	819983	819984	ZMO0373	459.968	820002	ZMO1_ZMO2056	-	19	ZMO0373 (Global reg)	Predicted DBD
ZM4	825747	825748	ZMO0373	394.843	825651	ZMO1_ZMO0822	+	96	ZMO0373 (Global reg)	Predicted DBD
ZM4	828268	828269	ZMO0373	21.2037	828218	ZMO1_ZMO0824	+	50	ZMO0373 (Global reg)	Predicted DBD
ZM4	828916	828917	ZMO0373	118.212	828805	pbp2	+	111	ZMO0373 (Global reg)	Predicted DBD
ZM4	843996	843997	ZMO0373	34.4826	843901	ftsZ	+	95	ZMO0373 (Global reg)	Predicted DBD
ZM4	847548	847549	ZMO0373	128.441	847452	clcA	+	96	ZMO0373 (Global reg)	Predicted DBD
ZM4	865824	865825	ZMO0373	13.5819	865732	queA	-	-92	ZMO0373 (Global reg)	Predicted DBD
ZM4	869709	869710	ZMO0373	898.881	869780	ZMO1_ZMO0859	+	-71	ZMO0373 (Global reg)	Predicted DBD
ZM4	870875	870876	ZMO0373	810.828	870905	ZMO1_ZMO0860	+	-30	ZMO0373 (Global reg)	Predicted DBD
ZM4	874990	874991	ZMO0373	10.038	875098	cdd	-	108	ZMO0373 (Global reg)	Predicted DBD
ZM4	880195	880196	ZMO0373	11.3406	880208	hpnC	+	-13	ZMO0373 (Global reg)	Predicted DBD
ZM4	885477	885478	ZMO0373	42.8996	885349	hpnG	+	128	ZMO0373 (Global reg)	Predicted DBD
ZM4	886994	886995	ZMO0373	1850.1	887115	hpnH	-	121	ZMO0373 (Global reg)	Predicted DBD
ZM4	897527	897528	ZMO0373	128.78	897621	ZMO1_ZMO0888	-	94	ZMO0373 (Global reg)	Predicted DBD
ZM4	906045	906046	ZMO0373	671.146	906194	ZMO1_ZMO0894	-	149	ZMO0373 (Global reg)	Predicted DBD
ZM4	913765	913766	ZMO0373	28.9132	913840	ZMO1_ZMO0902	-	75	ZMO0373 (Global reg)	Predicted DBD
ZM4	919541	919542	ZMO0373	148.716	919450	mdoD	+	91	ZMO0373 (Global reg)	Predicted DBD
ZM4	924805	924806	ZMO0373	159.433	924715	ZMO1_ZMO0908	-	-90	ZMO0373 (Global reg)	Predicted DBD
ZM4	925887	925888	ZMO0373	15.1991	926001	ZMO1_ZMO0909	-	114	ZMO0373 (Global reg)	Predicted DBD
ZM4	934909	934910	ZMO0373	41.6977	934825	ZMO1_ZMO0916	+	84	ZMO0373 (Global reg)	Predicted DBD
ZM4	937082	937083	ZMO0373	67.2681	937203	katE	+	-121	ZMO0373 (Global reg)	Predicted DBD
ZM4	938682	938683	ZMO0373	258.978	938805	ZMO1_ZMO0919	+	-123	ZMO0373 (Global reg)	Predicted DBD
ZM4	938880	938881	ZMO0373	126.774	938805	ZMO1_ZMO0919	+	75	ZMO0373 (Global reg)	Predicted DBD
ZM4	945173	945174	ZMO0373	280.04	945279	argJ	-	106	ZMO0373 (Global reg)	Predicted DBD
ZM4	948430	948431	ZMO0373	168.722	948588	ZMO1_ZMO0925	+	-158	ZMO0373 (Global reg)	Predicted DBD
ZM4	954006	954007	ZMO0373	125.518	954115	zliE	-	109	ZMO0373 (Global reg)	Predicted DBD
ZM4	954808	954809	ZMO0373	157.731	954973	gstA	-	165	ZMO0373 (Global reg)	Predicted DBD
ZM4	955295	955296	ZMO0373	283.065	955259	ZMO1_ZMO0936	+	36	ZMO0373 (Global reg)	Predicted DBD
ZM4	962230	962231	ZMO0373	17.7385	962390	ZMO1_ZMO0941	-	160	ZMO0373 (Global reg)	Predicted DBD
ZM4	967126	967127	ZMO0373	176.938	967194	ZMO1_ZMO0947	+	-68	ZMO0373 (Global reg)	Predicted DBD
ZM4	967290	967291	ZMO0373	55.0185	967194	ZMO1_ZMO0947	+	96	ZMO0373 (Global reg)	Predicted DBD
ZM4	974310	974311	ZMO0373	15.5098	974470	ZMO1_ZMO0956	+	-160	ZMO0373 (Global reg)	Predicted DBD
ZM4	979621	979622	ZMO0373	429.917	979631	nagA	-	10	ZMO0373 (Global reg)	Predicted DBD
ZM4	988490	988491	ZMO0373	388.376	988661	add2	+	-171	ZMO0373 (Global reg)	Predicted DBD
ZM4	988807	988808	ZMO0373	508.853	988661	add2	+	146	ZMO0373 (Global reg)	Predicted DBD
ZM4	989798	989799	ZMO0373	90.0819	989763	ZMO1_ZMO0972	+	35	ZMO0373 (Global reg)	Predicted DBD
ZM4	993497	993498	ZMO0373	195.136	993425	ZMO1_ZMO0975	+	72	ZMO0373 (Global reg)	Predicted DBD
ZM4	1008622	1008623	ZMO0373	46.7829	1008616	ZMO1_ZMO0987	+	6	ZMO0373 (Global reg)	Predicted DBD
ZM4	1009434	1009435	ZMO0373	38.0534	1009509	ZMO1_ZMO0988	+	-75	ZMO0373 (Global reg)	Predicted DBD
ZM4	1017218	1017219	ZMO0373	27.9783	1017150	ZMO1_ZMO0999	-	-68	ZMO0373 (Global reg)	Predicted DBD
ZM4	1028070	1028071	ZMO0373	41.8714	1028038	glcD	+	32	ZMO0373 (Global reg)	Predicted DBD
ZM4	1038112	1038113	ZMO0373	11.349	1038172	dys	-	60	ZMO0373 (Global reg)	Predicted DBD
ZM4	1046580	1046581	ZMO0373	120.132	1046627	ZMO1_ZMO1030	+	-47	ZMO0373 (Global reg)	Predicted DBD
ZM4	1063520	1063521	ZMO0373	466.097	1063504	ZMO1_ZMO1045	-	-16	ZMO0373 (Global reg)	Predicted DBD
ZM4	1063786	1063787	ZMO0373	270.109	1063770	pstS	+	16	ZMO0373 (Global reg)	Predicted DBD
ZM4	1074523	1074524	ZMO0373	116.302	1074550	cca	-	27	ZMO0373 (Global reg)	Predicted DBD
ZM4	1074923	1074924	ZMO0373	237.289	1075088	ZMO1_ZMO1057	-	165	ZMO0373 (Global reg)	Predicted DBD
ZM4	1076743	1076744	ZMO0373	124.001	1076596	sod	-	-147	ZMO0373 (Global reg)	Predicted DBD
ZM4	1077762	1077763	ZMO0373	56.9995	1077887	pspF	-	125	ZMO0373 (Global reg)	Predicted DBD
ZM4	1078455	1078456	ZMO0373	49.2268	1078584	pspA	+	-129	ZMO0373 (Global reg)	Predicted DBD
ZM4	1079218	1079219	ZMO0373	578.33	1079252	pspB	+	-34	ZMO0373 (Global reg)	Predicted DBD
ZM4	1087278	1087279	ZMO0373	72.0787	1087170	rpsP	+	108	ZMO0373 (Global reg)	Predicted DBD
ZM4	1092219	1092220	ZMO0373	275.89	1092379	bscB	+	-160	ZMO0373 (Global reg)	Predicted DBD
ZM4	1100005	1100006	ZMO0373	195.386	1099955	mltA	+	50	ZMO0373 (Global reg)	Predicted DBD
ZM4	1107944	1107945	ZMO0373	48.8558	1107844	mazG	+	100	ZMO0373 (Global reg)	Predicted DBD
ZM4	1115224	1115225	ZMO0373	266.822	1115389	addA	-	165	ZMO0373 (Global reg)	Predicted DBD
ZM4	1124907	1124908	ZMO0373	186.172	1124979	ZMO1_ZMO1107	+	-72	ZMO0373 (Global reg)	Predicted DBD
ZM4	1127059	1127060	ZMO0373	845.508	1126990	ZMO1_ZMO1109	-	-69	ZMO0373 (Global reg)	Predicted DBD
ZM4	1130975	1130976	ZMO0373	94.7909	1130929	ung1	+	46	ZMO0373 (Global reg)	Predicted DBD
ZM4	1145310	1145311	ZMO0373	20.8601	1145467	ntrY	-	157	ZMO0373 (Global reg)	Predicted DBD
ZM4	1147156	1147157	ZMO0373	53.0042	1147102	ispDF	+	54	ZMO0373 (Global reg)	Predicted DBD
ZM4	1150946	1150947	ZMO0373	653.356	1151105	lipA	-	159	ZMO0373 (Global reg)	Predicted DBD
ZM4	1164238	1164239	ZMO0373	23.8622	1164129	ZMO1_ZMO1143	-	-109	ZMO0373 (Global reg)	Predicted DBD
ZM4	1164428	1164429	ZMO0373	6.94369	1164558	ZMO1_ZMO1144	-	130	ZMO0373 (Global reg)	Predicted DBD
ZM4	1166050	1166051	ZMO0373	28.1399	1166128	ZMO1_ZMO1147	-	78	ZMO0373 (Global reg)	Predicted DBD
ZM4	1172456	1172457	ZMO0373	113.039	1172406	cdsA	-	-50	ZMO0373 (Global reg)	Predicted DBD
ZM4	1173213	1173214	ZMO0373	54.0375	1173149	uppS	-	-64	ZMO0373 (Global reg)	Predicted DBD
ZM4	1174237	1174238	ZMO0373	116.302	1174431	pyrH	-	194	ZMO0373 (Global reg)	Predicted DBD
ZM4	1174392	1174393	ZMO0373	25.8685	1174431	pyrH	-	39	ZMO0373 (Global reg)	Predicted DBD
ZM4	1175358	1175359	ZMO0373	87.7579	1175491	tsf	-	133	ZMO0373 (Global reg)	Predicted DBD
ZM4	1183341	1183342	ZMO0373	18.8902	1183399	comF	-	58	ZMO0373 (Global reg)	Predicted DBD
ZM4	1194911	1194912	ZMO0373	28.3912	1194726	ZMO1_ZMO1173	-	-185	ZMO0373 (Global reg)	Predicted DBD
ZM4	1196832	1196833	ZMO0373	160.448	1196942	ZMO1_ZMO1174	-	110	ZMO0373 (Global reg)	Predicted DBD
ZM4	1208879	1208880	ZMO0373	1475.45	1209063	mltB	+	-184	ZMO0373 (Global reg)	Predicted DBD
ZM4	1209174	1209175	ZMO0373	117.019	1209063	mltB	+	111	ZMO0373 (Global reg)	Predicted DBD
ZM4	1222942	1222943	ZMO0373	2200.04	1222958	plsY	-	16	ZMO0373 (Global reg)	Predicted DBD
ZM4	1230634	1230635	ZMO0373	878.585	1230766	ZMO1_ZMO1205	-	132	ZMO0373 (Global reg)	Predicted DBD
ZM4	1233872	1233873	ZMO0373	1065.24	1233938	ZMO1_ZMO2062	-	66	ZMO0373 (Global reg)	Predicted DBD
ZM4	1239611	1239612	ZMO0373	301.911	1239653	pgi	-	42	ZMO0373 (Global reg)	Predicted DBD
ZM4	1250817	1250818	ZMO0373	302.761	1250777	rpsF	+	40	ZMO0373 (Global reg)	Predicted DBD
ZM4	1251097	1251098	ZMO0373	5.47624	1251172	rpsR	+	-75	ZMO0373 (Global reg)	Predicted DBD
ZM4	1251324	1251325	ZMO0373	1700.61	1251411	rplI	+	-87	ZMO0373 (Global reg)	Predicted DBD
ZM4	1265766	1265767	ZMO0373	7.6159	1265633	gpmA	-	-133	ZMO0373 (Global reg)	Predicted DBD
ZM4	1271860	1271861	ZMO0373	129.879	1271986	ccmH	-	126	ZMO0373 (Global reg)	Predicted DBD
ZM4	1272007	1272008	ZMO0373	445.14	1271986	ccmH	-	-21	ZMO0373 (Global reg)	Predicted DBD
ZM4	1275917	1275918	ZMO0373	44.6277	1275799	ccmC	-	-118	ZMO0373 (Global reg)	Predicted DBD
ZM4	1282475	1282476	ZMO0373	232.736	1282624	ZMO1_ZMO1265	+	-149	ZMO0373 (Global reg)	Predicted DBD
ZM4	1282675	1282676	ZMO0373	2553.76	1282624	ZMO1_ZMO1265	+	51	ZMO0373 (Global reg)	Predicted DBD
ZM4	1286452	1286453	ZMO0373	61.7055	1286443	ZMO1_ZMO2012	+	9	ZMO0373 (Global reg)	Predicted DBD
ZM4	1297581	1297582	ZMO0373	193.582	1297555	ZMO1_ZMO1283	+	26	ZMO0373 (Global reg)	Predicted DBD
ZM4	1305617	1305618	ZMO0373	147.745	1305799	ZMO1_ZMO1289	-	182	ZMO0373 (Global reg)	Predicted DBD
ZM4	1308178	1308179	ZMO0373	578.298	1308316	murQ	+	-138	ZMO0373 (Global reg)	Predicted DBD
ZM4	1312713	1312714	ZMO0373	152.415	1312576	ZMO1_ZMO2064	+	137	ZMO0373 (Global reg)	Predicted DBD
ZM4	1313205	1313206	ZMO0373	120.335	1313079	ZMO1_ZMO1298	+	126	ZMO0373 (Global reg)	Predicted DBD
ZM4	1315748	1315749	ZMO0373	15.0018	1315744	ZMO1_ZMO2016	+	4	ZMO0373 (Global reg)	Predicted DBD
ZM4	1318076	1318077	ZMO0373	24.8401	1318008	bcbE	+	68	ZMO0373 (Global reg)	Predicted DBD
ZM4	1319770	1319771	ZMO0373	9.52567	1319849	ZMO1_ZMO1301	-	79	ZMO0373 (Global reg)	Predicted DBD
ZM4	1320079	1320080	ZMO0373	58.688	1320086	lipB	+	-7	ZMO0373 (Global reg)	Predicted DBD
ZM4	1320203	1320204	ZMO0373	276.105	1320086	lipB	+	117	ZMO0373 (Global reg)	Predicted DBD
ZM4	1330376	1330377	ZMO0373	8.31351	1330255	ZMO1_ZMO1312	+	121	ZMO0373 (Global reg)	Predicted DBD
ZM4	1337466	1337467	ZMO0373	1926.05	1337381	ZMO1_ZMO1318	-	-85	ZMO0373 (Global reg)	Predicted DBD
ZM4	1341667	1341668	ZMO0373	295.458	1341680	chvI	+	-13	ZMO0373 (Global reg)	Predicted DBD
ZM4	1346500	1346501	ZMO0373	201.394	1346320	ZMO1_ZMO1328	+	180	ZMO0373 (Global reg)	Predicted DBD
ZM4	1347120	1347121	ZMO0373	2.8315	1347179	ppnK	+	-59	ZMO0373 (Global reg)	Predicted DBD
ZM4	1347322	1347323	ZMO0373	153.73	1347179	ppnK	+	143	ZMO0373 (Global reg)	Predicted DBD
ZM4	1348402	1348403	ZMO0373	33.9097	1348280	mscS2	+	122	ZMO0373 (Global reg)	Predicted DBD
ZM4	1351994	1351995	ZMO0373	33.2493	1351813	ZMO1_ZMO1334	+	181	ZMO0373 (Global reg)	Predicted DBD
ZM4	1364971	1364972	ZMO0373	122.771	1364983	ltaE	-	12	ZMO0373 (Global reg)	Predicted DBD
ZM4	1366920	1366921	ZMO0373	1379.8	1366766	clcD1	+	154	ZMO0373 (Global reg)	Predicted DBD
ZM4	1369325	1369326	ZMO0373	29.2845	1369382	ZMO1_ZMO1353	-	57	ZMO0373 (Global reg)	Predicted DBD
ZM4	1369537	1369538	ZMO0373	11.6193	1369382	ZMO1_ZMO1353	-	-155	ZMO0373 (Global reg)	Predicted DBD
ZM4	1370756	1370757	ZMO0373	267.643	1370666	motB3	-	-90	ZMO0373 (Global reg)	Predicted DBD
ZM4	1374492	1374493	ZMO0373	78.8641	1374496	dnaA	-	4	ZMO0373 (Global reg)	Predicted DBD
ZM4	1374831	1374832	ZMO0373	11.9868	1374914	ZMO1_ZMO2065	+	-83	ZMO0373 (Global reg)	Predicted DBD
ZM4	1374935	1374936	ZMO0373	7.70848	1374914	ZMO1_ZMO2065	+	21	ZMO0373 (Global reg)	Predicted DBD
ZM4	1377280	1377281	ZMO0373	23.6712	1377470	pdc	-	190	ZMO0373 (Global reg)	Predicted DBD
ZM4	1386792	1386793	ZMO0373	67.2955	1386631	ZMO1_ZMOt032	+	161	ZMO0373 (Global reg)	Predicted DBD
ZM4	1396364	1396365	ZMO0373	33.4099	1396558	ZMO1_ZMO1381	-	194	ZMO0373 (Global reg)	Predicted DBD
ZM4	1400516	1400517	ZMO0373	180.611	1400602	ZMO1_ZMO1386	+	-86	ZMO0373 (Global reg)	Predicted DBD
ZM4	1403822	1403823	ZMO0373	95.3852	1404014	ggt	-	192	ZMO0373 (Global reg)	Predicted DBD
ZM4	1407406	1407407	ZMO0373	994.479	1407392	ZMO1_ZMO1390	-	-14	ZMO0373 (Global reg)	Predicted DBD
ZM4	1408953	1408954	ZMO0373	61.0353	1408976	ZMO1_ZMO1392	-	23	ZMO0373 (Global reg)	Predicted DBD
ZM4	1412365	1412366	ZMO0373	347.912	1412253	hutG2	-	-112	ZMO0373 (Global reg)	Predicted DBD
ZM4	1413477	1413478	ZMO0373	569.041	1413507	ZMO1_ZMO1398	-	30	ZMO0373 (Global reg)	Predicted DBD
ZM4	1414691	1414692	ZMO0373	1114.56	1414619	ZMO1_ZMO1400	+	72	ZMO0373 (Global reg)	Predicted DBD
ZM4	1416628	1416629	ZMO0373	149.403	1416640	xthA1	-	12	ZMO0373 (Global reg)	Predicted DBD
ZM4	1418255	1418256	ZMO0373	282.851	1418092	ZMO1_ZMO1403	-	-163	ZMO0373 (Global reg)	Predicted DBD
ZM4	1419887	1419888	ZMO0373	145.53	1419866	ZMO1_ZMO1405	-	-21	ZMO0373 (Global reg)	Predicted DBD
ZM4	1420913	1420914	ZMO0373	52.0941	1420848	ZMO1_ZMO1406	-	-65	ZMO0373 (Global reg)	Predicted DBD
ZM4	1424601	1424602	ZMO0373	57.4988	1424417	pepX	-	-184	ZMO0373 (Global reg)	Predicted DBD
ZM4	1426004	1426005	ZMO0373	937.351	1425926	bfr1	+	78	ZMO0373 (Global reg)	Predicted DBD
ZM4	1429782	1429783	ZMO0373	132.52	1429906	ZMO1_ZMO1417	+	-124	ZMO0373 (Global reg)	Predicted DBD
ZM4	1437527	1437528	ZMO0373	131.858	1437642	ZMO1_ZMO1422	-	115	ZMO0373 (Global reg)	Predicted DBD
ZM4	1444148	1444149	ZMO0373	7679.62	1444104	thiE2	-	-44	ZMO0373 (Global reg)	Predicted DBD
ZM4	1444762	1444763	ZMO0373	25.8946	1444946	ZMO1_ZMO1428	+	-184	ZMO0373 (Global reg)	Predicted DBD
ZM4	1447718	1447719	ZMO0373	363.052	1447668	ZMO1_ZMO1429	-	-50	ZMO0373 (Global reg)	Predicted DBD
ZM4	1448965	1448966	ZMO0373	409.529	1449004	ZMO1_ZMO1431	-	39	ZMO0373 (Global reg)	Predicted DBD
ZM4	1451027	1451028	ZMO0373	43.0465	1451031	ZMO1_ZMO1432	-	4	ZMO0373 (Global reg)	Predicted DBD
ZM4	1453051	1453052	ZMO0373	478.64	1453102	ZMO1_ZMO1434	-	51	ZMO0373 (Global reg)	Predicted DBD
ZM4	1468457	1468458	ZMO0373	960.446	1468369	ZMO1_ZMOt034	-	-88	ZMO0373 (Global reg)	Predicted DBD
ZM4	1471071	1471072	ZMO0373	5.74028	1470981	phrB	+	90	ZMO0373 (Global reg)	Predicted DBD
ZM4	1476953	1476954	ZMO0373	731.997	1476917	ZMO1_ZMO1457	+	36	ZMO0373 (Global reg)	Predicted DBD
ZM4	1480655	1480656	ZMO0373	280.67	1480643	pnuC1	-	-12	ZMO0373 (Global reg)	Predicted DBD
ZM4	1482717	1482718	ZMO0373	52.8475	1482632	ZMO1_ZMO1461	-	-85	ZMO0373 (Global reg)	Predicted DBD
ZM4	1483482	1483483	ZMO0373	84.2883	1483557	ZMO1_ZMO1462	-	75	ZMO0373 (Global reg)	Predicted DBD
ZM4	1485974	1485975	ZMO0373	138.503	1485986	ZMO1_ZMO1463	-	12	ZMO0373 (Global reg)	Predicted DBD
ZM4	1486312	1486313	ZMO0373	5.3919	1486337	ZMO1_ZMO1464	-	25	ZMO0373 (Global reg)	Predicted DBD
ZM4	1486486	1486487	ZMO0373	4.19414	1486337	ZMO1_ZMO1464	-	-149	ZMO0373 (Global reg)	Predicted DBD
ZM4	1488076	1488077	ZMO0373	776.512	1487904	ZMO1_ZMO1465	-	-172	ZMO0373 (Global reg)	Predicted DBD
ZM4	1501477	1501478	ZMO0373	35.9277	1501411	ZMO1_ZMO1477	-	-66	ZMO0373 (Global reg)	Predicted DBD
ZM4	1503288	1503289	ZMO0373	180.933	1503441	etfA	-	153	ZMO0373 (Global reg)	Predicted DBD
ZM4	1530308	1530309	ZMO0373	27.9897	1530474	hisH	-	166	ZMO0373 (Global reg)	Predicted DBD
ZM4	1530501	1530502	ZMO0373	41.8714	1530474	hisH	-	-27	ZMO0373 (Global reg)	Predicted DBD
ZM4	1531074	1531075	ZMO0373	2455.49	1531096	hisB	-	22	ZMO0373 (Global reg)	Predicted DBD
ZM4	1539575	1539576	ZMO0373	2087.73	1539434	ZMO1_ZMO1512	-	-141	ZMO0373 (Global reg)	Predicted DBD
ZM4	1546294	1546295	ZMO0373	467.659	1546201	ZMO1_ZMO1520	-	-93	ZMO0373 (Global reg)	Predicted DBD
ZM4	1546728	1546729	ZMO0373	2655.07	1546928	ZMO1_ZMO1521	-	200	ZMO0373 (Global reg)	Predicted DBD
ZM4	1547501	1547502	ZMO0373	57.3224	1547434	ZMO1_ZMO1522	+	67	ZMO0373 (Global reg)	Predicted DBD
ZM4	1550803	1550804	ZMO0373	42.8049	1550852	ZMO1_ZMO1524	+	-49	ZMO0373 (Global reg)	Predicted DBD
ZM4	1551038	1551039	ZMO0373	13.7852	1550852	ZMO1_ZMO1524	+	186	ZMO0373 (Global reg)	Predicted DBD
ZM4	1562967	1562968	ZMO0373	138.858	1562843	ZMO1_ZMO1529	-	-124	ZMO0373 (Global reg)	Predicted DBD
ZM4	1563208	1563209	ZMO0373	6.58873	1563298	ZMO1_ZMO1530	+	-90	ZMO0373 (Global reg)	Predicted DBD
ZM4	1579905	1579906	ZMO0373	87.1011	1579845	cobS	-	-60	ZMO0373 (Global reg)	Predicted DBD
ZM4	1601962	1601963	ZMO0373	88.337	1602119	pflA2	-	157	ZMO0373 (Global reg)	Predicted DBD
ZM4	1604300	1604301	ZMO0373	53.9201	1604418	pfl	-	118	ZMO0373 (Global reg)	Predicted DBD
ZM4	1609023	1609024	ZMO0373	1067.11	1609000	ZMO1_ZMO1574	+	23	ZMO0373 (Global reg)	Predicted DBD
ZM4	1620465	1620466	ZMO0373	784.298	1620400	ZMO1_ZMOr003	-	-65	ZMO0373 (Global reg)	Predicted DBD
ZM4	1621111	1621112	ZMO0373	18.7828	1621028	ZMO1_ZMO1581	+	83	ZMO0373 (Global reg)	Predicted DBD
ZM4	1630091	1630092	ZMO0373	86.6032	1630155	ZMO1_ZMO1589	+	-64	ZMO0373 (Global reg)	Predicted DBD
ZM4	1632109	1632110	ZMO0373	24.6645	1631956	ZMO1_ZMO1590	-	-153	ZMO0373 (Global reg)	Predicted DBD
ZM4	1636065	1636066	ZMO0373	346.684	1636123	ZMO1_ZMO2074	-	58	ZMO0373 (Global reg)	Predicted DBD
ZM4	1637168	1637169	ZMO0373	20.6498	1637038	adhB	+	130	ZMO0373 (Global reg)	Predicted DBD
ZM4	1644906	1644907	ZMO0373	37.8762	1645079	ZMO1_ZMO1602	+	-173	ZMO0373 (Global reg)	Predicted DBD
ZM4	1653608	1653609	ZMO0373	56.539	1653427	ZMO1_ZMO1609	+	181	ZMO0373 (Global reg)	Predicted DBD
ZM4	1653998	1653999	ZMO0373	25.8685	1654059	ZMO1_ZMO1610	+	-61	ZMO0373 (Global reg)	Predicted DBD
ZM4	1665373	1665374	ZMO0373	30.1385	1665462	rpoD	+	-89	ZMO0373 (Global reg)	Predicted DBD
ZM4	1669457	1669458	ZMO0373	26.3673	1669347	rnpA	+	110	ZMO0373 (Global reg)	Predicted DBD
ZM4	1671644	1671645	ZMO0373	39.4019	1671786	engB	+	-142	ZMO0373 (Global reg)	Predicted DBD
ZM4	1679667	1679668	ZMO0373	53.036	1679467	ZMO1_ZMO1634	-	-200	ZMO0373 (Global reg)	Predicted DBD
ZM4	1680727	1680728	ZMO0373	16.7002	1680734	ZMO1_ZMO2023	-	7	ZMO0373 (Global reg)	Predicted DBD
ZM4	1681913	1681914	ZMO0373	32.6961	1681744	ZMO1_ZMO1636	-	-169	ZMO0373 (Global reg)	Predicted DBD
ZM4	1682201	1682202	ZMO0373	95.1522	1682211	secB	+	-10	ZMO0373 (Global reg)	Predicted DBD
ZM4	1682651	1682652	ZMO0373	2301.34	1682790	ZMO1_ZMO1639	+	-139	ZMO0373 (Global reg)	Predicted DBD
ZM4	1687707	1687708	ZMO0373	415.098	1687564	tyrS	+	143	ZMO0373 (Global reg)	Predicted DBD
ZM4	1696684	1696685	ZMO0373	643.283	1696607	gnl	+	77	ZMO0373 (Global reg)	Predicted DBD
ZM4	1701298	1701299	ZMO0373	187.192	1701418	ptsP	-	120	ZMO0373 (Global reg)	Predicted DBD
ZM4	1704701	1704702	ZMO0373	13.0809	1704732	ZMO1_ZMO1655	+	-31	ZMO0373 (Global reg)	Predicted DBD
ZM4	1708660	1708661	ZMO0373	1546.48	1708827	ftsH	+	-167	ZMO0373 (Global reg)	Predicted DBD
ZM4	1711244	1711245	ZMO0373	2580.98	1711406	proA	+	-162	ZMO0373 (Global reg)	Predicted DBD
ZM4	1711492	1711493	ZMO0373	104.573	1711406	proA	+	86	ZMO0373 (Global reg)	Predicted DBD
ZM4	1717505	1717506	ZMO0373	464.411	1717609	ubiB2	+	-104	ZMO0373 (Global reg)	Predicted DBD
ZM4	1719937	1719938	ZMO0373	1.38026	1719855	ZMO1_ZMO2024	-	-82	ZMO0373 (Global reg)	Predicted DBD
ZM4	1722562	1722563	ZMO0373	170.406	1722566	mutY	+	-4	ZMO0373 (Global reg)	Predicted DBD
ZM4	1724742	1724743	ZMO0373	114.589	1724704	pheA	-	-38	ZMO0373 (Global reg)	Predicted DBD
ZM4	1728273	1728274	ZMO0373	40.5919	1728468	aspB_1	+	-195	ZMO0373 (Global reg)	Predicted DBD
ZM4	1746612	1746613	ZMO0373	89.6655	1746651	ZMO1_ZMO1694	-	39	ZMO0373 (Global reg)	Predicted DBD
ZM4	1751208	1751209	ZMO0373	425.664	1751147	xthA2	-	-61	ZMO0373 (Global reg)	Predicted DBD
ZM4	1755320	1755321	ZMO0373	115.094	1755428	ftsK	-	108	ZMO0373 (Global reg)	Predicted DBD
ZM4	1757429	1757430	ZMO0373	223.136	1757514	lon2	-	85	ZMO0373 (Global reg)	Predicted DBD
ZM4	1762979	1762980	ZMO0373	185.417	1763142	ZMO1_ZMO1712	-	163	ZMO0373 (Global reg)	Predicted DBD
ZM4	1765072	1765073	ZMO0373	1306.05	1764923	exbD1	-	-149	ZMO0373 (Global reg)	Predicted DBD
ZM4	1770273	1770274	ZMO0373	95.7864	1770111	rpoZ	-	-162	ZMO0373 (Global reg)	Predicted DBD
ZM4	1778335	1778336	ZMO0373	12.4511	1778179	cysE	-	-156	ZMO0373 (Global reg)	Predicted DBD
ZM4	1792526	1792527	ZMO0373	49.8495	1792366	metH1	-	-160	ZMO0373 (Global reg)	Predicted DBD
ZM4	1795970	1795971	ZMO0373	27.7714	1796148	ZMO1_ZMO1750	-	178	ZMO0373 (Global reg)	Predicted DBD
ZM4	1796129	1796130	ZMO0373	71.6511	1796148	ZMO1_ZMO1750	-	19	ZMO0373 (Global reg)	Predicted DBD
ZM4	1797173	1797174	ZMO0373	40.2436	1797110	ZMO1_ZMO1751	+	63	ZMO0373 (Global reg)	Predicted DBD
ZM4	1802077	1802078	ZMO0373	44.3231	1802064	gntP	+	13	ZMO0373 (Global reg)	Predicted DBD
ZM4	1814938	1814939	ZMO0373	61.839	1814919	ZMO1_ZMO1769	-	-19	ZMO0373 (Global reg)	Predicted DBD
ZM4	1818047	1818048	ZMO0373	159.557	1817978	ZMO1_ZMO1772	+	69	ZMO0373 (Global reg)	Predicted DBD
ZM4	1820186	1820187	ZMO0373	61.0951	1820221	ZMO1_ZMOt041	-	35	ZMO0373 (Global reg)	Predicted DBD
ZM4	1824113	1824114	ZMO0373	38.3126	1824074	ZMO1_ZMO1777	+	39	ZMO0373 (Global reg)	Predicted DBD
ZM4	1826376	1826377	ZMO0373	117.754	1826236	ZMO1_ZMO1778	-	-140	ZMO0373 (Global reg)	Predicted DBD
ZM4	1826986	1826987	ZMO0373	6768.49	1826834	ZMO1_ZMO1779	-	-152	ZMO0373 (Global reg)	Predicted DBD
ZM4	1828813	1828814	ZMO0373	56.2573	1828669	ZMO1_ZMO1782	+	144	ZMO0373 (Global reg)	Predicted DBD
ZM4	1831472	1831473	ZMO0373	59.3969	1831324	ZMO1_ZMO1786	+	148	ZMO0373 (Global reg)	Predicted DBD
ZM4	1838899	1838900	ZMO0373	418.573	1838859	ZMO1_ZMO1793	+	40	ZMO0373 (Global reg)	Predicted DBD
ZM4	1843134	1843135	ZMO0373	89.2862	1843003	rpsA	+	131	ZMO0373 (Global reg)	Predicted DBD
ZM4	1848796	1848797	ZMO0373	88.0671	1848878	cbbZ	-	82	ZMO0373 (Global reg)	Predicted DBD
ZM4	1857023	1857024	ZMO0373	35.497	1857183	rnfB	-	160	ZMO0373 (Global reg)	Predicted DBD
ZM4	1857253	1857254	ZMO0373	79.3633	1857183	rnfB	-	-70	ZMO0373 (Global reg)	Predicted DBD
ZM4	1860499	1860500	ZMO0373	1781.45	1860457	ZMO1_ZMO1815	-	-42	ZMO0373 (Global reg)	Predicted DBD
ZM4	1864723	1864724	ZMO0373	18.8665	1864819	nifZ	+	-96	ZMO0373 (Global reg)	Predicted DBD
ZM4	1865030	1865031	ZMO0373	25.9458	1865094	fixU	+	-64	ZMO0373 (Global reg)	Predicted DBD
ZM4	1868246	1868247	ZMO0373	38.8448	1868308	ZMO1_ZMO1822	-	62	ZMO0373 (Global reg)	Predicted DBD
ZM4	1868420	1868421	ZMO0373	171.833	1868308	ZMO1_ZMO1822	-	-112	ZMO0373 (Global reg)	Predicted DBD
ZM4	1876117	1876118	ZMO0373	446.911	1876045	ZMO1_ZMO1829	+	72	ZMO0373 (Global reg)	Predicted DBD
ZM4	1878069	1878070	ZMO0373	8.68789	1877966	nifU	+	103	ZMO0373 (Global reg)	Predicted DBD
ZM4	1880499	1880500	ZMO0373	122.024	1880656	nifW	+	-157	ZMO0373 (Global reg)	Predicted DBD
ZM4	1882616	1882617	ZMO0373	123.099	1882624	ZMO1_ZMO2029	-	8	ZMO0373 (Global reg)	Predicted DBD
ZM4	1882757	1882758	ZMO0373	198.674	1882624	ZMO1_ZMO2029	-	-133	ZMO0373 (Global reg)	Predicted DBD
ZM4	1883133	1883134	ZMO0373	37.599	1883186	ZMO1_ZMO1840	-	53	ZMO0373 (Global reg)	Predicted DBD
ZM4	1894472	1894473	ZMO0373	200.204	1894297	dapA2	-	-175	ZMO0373 (Global reg)	Predicted DBD
ZM4	1905614	1905615	ZMO0373	743.339	1905549	ZMO1_ZMOr006	-	-65	ZMO0373 (Global reg)	Predicted DBD
ZM4	1906485	1906486	ZMO0373	2723.46	1906412	rpfN	+	73	ZMO0373 (Global reg)	Predicted DBD
ZM4	1912418	1912419	ZMO0373	93.5616	1912433	ZMO1_ZMO1864	+	-15	ZMO0373 (Global reg)	Predicted DBD
ZM4	1912595	1912596	ZMO0373	278.761	1912433	ZMO1_ZMO1864	+	162	ZMO0373 (Global reg)	Predicted DBD
ZM4	1919466	1919467	ZMO0373	787.081	1919401	ZMO1_ZMOr009	-	-65	ZMO0373 (Global reg)	Predicted DBD
ZM4	1923904	1923905	ZMO0373	384.726	1924083	ZMO1_ZMO1869	-	179	ZMO0373 (Global reg)	Predicted DBD
ZM4	1929628	1929629	ZMO0373	548.925	1929717	ZMO1_ZMO1877	-	89	ZMO0373 (Global reg)	Predicted DBD
ZM4	1941103	1941104	ZMO0373	214.929	1940987	entB	-	-116	ZMO0373 (Global reg)	Predicted DBD
ZM4	1950136	1950137	ZMO0373	101.129	1950208	ZMO1_ZMOt051	+	-72	ZMO0373 (Global reg)	Predicted DBD
ZM4	1954159	1954160	ZMO0373	222.923	1954345	ZMO1_ZMO1901	-	186	ZMO0373 (Global reg)	Predicted DBD
ZM4	1955968	1955969	ZMO0373	152.32	1956052	ZMO1_ZMO1904	+	-84	ZMO0373 (Global reg)	Predicted DBD
ZM4	1961545	1961546	ZMO0373	1126.77	1961504	mutS	-	-41	ZMO0373 (Global reg)	Predicted DBD
ZM4	1963623	1963624	ZMO0373	56.5759	1963783	ZMO1_ZMO1911	+	-160	ZMO0373 (Global reg)	Predicted DBD
ZM4	1963827	1963828	ZMO0373	189.03	1963783	ZMO1_ZMO1911	+	44	ZMO0373 (Global reg)	Predicted DBD
ZM4	1965966	1965967	ZMO0373	46.4014	1965833	gshB	+	133	ZMO0373 (Global reg)	Predicted DBD
ZM4	1971132	1971133	ZMO0373	83.6297	1971065	bioA	+	67	ZMO0373 (Global reg)	Predicted DBD
ZM4	1977454	1977455	ZMO0373	41.3956	1977631	ZMO1_ZMO1923	+	-177	ZMO0373 (Global reg)	Predicted DBD
ZM4	1977646	1977647	ZMO0373	575.552	1977631	ZMO1_ZMO1923	+	15	ZMO0373 (Global reg)	Predicted DBD
ZM4	1980214	1980215	ZMO0373	118.672	1980071	ZMO1_ZMO1924	-	-143	ZMO0373 (Global reg)	Predicted DBD
ZM4	1984147	1984148	ZMO0373	309.224	1984252	groES	+	-105	ZMO0373 (Global reg)	Predicted DBD
ZM4	1984696	1984697	ZMO0373	15.8454	1984724	groEL	+	-28	ZMO0373 (Global reg)	Predicted DBD
ZM4	1990582	1990583	ZMO0373	110.402	1990678	ZMO1_ZMO1932	-	96	ZMO0373 (Global reg)	Predicted DBD
ZM4	1991958	1991959	ZMO0373	3406.4	1992057	ZMO1_ZMO1933	-	99	ZMO0373 (Global reg)	Predicted DBD
ZM4	1996304	1996305	ZMO0373	1336.29	1996262	ZMO1_ZMO1937	+	42	ZMO0373 (Global reg)	Predicted DBD
ZM4	1998082	1998083	ZMO0373	35.7996	1998208	ZMO1_ZMO2037	+	-126	ZMO0373 (Global reg)	Predicted DBD
ZM4	1998243	1998244	ZMO0373	7.38889	1998208	ZMO1_ZMO2037	+	35	ZMO0373 (Global reg)	Predicted DBD
ZM4	1998741	1998742	ZMO0373	2215.88	1998908	ZMO1_ZMO1941	+	-167	ZMO0373 (Global reg)	Predicted DBD
ZM4	2004685	2004686	ZMO0373	78.6691	2004815	ZMO1_ZMO1947	+	-130	ZMO0373 (Global reg)	Predicted DBD
ZM4	2005110	2005111	ZMO0373	53.7388	2005274	ZMO1_ZMO1948	+	-164	ZMO0373 (Global reg)	Predicted DBD
ZM4	2005252	2005253	ZMO0373	10.2031	2005274	ZMO1_ZMO1948	+	-22	ZMO0373 (Global reg)	Predicted DBD
ZM4	2005668	2005669	ZMO0373	26.4586	2005747	ZMO1_ZMO1949	+	-79	ZMO0373 (Global reg)	Predicted DBD
ZM4	2005928	2005929	ZMO0373	580.454	2005747	ZMO1_ZMO1949	+	181	ZMO0373 (Global reg)	Predicted DBD
ZM4	2007814	2007815	ZMO0373	47.8153	2007672	ZMO1_ZMO2038	+	142	ZMO0373 (Global reg)	Predicted DBD
ZM4	2008029	2008030	ZMO0373	9.53174	2008129	ZMO1_ZMO2039	+	-100	ZMO0373 (Global reg)	Predicted DBD
ZM4	2008578	2008579	ZMO0373	28.1399	2008559	rraA	+	19	ZMO0373 (Global reg)	Predicted DBD
ZM4	2010250	2010251	ZMO0373	140.995	2010274	panC2	+	-24	ZMO0373 (Global reg)	Predicted DBD
ZM4	2013403	2013404	ZMO0373	150.443	2013483	mdh	-	80	ZMO0373 (Global reg)	Predicted DBD
ZM4	2017202	2017203	ZMO0373	12.8421	2017113	ZMO1_ZMO1958	-	-89	ZMO0373 (Global reg)	Predicted DBD
ZM4	2023162	2023163	ZMO0373	983.207	2023045	ZMO1_ZMO1962	+	117	ZMO0373 (Global reg)	Predicted DBD
ZM4	2025688	2025689	ZMO0373	164.041	2025753	gltA	-	65	ZMO0373 (Global reg)	Predicted DBD
ZM4	2033928	2033929	ZMO0373	456.095	2033903	ZMO1_ZMO1969	-	-25	ZMO0373 (Global reg)	Predicted DBD
ZM4	2036729	2036730	ZMO0373	44.9921	2036639	ZMO1_ZMO1974	+	90	ZMO0373 (Global reg)	Predicted DBD
ZM4	2043652	2043653	ZMO0373	21.5057	2043688	gidB	-	36	ZMO0373 (Global reg)	Predicted DBD
ZM4	2057845	2057846	ZMO0373	98.7305	2058037	hemE	-	192	ZMO0373 (Global reg)	Predicted DBD
pZM32	20365	20366	ZMO0373	68.3273	20380	ZMO1_ZMOp32x020	+	-15	ZMO0373 (Global reg)	Predicted DBD
pZM32	24888	24889	ZMO0373	45.0366	24739	ZMO1_ZMOp32x033	-	-149	ZMO0373 (Global reg)	Predicted DBD
pZM33	2757	2758	ZMO0373	47.348	2787	ZMO1_ZMOp33x006	+	-30	ZMO0373 (Global reg)	Predicted DBD
pZM33	6239	6240	ZMO0373	127.91	6212	ZMO1_ZMOp33x010	+	27	ZMO0373 (Global reg)	Predicted DBD
pZM33	8968	8969	ZMO0373	152.856	8957	ZMO1_ZMOp33x012	+	11	ZMO0373 (Global reg)	Predicted DBD
pZM33	12446	12447	ZMO0373	1149.44	12297	ZMO1_ZMOp33x016	+	149	ZMO0373 (Global reg)	Predicted DBD
pZM33	19147	19148	ZMO0373	1382.75	19135	ZMO1_ZMOp33x023	+	12	ZMO0373 (Global reg)	Predicted DBD
pZM33	30607	30608	ZMO0373	57.9997	30635	ZMO1_ZMOp33x036	+	-28	ZMO0373 (Global reg)	Predicted DBD
pZM36	458	459	ZMO0373	75.3493	280	ZMO1_ZMOp36x001	+	178	ZMO0373 (Global reg)	Predicted DBD
pZM36	891	892	ZMO0373	492.222	717	ZMO1_ZMOp36x002	+	174	ZMO0373 (Global reg)	Predicted DBD
pZM36	1195	1196	ZMO0373	93.6063	1084	ZMO1_ZMOp36x003	+	111	ZMO0373 (Global reg)	Predicted DBD
pZM36	6537	6538	ZMO0373	63.6066	6689	ZMO1_ZMOp36x009	+	-152	ZMO0373 (Global reg)	Predicted DBD
pZM36	10386	10387	ZMO0373	962.638	10500	ZMO1_ZMOp36x014	+	-114	ZMO0373 (Global reg)	Predicted DBD
pZM36	14978	14979	ZMO0373	196.134	15080	ZMO1_ZMOp36x018	-	102	ZMO0373 (Global reg)	Predicted DBD
pZM36	15247	15248	ZMO0373	30.4836	15080	ZMO1_ZMOp36x018	-	-167	ZMO0373 (Global reg)	Predicted DBD
pZM36	15523	15524	ZMO0373	25.1276	15453	ZMO1_ZMOp36x048	-	-70	ZMO0373 (Global reg)	Predicted DBD
pZM36	17070	17071	ZMO0373	5866.83	17232	ZMO1_ZMOp36x051	-	162	ZMO0373 (Global reg)	Predicted DBD
pZM36	17485	17486	ZMO0373	53.0624	17663	ZMO1_ZMOp36x052	-	178	ZMO0373 (Global reg)	Predicted DBD
pZM36	24403	24404	ZMO0373	59.5106	24267	ZMO1_ZMOp36x033	+	136	ZMO0373 (Global reg)	Predicted DBD
pZM36	24991	24992	ZMO0373	137.853	25053	ZMO1_ZMOp36x036	+	-62	ZMO0373 (Global reg)	Predicted DBD
pZM36	28964	28965	ZMO0373	1318.81	28793	ZMO1_ZMOp36x039	+	171	ZMO0373 (Global reg)	Predicted DBD
pZM36	30989	30990	ZMO0373	226.749	31040	ZMO1_ZMOp36x041	-	51	ZMO0373 (Global reg)	Predicted DBD
pZM39	35030	35031	ZMO0373	429.109	34876	ZMO1_ZMOp39x031	+	154	ZMO0373 (Global reg)	Predicted DBD
ZM4	437758	437759	ZMO0471	16.8796	437901	ZMO1_ZMO0440	+	-143	ZMO0471 (LysR)	TF homology
ZM4	600712	600713	ZMO0471	10.4442	600580	ZMO1_ZMO0601	+	132	ZMO0471 (LysR)	TF homology
ZM4	1351639	1351640	ZMO0471	70.976	1351813	ZMO1_ZMO1334	+	-174	ZMO0471 (LysR)	TF homology
ZM4	1519492	1519493	ZMO0471	11.7188	1519568	ZMO1_ZMO2071	-	76	ZMO0471 (LysR)	TF homology
ZM4	1635887	1635888	ZMO0471	5.17922	1635854	ZMO1_ZMO1593	-	-33	ZMO0471 (LysR)	TF homology
ZM4	1636136	1636137	ZMO0471	937.036	1636123	ZMO1_ZMO2074	-	-13	ZMO0471 (LysR)	TF homology
ZM4	1860622	1860623	ZMO0471	10.6169	1860457	ZMO1_ZMO1815	-	-165	ZMO0471 (LysR)	TF homology
ZM4	1906367	1906368	ZMO0471	28.8007	1906412	rpfN	+	-45	ZMO0471 (LysR)	TF homology
ZM4	379274	379275	ZMO0478	29.202	379203	ZMO1_ZMO0373	-	-71	ZMO0478 (Winged Helix)	TF homology
ZM4	741843	741844	ZMO0478	102.219	741785	ZMO1_ZMO0739	-	-58	ZMO0478 (Winged Helix)	TF homology
ZM4	1509349	1509350	ZMO0478	17.7622	1509453	ZMO1_ZMO1483	-	104	ZMO0478 (Winged Helix)	TF homology
ZM4	1519486	1519487	ZMO0478	16.9636	1519568	ZMO1_ZMO2071	-	82	ZMO0478 (Winged Helix)	TF homology
ZM4	49273	49274	ZMO0626t	1228.63	49227	pcaD	-	-46	ZMO0626t (σ28)	Sigma factor
ZM4	318409	318410	ZMO0626t	27.672	318262	ZMO1_ZMO0315	-	-147	ZMO0626t (σ28)	Sigma factor
ZM4	71599	71600	ZMO0631	536.858	71406	cheB1	-	-193	ZMO0631 (Fis-σ54)	TF homology
ZM4	228186	228187	ZMO0631	88.3556	228222	ZMO1_ZMO0231	+	-36	ZMO0631 (Fis-σ54)	TF homology
ZM4	332753	332754	ZMO0631	91.7983	332579	ZMO1_ZMO0335	+	174	ZMO0631 (Fis-σ54)	TF homology
ZM4	398930	398931	ZMO0631	8.37048	399055	ZMO1_ZMO0399	+	-125	ZMO0631 (Fis-σ54)	TF homology
ZM4	524121	524122	ZMO0631	218.747	523940	rpsC	+	181	ZMO0631 (Fis-σ54)	TF homology
ZM4	610006	610007	ZMO0631	29.8067	610131	flgI	-	125	ZMO0631 (Fis-σ54)	TF homology
ZM4	615391	615392	ZMO0631	60598.9	615461	motA2	+	-70	ZMO0631 (Fis-σ54)	TF homology
ZM4	991110	991111	ZMO0631	2337	990932	ZMO1_ZMO0973	+	178	ZMO0631 (Fis-σ54)	TF homology
ZM4	1074660	1074661	ZMO0631	2.03305	1074550	cca	-	-110	ZMO0631 (Fis-σ54)	TF homology
ZM4	1074902	1074903	ZMO0631	1685.73	1075088	ZMO1_ZMO1057	-	186	ZMO0631 (Fis-σ54)	TF homology
ZM4	1181731	1181732	ZMO0631	7615.54	1181773	phoB	+	-42	ZMO0631 (Fis-σ54)	TF homology
ZM4	1240658	1240659	ZMO0631	61.299	1240538	ZMO1_ZMO1214	+	120	ZMO0631 (Fis-σ54)	TF homology
ZM4	1359388	1359389	ZMO0631	2220.96	1359336	dkgA	+	52	ZMO0631 (Fis-σ54)	TF homology
ZM4	1998713	1998714	ZMO0631	90.8118	1998908	ZMO1_ZMO1941	+	-195	ZMO0631 (Fis-σ54)	TF homology
ZM4	39450	39451	ZMO0774	123.307	39421	nagE1	-	-29	ZMO0774 (LysR)	TF homology
ZM4	49281	49282	ZMO0774	64.7211	49227	pcaD	-	-54	ZMO0774 (LysR)	TF homology
ZM4	86422	86423	ZMO0774	47.312	86441	ZMO1_ZMO2042	+	-19	ZMO0774 (LysR)	TF homology
ZM4	103948	103949	ZMO0774	14.6633	104016	ZMO1_ZMO0116	+	-68	ZMO0774 (LysR)	TF homology
ZM4	121698	121699	ZMO0774	28.3263	121837	ZMO1_ZMO0133	+	-139	ZMO0774 (LysR)	TF homology
ZM4	127495	127496	ZMO0774	15.5217	127569	ZMO1_ZMO0137	+	-74	ZMO0774 (LysR)	TF homology
ZM4	130843	130844	ZMO0774	54.8443	130699	ZMO1_ZMO0142	+	144	ZMO0774 (LysR)	TF homology
ZM4	161240	161241	ZMO0774	45.8624	161129	ZMO1_ZMO0174	-	-111	ZMO0774 (LysR)	TF homology
ZM4	173846	173847	ZMO0774	66.4819	173736	ZMO1_ZMO0184	+	110	ZMO0774 (LysR)	TF homology
ZM4	177703	177704	ZMO0774	26.9984	177746	fhuE	+	-43	ZMO0774 (LysR)	TF homology
ZM4	182518	182519	ZMO0774	2179.38	182507	ZMO1_ZMO0190	-	-11	ZMO0774 (LysR)	TF homology
ZM4	208619	208620	ZMO0774	158.014	208677	shdA	-	58	ZMO0774 (LysR)	TF homology
ZM4	216886	216887	ZMO0774	28.1905	217046	ZMO1_ZMO0221	+	-160	ZMO0774 (LysR)	TF homology
ZM4	229751	229752	ZMO0774	110.989	229636	ZMO1_ZMO0232	-	-115	ZMO0774 (LysR)	TF homology
ZM4	232142	232143	ZMO0774	1696.77	232262	ZMO1_ZMO0234	-	120	ZMO0774 (LysR)	TF homology
ZM4	234433	234434	ZMO0774	89.6165	234262	ZMO1_ZMO2046	-	-171	ZMO0774 (LysR)	TF homology
ZM4	244977	244978	ZMO0774	15.9713	245174	ZMO1_ZMO0252	+	-197	ZMO0774 (LysR)	TF homology
ZM4	260950	260951	ZMO0774	30.7311	260995	ZMO1_ZMO0257	+	-45	ZMO0774 (LysR)	TF homology
ZM4	299296	299297	ZMO0774	250.122	299172	ZMO1_ZMO0293	-	-124	ZMO0774 (LysR)	TF homology
ZM4	338749	338750	ZMO0774	12.361	338679	ZMO1_ZMO0343	-	-70	ZMO0774 (LysR)	TF homology
ZM4	418179	418180	ZMO0774	20.7853	418116	ZMO1_ZMO0412	-	-63	ZMO0774 (LysR)	TF homology
ZM4	472880	472881	ZMO0774	92.1393	472882	ZMO1_ZMO0480	+	-2	ZMO0774 (LysR)	TF homology
ZM4	512642	512643	ZMO0774	46.097	512750	ZMO1_ZMO0511	+	-108	ZMO0774 (LysR)	TF homology
ZM4	524712	524713	ZMO0774	19.0731	524699	rplP	+	13	ZMO0774 (LysR)	TF homology
ZM4	530218	530219	ZMO0774	154.385	530389	secY	+	-171	ZMO0774 (LysR)	TF homology
ZM4	548441	548442	ZMO0774	68.5649	548400	rpsO	-	-41	ZMO0774 (LysR)	TF homology
ZM4	553609	553610	ZMO0774	139.863	553472	infB	-	-137	ZMO0774 (LysR)	TF homology
ZM4	563036	563037	ZMO0774	60.4544	562952	ZMO1_ZMO0561	-	-84	ZMO0774 (LysR)	TF homology
ZM4	563036	563037	ZMO0774	60.4544	563120	hisC4	+	-84	ZMO0774 (LysR)	TF homology
ZM4	573731	573732	ZMO0774	10.5293	573858	ZMO1_ZMO0571	+	-127	ZMO0774 (LysR)	TF homology
ZM4	583754	583755	ZMO0774	2.03364	583717	ZMO1_ZMO0578	-	-37	ZMO0774 (LysR)	TF homology
ZM4	584194	584195	ZMO0774	274.614	584103	ZMO1_ZMO0581	+	91	ZMO0774 (LysR)	TF homology
ZM4	591516	591517	ZMO0774	16.6474	591559	radA	+	-43	ZMO0774 (LysR)	TF homology
ZM4	611562	611563	ZMO0774	49.5404	611610	flgG	-	48	ZMO0774 (LysR)	TF homology
ZM4	625460	625461	ZMO0774	419.521	625309	fliC	-	-151	ZMO0774 (LysR)	TF homology
ZM4	639147	639148	ZMO0774	6.24426	639020	fliR	+	127	ZMO0774 (LysR)	TF homology
ZM4	647661	647662	ZMO0774	912.673	647767	ZMO1_ZMO0654	-	106	ZMO0774 (LysR)	TF homology
ZM4	673714	673715	ZMO0774	208.184	673864	ZMO1_ZMO0680	+	-150	ZMO0774 (LysR)	TF homology
ZM4	678272	678273	ZMO0774	31.0137	678305	ZMO1_ZMO0682	+	-33	ZMO0774 (LysR)	TF homology
ZM4	693808	693809	ZMO0774	124.746	693720	ZMO1_ZMO0694	-	-88	ZMO0774 (LysR)	TF homology
ZM4	699377	699378	ZMO0774	13.2729	699347	ZMO1_ZMO0698	-	-30	ZMO0774 (LysR)	TF homology
ZM4	771345	771346	ZMO0774	51191.8	771215	ZMO1_ZMO0774	-	-130	ZMO0774 (LysR)	TF homology
ZM4	788638	788639	ZMO0774	190.725	788772	ZMO1_ZMO0789	+	-134	ZMO0774 (LysR)	TF homology
ZM4	791511	791512	ZMO0774	61.1022	791564	ZMO1_ZMO2054	+	-53	ZMO0774 (LysR)	TF homology
ZM4	820086	820087	ZMO0774	5.61801	820002	ZMO1_ZMO2056	-	-84	ZMO0774 (LysR)	TF homology
ZM4	842223	842224	ZMO0774	18.5425	842401	ftsA	+	-178	ZMO0774 (LysR)	TF homology
ZM4	857827	857828	ZMO0774	313.914	857720	kefB	-	-107	ZMO0774 (LysR)	TF homology
ZM4	862204	862205	ZMO0774	14.7424	862117	ZMO1_ZMO0849	-	-87	ZMO0774 (LysR)	TF homology
ZM4	888590	888591	ZMO0774	28.0604	888637	hpnM	+	-47	ZMO0774 (LysR)	TF homology
ZM4	928502	928503	ZMO0774	22.8503	928413	ZMO1_ZMO0912	+	89	ZMO0774 (LysR)	TF homology
ZM4	934670	934671	ZMO0774	474.689	934825	ZMO1_ZMO0916	+	-155	ZMO0774 (LysR)	TF homology
ZM4	935606	935607	ZMO0774	757.198	935633	ZMO1_ZMO0917	+	-27	ZMO0774 (LysR)	TF homology
ZM4	938692	938693	ZMO0774	63.9723	938805	ZMO1_ZMO0919	+	-113	ZMO0774 (LysR)	TF homology
ZM4	942187	942188	ZMO0774	16.8729	942239	ZMO1_ZMO0920	-	52	ZMO0774 (LysR)	TF homology
ZM4	954172	954173	ZMO0774	5.86012	954115	zliE	-	-57	ZMO0774 (LysR)	TF homology
ZM4	955170	955171	ZMO0774	25.1667	955259	ZMO1_ZMO0936	+	-89	ZMO0774 (LysR)	TF homology
ZM4	969157	969158	ZMO0774	40.4195	969020	clpX	+	137	ZMO0774 (LysR)	TF homology
ZM4	988809	988810	ZMO0774	43.859	988661	add2	+	148	ZMO0774 (LysR)	TF homology
ZM4	1010247	1010248	ZMO0774	38.4848	1010290	ibpA	-	43	ZMO0774 (LysR)	TF homology
ZM4	1019996	1019997	ZMO0774	70.1639	1020112	ZMO1_ZMO1001	+	-116	ZMO0774 (LysR)	TF homology
ZM4	1025993	1025994	ZMO0774	19.3166	1025821	folP	+	172	ZMO0774 (LysR)	TF homology
ZM4	1055158	1055159	ZMO0774	154.211	1055355	ZMO1_ZMO1040	+	-197	ZMO0774 (LysR)	TF homology
ZM4	1078506	1078507	ZMO0774	155.665	1078584	pspA	+	-78	ZMO0774 (LysR)	TF homology
ZM4	1094552	1094553	ZMO0774	32.0608	1094691	bcsC	+	-139	ZMO0774 (LysR)	TF homology
ZM4	1101027	1101028	ZMO0774	23.1845	1101024	rlpA	+	3	ZMO0774 (LysR)	TF homology
ZM4	1107978	1107979	ZMO0774	21.8617	1107844	mazG	+	134	ZMO0774 (LysR)	TF homology
ZM4	1173857	1173858	ZMO0774	10.3488	1173703	frr	-	-154	ZMO0774 (LysR)	TF homology
ZM4	1194595	1194596	ZMO0774	18.8142	1194726	ZMO1_ZMO1173	-	131	ZMO0774 (LysR)	TF homology
ZM4	1198286	1198287	ZMO0774	96.1632	1198360	ZMO1_ZMO1176	-	74	ZMO0774 (LysR)	TF homology
ZM4	1203371	1203372	ZMO0774	181.353	1203279	hutG1	-	-92	ZMO0774 (LysR)	TF homology
ZM4	1208952	1208953	ZMO0774	6.67293	1209063	mltB	+	-111	ZMO0774 (LysR)	TF homology
ZM4	1261021	1261022	ZMO0774	15.7349	1260857	dxs1	-	-164	ZMO0774 (LysR)	TF homology
ZM4	1262974	1262975	ZMO0774	46.767	1262780	adhA	-	-194	ZMO0774 (LysR)	TF homology
ZM4	1278752	1278753	ZMO0774	107.803	1278835	ssuA	+	-83	ZMO0774 (LysR)	TF homology
ZM4	1280764	1280765	ZMO0774	28.1115	1280672	ssuB	+	92	ZMO0774 (LysR)	TF homology
ZM4	1302489	1302490	ZMO0774	13.6876	1302389	sldS	-	-100	ZMO0774 (LysR)	TF homology
ZM4	1304056	1304057	ZMO0774	21.0216	1303926	ZMO1_ZMO1287	-	-130	ZMO0774 (LysR)	TF homology
ZM4	1307752	1307753	ZMO0774	1.93162	1307603	ZMO1_ZMO1291	-	-149	ZMO0774 (LysR)	TF homology
ZM4	1315554	1315555	ZMO0774	6.86397	1315744	ZMO1_ZMO2016	+	-190	ZMO0774 (LysR)	TF homology
ZM4	1319675	1319676	ZMO0774	145.83	1319849	ZMO1_ZMO1301	-	174	ZMO0774 (LysR)	TF homology
ZM4	1345511	1345512	ZMO0774	201.528	1345629	nagE	+	-118	ZMO0774 (LysR)	TF homology
ZM4	1425322	1425323	ZMO0774	356.561	1425383	cbbF2	-	61	ZMO0774 (LysR)	TF homology
ZM4	1425906	1425907	ZMO0774	25.1326	1425926	bfr1	+	-20	ZMO0774 (LysR)	TF homology
ZM4	1444245	1444246	ZMO0774	8.89402	1444264	ZMO1_ZMO1426	+	-19	ZMO0774 (LysR)	TF homology
ZM4	1470809	1470810	ZMO0774	13.5539	1470981	phrB	+	-172	ZMO0774 (LysR)	TF homology
ZM4	1486045	1486046	ZMO0774	123.569	1485986	ZMO1_ZMO1463	-	-59	ZMO0774 (LysR)	TF homology
ZM4	1486408	1486409	ZMO0774	60.2212	1486337	ZMO1_ZMO1464	-	-71	ZMO0774 (LysR)	TF homology
ZM4	1492343	1492344	ZMO0774	3.2917	1492410	ZMO1_ZMO1468	-	67	ZMO0774 (LysR)	TF homology
ZM4	1492536	1492537	ZMO0774	2.52975	1492410	ZMO1_ZMO1468	-	-126	ZMO0774 (LysR)	TF homology
ZM4	1497289	1497290	ZMO0774	15.5759	1497475	ZMO1_ZMO1475	+	-186	ZMO0774 (LysR)	TF homology
ZM4	1509328	1509329	ZMO0774	26.5618	1509453	ZMO1_ZMO1483	-	125	ZMO0774 (LysR)	TF homology
ZM4	1517273	1517274	ZMO0774	800.718	1517389	ZMO1_ZMO1490	+	-116	ZMO0774 (LysR)	TF homology
ZM4	1519763	1519764	ZMO0774	41.0489	1519568	ZMO1_ZMO2071	-	-195	ZMO0774 (LysR)	TF homology
ZM4	1522295	1522296	ZMO0774	45.8007	1522124	ZMO1_ZMO1495	-	-171	ZMO0774 (LysR)	TF homology
ZM4	1563140	1563141	ZMO0774	5443.85	1563298	ZMO1_ZMO1530	+	-158	ZMO0774 (LysR)	TF homology
ZM4	1573863	1573864	ZMO0774	70.4976	1574009	feoA	+	-146	ZMO0774 (LysR)	TF homology
ZM4	1618409	1618410	ZMO0774	212.059	1618304	ZMO1_ZMOr002	-	-105	ZMO0774 (LysR)	TF homology
ZM4	1653379	1653380	ZMO0774	95.5405	1653427	ZMO1_ZMO1609	+	-48	ZMO0774 (LysR)	TF homology
ZM4	1655275	1655276	ZMO0774	115.285	1655228	ZMO1_ZMO1612	+	47	ZMO0774 (LysR)	TF homology
ZM4	1657382	1657383	ZMO0774	95.7602	1657283	greA	-	-99	ZMO0774 (LysR)	TF homology
ZM4	1677030	1677031	ZMO0774	6.11584	1676915	ZMO1_ZMO1631	-	-115	ZMO0774 (LysR)	TF homology
ZM4	1687744	1687745	ZMO0774	60.2229	1687564	tyrS	+	180	ZMO0774 (LysR)	TF homology
ZM4	1726749	1726750	ZMO0774	49.299	1726753	ZMO1_ZMO1681	+	-4	ZMO0774 (LysR)	TF homology
ZM4	1734535	1734536	ZMO0774	16.7922	1734730	hisZ	+	-195	ZMO0774 (LysR)	TF homology
ZM4	1770744	1770745	ZMO0774	43.1266	1770678	gloA3	-	-66	ZMO0774 (LysR)	TF homology
ZM4	1780577	1780578	ZMO0774	25.8476	1780552	ZMO1_ZMO1734	+	25	ZMO0774 (LysR)	TF homology
ZM4	1794319	1794320	ZMO0774	12.8571	1794289	ZMO1_ZMO1748	-	-30	ZMO0774 (LysR)	TF homology
ZM4	1797038	1797039	ZMO0774	49.8416	1797110	ZMO1_ZMO1751	+	-72	ZMO0774 (LysR)	TF homology
ZM4	1800685	1800686	ZMO0774	620.41	1800500	ssdA	-	-185	ZMO0774 (LysR)	TF homology
ZM4	1801847	1801848	ZMO0774	121.908	1801692	thyB	-	-155	ZMO0774 (LysR)	TF homology
ZM4	1802094	1802095	ZMO0774	9.01166	1802064	gntP	+	30	ZMO0774 (LysR)	TF homology
ZM4	1813332	1813333	ZMO0774	33.8413	1813264	galU	-	-68	ZMO0774 (LysR)	TF homology
ZM4	1821043	1821044	ZMO0774	369.604	1821180	pepN2	+	-137	ZMO0774 (LysR)	TF homology
ZM4	1824068	1824069	ZMO0774	32.4953	1824074	ZMO1_ZMO1777	+	-6	ZMO0774 (LysR)	TF homology
ZM4	1828964	1828965	ZMO0774	35.9347	1829100	ZMO1_ZMO1784	+	-136	ZMO0774 (LysR)	TF homology
ZM4	1834847	1834848	ZMO0774	29.2999	1834782	ZMO1_ZMO1788	-	-65	ZMO0774 (LysR)	TF homology
ZM4	1849797	1849798	ZMO0774	15800.1	1849886	ZMO1_ZMO1807	+	-89	ZMO0774 (LysR)	TF homology
ZM4	1860502	1860503	ZMO0774	15170.7	1860457	ZMO1_ZMO1815	-	-45	ZMO0774 (LysR)	TF homology
ZM4	1862960	1862961	ZMO0774	42.1647	1863082	nifB	+	-122	ZMO0774 (LysR)	TF homology
ZM4	1884969	1884970	ZMO0774	25.272	1884850	apbE	-	-119	ZMO0774 (LysR)	TF homology
ZM4	1893326	1893327	ZMO0774	46.1368	1893241	fldA	-	-85	ZMO0774 (LysR)	TF homology
ZM4	1903557	1903558	ZMO0774	212.859	1903453	ZMO1_ZMOr005	-	-104	ZMO0774 (LysR)	TF homology
ZM4	1917408	1917409	ZMO0774	206.159	1917305	ZMO1_ZMOr008	-	-103	ZMO0774 (LysR)	TF homology
ZM4	1940559	1940560	ZMO0774	53.5137	1940416	ZMO1_ZMO1886	-	-143	ZMO0774 (LysR)	TF homology
ZM4	1965643	1965644	ZMO0774	130.239	1965833	gshB	+	-190	ZMO0774 (LysR)	TF homology
ZM4	1967660	1967661	ZMO0774	551.058	1967711	xerC	-	51	ZMO0774 (LysR)	TF homology
ZM4	2048404	2048405	ZMO0774	29.8663	2048504	ZMO1_ZMO1986	+	-100	ZMO0774 (LysR)	TF homology
pZM32	8579	8580	ZMO0774	4.67127	8719	ZMO1_ZMOp32x007	+	-140	ZMO0774 (LysR)	TF homology
pZM33	1559	1560	ZMO0774	96.2578	1617	ZMO1_ZMOp33x003	-	58	ZMO0774 (LysR)	TF homology
pZM33	4681	4682	ZMO0774	67.7695	4762	ZMO1_ZMOp33x009	+	-81	ZMO0774 (LysR)	TF homology
pZM33	27568	27569	ZMO0774	45.2587	27483	ZMO1_ZMOp33x030	-	-85	ZMO0774 (LysR)	TF homology
pZM36	3587	3588	ZMO0774	41.1001	3610	ZMO1_ZMOp36x007	+	-23	ZMO0774 (LysR)	TF homology
pZM36	17617	17618	ZMO0774	115.187	17663	ZMO1_ZMOp36x052	-	46	ZMO0774 (LysR)	TF homology
pZM36	27941	27942	ZMO0774	175.966	27918	ZMO1_ZMOp36x038	+	23	ZMO0774 (LysR)	TF homology
pZM36	28726	28727	ZMO0774	97.1363	28793	ZMO1_ZMOp36x039	+	-67	ZMO0774 (LysR)	TF homology
pZM39	38715	38716	ZMO0774	257.688	38816	ZMO1_ZMOp39x034	+	-101	ZMO0774 (LysR)	TF homology
ZM4	63	64	ZMO0781	148.406	146	ZMO1_ZMO0001	+	-83	ZMO0781 (LysR)	TF homology
ZM4	14528	14529	ZMO0781	196.509	14370	ZMO1_ZMO0011	-	-158	ZMO0781 (LysR)	TF homology
ZM4	26161	26162	ZMO0781	247.269	25981	ZMO1_ZMO0022	-	-180	ZMO0781 (LysR)	TF homology
ZM4	28017	28018	ZMO0781	22899.4	28028	ZMO1_ZMO0026	+	-11	ZMO0781 (LysR)	TF homology
ZM4	33973	33974	ZMO0781	109.371	33933	ZMO1_ZMO0029	-	-40	ZMO0781 (LysR)	TF homology
ZM4	37179	37180	ZMO0781	202.75	37054	ZMO1_ZMO0031	-	-125	ZMO0781 (LysR)	TF homology
ZM4	43307	43308	ZMO0781	872.608	43129	ZMO1_ZMO0043	-	-178	ZMO0781 (LysR)	TF homology
ZM4	43530	43531	ZMO0781	297.634	43593	ZMO1_ZMO0044	+	-63	ZMO0781 (LysR)	TF homology
ZM4	59507	59508	ZMO0781	214.167	59456	oprB1	-	-51	ZMO0781 (LysR)	TF homology
ZM4	95170	95171	ZMO0781	829.986	95276	ZMO1_ZMO0109	+	-106	ZMO0781 (LysR)	TF homology
ZM4	99797	99798	ZMO0781	717.7	99840	ZMO1_ZMO0112	+	-43	ZMO0781 (LysR)	TF homology
ZM4	119271	119272	ZMO0781	5812.61	119178	phoC	-	-93	ZMO0781 (LysR)	TF homology
ZM4	121823	121824	ZMO0781	23056.8	121837	ZMO1_ZMO0133	+	-14	ZMO0781 (LysR)	TF homology
ZM4	125237	125238	ZMO0781	19168	125250	ZMO1_ZMO0134	+	-13	ZMO0781 (LysR)	TF homology
ZM4	127498	127499	ZMO0781	68.7185	127569	ZMO1_ZMO0137	+	-71	ZMO0781 (LysR)	TF homology
ZM4	185096	185097	ZMO0781	12026.5	185009	ZMO1_ZMO0192	-	-87	ZMO0781 (LysR)	TF homology
ZM4	194440	194441	ZMO0781	105.302	194368	lexA	-	-72	ZMO0781 (LysR)	TF homology
ZM4	217732	217733	ZMO0781	25982	217814	ZMO1_ZMO0222	+	-82	ZMO0781 (LysR)	TF homology
ZM4	218173	218174	ZMO0781	43.0559	218193	ZMO1_ZMO0223	+	-20	ZMO0781 (LysR)	TF homology
ZM4	218350	218351	ZMO0781	100.704	218193	ZMO1_ZMO0223	+	157	ZMO0781 (LysR)	TF homology
ZM4	245019	245020	ZMO0781	1580.39	245174	ZMO1_ZMO0252	+	-155	ZMO0781 (LysR)	TF homology
ZM4	299272	299273	ZMO0781	2980.61	299172	ZMO1_ZMO0293	-	-100	ZMO0781 (LysR)	TF homology
ZM4	318539	318540	ZMO0781	23730.5	318603	ZMO1_ZMO0318	+	-64	ZMO0781 (LysR)	TF homology
ZM4	379325	379326	ZMO0781	1441.4	379203	ZMO1_ZMO0373	-	-122	ZMO0781 (LysR)	TF homology
ZM4	397699	397700	ZMO0781	4821.23	397833	ZMO1_ZMO0395	+	-134	ZMO0781 (LysR)	TF homology
ZM4	425496	425497	ZMO0781	118.223	425525	ZMO1_ZMO0422	+	-29	ZMO0781 (LysR)	TF homology
ZM4	434091	434092	ZMO0781	142.096	433911	rocF	-	-180	ZMO0781 (LysR)	TF homology
ZM4	452499	452500	ZMO0781	167.546	452358	fhs	-	-141	ZMO0781 (LysR)	TF homology
ZM4	549371	549372	ZMO0781	118.471	549329	truB	-	-42	ZMO0781 (LysR)	TF homology
ZM4	562975	562976	ZMO0781	1494.63	562952	ZMO1_ZMO0561	-	-23	ZMO0781 (LysR)	TF homology
ZM4	619049	619050	ZMO0781	12487.3	619200	flhA	+	-151	ZMO0781 (LysR)	TF homology
ZM4	673764	673765	ZMO0781	97.551	673864	ZMO1_ZMO0680	+	-100	ZMO0781 (LysR)	TF homology
ZM4	682682	682683	ZMO0781	195.952	682751	ZMO1_ZMO0686	+	-69	ZMO0781 (LysR)	TF homology
ZM4	741940	741941	ZMO0781	72.0105	742006	csbD	+	-66	ZMO0781 (LysR)	TF homology
ZM4	788578	788579	ZMO0781	958.067	788772	ZMO1_ZMO0789	+	-194	ZMO0781 (LysR)	TF homology
ZM4	788865	788866	ZMO0781	91.8729	788772	ZMO1_ZMO0789	+	93	ZMO0781 (LysR)	TF homology
ZM4	791518	791519	ZMO0781	628.163	791564	ZMO1_ZMO2054	+	-46	ZMO0781 (LysR)	TF homology
ZM4	807501	807502	ZMO0781	46.8945	807358	ZMO1_ZMO0801	-	-143	ZMO0781 (LysR)	TF homology
ZM4	820118	820119	ZMO0781	25742.1	820002	ZMO1_ZMO2056	-	-116	ZMO0781 (LysR)	TF homology
ZM4	862760	862761	ZMO0781	53.4985	862902	ntrC	+	-142	ZMO0781 (LysR)	TF homology
ZM4	869591	869592	ZMO0781	120.816	869780	ZMO1_ZMO0859	+	-189	ZMO0781 (LysR)	TF homology
ZM4	890716	890717	ZMO0781	181.546	890642	cheB2	-	-74	ZMO0781 (LysR)	TF homology
ZM4	897709	897710	ZMO0781	36.7457	897621	ZMO1_ZMO0888	-	-88	ZMO0781 (LysR)	TF homology
ZM4	919200	919201	ZMO0781	21917.9	919155	bga	-	-45	ZMO0781 (LysR)	TF homology
ZM4	935470	935471	ZMO0781	1955.12	935633	ZMO1_ZMO0917	+	-163	ZMO0781 (LysR)	TF homology
ZM4	955183	955184	ZMO0781	154.521	955259	ZMO1_ZMO0936	+	-76	ZMO0781 (LysR)	TF homology
ZM4	1000352	1000353	ZMO0781	93.6217	1000292	dnaN	-	-60	ZMO0781 (LysR)	TF homology
ZM4	1012412	1012413	ZMO0781	62.8129	1012294	ZMO1_ZMO0992	-	-118	ZMO0781 (LysR)	TF homology
ZM4	1027958	1027959	ZMO0781	63.4542	1028038	glcD	+	-80	ZMO0781 (LysR)	TF homology
ZM4	1055178	1055179	ZMO0781	193.851	1055355	ZMO1_ZMO1040	+	-177	ZMO0781 (LysR)	TF homology
ZM4	1071522	1071523	ZMO0781	30.6463	1071594	ZMO1_ZMO1055	+	-72	ZMO0781 (LysR)	TF homology
ZM4	1089289	1089290	ZMO0781	35.4929	1089356	ZMO1_ZMO1080	+	-67	ZMO0781 (LysR)	TF homology
ZM4	1089548	1089549	ZMO0781	5448.64	1089594	ZMO1_ZMO1081	+	-46	ZMO0781 (LysR)	TF homology
ZM4	1098723	1098724	ZMO0781	295.382	1098857	celA	+	-134	ZMO0781 (LysR)	TF homology
ZM4	1127254	1127255	ZMO0781	165.205	1127354	ZMO1_ZMO1111	+	-100	ZMO0781 (LysR)	TF homology
ZM4	1203368	1203369	ZMO0781	3814.15	1203279	hutG1	-	-89	ZMO0781 (LysR)	TF homology
ZM4	1208131	1208132	ZMO0781	202.554	1207990	fixC	-	-141	ZMO0781 (LysR)	TF homology
ZM4	1222987	1222988	ZMO0781	27.706	1222958	plsY	-	-29	ZMO0781 (LysR)	TF homology
ZM4	1225545	1225546	ZMO0781	124.753	1225655	hemA	+	-110	ZMO0781 (LysR)	TF homology
ZM4	1242296	1242297	ZMO0781	1654.08	1242403	ZMO1_ZMO1215	+	-107	ZMO0781 (LysR)	TF homology
ZM4	1262963	1262964	ZMO0781	17872.5	1262780	adhA	-	-183	ZMO0781 (LysR)	TF homology
ZM4	1278729	1278730	ZMO0781	503.382	1278835	ssuA	+	-106	ZMO0781 (LysR)	TF homology
ZM4	1281402	1281403	ZMO0781	1355.7	1281432	rspA	+	-30	ZMO0781 (LysR)	TF homology
ZM4	1304040	1304041	ZMO0781	129.924	1303926	ZMO1_ZMO1287	-	-114	ZMO0781 (LysR)	TF homology
ZM4	1307797	1307798	ZMO0781	61.3211	1307603	ZMO1_ZMO1291	-	-194	ZMO0781 (LysR)	TF homology
ZM4	1311295	1311296	ZMO0781	19599.3	1311194	ZMO1_ZMO2015	-	-101	ZMO0781 (LysR)	TF homology
ZM4	1312926	1312927	ZMO0781	1958.4	1313079	ZMO1_ZMO1298	+	-153	ZMO0781 (LysR)	TF homology
ZM4	1315568	1315569	ZMO0781	236.227	1315744	ZMO1_ZMO2016	+	-176	ZMO0781 (LysR)	TF homology
ZM4	1315854	1315855	ZMO0781	8.9741	1315744	ZMO1_ZMO2016	+	110	ZMO0781 (LysR)	TF homology
ZM4	1341570	1341571	ZMO0781	1714.7	1341680	chvI	+	-110	ZMO0781 (LysR)	TF homology
ZM4	1421030	1421031	ZMO0781	46.313	1420848	ZMO1_ZMO1406	-	-182	ZMO0781 (LysR)	TF homology
ZM4	1422126	1422127	ZMO0781	5732.66	1422091	asd	-	-35	ZMO0781 (LysR)	TF homology
ZM4	1440674	1440675	ZMO0781	57.9214	1440619	ZMO1_ZMO1423	-	-55	ZMO0781 (LysR)	TF homology
ZM4	1459668	1459669	ZMO0781	7231.41	1459483	ZMO1_ZMO1440	-	-185	ZMO0781 (LysR)	TF homology
ZM4	1470694	1470695	ZMO0781	30218.7	1470562	mtlD	-	-132	ZMO0781 (LysR)	TF homology
ZM4	1486412	1486413	ZMO0781	309.872	1486337	ZMO1_ZMO1464	-	-75	ZMO0781 (LysR)	TF homology
ZM4	1492466	1492467	ZMO0781	230.573	1492410	ZMO1_ZMO1468	-	-56	ZMO0781 (LysR)	TF homology
ZM4	1509300	1509301	ZMO0781	672.428	1509178	ZMO1_ZMO1482	-	-122	ZMO0781 (LysR)	TF homology
ZM4	1519724	1519725	ZMO0781	969.284	1519568	ZMO1_ZMO2071	-	-156	ZMO0781 (LysR)	TF homology
ZM4	1522309	1522310	ZMO0781	22817.7	1522124	ZMO1_ZMO1495	-	-185	ZMO0781 (LysR)	TF homology
ZM4	1547084	1547085	ZMO0781	15486.4	1546928	ZMO1_ZMO1521	-	-156	ZMO0781 (LysR)	TF homology
ZM4	1563119	1563120	ZMO0781	104.405	1563298	ZMO1_ZMO1530	+	-179	ZMO0781 (LysR)	TF homology
ZM4	1569237	1569238	ZMO0781	8692.19	1569199	ZMO1_ZMO1536	-	-38	ZMO0781 (LysR)	TF homology
ZM4	1604527	1604528	ZMO0781	5102.14	1604418	pfl	-	-109	ZMO0781 (LysR)	TF homology
ZM4	1610968	1610969	ZMO0781	231.894	1611111	araJ2	+	-143	ZMO0781 (LysR)	TF homology
ZM4	1677097	1677098	ZMO0781	21.4289	1677204	dapE	+	-107	ZMO0781 (LysR)	TF homology
ZM4	1695513	1695514	ZMO0781	78.6726	1695450	folK	-	-63	ZMO0781 (LysR)	TF homology
ZM4	1696551	1696552	ZMO0781	1795.26	1696607	gnl	+	-56	ZMO0781 (LysR)	TF homology
ZM4	1703848	1703849	ZMO0781	32.0777	1703856	ubiG	+	-8	ZMO0781 (LysR)	TF homology
ZM4	1704657	1704658	ZMO0781	582.531	1704732	ZMO1_ZMO1655	+	-75	ZMO0781 (LysR)	TF homology
ZM4	1726612	1726613	ZMO0781	79.4901	1726753	ZMO1_ZMO1681	+	-141	ZMO0781 (LysR)	TF homology
ZM4	1751744	1751745	ZMO0781	152.212	1751819	ZMO1_ZMO1700	+	-75	ZMO0781 (LysR)	TF homology
ZM4	1796239	1796240	ZMO0781	9.37473	1796148	ZMO1_ZMO1750	-	-91	ZMO0781 (LysR)	TF homology
ZM4	1801826	1801827	ZMO0781	2938.73	1801692	thyB	-	-134	ZMO0781 (LysR)	TF homology
ZM4	1821075	1821076	ZMO0781	19272.5	1821180	pepN2	+	-105	ZMO0781 (LysR)	TF homology
ZM4	1832711	1832712	ZMO0781	263.387	1832586	ZMO1_ZMO1787	-	-125	ZMO0781 (LysR)	TF homology
ZM4	1868463	1868464	ZMO0781	455.042	1868308	ZMO1_ZMO1822	-	-155	ZMO0781 (LysR)	TF homology
ZM4	1882328	1882329	ZMO0781	447.581	1882259	ZMO1_ZMO1838	-	-69	ZMO0781 (LysR)	TF homology
ZM4	1890310	1890311	ZMO0781	29.0519	1890435	ZMO1_ZMO1849	+	-125	ZMO0781 (LysR)	TF homology
ZM4	1893326	1893327	ZMO0781	41.6623	1893241	fldA	-	-85	ZMO0781 (LysR)	TF homology
ZM4	1927992	1927993	ZMO0781	989.514	1927852	ZMO1_ZMO1875	-	-140	ZMO0781 (LysR)	TF homology
ZM4	1965679	1965680	ZMO0781	18.627	1965833	gshB	+	-154	ZMO0781 (LysR)	TF homology
ZM4	2039685	2039686	ZMO0781	295.055	2039816	ZMO1_ZMO1977	+	-131	ZMO0781 (LysR)	TF homology
ZM4	2045839	2045840	ZMO0781	453.44	2045915	ZMO1_ZMO1983	+	-76	ZMO0781 (LysR)	TF homology
ZM4	2046894	2046895	ZMO0781	1093.53	2046934	ZMO1_ZMO1984	+	-40	ZMO0781 (LysR)	TF homology
ZM4	2048413	2048414	ZMO0781	680.197	2048504	ZMO1_ZMO1986	+	-91	ZMO0781 (LysR)	TF homology
pZM32	8631	8632	ZMO0781	1833.5	8719	ZMO1_ZMOp32x007	+	-88	ZMO0781 (LysR)	TF homology
pZM32	11862	11863	ZMO0781	139.229	12050	ZMO1_ZMOp32x010	+	-188	ZMO0781 (LysR)	TF homology
pZM33	2377	2378	ZMO0781	4274.79	2297	ZMO1_ZMOp33x004	-	-80	ZMO0781 (LysR)	TF homology
pZM33	4710	4711	ZMO0781	2771.32	4762	ZMO1_ZMOp33x009	+	-52	ZMO0781 (LysR)	TF homology
pZM33	12183	12184	ZMO0781	2661.44	12297	ZMO1_ZMOp33x016	+	-114	ZMO0781 (LysR)	TF homology
pZM33	13547	13548	ZMO0781	128.727	13531	ZMO1_ZMOp33x018	+	16	ZMO0781 (LysR)	TF homology
pZM33	15239	15240	ZMO0781	65.3917	15161	ZMO1_ZMOp33x019	-	-78	ZMO0781 (LysR)	TF homology
pZM33	30246	30247	ZMO0781	35.5283	30068	ZMO1_ZMOp33x034	-	-178	ZMO0781 (LysR)	TF homology
pZM36	10075	10076	ZMO0781	78.7701	10111	ZMO1_ZMOp36x013	+	-36	ZMO0781 (LysR)	TF homology
pZM36	16481	16482	ZMO0781	104.698	16427	ZMO1_ZMOp36x050	-	-54	ZMO0781 (LysR)	TF homology
pZM36	27941	27942	ZMO0781	235.673	27918	ZMO1_ZMOp36x038	+	23	ZMO0781 (LysR)	TF homology
pZM39	1695	1696	ZMO0781	163.491	1825	ZMO1_ZMOp39x004	+	-130	ZMO0781 (LysR)	TF homology
pZM39	8894	8895	ZMO0781	521.907	8987	ZMO1_ZMOp39x012	+	-93	ZMO0781 (LysR)	TF homology
pZM39	26057	26058	ZMO0781	18.0474	26114	ZMO1_ZMOp39x027	+	-57	ZMO0781 (LysR)	TF homology
ZM4	318419	318420	ZMO0925	22.211	318262	ZMO1_ZMO0315	-	-157	ZMO0925 (Cold shock)	Predicted DBD
ZM4	953070	953071	ZMO0925	14.7233	953062	ZMO1_ZMO0931	-	-8	ZMO0925 (Cold shock)	Predicted DBD
ZM4	997154	997155	ZMO0925	34.7974	997005	ZMO1_ZMO0979	+	149	ZMO0925 (Cold shock)	Predicted DBD
ZM4	1233597	1233598	ZMO0925	51.5201	1233501	ZMO1_ZMOt028	-	-96	ZMO0925 (Cold shock)	Predicted DBD
ZM4	1519483	1519484	ZMO0925	21.4293	1519568	ZMO1_ZMO2071	-	85	ZMO0925 (Cold shock)	Predicted DBD
ZM4	18302	18303	ZMO0940	47.6094	18366	grpE	+	-64	ZMO0940 (MarR)	TF homology
ZM4	20366	20367	ZMO0940	752.36	20552	rpe	+	-186	ZMO0940 (MarR)	TF homology
ZM4	26077	26078	ZMO0940	432.142	25981	ZMO1_ZMO0022	-	-96	ZMO0940 (MarR)	TF homology
ZM4	27032	27033	ZMO0940	594.116	26924	ZMO1_ZMO0025	+	108	ZMO0940 (MarR)	TF homology
ZM4	34154	34155	ZMO0940	41.417	34223	gloA1	+	-69	ZMO0940 (MarR)	TF homology
ZM4	41151	41152	ZMO0940	77.4649	41041	dnaQ	-	-110	ZMO0940 (MarR)	TF homology
ZM4	50890	50891	ZMO0940	67.014	50778	ZMO1_ZMO0055	-	-112	ZMO0940 (MarR)	TF homology
ZM4	52853	52854	ZMO0940	301.147	52791	glmS	-	-62	ZMO0940 (MarR)	TF homology
ZM4	54995	54996	ZMO0940	47.2234	55079	ZMO1_ZMO0060	-	84	ZMO0940 (MarR)	TF homology
ZM4	61505	61506	ZMO0940	176.004	61629	ZMO1_ZMO0069	+	-124	ZMO0940 (MarR)	TF homology
ZM4	66982	66983	ZMO0940	23.843	67041	phoH	-	59	ZMO0940 (MarR)	TF homology
ZM4	71542	71543	ZMO0940	18.1358	71406	cheB1	-	-136	ZMO0940 (MarR)	TF homology
ZM4	76495	76496	ZMO0940	172.055	76369	mcp	-	-126	ZMO0940 (MarR)	TF homology
ZM4	78935	78936	ZMO0940	177.7	78967	ZMO1_ZMO0086	-	32	ZMO0940 (MarR)	TF homology
ZM4	79658	79659	ZMO0940	433.486	79592	ZMO1_ZMO0087	-	-66	ZMO0940 (MarR)	TF homology
ZM4	88440	88441	ZMO0940	488.774	88490	ZMO1_ZMO0101	+	-50	ZMO0940 (MarR)	TF homology
ZM4	89761	89762	ZMO0940	1583.55	89581	ZMO1_ZMO0102	+	180	ZMO0940 (MarR)	TF homology
ZM4	93159	93160	ZMO0940	404.716	93102	leuD	+	57	ZMO0940 (MarR)	TF homology
ZM4	95160	95161	ZMO0940	20.492	95276	ZMO1_ZMO0109	+	-116	ZMO0940 (MarR)	TF homology
ZM4	110437	110438	ZMO0940	43.8996	110562	ZMO1_ZMO0122	+	-125	ZMO0940 (MarR)	TF homology
ZM4	112669	112670	ZMO0940	357.53	112699	ZMO1_ZMO0124	-	30	ZMO0940 (MarR)	TF homology
ZM4	124235	124236	ZMO0940	50.3252	124243	ZMO1_ZMO2041	+	-8	ZMO0940 (MarR)	TF homology
ZM4	127713	127714	ZMO0940	170.868	127569	ZMO1_ZMO0137	+	144	ZMO0940 (MarR)	TF homology
ZM4	161794	161795	ZMO0940	18.6275	161836	tklB	+	-42	ZMO0940 (MarR)	TF homology
ZM4	161987	161988	ZMO0940	138.756	161836	tklB	+	151	ZMO0940 (MarR)	TF homology
ZM4	165013	165014	ZMO0940	6938.37	165113	pgk	+	-100	ZMO0940 (MarR)	TF homology
ZM4	167110	167111	ZMO0940	3461.49	167075	fbaB	+	35	ZMO0940 (MarR)	TF homology
ZM4	182623	182624	ZMO0940	880.991	182507	ZMO1_ZMO0190	-	-116	ZMO0940 (MarR)	TF homology
ZM4	183449	183450	ZMO0940	107.455	183620	ZMO1_ZMO0191	-	171	ZMO0940 (MarR)	TF homology
ZM4	189670	189671	ZMO0940	188.579	189845	ZMO1_ZMO0197	+	-175	ZMO0940 (MarR)	TF homology
ZM4	195708	195709	ZMO0940	149.842	195559	trpD	-	-149	ZMO0940 (MarR)	TF homology
ZM4	197201	197202	ZMO0940	91.3139	197163	mcpA1	+	38	ZMO0940 (MarR)	TF homology
ZM4	204423	204424	ZMO0940	295.105	204552	rpmA	-	129	ZMO0940 (MarR)	TF homology
ZM4	205161	205162	ZMO0940	440.883	205059	rplU	-	-102	ZMO0940 (MarR)	TF homology
ZM4	217709	217710	ZMO0940	71.3145	217814	ZMO1_ZMO0222	+	-105	ZMO0940 (MarR)	TF homology
ZM4	219555	219556	ZMO0940	2486.06	219610	metW	-	55	ZMO0940 (MarR)	TF homology
ZM4	228081	228082	ZMO0940	2048.28	228222	ZMO1_ZMO0231	+	-141	ZMO0940 (MarR)	TF homology
ZM4	234191	234192	ZMO0940	500.147	234261	atpH	+	-70	ZMO0940 (MarR)	TF homology
ZM4	240445	240446	ZMO0940	104.166	240321	ZMO1_ZMO0243	-	-124	ZMO0940 (MarR)	TF homology
ZM4	245014	245015	ZMO0940	349.039	245174	ZMO1_ZMO0252	+	-160	ZMO0940 (MarR)	TF homology
ZM4	276423	276424	ZMO0940	241.235	276475	ZMO1_ZMO0270	-	52	ZMO0940 (MarR)	TF homology
ZM4	282816	282817	ZMO0940	388.993	282634	ZMO1_ZMO0275	-	-182	ZMO0940 (MarR)	TF homology
ZM4	283542	283543	ZMO0940	5849.69	283445	ZMO1_ZMO0276	-	-97	ZMO0940 (MarR)	TF homology
ZM4	294217	294218	ZMO0940	87.6983	294089	ZMO1_ZMO0287	+	128	ZMO0940 (MarR)	TF homology
ZM4	299059	299060	ZMO0940	124.589	299172	ZMO1_ZMO0293	-	113	ZMO0940 (MarR)	TF homology
ZM4	299277	299278	ZMO0940	33.2118	299172	ZMO1_ZMO0293	-	-105	ZMO0940 (MarR)	TF homology
ZM4	300073	300074	ZMO0940	65.9781	300144	ZMO1_ZMO0294	-	71	ZMO0940 (MarR)	TF homology
ZM4	312490	312491	ZMO0940	30.6223	312600	ZMO1_ZMO0309	+	-110	ZMO0940 (MarR)	TF homology
ZM4	314410	314411	ZMO0940	78.2509	314497	proC1	-	87	ZMO0940 (MarR)	TF homology
ZM4	332229	332230	ZMO0940	47.2435	332190	thiE1	-	-39	ZMO0940 (MarR)	TF homology
ZM4	338796	338797	ZMO0940	277.932	338679	ZMO1_ZMO0343	-	-117	ZMO0940 (MarR)	TF homology
ZM4	357245	357246	ZMO0940	13498.8	357118	mutL	-	-127	ZMO0940 (MarR)	TF homology
ZM4	363783	363784	ZMO0940	190.418	363839	ZMO1_ZMO0361	+	-56	ZMO0940 (MarR)	TF homology
ZM4	364034	364035	ZMO0940	1371.62	363839	ZMO1_ZMO0361	+	195	ZMO0940 (MarR)	TF homology
ZM4	367375	367376	ZMO0940	123.321	367279	tgt	+	96	ZMO0940 (MarR)	TF homology
ZM4	372668	372669	ZMO0940	81.0224	372648	zwf	+	20	ZMO0940 (MarR)	TF homology
ZM4	379998	379999	ZMO0940	162.573	380041	sacB	+	-43	ZMO0940 (MarR)	TF homology
ZM4	381422	381423	ZMO0940	13.5404	381468	sacC	+	-46	ZMO0940 (MarR)	TF homology
ZM4	382677	382678	ZMO0940	84.9188	382872	ZMO1_ZMOt005	-	195	ZMO0940 (MarR)	TF homology
ZM4	391726	391727	ZMO0940	262.247	391649	ZMO1_ZMO0384	+	77	ZMO0940 (MarR)	TF homology
ZM4	397694	397695	ZMO0940	1736.61	397833	ZMO1_ZMO0395	+	-139	ZMO0940 (MarR)	TF homology
ZM4	405792	405793	ZMO0940	149.917	405661	ftsJ	-	-131	ZMO0940 (MarR)	TF homology
ZM4	406768	406769	ZMO0940	73.8975	406761	ppx1	-	-7	ZMO0940 (MarR)	TF homology
ZM4	407114	407115	ZMO0940	295.953	406965	ZMO1_ZMOt006	+	149	ZMO0940 (MarR)	TF homology
ZM4	419944	419945	ZMO0940	447.412	419901	ftsE	+	43	ZMO0940 (MarR)	TF homology
ZM4	425439	425440	ZMO0940	168.068	425525	ZMO1_ZMO0422	+	-86	ZMO0940 (MarR)	TF homology
ZM4	431620	431621	ZMO0940	192.109	431439	ZMO1_ZMO0430	+	181	ZMO0940 (MarR)	TF homology
ZM4	434984	434985	ZMO0940	651.788	434909	gmk	-	-75	ZMO0940 (MarR)	TF homology
ZM4	436136	436137	ZMO0940	6.41747	436191	ZMO1_ZMO0437	+	-55	ZMO0940 (MarR)	TF homology
ZM4	469262	469263	ZMO0940	239.398	469191	ribC	-	-71	ZMO0940 (MarR)	TF homology
ZM4	470667	470668	ZMO0940	867.421	470632	ZMO1_ZMO0477	-	-35	ZMO0940 (MarR)	TF homology
ZM4	472718	472719	ZMO0940	24.9417	472882	ZMO1_ZMO0480	+	-164	ZMO0940 (MarR)	TF homology
ZM4	487823	487824	ZMO0940	12.0686	487997	glnB	+	-174	ZMO0940 (MarR)	TF homology
ZM4	488388	488389	ZMO0940	241.05	488429	glnA	+	-41	ZMO0940 (MarR)	TF homology
ZM4	489946	489947	ZMO0940	18.282	490037	ZMO1_ZMO0494	+	-91	ZMO0940 (MarR)	TF homology
ZM4	509294	509295	ZMO0940	21.967	509293	prfB_1	-	-1	ZMO0940 (MarR)	TF homology
ZM4	509530	509531	ZMO0940	7914.78	509407	ZMO1_ZMO0507	+	123	ZMO0940 (MarR)	TF homology
ZM4	511624	511625	ZMO0940	25.9263	511431	pdhC	+	193	ZMO0940 (MarR)	TF homology
ZM4	516727	516728	ZMO0940	5170.86	516679	ZMO1_ZMO0515	+	48	ZMO0940 (MarR)	TF homology
ZM4	523316	523317	ZMO0940	6.59971	523283	ZMO1_ZMO2004	+	33	ZMO0940 (MarR)	TF homology
ZM4	523469	523470	ZMO0940	13.6861	523558	rplV	+	-89	ZMO0940 (MarR)	TF homology
ZM4	527796	527797	ZMO0940	173.525	527686	rplF	+	110	ZMO0940 (MarR)	TF homology
ZM4	544561	544562	ZMO0940	461.917	544438	ZMO1_ZMO0547	-	-123	ZMO0940 (MarR)	TF homology
ZM4	547874	547875	ZMO0940	282.737	548017	pnp	-	143	ZMO0940 (MarR)	TF homology
ZM4	559116	559117	ZMO0940	395.001	559252	hisC3	+	-136	ZMO0940 (MarR)	TF homology
ZM4	569894	569895	ZMO0940	1908.19	569852	ZMO1_ZMO0566	-	-42	ZMO0940 (MarR)	TF homology
ZM4	573860	573861	ZMO0940	119.326	573858	ZMO1_ZMO0571	+	2	ZMO0940 (MarR)	TF homology
ZM4	577290	577291	ZMO0940	275.308	577140	grxB2	+	150	ZMO0940 (MarR)	TF homology
ZM4	586766	586767	ZMO0940	227.311	586759	folC	-	-7	ZMO0940 (MarR)	TF homology
ZM4	591409	591410	ZMO0940	496.969	591469	ZMO1_ZMO0588	-	60	ZMO0940 (MarR)	TF homology
ZM4	592937	592938	ZMO0940	55.9412	592926	ZMO1_ZMO0590	+	11	ZMO0940 (MarR)	TF homology
ZM4	600577	600578	ZMO0940	1615.24	600580	ZMO1_ZMO0601	+	-3	ZMO0940 (MarR)	TF homology
ZM4	606149	606150	ZMO0940	98.6913	605964	motA1	-	-185	ZMO0940 (MarR)	TF homology
ZM4	610655	610656	ZMO0940	171.382	610817	flgH	-	162	ZMO0940 (MarR)	TF homology
ZM4	617428	617429	ZMO0940	772.071	617384	flgA	+	44	ZMO0940 (MarR)	TF homology
ZM4	622959	622960	ZMO0940	389.472	623011	ZMO1_ZMO0627	+	-52	ZMO0940 (MarR)	TF homology
ZM4	625347	625348	ZMO0940	34.1445	625309	fliC	-	-38	ZMO0940 (MarR)	TF homology
ZM4	637762	637763	ZMO0940	114.388	637784	fliP	+	-22	ZMO0940 (MarR)	TF homology
ZM4	640980	640981	ZMO0940	35.0604	641051	fliD	+	-71	ZMO0940 (MarR)	TF homology
ZM4	642642	642643	ZMO0940	748.513	642786	fliS	+	-144	ZMO0940 (MarR)	TF homology
ZM4	644372	644373	ZMO0940	342.33	644326	ZMO1_ZMO0653	-	-46	ZMO0940 (MarR)	TF homology
ZM4	652696	652697	ZMO0940	49.6931	652783	ZMO1_ZMO0659	+	-87	ZMO0940 (MarR)	TF homology
ZM4	659133	659134	ZMO0940	69.1788	659078	radC	-	-55	ZMO0940 (MarR)	TF homology
ZM4	662394	662395	ZMO0940	66.4695	662428	ZMO1_ZMO0665	+	-34	ZMO0940 (MarR)	TF homology
ZM4	672773	672774	ZMO0940	527.18	672694	leuB	-	-79	ZMO0940 (MarR)	TF homology
ZM4	673944	673945	ZMO0940	1264.18	673864	ZMO1_ZMO0680	+	80	ZMO0940 (MarR)	TF homology
ZM4	685923	685924	ZMO0940	549.853	685919	ZMO1_ZMO2052	+	4	ZMO0940 (MarR)	TF homology
ZM4	687601	687602	ZMO0940	15.6151	687443	gfo	-	-158	ZMO0940 (MarR)	TF homology
ZM4	707707	707708	ZMO0940	4.77644	707657	ZMO1_ZMO0710	+	50	ZMO0940 (MarR)	TF homology
ZM4	711985	711986	ZMO0940	7934.28	711898	ppx	+	87	ZMO0940 (MarR)	TF homology
ZM4	740342	740343	ZMO0940	103.239	740348	aroD	-	6	ZMO0940 (MarR)	TF homology
ZM4	746950	746951	ZMO0940	82.1893	747007	ZMO1_ZMO0747	+	-57	ZMO0940 (MarR)	TF homology
ZM4	748378	748379	ZMO0940	6897.21	748392	cysK	-	14	ZMO0940 (MarR)	TF homology
ZM4	771288	771289	ZMO0940	196.985	771215	ZMO1_ZMO0774	-	-73	ZMO0940 (MarR)	TF homology
ZM4	771545	771546	ZMO0940	46.4762	771744	pmtA	+	-199	ZMO0940 (MarR)	TF homology
ZM4	771823	771824	ZMO0940	11.9983	771744	pmtA	+	79	ZMO0940 (MarR)	TF homology
ZM4	773215	773216	ZMO0940	19.2631	773083	ZMO1_ZMO0777	-	-132	ZMO0940 (MarR)	TF homology
ZM4	777811	777812	ZMO0940	75.5454	777802	ZMO1_ZMO0780	+	9	ZMO0940 (MarR)	TF homology
ZM4	784582	784583	ZMO0940	3468.34	784723	ZMO1_ZMO0786	+	-141	ZMO0940 (MarR)	TF homology
ZM4	785151	785152	ZMO0940	124.492	785341	ZMO1_ZMO0787	+	-190	ZMO0940 (MarR)	TF homology
ZM4	791730	791731	ZMO0940	948.786	791564	ZMO1_ZMO2054	+	166	ZMO0940 (MarR)	TF homology
ZM4	800902	800903	ZMO0940	37.9018	800765	ZMO1_ZMO0797	-	-137	ZMO0940 (MarR)	TF homology
ZM4	806464	806465	ZMO0940	12.8313	806307	ZMO1_ZMO0800	-	-157	ZMO0940 (MarR)	TF homology
ZM4	811464	811465	ZMO0940	10.3994	811391	ZMO1_ZMO0805	-	-73	ZMO0940 (MarR)	TF homology
ZM4	812973	812974	ZMO0940	41.6603	812869	pepA1	-	-104	ZMO0940 (MarR)	TF homology
ZM4	814493	814494	ZMO0940	3038.7	814344	rimO	-	-149	ZMO0940 (MarR)	TF homology
ZM4	824582	824583	ZMO0940	847.099	824568	cysZ	+	14	ZMO0940 (MarR)	TF homology
ZM4	831937	831938	ZMO0940	57.3105	831977	murF	+	-40	ZMO0940 (MarR)	TF homology
ZM4	840453	840454	ZMO0940	190.224	840496	ddl	+	-43	ZMO0940 (MarR)	TF homology
ZM4	845402	845403	ZMO0940	37.0819	845509	ZMO1_ZMO0840	+	-107	ZMO0940 (MarR)	TF homology
ZM4	858225	858226	ZMO0940	543.202	858415	oprB2	+	-190	ZMO0940 (MarR)	TF homology
ZM4	862867	862868	ZMO0940	35.9918	862902	ntrC	+	-35	ZMO0940 (MarR)	TF homology
ZM4	871134	871135	ZMO0940	24.2511	871325	ffs	+	-191	ZMO0940 (MarR)	TF homology
ZM4	871520	871521	ZMO0940	1136.64	871576	dnaZX	+	-56	ZMO0940 (MarR)	TF homology
ZM4	874646	874647	ZMO0940	27.424	874559	dcd	-	-87	ZMO0940 (MarR)	TF homology
ZM4	875197	875198	ZMO0940	16.0719	875194	dnaB	+	3	ZMO0940 (MarR)	TF homology
ZM4	876858	876859	ZMO0940	155.165	876845	ZMO1_ZMO0866	+	13	ZMO0940 (MarR)	TF homology
ZM4	877897	877898	ZMO0940	27.3148	878092	hpnA	+	-195	ZMO0940 (MarR)	TF homology
ZM4	879244	879245	ZMO0940	2572.38	879105	hpnB	+	139	ZMO0940 (MarR)	TF homology
ZM4	885254	885255	ZMO0940	459.324	885349	hpnG	+	-95	ZMO0940 (MarR)	TF homology
ZM4	888250	888251	ZMO0940	563.851	888141	ispH	-	-109	ZMO0940 (MarR)	TF homology
ZM4	894380	894381	ZMO0940	589.076	894296	mcpA2	-	-84	ZMO0940 (MarR)	TF homology
ZM4	895658	895659	ZMO0940	891.057	895529	rplM	-	-129	ZMO0940 (MarR)	TF homology
ZM4	896656	896657	ZMO0940	38.3294	896838	ZMO1_ZMO0886	-	182	ZMO0940 (MarR)	TF homology
ZM4	897703	897704	ZMO0940	213.489	897621	ZMO1_ZMO0888	-	-82	ZMO0940 (MarR)	TF homology
ZM4	899167	899168	ZMO0940	841.373	899000	mro	-	-167	ZMO0940 (MarR)	TF homology
ZM4	932586	932587	ZMO0940	64.7559	932606	copA	+	-20	ZMO0940 (MarR)	TF homology
ZM4	935820	935821	ZMO0940	2863.76	935633	ZMO1_ZMO0917	+	187	ZMO0940 (MarR)	TF homology
ZM4	937101	937102	ZMO0940	140.261	937203	katE	+	-102	ZMO0940 (MarR)	TF homology
ZM4	938807	938808	ZMO0940	655.516	938805	ZMO1_ZMO0919	+	2	ZMO0940 (MarR)	TF homology
ZM4	951197	951198	ZMO0940	35.3736	951273	ZMO1_ZMO0928	+	-76	ZMO0940 (MarR)	TF homology
ZM4	952785	952786	ZMO0940	32.1038	952848	ZMO1_ZMO0930	-	63	ZMO0940 (MarR)	TF homology
ZM4	957583	957584	ZMO0940	8002.13	957727	phoD	+	-144	ZMO0940 (MarR)	TF homology
ZM4	960562	960563	ZMO0940	78.2906	960762	ZMO1_ZMO0939	-	200	ZMO0940 (MarR)	TF homology
ZM4	965712	965713	ZMO0940	89.5982	965698	tig	+	14	ZMO0940 (MarR)	TF homology
ZM4	968154	968155	ZMO0940	322.439	968238	clpP	+	-84	ZMO0940 (MarR)	TF homology
ZM4	972288	972289	ZMO0940	1268.45	972262	ZMO1_ZMO0952	-	-26	ZMO0940 (MarR)	TF homology
ZM4	978050	978051	ZMO0940	7.33176	977984	cccA2	+	66	ZMO0940 (MarR)	TF homology
ZM4	980185	980186	ZMO0940	1721.05	980336	ZMO1_ZMO0963	-	151	ZMO0940 (MarR)	TF homology
ZM4	984876	984877	ZMO0940	548.857	984762	ZMO1_ZMO0967	+	114	ZMO0940 (MarR)	TF homology
ZM4	1008322	1008323	ZMO0940	79.398	1008319	serS	-	-3	ZMO0940 (MarR)	TF homology
ZM4	1010348	1010349	ZMO0940	103.025	1010290	ibpA	-	-58	ZMO0940 (MarR)	TF homology
ZM4	1012398	1012399	ZMO0940	28.9533	1012294	ZMO1_ZMO0992	-	-104	ZMO0940 (MarR)	TF homology
ZM4	1015650	1015651	ZMO0940	48.6406	1015590	msrA	+	60	ZMO0940 (MarR)	TF homology
ZM4	1029504	1029505	ZMO0940	43.2257	1029622	ZMO1_ZMO1009	+	-118	ZMO0940 (MarR)	TF homology
ZM4	1042698	1042699	ZMO0940	140.261	1042752	nrdD	+	-54	ZMO0940 (MarR)	TF homology
ZM4	1055183	1055184	ZMO0940	15.5431	1055355	ZMO1_ZMO1040	+	-172	ZMO0940 (MarR)	TF homology
ZM4	1061251	1061252	ZMO0940	395.646	1061136	ZMO1_ZMO1043	-	-115	ZMO0940 (MarR)	TF homology
ZM4	1071497	1071498	ZMO0940	192.563	1071594	ZMO1_ZMO1055	+	-97	ZMO0940 (MarR)	TF homology
ZM4	1071748	1071749	ZMO0940	10.7696	1071594	ZMO1_ZMO1055	+	154	ZMO0940 (MarR)	TF homology
ZM4	1083370	1083371	ZMO0940	57.8069	1083291	ftsY	-	-79	ZMO0940 (MarR)	TF homology
ZM4	1094525	1094526	ZMO0940	239.156	1094691	bcsC	+	-166	ZMO0940 (MarR)	TF homology
ZM4	1098781	1098782	ZMO0940	331.943	1098857	celA	+	-76	ZMO0940 (MarR)	TF homology
ZM4	1104579	1104580	ZMO0940	50.5234	1104390	metG	+	189	ZMO0940 (MarR)	TF homology
ZM4	1106795	1106796	ZMO0940	759.579	1106728	ZMO1_ZMO1094	+	67	ZMO0940 (MarR)	TF homology
ZM4	1119908	1119909	ZMO0940	50.0502	1119750	ZMO1_ZMO1101	-	-158	ZMO0940 (MarR)	TF homology
ZM4	1127170	1127171	ZMO0940	123.224	1126990	ZMO1_ZMO1109	-	-180	ZMO0940 (MarR)	TF homology
ZM4	1130912	1130913	ZMO0940	113.07	1130929	ung1	+	-17	ZMO0940 (MarR)	TF homology
ZM4	1132134	1132135	ZMO0940	46.3238	1131971	bacA	+	163	ZMO0940 (MarR)	TF homology
ZM4	1132809	1132810	ZMO0940	37330.1	1132932	gltD	+	-123	ZMO0940 (MarR)	TF homology
ZM4	1139145	1139146	ZMO0940	64.8012	1139181	ZMO1_ZMO1118	+	-36	ZMO0940 (MarR)	TF homology
ZM4	1140721	1140722	ZMO0940	58.599	1140578	ZMO1_ZMO1121	-	-143	ZMO0940 (MarR)	TF homology
ZM4	1163290	1163291	ZMO0940	499.513	1163164	trxB	-	-126	ZMO0940 (MarR)	TF homology
ZM4	1164145	1164146	ZMO0940	1157.84	1164129	ZMO1_ZMO1143	-	-16	ZMO0940 (MarR)	TF homology
ZM4	1164450	1164451	ZMO0940	8.01622	1164558	ZMO1_ZMO1144	-	108	ZMO0940 (MarR)	TF homology
ZM4	1176656	1176657	ZMO0940	292.53	1176606	ZMO1_ZMO2060	+	50	ZMO0940 (MarR)	TF homology
ZM4	1179558	1179559	ZMO0940	121.99	1179588	ZMO1_ZMO1162	+	-30	ZMO0940 (MarR)	TF homology
ZM4	1183389	1183390	ZMO0940	19.9283	1183399	comF	-	10	ZMO0940 (MarR)	TF homology
ZM4	1189137	1189138	ZMO0940	25.179	1189160	ZMO1_ZMO1171	-	23	ZMO0940 (MarR)	TF homology
ZM4	1194833	1194834	ZMO0940	737.684	1194726	ZMO1_ZMO1173	-	-107	ZMO0940 (MarR)	TF homology
ZM4	1196920	1196921	ZMO0940	70.158	1196942	ZMO1_ZMO1174	-	22	ZMO0940 (MarR)	TF homology
ZM4	1199502	1199503	ZMO0940	287.721	1199484	hisI	-	-18	ZMO0940 (MarR)	TF homology
ZM4	1208190	1208191	ZMO0940	214.727	1208294	ZMO1_ZMO1185	+	-104	ZMO0940 (MarR)	TF homology
ZM4	1212702	1212703	ZMO0940	194.205	1212869	ubiB1	+	-167	ZMO0940 (MarR)	TF homology
ZM4	1223142	1223143	ZMO0940	816.881	1223252	ZMO1_ZMO1196	+	-110	ZMO0940 (MarR)	TF homology
ZM4	1224628	1224629	ZMO0940	22.0608	1224689	murI	+	-61	ZMO0940 (MarR)	TF homology
ZM4	1226924	1226925	ZMO0940	46.8117	1227088	rpiB	+	-164	ZMO0940 (MarR)	TF homology
ZM4	1230911	1230912	ZMO0940	1647.7	1230766	ZMO1_ZMO1205	-	-145	ZMO0940 (MarR)	TF homology
ZM4	1236239	1236240	ZMO0940	70.7061	1236154	kup	-	-85	ZMO0940 (MarR)	TF homology
ZM4	1240165	1240166	ZMO0940	194.656	1239985	ZMO1_ZMO1213	+	180	ZMO0940 (MarR)	TF homology
ZM4	1260933	1260934	ZMO0940	556.84	1260857	dxs1	-	-76	ZMO0940 (MarR)	TF homology
ZM4	1264583	1264584	ZMO0940	4703.02	1264477	ldhA	-	-106	ZMO0940 (MarR)	TF homology
ZM4	1278762	1278763	ZMO0940	1350.88	1278835	ssuA	+	-73	ZMO0940 (MarR)	TF homology
ZM4	1286424	1286425	ZMO0940	2662.51	1286443	ZMO1_ZMO2012	+	-19	ZMO0940 (MarR)	TF homology
ZM4	1293819	1293820	ZMO0940	95.4425	1293862	ZMO1_ZMO1276	+	-43	ZMO0940 (MarR)	TF homology
ZM4	1307745	1307746	ZMO0940	8843.52	1307603	ZMO1_ZMO1291	-	-142	ZMO0940 (MarR)	TF homology
ZM4	1308133	1308134	ZMO0940	1268.71	1308316	murQ	+	-183	ZMO0940 (MarR)	TF homology
ZM4	1312976	1312977	ZMO0940	68.2721	1313079	ZMO1_ZMO1298	+	-103	ZMO0940 (MarR)	TF homology
ZM4	1315632	1315633	ZMO0940	35.0835	1315744	ZMO1_ZMO2016	+	-112	ZMO0940 (MarR)	TF homology
ZM4	1316003	1316004	ZMO0940	6.07233	1316015	ZMO1_ZMO2017	+	-12	ZMO0940 (MarR)	TF homology
ZM4	1316496	1316497	ZMO0940	72.4359	1316386	bcbG	+	110	ZMO0940 (MarR)	TF homology
ZM4	1319776	1319777	ZMO0940	444.205	1319849	ZMO1_ZMO1301	-	73	ZMO0940 (MarR)	TF homology
ZM4	1321731	1321732	ZMO0940	47.6737	1321717	proC2	-	-14	ZMO0940 (MarR)	TF homology
ZM4	1331699	1331700	ZMO0940	82.7514	1331712	pdxA	+	-13	ZMO0940 (MarR)	TF homology
ZM4	1334522	1334523	ZMO0940	39.2857	1334447	ZMO1_ZMO1315	-	-75	ZMO0940 (MarR)	TF homology
ZM4	1335840	1335841	ZMO0940	69.9537	1335798	ZMO1_ZMO1316	-	-42	ZMO0940 (MarR)	TF homology
ZM4	1337532	1337533	ZMO0940	17.3088	1337381	ZMO1_ZMO1318	-	-151	ZMO0940 (MarR)	TF homology
ZM4	1341875	1341876	ZMO0940	82.4181	1341680	chvI	+	195	ZMO0940 (MarR)	TF homology
ZM4	1352674	1352675	ZMO0940	9989.48	1352707	wrbA	+	-33	ZMO0940 (MarR)	TF homology
ZM4	1363765	1363766	ZMO0940	130.989	1363932	ZMO1_ZMO1346	-	167	ZMO0940 (MarR)	TF homology
ZM4	1368684	1368685	ZMO0940	100.807	1368590	ZMO1_ZMO1352	-	-94	ZMO0940 (MarR)	TF homology
ZM4	1377712	1377713	ZMO0940	229.901	1377727	ZMO1_ZMO2066	-	15	ZMO0940 (MarR)	TF homology
ZM4	1388462	1388463	ZMO0940	44.7935	1388269	ZMO1_ZMO1373	+	193	ZMO0940 (MarR)	TF homology
ZM4	1389881	1389882	ZMO0940	106.043	1389897	ZMO1_ZMO1374	-	16	ZMO0940 (MarR)	TF homology
ZM4	1395410	1395411	ZMO0940	4739.44	1395344	ZMO1_ZMO1380	-	-66	ZMO0940 (MarR)	TF homology
ZM4	1399185	1399186	ZMO0940	272.127	1399318	ZMO1_ZMO1385	+	-133	ZMO0940 (MarR)	TF homology
ZM4	1399502	1399503	ZMO0940	35.8036	1399318	ZMO1_ZMO1385	+	184	ZMO0940 (MarR)	TF homology
ZM4	1413434	1413435	ZMO0940	4266.93	1413507	ZMO1_ZMO1398	-	73	ZMO0940 (MarR)	TF homology
ZM4	1420851	1420852	ZMO0940	191.698	1420848	ZMO1_ZMO1406	-	-3	ZMO0940 (MarR)	TF homology
ZM4	1424551	1424552	ZMO0940	63.3927	1424417	pepX	-	-134	ZMO0940 (MarR)	TF homology
ZM4	1429532	1429533	ZMO0940	53.428	1429455	ZMO1_ZMO1415	-	-77	ZMO0940 (MarR)	TF homology
ZM4	1451143	1451144	ZMO0940	933.464	1451031	ZMO1_ZMO1432	-	-112	ZMO0940 (MarR)	TF homology
ZM4	1452658	1452659	ZMO0940	462.175	1452493	holA	-	-165	ZMO0940 (MarR)	TF homology
ZM4	1455543	1455544	ZMO0940	106.88	1455654	leuS	-	111	ZMO0940 (MarR)	TF homology
ZM4	1459629	1459630	ZMO0940	9.22589	1459483	ZMO1_ZMO1440	-	-146	ZMO0940 (MarR)	TF homology
ZM4	1459787	1459788	ZMO0940	22.8605	1459973	ZMO1_ZMO1441	+	-186	ZMO0940 (MarR)	TF homology
ZM4	1462070	1462071	ZMO0940	3806	1462118	ZMO1_ZMO1443	+	-48	ZMO0940 (MarR)	TF homology
ZM4	1466919	1466920	ZMO0940	279.428	1466827	glyQ	-	-92	ZMO0940 (MarR)	TF homology
ZM4	1467175	1467176	ZMO0940	174.965	1467158	ZMO1_ZMO1447	+	17	ZMO0940 (MarR)	TF homology
ZM4	1470982	1470983	ZMO0940	149.076	1470981	phrB	+	1	ZMO0940 (MarR)	TF homology
ZM4	1473501	1473502	ZMO0940	232.336	1473528	ZMO1_ZMO1451	-	27	ZMO0940 (MarR)	TF homology
ZM4	1476218	1476219	ZMO0940	50.962	1476043	ZMO1_ZMO1456	+	175	ZMO0940 (MarR)	TF homology
ZM4	1480827	1480828	ZMO0940	2.48716	1480643	pnuC1	-	-184	ZMO0940 (MarR)	TF homology
ZM4	1481673	1481674	ZMO0940	1193.66	1481476	sseA	-	-197	ZMO0940 (MarR)	TF homology
ZM4	1486472	1486473	ZMO0940	225.296	1486337	ZMO1_ZMO1464	-	-135	ZMO0940 (MarR)	TF homology
ZM4	1487881	1487882	ZMO0940	98.7861	1487904	ZMO1_ZMO1465	-	23	ZMO0940 (MarR)	TF homology
ZM4	1492547	1492548	ZMO0940	203.63	1492410	ZMO1_ZMO1468	-	-137	ZMO0940 (MarR)	TF homology
ZM4	1495867	1495868	ZMO0940	240.916	1495800	typA	-	-67	ZMO0940 (MarR)	TF homology
ZM4	1497325	1497326	ZMO0940	3.44131	1497475	ZMO1_ZMO1475	+	-150	ZMO0940 (MarR)	TF homology
ZM4	1499977	1499978	ZMO0940	1402.2	1500173	ZMO1_ZMO1476	+	-196	ZMO0940 (MarR)	TF homology
ZM4	1501310	1501311	ZMO0940	755.949	1501411	ZMO1_ZMO1477	-	101	ZMO0940 (MarR)	TF homology
ZM4	1505465	1505466	ZMO0940	118.323	1505446	sucC	-	-19	ZMO0940 (MarR)	TF homology
ZM4	1514314	1514315	ZMO0940	677.838	1514171	ZMO1_ZMOt035	-	-143	ZMO0940 (MarR)	TF homology
ZM4	1517081	1517082	ZMO0940	969.524	1516996	kdsB	-	-85	ZMO0940 (MarR)	TF homology
ZM4	1519690	1519691	ZMO0940	503.062	1519568	ZMO1_ZMO2071	-	-122	ZMO0940 (MarR)	TF homology
ZM4	1522469	1522470	ZMO0940	281.852	1522632	ppc	+	-163	ZMO0940 (MarR)	TF homology
ZM4	1531733	1531734	ZMO0940	2229.38	1531676	ZMO1_ZMO2072	+	57	ZMO0940 (MarR)	TF homology
ZM4	1543353	1543354	ZMO0940	796.256	1543191	ZMO1_ZMO2020	-	-162	ZMO0940 (MarR)	TF homology
ZM4	1546366	1546367	ZMO0940	166.782	1546201	ZMO1_ZMO1520	-	-165	ZMO0940 (MarR)	TF homology
ZM4	1547126	1547127	ZMO0940	43.7986	1546928	ZMO1_ZMO1521	-	-198	ZMO0940 (MarR)	TF homology
ZM4	1550654	1550655	ZMO0940	1171.43	1550852	ZMO1_ZMO1524	+	-198	ZMO0940 (MarR)	TF homology
ZM4	1569191	1569192	ZMO0940	8367.34	1569199	ZMO1_ZMO1536	-	8	ZMO0940 (MarR)	TF homology
ZM4	1573866	1573867	ZMO0940	37.8042	1574009	feoA	+	-143	ZMO0940 (MarR)	TF homology
ZM4	1587709	1587710	ZMO0940	43.311	1587866	ZMO1_ZMO1554	+	-157	ZMO0940 (MarR)	TF homology
ZM4	1588877	1588878	ZMO0940	52.2146	1588942	gshA	+	-65	ZMO0940 (MarR)	TF homology
ZM4	1595997	1595998	ZMO0940	12.439	1596102	ZMO1_ZMOt036	+	-105	ZMO0940 (MarR)	TF homology
ZM4	1604571	1604572	ZMO0940	248.667	1604418	pfl	-	-153	ZMO0940 (MarR)	TF homology
ZM4	1615519	1615520	ZMO0940	3425.28	1615415	ZMO1_ZMOr001	-	-104	ZMO0940 (MarR)	TF homology
ZM4	1626765	1626766	ZMO0940	16581.5	1626633	ZMO1_ZMO1587	+	132	ZMO0940 (MarR)	TF homology
ZM4	1630125	1630126	ZMO0940	82.3972	1630155	ZMO1_ZMO1589	+	-30	ZMO0940 (MarR)	TF homology
ZM4	1630346	1630347	ZMO0940	91.8983	1630155	ZMO1_ZMO1589	+	191	ZMO0940 (MarR)	TF homology
ZM4	1648651	1648652	ZMO0940	159.938	1648591	ZMO1_ZMO1604	-	-60	ZMO0940 (MarR)	TF homology
ZM4	1669153	1669154	ZMO0940	39.7013	1669076	ZMO1_ZMO1624	-	-77	ZMO0940 (MarR)	TF homology
ZM4	1677088	1677089	ZMO0940	137.391	1677204	dapE	+	-116	ZMO0940 (MarR)	TF homology
ZM4	1681917	1681918	ZMO0940	466.961	1681744	ZMO1_ZMO1636	-	-173	ZMO0940 (MarR)	TF homology
ZM4	1704670	1704671	ZMO0940	79.5612	1704732	ZMO1_ZMO1655	+	-62	ZMO0940 (MarR)	TF homology
ZM4	1705379	1705380	ZMO0940	2501.03	1705476	ZMO1_ZMO1656	+	-97	ZMO0940 (MarR)	TF homology
ZM4	1715517	1715518	ZMO0940	3.8073	1715622	ctpA	+	-105	ZMO0940 (MarR)	TF homology
ZM4	1717217	1717218	ZMO0940	423.684	1717034	dsbB	+	183	ZMO0940 (MarR)	TF homology
ZM4	1721581	1721582	ZMO0940	417.715	1721630	ZMO1_ZMO1675	-	49	ZMO0940 (MarR)	TF homology
ZM4	1725618	1725619	ZMO0940	87.2954	1725579	ZMO1_ZMO1679	-	-39	ZMO0940 (MarR)	TF homology
ZM4	1726119	1726120	ZMO0940	57.1487	1726284	ZMO1_ZMO1680	-	165	ZMO0940 (MarR)	TF homology
ZM4	1726671	1726672	ZMO0940	2113.14	1726753	ZMO1_ZMO1681	+	-82	ZMO0940 (MarR)	TF homology
ZM4	1728444	1728445	ZMO0940	10.6594	1728468	aspB_1	+	-24	ZMO0940 (MarR)	TF homology
ZM4	1728642	1728643	ZMO0940	30.7334	1728468	aspB_1	+	174	ZMO0940 (MarR)	TF homology
ZM4	1730323	1730324	ZMO0940	370.573	1730156	ansA	+	167	ZMO0940 (MarR)	TF homology
ZM4	1734615	1734616	ZMO0940	150.977	1734730	hisZ	+	-115	ZMO0940 (MarR)	TF homology
ZM4	1751192	1751193	ZMO0940	448.263	1751147	xthA2	-	-45	ZMO0940 (MarR)	TF homology
ZM4	1751986	1751987	ZMO0940	31698.6	1751819	ZMO1_ZMO1700	+	167	ZMO0940 (MarR)	TF homology
ZM4	1755537	1755538	ZMO0940	7.4199	1755612	ZMO1_ZMO1703	+	-75	ZMO0940 (MarR)	TF homology
ZM4	1755704	1755705	ZMO0940	93.8338	1755612	ZMO1_ZMO1703	+	92	ZMO0940 (MarR)	TF homology
ZM4	1763784	1763785	ZMO0940	48.2172	1763628	rpsU	-	-156	ZMO0940 (MarR)	TF homology
ZM4	1767011	1767012	ZMO0940	272.978	1767058	ZMO1_ZMO1718	+	-47	ZMO0940 (MarR)	TF homology
ZM4	1776846	1776847	ZMO0940	31.2633	1776944	ZMO1_ZMO1728	-	98	ZMO0940 (MarR)	TF homology
ZM4	1777095	1777096	ZMO0940	57.3807	1776944	ZMO1_ZMO1728	-	-151	ZMO0940 (MarR)	TF homology
ZM4	1779126	1779127	ZMO0940	25.3974	1779066	ahpC	-	-60	ZMO0940 (MarR)	TF homology
ZM4	1782964	1782965	ZMO0940	24818.7	1782835	ZMO1_ZMO1735	-	-129	ZMO0940 (MarR)	TF homology
ZM4	1794317	1794318	ZMO0940	50.95	1794289	ZMO1_ZMO1748	-	-28	ZMO0940 (MarR)	TF homology
ZM4	1796235	1796236	ZMO0940	502.517	1796148	ZMO1_ZMO1750	-	-87	ZMO0940 (MarR)	TF homology
ZM4	1798062	1798063	ZMO0940	356.47	1798158	fpr	+	-96	ZMO0940 (MarR)	TF homology
ZM4	1800669	1800670	ZMO0940	133.251	1800500	ssdA	-	-169	ZMO0940 (MarR)	TF homology
ZM4	1816452	1816453	ZMO0940	14172.2	1816325	argH	-	-127	ZMO0940 (MarR)	TF homology
ZM4	1820393	1820394	ZMO0940	35.5219	1820221	ZMO1_ZMOt041	-	-172	ZMO0940 (MarR)	TF homology
ZM4	1821148	1821149	ZMO0940	39.2691	1821180	pepN2	+	-32	ZMO0940 (MarR)	TF homology
ZM4	1826160	1826161	ZMO0940	983.892	1826236	ZMO1_ZMO1778	-	76	ZMO0940 (MarR)	TF homology
ZM4	1838806	1838807	ZMO0940	62.7071	1838757	ilvD	-	-49	ZMO0940 (MarR)	TF homology
ZM4	1845945	1845946	ZMO0940	13470.8	1845952	ihfB	+	-7	ZMO0940 (MarR)	TF homology
ZM4	1849919	1849920	ZMO0940	334.787	1849886	ZMO1_ZMO1807	+	33	ZMO0940 (MarR)	TF homology
ZM4	1868424	1868425	ZMO0940	104.818	1868308	ZMO1_ZMO1822	-	-116	ZMO0940 (MarR)	TF homology
ZM4	1890398	1890399	ZMO0940	132.471	1890435	ZMO1_ZMO1849	+	-37	ZMO0940 (MarR)	TF homology
ZM4	1893352	1893353	ZMO0940	1763.36	1893241	fldA	-	-111	ZMO0940 (MarR)	TF homology
ZM4	1900668	1900669	ZMO0940	3310.22	1900564	ZMO1_ZMOr004	-	-104	ZMO0940 (MarR)	TF homology
ZM4	1908846	1908847	ZMO0940	34.4999	1908732	ZMO1_ZMO1860	-	-114	ZMO0940 (MarR)	TF homology
ZM4	1914520	1914521	ZMO0940	3356.3	1914416	ZMO1_ZMOr007	-	-104	ZMO0940 (MarR)	TF homology
ZM4	1923895	1923896	ZMO0940	23.3488	1924083	ZMO1_ZMO1869	-	188	ZMO0940 (MarR)	TF homology
ZM4	1927187	1927188	ZMO0940	115.467	1927197	ZMO1_ZMO1873	-	10	ZMO0940 (MarR)	TF homology
ZM4	1928124	1928125	ZMO0940	1599.18	1928221	ZMO1_ZMO1876	+	-97	ZMO0940 (MarR)	TF homology
ZM4	1934713	1934714	ZMO0940	60.2632	1934572	ZMO1_ZMOt049	+	141	ZMO0940 (MarR)	TF homology
ZM4	1934973	1934974	ZMO0940	5.14557	1935003	ZMO1_ZMO1882	+	-30	ZMO0940 (MarR)	TF homology
ZM4	1939247	1939248	ZMO0940	933.875	1939120	ZMO1_ZMO1885	-	-127	ZMO0940 (MarR)	TF homology
ZM4	1950398	1950399	ZMO0940	291.665	1950208	ZMO1_ZMOt051	+	190	ZMO0940 (MarR)	TF homology
ZM4	1953098	1953099	ZMO0940	6.22202	1953061	ZMO1_ZMO2031	-	-37	ZMO0940 (MarR)	TF homology
ZM4	1953257	1953258	ZMO0940	165.803	1953061	ZMO1_ZMO2031	-	-196	ZMO0940 (MarR)	TF homology
ZM4	1973040	1973041	ZMO0940	5648.06	1973113	ZMO1_ZMO1920	+	-73	ZMO0940 (MarR)	TF homology
ZM4	2017189	2017190	ZMO0940	797.845	2017113	ZMO1_ZMO1958	-	-76	ZMO0940 (MarR)	TF homology
ZM4	2036549	2036550	ZMO0940	208.378	2036564	ZMO1_ZMO1973	-	15	ZMO0940 (MarR)	TF homology
ZM4	2045653	2045654	ZMO0940	195.586	2045550	gidA	-	-103	ZMO0940 (MarR)	TF homology
ZM4	2046957	2046958	ZMO0940	54.1588	2046934	ZMO1_ZMO1984	+	23	ZMO0940 (MarR)	TF homology
ZM4	2048434	2048435	ZMO0940	202.444	2048504	ZMO1_ZMO1986	+	-70	ZMO0940 (MarR)	TF homology
ZM4	2053632	2053633	ZMO0940	531.901	2053717	qor	+	-85	ZMO0940 (MarR)	TF homology
pZM32	8566	8567	ZMO0940	164.708	8419	ZMO1_ZMOp32x006	-	-147	ZMO0940 (MarR)	TF homology
pZM32	8820	8821	ZMO0940	2617.1	8719	ZMO1_ZMOp32x007	+	101	ZMO0940 (MarR)	TF homology
pZM32	11489	11490	ZMO0940	1.60417	11388	ZMO1_ZMOp32x009	-	-101	ZMO0940 (MarR)	TF homology
pZM33	4765	4766	ZMO0940	39.1902	4762	ZMO1_ZMOp33x009	+	3	ZMO0940 (MarR)	TF homology
pZM33	10288	10289	ZMO0940	1400.22	10204	ZMO1_ZMOp33x013	+	84	ZMO0940 (MarR)	TF homology
pZM33	13466	13467	ZMO0940	15.4612	13531	ZMO1_ZMOp33x018	+	-65	ZMO0940 (MarR)	TF homology
pZM33	24654	24655	ZMO0940	761.361	24627	ZMO1_ZMOp33x026	-	-27	ZMO0940 (MarR)	TF homology
pZM33	27501	27502	ZMO0940	7.2587	27483	ZMO1_ZMOp33x030	-	-18	ZMO0940 (MarR)	TF homology
pZM33	27753	27754	ZMO0940	42.2576	27887	ZMO1_ZMOp33x031	+	-134	ZMO0940 (MarR)	TF homology
pZM33	29102	29103	ZMO0940	339.778	29124	ZMO1_ZMOp33x033	+	-22	ZMO0940 (MarR)	TF homology
pZM33	30255	30256	ZMO0940	64.7299	30068	ZMO1_ZMOp33x034	-	-187	ZMO0940 (MarR)	TF homology
pZM33	30482	30483	ZMO0940	354.716	30568	ZMO1_ZMOp33x035	-	86	ZMO0940 (MarR)	TF homology
pZM36	20909	20910	ZMO0940	3243.49	20763	ZMO1_ZMOp36x027	+	146	ZMO0940 (MarR)	TF homology
pZM39	1689	1690	ZMO0940	571.89	1825	ZMO1_ZMOp39x004	+	-136	ZMO0940 (MarR)	TF homology
pZM39	7941	7942	ZMO0940	25.1894	7987	ZMO1_ZMOp39x011	+	-46	ZMO0940 (MarR)	TF homology
pZM39	8892	8893	ZMO0940	76.0918	8987	ZMO1_ZMOp39x012	+	-95	ZMO0940 (MarR)	TF homology
pZM39	20211	20212	ZMO0940	408.844	20166	ZMO1_ZMOp39x018	-	-45	ZMO0940 (MarR)	TF homology
pZM39	25982	25983	ZMO0940	834.869	26114	ZMO1_ZMOp39x027	+	-132	ZMO0940 (MarR)	TF homology
pZM39	34329	34330	ZMO0940	354.716	34226	ZMO1_ZMOp39x030	-	-103	ZMO0940 (MarR)	TF homology
ZM4	18486	18487	ZMO1061	55.4588	18366	grpE	+	120	ZMO1061 (Fis-σ54)	TF homology
ZM4	66921	66922	ZMO1061	108.754	67041	phoH	-	120	ZMO1061 (Fis-σ54)	TF homology
ZM4	71515	71516	ZMO1061	251.831	71406	cheB1	-	-109	ZMO1061 (Fis-σ54)	TF homology
ZM4	130552	130553	ZMO1061	5887.91	130699	ZMO1_ZMO0142	+	-147	ZMO1061 (Fis-σ54)	TF homology
ZM4	138153	138154	ZMO1061	217.189	138078	trmB	-	-75	ZMO1061 (Fis-σ54)	TF homology
ZM4	243505	243506	ZMO1061	62.0885	243550	rpmG	+	-45	ZMO1061 (Fis-σ54)	TF homology
ZM4	320338	320339	ZMO1061	13.0453	320293	dhfrIII	+	45	ZMO1061 (Fis-σ54)	TF homology
ZM4	332223	332224	ZMO1061	61.8448	332190	thiE1	-	-33	ZMO1061 (Fis-σ54)	TF homology
ZM4	359558	359559	ZMO1061	597.683	359486	ZMO1_ZMO0357	+	72	ZMO1061 (Fis-σ54)	TF homology
ZM4	386657	386658	ZMO1061	28.9942	386832	ZMO1_ZMO0379	+	-175	ZMO1061 (Fis-σ54)	TF homology
ZM4	422288	422289	ZMO1061	292.728	422166	plsC	+	122	ZMO1061 (Fis-σ54)	TF homology
ZM4	449212	449213	ZMO1061	325.564	449257	engA	+	-45	ZMO1061 (Fis-σ54)	TF homology
ZM4	465006	465007	ZMO1061	790.495	465126	ZMO1_ZMO0471	+	-120	ZMO1061 (Fis-σ54)	TF homology
ZM4	467572	467573	ZMO1061	89.7529	467433	ribH	-	-139	ZMO1061 (Fis-σ54)	TF homology
ZM4	503982	503983	ZMO1061	42.4336	504179	ZMO1_ZMO0500	-	197	ZMO1061 (Fis-σ54)	TF homology
ZM4	596752	596753	ZMO1061	199.263	596747	ZMO1_ZMO0597	+	5	ZMO1061 (Fis-σ54)	TF homology
ZM4	619057	619058	ZMO1061	3009.9	619200	flhA	+	-143	ZMO1061 (Fis-σ54)	TF homology
ZM4	625833	625834	ZMO1061	51.8681	626011	ZMO1_ZMO0631	+	-178	ZMO1061 (Fis-σ54)	TF homology
ZM4	693705	693706	ZMO1061	14.1595	693720	ZMO1_ZMO0694	-	15	ZMO1061 (Fis-σ54)	TF homology
ZM4	699385	699386	ZMO1061	58.9015	699347	ZMO1_ZMO0698	-	-38	ZMO1061 (Fis-σ54)	TF homology
ZM4	754187	754188	ZMO1061	810.939	754022	ZMO1_ZMO0756	-	-165	ZMO1061 (Fis-σ54)	TF homology
ZM4	816657	816658	ZMO1061	289.519	816605	fmt	-	-52	ZMO1061 (Fis-σ54)	TF homology
ZM4	843834	843835	ZMO1061	7.46789	843901	ftsZ	+	-67	ZMO1061 (Fis-σ54)	TF homology
ZM4	889619	889620	ZMO1061	103.559	889629	ZMO1_ZMO0877	-	10	ZMO1061 (Fis-σ54)	TF homology
ZM4	953218	953219	ZMO1061	260.464	953062	ZMO1_ZMO0931	-	-156	ZMO1061 (Fis-σ54)	TF homology
ZM4	1013653	1013654	ZMO1061	9.22397	1013481	mscS1	+	172	ZMO1061 (Fis-σ54)	TF homology
ZM4	1020291	1020292	ZMO1061	519.795	1020112	ZMO1_ZMO1001	+	179	ZMO1061 (Fis-σ54)	TF homology
ZM4	1021861	1021862	ZMO1061	282.188	1021678	glmM	+	183	ZMO1061 (Fis-σ54)	TF homology
ZM4	1077906	1077907	ZMO1061	53633.4	1077887	pspF	-	-19	ZMO1061 (Fis-σ54)	TF homology
ZM4	1080333	1080334	ZMO1061	55.2743	1080347	sufE	+	-14	ZMO1061 (Fis-σ54)	TF homology
ZM4	1124726	1124727	ZMO1061	315.646	1124682	ZMO1_ZMO1105	-	-44	ZMO1061 (Fis-σ54)	TF homology
ZM4	1149000	1149001	ZMO1061	719.131	1148818	ZMO1_ZMO1130	+	182	ZMO1061 (Fis-σ54)	TF homology
ZM4	1164401	1164402	ZMO1061	13.1521	1164558	ZMO1_ZMO1144	-	157	ZMO1061 (Fis-σ54)	TF homology
ZM4	1177057	1177058	ZMO1061	3405.56	1176994	asr	+	63	ZMO1061 (Fis-σ54)	TF homology
ZM4	1212730	1212731	ZMO1061	53.9985	1212869	ubiB1	+	-139	ZMO1061 (Fis-σ54)	TF homology
ZM4	1253175	1253176	ZMO1061	30.6569	1253115	ykfB	-	-60	ZMO1061 (Fis-σ54)	TF homology
ZM4	1305837	1305838	ZMO1061	13.6144	1305799	ZMO1_ZMO1289	-	-38	ZMO1061 (Fis-σ54)	TF homology
ZM4	1312945	1312946	ZMO1061	18573.1	1313079	ZMO1_ZMO1298	+	-134	ZMO1061 (Fis-σ54)	TF homology
ZM4	1319926	1319927	ZMO1061	2754.99	1319849	ZMO1_ZMO1301	-	-77	ZMO1061 (Fis-σ54)	TF homology
ZM4	1364977	1364978	ZMO1061	33.6988	1364983	ltaE	-	6	ZMO1061 (Fis-σ54)	TF homology
ZM4	1409088	1409089	ZMO1061	86.0391	1409104	lptF	+	-16	ZMO1061 (Fis-σ54)	TF homology
ZM4	1427150	1427151	ZMO1061	126.879	1426968	fur	-	-182	ZMO1061 (Fis-σ54)	TF homology
ZM4	1483717	1483718	ZMO1061	8.33204	1483557	ZMO1_ZMO1462	-	-160	ZMO1061 (Fis-σ54)	TF homology
ZM4	1517197	1517198	ZMO1061	24.6131	1517389	ZMO1_ZMO1490	+	-192	ZMO1061 (Fis-σ54)	TF homology
ZM4	1615118	1615119	ZMO1061	138.313	1615231	ZMO1_ZMOt037	-	113	ZMO1061 (Fis-σ54)	TF homology
ZM4	1653481	1653482	ZMO1061	1935.04	1653427	ZMO1_ZMO1609	+	54	ZMO1061 (Fis-σ54)	TF homology
ZM4	1694959	1694960	ZMO1061	80.1096	1694799	ZMO1_ZMOt040	-	-160	ZMO1061 (Fis-σ54)	TF homology
ZM4	1704018	1704019	ZMO1061	11.8653	1703856	ubiG	+	162	ZMO1061 (Fis-σ54)	TF homology
ZM4	1711542	1711543	ZMO1061	18.6461	1711406	proA	+	136	ZMO1061 (Fis-σ54)	TF homology
ZM4	1739937	1739938	ZMO1061	7.55623	1739946	ZMO1_ZMO1690	+	-9	ZMO1061 (Fis-σ54)	TF homology
ZM4	1765652	1765653	ZMO1061	294.673	1765793	exbB	-	141	ZMO1061 (Fis-σ54)	TF homology
ZM4	1779052	1779053	ZMO1061	222.147	1779066	ahpC	-	14	ZMO1061 (Fis-σ54)	TF homology
ZM4	1794199	1794200	ZMO1061	28.5467	1794289	ZMO1_ZMO1748	-	90	ZMO1061 (Fis-σ54)	TF homology
ZM4	1811200	1811201	ZMO1061	2404.29	1811074	ZMO1_ZMO1764	-	-126	ZMO1061 (Fis-σ54)	TF homology
ZM4	1862932	1862933	ZMO1061	22.567	1863082	nifB	+	-150	ZMO1061 (Fis-σ54)	TF homology
ZM4	1882268	1882269	ZMO1061	3443	1882259	ZMO1_ZMO1838	-	-9	ZMO1061 (Fis-σ54)	TF homology
ZM4	1888479	1888480	ZMO1061	368.629	1888588	ZMO1_ZMO1847	-	109	ZMO1061 (Fis-σ54)	TF homology
ZM4	1889462	1889463	ZMO1061	22.5412	1889644	ZMO1_ZMO1848	-	182	ZMO1061 (Fis-σ54)	TF homology
ZM4	1900260	1900261	ZMO1061	362.535	1900380	ZMO1_ZMOt043	-	120	ZMO1061 (Fis-σ54)	TF homology
ZM4	1914111	1914112	ZMO1061	365.9	1914232	ZMO1_ZMOt046	-	121	ZMO1061 (Fis-σ54)	TF homology
ZM4	1964444	1964445	ZMO1061	266.499	1964402	ychF	+	42	ZMO1061 (Fis-σ54)	TF homology
ZM4	1973488	1973489	ZMO1061	18.6976	1973661	priA	+	-173	ZMO1061 (Fis-σ54)	TF homology
ZM4	2009315	2009316	ZMO1061	22.6657	2009354	panB1	+	-39	ZMO1061 (Fis-σ54)	TF homology
ZM4	2015457	2015458	ZMO1061	5439.04	2015316	recN	-	-141	ZMO1061 (Fis-σ54)	TF homology
ZM4	2056960	2056961	ZMO1061	108.655	2056902	ZMO1_ZMO1997	-	-58	ZMO1061 (Fis-σ54)	TF homology
pZM33	827	828	ZMO1061	15.0953	642	ZMO1_ZMOp33x002	+	185	ZMO1061 (Fis-σ54)	TF homology
pZM33	27839	27840	ZMO1061	131.891	27887	ZMO1_ZMOp33x031	+	-48	ZMO1061 (Fis-σ54)	TF homology
pZM36	24123	24124	ZMO1061	21.8378	24074	ZMO1_ZMOp36x032	-	-49	ZMO1061 (Fis-σ54)	TF homology
pZM39	127	128	ZMO1061	1238.05	161	ZMO1_ZMOp39x001	-	34	ZMO1061 (Fis-σ54)	TF homology
pZM39	523	524	ZMO1061	189.051	652	ZMO1_ZMOp39x003	+	-129	ZMO1061 (Fis-σ54)	TF homology
pZM39	20349	20350	ZMO1061	1131.92	20166	ZMO1_ZMOp39x018	-	-183	ZMO1061 (Fis-σ54)	TF homology
ZM4	64	65	ZMO1121	69.2652	146	ZMO1_ZMO0001	+	-82	ZMO1121 (MerR)	TF homology
ZM4	14522	14523	ZMO1121	69.1798	14370	ZMO1_ZMO0011	-	-152	ZMO1121 (MerR)	TF homology
ZM4	37184	37185	ZMO1121	635.517	37054	ZMO1_ZMO0031	-	-130	ZMO1121 (MerR)	TF homology
ZM4	43525	43526	ZMO1121	9.67848	43593	ZMO1_ZMO0044	+	-68	ZMO1121 (MerR)	TF homology
ZM4	76443	76444	ZMO1121	2.32833	76369	mcp	-	-74	ZMO1121 (MerR)	TF homology
ZM4	79667	79668	ZMO1121	59.7239	79592	ZMO1_ZMO0087	-	-75	ZMO1121 (MerR)	TF homology
ZM4	95168	95169	ZMO1121	37.5383	95276	ZMO1_ZMO0109	+	-108	ZMO1121 (MerR)	TF homology
ZM4	99743	99744	ZMO1121	9.08089	99840	ZMO1_ZMO0112	+	-97	ZMO1121 (MerR)	TF homology
ZM4	127524	127525	ZMO1121	28.1915	127569	ZMO1_ZMO0137	+	-45	ZMO1121 (MerR)	TF homology
ZM4	182539	182540	ZMO1121	611.603	182507	ZMO1_ZMO0190	-	-32	ZMO1121 (MerR)	TF homology
ZM4	208764	208765	ZMO1121	1.36249	208677	shdA	-	-87	ZMO1121 (MerR)	TF homology
ZM4	217707	217708	ZMO1121	5.07111	217814	ZMO1_ZMO0222	+	-107	ZMO1121 (MerR)	TF homology
ZM4	293869	293870	ZMO1121	52.4814	293738	ZMO1_ZMO0286	-	-131	ZMO1121 (MerR)	TF homology
ZM4	299300	299301	ZMO1121	35.4575	299172	ZMO1_ZMO0293	-	-128	ZMO1121 (MerR)	TF homology
ZM4	318408	318409	ZMO1121	27.4837	318262	ZMO1_ZMO0315	-	-146	ZMO1121 (MerR)	TF homology
ZM4	363679	363680	ZMO1121	15.4394	363839	ZMO1_ZMO0361	+	-160	ZMO1121 (MerR)	TF homology
ZM4	379350	379351	ZMO1121	6.73796	379203	ZMO1_ZMO0373	-	-147	ZMO1121 (MerR)	TF homology
ZM4	434101	434102	ZMO1121	29.7068	433911	rocF	-	-190	ZMO1121 (MerR)	TF homology
ZM4	440968	440969	ZMO1121	85.6799	441045	ZMO1_ZMO0444	+	-77	ZMO1121 (MerR)	TF homology
ZM4	460746	460747	ZMO1121	109.2	460611	tpiA	-	-135	ZMO1121 (MerR)	TF homology
ZM4	476831	476832	ZMO1121	17.5031	476727	glpX	-	-104	ZMO1121 (MerR)	TF homology
ZM4	509112	509113	ZMO1121	29.7758	509293	prfB_1	-	181	ZMO1121 (MerR)	TF homology
ZM4	535953	535954	ZMO1121	7.53613	536102	acnA	+	-149	ZMO1121 (MerR)	TF homology
ZM4	563051	563052	ZMO1121	3.51018	563120	hisC4	+	-69	ZMO1121 (MerR)	TF homology
ZM4	619056	619057	ZMO1121	70.9034	619200	flhA	+	-144	ZMO1121 (MerR)	TF homology
ZM4	644392	644393	ZMO1121	1.32891	644326	ZMO1_ZMO0653	-	-66	ZMO1121 (MerR)	TF homology
ZM4	673736	673737	ZMO1121	6.14286	673864	ZMO1_ZMO0680	+	-128	ZMO1121 (MerR)	TF homology
ZM4	682689	682690	ZMO1121	82.3363	682751	ZMO1_ZMO0686	+	-62	ZMO1121 (MerR)	TF homology
ZM4	686005	686006	ZMO1121	50.1008	685932	ZMO1_ZMO0688	-	-73	ZMO1121 (MerR)	TF homology
ZM4	771558	771559	ZMO1121	123.889	771744	pmtA	+	-186	ZMO1121 (MerR)	TF homology
ZM4	807504	807505	ZMO1121	63.9036	807358	ZMO1_ZMO0801	-	-146	ZMO1121 (MerR)	TF homology
ZM4	876799	876800	ZMO1121	24.3215	876845	ZMO1_ZMO0866	+	-46	ZMO1121 (MerR)	TF homology
ZM4	897686	897687	ZMO1121	22.2665	897621	ZMO1_ZMO0888	-	-65	ZMO1121 (MerR)	TF homology
ZM4	899148	899149	ZMO1121	1065.76	899000	mro	-	-148	ZMO1121 (MerR)	TF homology
ZM4	906704	906705	ZMO1121	115.226	906602	ZMO1_ZMO0895	-	-102	ZMO1121 (MerR)	TF homology
ZM4	919072	919073	ZMO1121	15.7138	919155	bga	-	83	ZMO1121 (MerR)	TF homology
ZM4	931459	931460	ZMO1121	12.0062	931436	ilvE	-	-23	ZMO1121 (MerR)	TF homology
ZM4	935436	935437	ZMO1121	8.81274	935633	ZMO1_ZMO0917	+	-197	ZMO1121 (MerR)	TF homology
ZM4	974418	974419	ZMO1121	46.0912	974470	ZMO1_ZMO0956	+	-52	ZMO1121 (MerR)	TF homology
ZM4	988844	988845	ZMO1121	714.702	988661	add2	+	183	ZMO1121 (MerR)	TF homology
ZM4	992214	992215	ZMO1121	171.333	992378	ZMO1_ZMO0974	+	-164	ZMO1121 (MerR)	TF homology
ZM4	1013374	1013375	ZMO1121	1040.96	1013481	mscS1	+	-107	ZMO1121 (MerR)	TF homology
ZM4	1055252	1055253	ZMO1121	392.856	1055355	ZMO1_ZMO1040	+	-103	ZMO1121 (MerR)	TF homology
ZM4	1067725	1067726	ZMO1121	28.7179	1067916	purC	+	-191	ZMO1121 (MerR)	TF homology
ZM4	1071534	1071535	ZMO1121	10.6916	1071594	ZMO1_ZMO1055	+	-60	ZMO1121 (MerR)	TF homology
ZM4	1089257	1089258	ZMO1121	68.1317	1089356	ZMO1_ZMO1080	+	-99	ZMO1121 (MerR)	TF homology
ZM4	1132798	1132799	ZMO1121	14.6832	1132932	gltD	+	-134	ZMO1121 (MerR)	TF homology
ZM4	1203360	1203361	ZMO1121	8.407	1203279	hutG1	-	-81	ZMO1121 (MerR)	TF homology
ZM4	1208189	1208190	ZMO1121	1.7767	1208294	ZMO1_ZMO1185	+	-105	ZMO1121 (MerR)	TF homology
ZM4	1208463	1208464	ZMO1121	14.8743	1208294	ZMO1_ZMO1185	+	169	ZMO1121 (MerR)	TF homology
ZM4	1278796	1278797	ZMO1121	14.8154	1278835	ssuA	+	-39	ZMO1121 (MerR)	TF homology
ZM4	1296658	1296659	ZMO1121	166.325	1296572	fabF	-	-86	ZMO1121 (MerR)	TF homology
ZM4	1303983	1303984	ZMO1121	6.49954	1303926	ZMO1_ZMO1287	-	-57	ZMO1121 (MerR)	TF homology
ZM4	1307794	1307795	ZMO1121	152.103	1307603	ZMO1_ZMO1291	-	-191	ZMO1121 (MerR)	TF homology
ZM4	1311344	1311345	ZMO1121	150.368	1311194	ZMO1_ZMO2015	-	-150	ZMO1121 (MerR)	TF homology
ZM4	1313007	1313008	ZMO1121	7.29593	1313079	ZMO1_ZMO1298	+	-72	ZMO1121 (MerR)	TF homology
ZM4	1315596	1315597	ZMO1121	16.1285	1315744	ZMO1_ZMO2016	+	-148	ZMO1121 (MerR)	TF homology
ZM4	1319918	1319919	ZMO1121	32.0359	1319849	ZMO1_ZMO1301	-	-69	ZMO1121 (MerR)	TF homology
ZM4	1327801	1327802	ZMO1121	18.7306	1327812	ostA	+	-11	ZMO1121 (MerR)	TF homology
ZM4	1389756	1389757	ZMO1121	30.9027	1389897	ZMO1_ZMO1374	-	141	ZMO1121 (MerR)	TF homology
ZM4	1425348	1425349	ZMO1121	12.7725	1425383	cbbF2	-	35	ZMO1121 (MerR)	TF homology
ZM4	1437755	1437756	ZMO1121	7.43777	1437642	ZMO1_ZMO1422	-	-113	ZMO1121 (MerR)	TF homology
ZM4	1445107	1445108	ZMO1121	11.3109	1444946	ZMO1_ZMO1428	+	161	ZMO1121 (MerR)	TF homology
ZM4	1459656	1459657	ZMO1121	12.6896	1459483	ZMO1_ZMO1440	-	-173	ZMO1121 (MerR)	TF homology
ZM4	1470808	1470809	ZMO1121	55.8169	1470981	phrB	+	-173	ZMO1121 (MerR)	TF homology
ZM4	1483740	1483741	ZMO1121	116.082	1483557	ZMO1_ZMO1462	-	-183	ZMO1121 (MerR)	TF homology
ZM4	1492392	1492393	ZMO1121	45.8766	1492410	ZMO1_ZMO1468	-	18	ZMO1121 (MerR)	TF homology
ZM4	1509303	1509304	ZMO1121	18.1033	1509178	ZMO1_ZMO1482	-	-125	ZMO1121 (MerR)	TF homology
ZM4	1522295	1522296	ZMO1121	21.1295	1522124	ZMO1_ZMO1495	-	-171	ZMO1121 (MerR)	TF homology
ZM4	1547128	1547129	ZMO1121	22.4416	1546928	ZMO1_ZMO1521	-	-200	ZMO1121 (MerR)	TF homology
ZM4	1569185	1569186	ZMO1121	256.727	1569199	ZMO1_ZMO1536	-	14	ZMO1121 (MerR)	TF homology
ZM4	1573834	1573835	ZMO1121	2.63532	1574009	feoA	+	-175	ZMO1121 (MerR)	TF homology
ZM4	1615460	1615461	ZMO1121	25.1944	1615415	ZMO1_ZMOr001	-	-45	ZMO1121 (MerR)	TF homology
ZM4	1630100	1630101	ZMO1121	19.6678	1630155	ZMO1_ZMO1589	+	-55	ZMO1121 (MerR)	TF homology
ZM4	1677116	1677117	ZMO1121	40.3302	1677204	dapE	+	-88	ZMO1121 (MerR)	TF homology
ZM4	1703876	1703877	ZMO1121	20.4084	1703856	ubiG	+	20	ZMO1121 (MerR)	TF homology
ZM4	1726654	1726655	ZMO1121	809.021	1726753	ZMO1_ZMO1681	+	-99	ZMO1121 (MerR)	TF homology
ZM4	1730126	1730127	ZMO1121	22.3919	1730156	ansA	+	-30	ZMO1121 (MerR)	TF homology
ZM4	1765855	1765856	ZMO1121	6.14281	1765793	exbB	-	-62	ZMO1121 (MerR)	TF homology
ZM4	1794461	1794462	ZMO1121	133.153	1794544	mlaA	+	-83	ZMO1121 (MerR)	TF homology
ZM4	1796258	1796259	ZMO1121	33.1591	1796148	ZMO1_ZMO1750	-	-110	ZMO1121 (MerR)	TF homology
ZM4	1798135	1798136	ZMO1121	1.84601	1798158	fpr	+	-23	ZMO1121 (MerR)	TF homology
ZM4	1800647	1800648	ZMO1121	32.8595	1800500	ssdA	-	-147	ZMO1121 (MerR)	TF homology
ZM4	1801881	1801882	ZMO1121	90.565	1802064	gntP	+	-183	ZMO1121 (MerR)	TF homology
ZM4	1821007	1821008	ZMO1121	23.9796	1821180	pepN2	+	-173	ZMO1121 (MerR)	TF homology
ZM4	1828578	1828579	ZMO1121	28.6991	1828669	ZMO1_ZMO1782	+	-91	ZMO1121 (MerR)	TF homology
ZM4	1831231	1831232	ZMO1121	33.3296	1831324	ZMO1_ZMO1786	+	-93	ZMO1121 (MerR)	TF homology
ZM4	1845795	1845796	ZMO1121	32.4107	1845675	ZMO1_ZMO1800	-	-120	ZMO1121 (MerR)	TF homology
ZM4	1849835	1849836	ZMO1121	5.70731	1849886	ZMO1_ZMO1807	+	-51	ZMO1121 (MerR)	TF homology
ZM4	1860625	1860626	ZMO1121	23.9307	1860457	ZMO1_ZMO1815	-	-168	ZMO1121 (MerR)	TF homology
ZM4	1861016	1861017	ZMO1121	7.02798	1861167	nifA	+	-151	ZMO1121 (MerR)	TF homology
ZM4	1862940	1862941	ZMO1121	18.2866	1863082	nifB	+	-142	ZMO1121 (MerR)	TF homology
ZM4	1868403	1868404	ZMO1121	34.7419	1868308	ZMO1_ZMO1822	-	-95	ZMO1121 (MerR)	TF homology
ZM4	1879402	1879403	ZMO1121	11.8272	1879445	nifV	+	-43	ZMO1121 (MerR)	TF homology
ZM4	1890272	1890273	ZMO1121	80.9045	1890435	ZMO1_ZMO1849	+	-163	ZMO1121 (MerR)	TF homology
ZM4	1900610	1900611	ZMO1121	30.1602	1900564	ZMO1_ZMOr004	-	-46	ZMO1121 (MerR)	TF homology
ZM4	1914458	1914459	ZMO1121	28.659300000000002	1914416	ZMO1_ZMOr007	-	-42	ZMO1121 (MerR)	TF homology
ZM4	1922547	1922548	ZMO1121	15.893	1922508	ZMO1_ZMO1867	-	-39	ZMO1121 (MerR)	TF homology
ZM4	1934804	1934805	ZMO1121	14.5557	1935003	ZMO1_ZMO1882	+	-199	ZMO1121 (MerR)	TF homology
ZM4	1939258	1939259	ZMO1121	25.2829	1939120	ZMO1_ZMO1885	-	-138	ZMO1121 (MerR)	TF homology
ZM4	1971048	1971049	ZMO1121	14.5616	1971065	bioA	+	-17	ZMO1121 (MerR)	TF homology
ZM4	1972930	1972931	ZMO1121	33.1571	1972836	ZMO1_ZMO1919	-	-94	ZMO1121 (MerR)	TF homology
ZM4	2025830	2025831	ZMO1121	28.9281	2025753	gltA	-	-77	ZMO1121 (MerR)	TF homology
pZM33	2401	2402	ZMO1121	14.2532	2494	ZMO1_ZMOp33x005	+	-93	ZMO1121 (MerR)	TF homology
pZM33	4756	4757	ZMO1121	10.3826	4762	ZMO1_ZMOp33x009	+	-6	ZMO1121 (MerR)	TF homology
pZM33	12198	12199	ZMO1121	68.716	12297	ZMO1_ZMOp33x016	+	-99	ZMO1121 (MerR)	TF homology
pZM36	16498	16499	ZMO1121	5.78738	16427	ZMO1_ZMOp36x050	-	-71	ZMO1121 (MerR)	TF homology
pZM36	24201	24202	ZMO1121	116.394	24267	ZMO1_ZMOp36x033	+	-66	ZMO1121 (MerR)	TF homology
pZM39	3491	3492	ZMO1121	31.2466	3670	ZMO1_ZMOp39x007	+	-179	ZMO1121 (MerR)	TF homology
pZM39	7908	7909	ZMO1121	100.358	7987	ZMO1_ZMOp39x011	+	-79	ZMO1121 (MerR)	TF homology
pZM39	8912	8913	ZMO1121	24.3064	8987	ZMO1_ZMOp39x012	+	-75	ZMO1121 (MerR)	TF homology
pZM39	25987	25988	ZMO1121	10.843	26114	ZMO1_ZMOp39x027	+	-127	ZMO1121 (MerR)	TF homology
ZM4	318413	318414	ZMO1124	16.4314	318262	ZMO1_ZMO0315	-	-151	ZMO1124 (Fis-σ54)	TF homology
ZM4	877892	877893	ZMO1124	58.3249	878092	hpnA	+	-200	ZMO1124 (Fis-σ54)	TF homology
ZM4	997150	997151	ZMO1124	19.5046	997005	ZMO1_ZMO0979	+	145	ZMO1124 (Fis-σ54)	TF homology
ZM4	25274	25275	ZMO1126	158.657	25238	ykgF	-	-36	ZMO1126 (Fis)	TF homology
ZM4	34175	34176	ZMO1126	331.007	34223	gloA1	+	-48	ZMO1126 (Fis)	TF homology
ZM4	37684	37685	ZMO1126	313.926	37836	ZMO1_ZMO0033	-	152	ZMO1126 (Fis)	TF homology
ZM4	57493	57494	ZMO1126	75.5371	57528	ZMO1_ZMO0062	-	35	ZMO1126 (Fis)	TF homology
ZM4	74647	74648	ZMO1126	2319.22	74602	cheA1	-	-45	ZMO1126 (Fis)	TF homology
ZM4	82888	82889	ZMO1126	205.008	82880	ZMO1_ZMO0092	+	8	ZMO1126 (Fis)	TF homology
ZM4	89943	89944	ZMO1126	336.04	89984	ZMO1_ZMO0103	+	-41	ZMO1126 (Fis)	TF homology
ZM4	129787	129788	ZMO1126	40.4297	129815	ZMO1_ZMO0139	-	28	ZMO1126 (Fis)	TF homology
ZM4	195393	195394	ZMO1126	1375.97	195559	trpD	-	166	ZMO1126 (Fis)	TF homology
ZM4	201242	201243	ZMO1126	538.581	201172	ZMO1_ZMO0205	-	-70	ZMO1126 (Fis)	TF homology
ZM4	245105	245106	ZMO1126	53.7573	245174	ZMO1_ZMO0252	+	-69	ZMO1126 (Fis)	TF homology
ZM4	276744	276745	ZMO1126	2883.77	276929	ZMO1_ZMO2001	-	185	ZMO1126 (Fis)	TF homology
ZM4	282688	282689	ZMO1126	3905.45	282634	ZMO1_ZMO0275	-	-54	ZMO1126 (Fis)	TF homology
ZM4	283586	283587	ZMO1126	37.5629	283445	ZMO1_ZMO0276	-	-141	ZMO1126 (Fis)	TF homology
ZM4	390338	390339	ZMO1126	897.843	390350	ZMO1_ZMO0381	+	-12	ZMO1126 (Fis)	TF homology
ZM4	390885	390886	ZMO1126	38.7075	390772	ZMO1_ZMO0383	+	113	ZMO1126 (Fis)	TF homology
ZM4	393507	393508	ZMO1126	2073.55	393493	ZMO1_ZMO0389	+	14	ZMO1126 (Fis)	TF homology
ZM4	418665	418666	ZMO1126	341.981	418631	ZMO1_ZMO0413	-	-34	ZMO1126 (Fis)	TF homology
ZM4	422286	422287	ZMO1126	1182.24	422166	plsC	+	120	ZMO1126 (Fis)	TF homology
ZM4	446395	446396	ZMO1126	33.9023	446547	ZMO1_ZMOt007	+	-152	ZMO1126 (Fis)	TF homology
ZM4	455484	455485	ZMO1126	56.0667	455663	lolC	-	179	ZMO1126 (Fis)	TF homology
ZM4	456968	456969	ZMO1126	385.707	456991	proS	-	23	ZMO1126 (Fis)	TF homology
ZM4	465087	465088	ZMO1126	290.507	465126	ZMO1_ZMO0471	+	-39	ZMO1126 (Fis)	TF homology
ZM4	467305	467306	ZMO1126	63.4871	467433	ribH	-	128	ZMO1126 (Fis)	TF homology
ZM4	470292	470293	ZMO1126	94.961	470251	ribD	-	-41	ZMO1126 (Fis)	TF homology
ZM4	495515	495516	ZMO1126	444.598	495558	ZMO1_ZMO0495	-	43	ZMO1126 (Fis)	TF homology
ZM4	548457	548458	ZMO1126	20.5314	548400	rpsO	-	-57	ZMO1126 (Fis)	TF homology
ZM4	556971	556972	ZMO1126	9081.16	556926	ZMO1_ZMO0558	+	45	ZMO1126 (Fis)	TF homology
ZM4	558418	558419	ZMO1126	1867.79	558258	ZMO1_ZMO0559	+	160	ZMO1126 (Fis)	TF homology
ZM4	570869	570870	ZMO1126	46.3233	570957	sucD	-	88	ZMO1126 (Fis)	TF homology
ZM4	571492	571493	ZMO1126	180.287	571442	sdhD	-	-50	ZMO1126 (Fis)	TF homology
ZM4	608929	608930	ZMO1126	5884.8	608968	ZMO1_ZMO0606	-	39	ZMO1126 (Fis)	TF homology
ZM4	612477	612478	ZMO1126	18286.7	612412	flgF	-	-65	ZMO1126 (Fis)	TF homology
ZM4	623153	623154	ZMO1126	101.43	623011	ZMO1_ZMO0627	+	142	ZMO1126 (Fis)	TF homology
ZM4	625978	625979	ZMO1126	59.4919	626011	ZMO1_ZMO0631	+	-33	ZMO1126 (Fis)	TF homology
ZM4	635769	635770	ZMO1126	185.463	635590	fliL	+	179	ZMO1126 (Fis)	TF homology
ZM4	659372	659373	ZMO1126	216.4	659233	ZMO1_ZMO0664	+	139	ZMO1126 (Fis)	TF homology
ZM4	662383	662384	ZMO1126	22.5205	662428	ZMO1_ZMO0665	+	-45	ZMO1126 (Fis)	TF homology
ZM4	664699	664700	ZMO1126	102.766	664830	atpG2	+	-131	ZMO1126 (Fis)	TF homology
ZM4	703903	703904	ZMO1126	103.364	703910	ZMO1_ZMO0705	+	-7	ZMO1126 (Fis)	TF homology
ZM4	748216	748217	ZMO1126	79.8411	748392	cysK	-	176	ZMO1126 (Fis)	TF homology
ZM4	761413	761414	ZMO1126	764.776	761368	glnD	+	45	ZMO1126 (Fis)	TF homology
ZM4	812688	812689	ZMO1126	58.8843	812869	pepA1	-	181	ZMO1126 (Fis)	TF homology
ZM4	814988	814989	ZMO1126	654.05	814930	ZMO1_ZMO0809	-	-58	ZMO1126 (Fis)	TF homology
ZM4	825712	825713	ZMO1126	607.841	825651	ZMO1_ZMO0822	+	61	ZMO1126 (Fis)	TF homology
ZM4	880360	880361	ZMO1126	617.733	880208	hpnC	+	152	ZMO1126 (Fis)	TF homology
ZM4	895708	895709	ZMO1126	1142.85	895859	ZMO1_ZMO0885	+	-151	ZMO1126 (Fis)	TF homology
ZM4	919017	919018	ZMO1126	82.3663	919155	bga	-	138	ZMO1126 (Fis)	TF homology
ZM4	942465	942466	ZMO1126	682.137	942388	ZMO1_ZMO0921	+	77	ZMO1126 (Fis)	TF homology
ZM4	951112	951113	ZMO1126	51.4241	951120	aat	-	8	ZMO1126 (Fis)	TF homology
ZM4	955429	955430	ZMO1126	11702	955259	ZMO1_ZMO0936	+	170	ZMO1126 (Fis)	TF homology
ZM4	967111	967112	ZMO1126	6403.17	967194	ZMO1_ZMO0947	+	-83	ZMO1126 (Fis)	TF homology
ZM4	970942	970943	ZMO1126	248.961	970956	ZMO1_ZMO0950	-	14	ZMO1126 (Fis)	TF homology
ZM4	978160	978161	ZMO1126	823.747	977984	cccA2	+	176	ZMO1126 (Fis)	TF homology
ZM4	989714	989715	ZMO1126	267.189	989763	ZMO1_ZMO0972	+	-49	ZMO1126 (Fis)	TF homology
ZM4	1005124	1005125	ZMO1126	3256.77	1005272	ZMO1_ZMO0983	-	148	ZMO1126 (Fis)	TF homology
ZM4	1005471	1005472	ZMO1126	215.389	1005272	ZMO1_ZMO0983	-	-199	ZMO1126 (Fis)	TF homology
ZM4	1006253	1006254	ZMO1126	92.7153	1006278	nlpD	-	25	ZMO1126 (Fis)	TF homology
ZM4	1021596	1021597	ZMO1126	387.647	1021678	glmM	+	-82	ZMO1126 (Fis)	TF homology
ZM4	1023764	1023765	ZMO1126	5260.74	1023856	rnhB	+	-92	ZMO1126 (Fis)	TF homology
ZM4	1029776	1029777	ZMO1126	134.095	1029622	ZMO1_ZMO1009	+	154	ZMO1126 (Fis)	TF homology
ZM4	1034074	1034075	ZMO1126	18.6128	1034085	ZMO1_ZMO1015	-	11	ZMO1126 (Fis)	TF homology
ZM4	1035985	1035986	ZMO1126	1220.92	1035840	ZMO1_ZMO1017	-	-145	ZMO1126 (Fis)	TF homology
ZM4	1036807	1036808	ZMO1126	19.3716	1036937	ZMO1_ZMO1018	-	130	ZMO1126 (Fis)	TF homology
ZM4	1041452	1041453	ZMO1126	258.625	1041639	ZMO1_ZMO1023	+	-187	ZMO1126 (Fis)	TF homology
ZM4	1060352	1060353	ZMO1126	99.3792	1060502	ZMO1_ZMO1042	-	150	ZMO1126 (Fis)	TF homology
ZM4	1063536	1063537	ZMO1126	1748.06	1063504	ZMO1_ZMO1045	-	-32	ZMO1126 (Fis)	TF homology
ZM4	1063800	1063801	ZMO1126	34.8451	1063770	pstS	+	30	ZMO1126 (Fis)	TF homology
ZM4	1068035	1068036	ZMO1126	2670.45	1067916	purC	+	119	ZMO1126 (Fis)	TF homology
ZM4	1075323	1075324	ZMO1126	34829.4	1075485	ZMO1_ZMO1059	+	-162	ZMO1126 (Fis)	TF homology
ZM4	1101445	1101446	ZMO1126	408.503	1101549	dacC	+	-104	ZMO1126 (Fis)	TF homology
ZM4	1133109	1133110	ZMO1126	2419.4	1132932	gltD	+	177	ZMO1126 (Fis)	TF homology
ZM4	1151103	1151104	ZMO1126	353.222	1151105	lipA	-	2	ZMO1126 (Fis)	TF homology
ZM4	1154271	1154272	ZMO1126	200.311	1154148	ZMO1_ZMO1135	-	-123	ZMO1126 (Fis)	TF homology
ZM4	1164152	1164153	ZMO1126	152.908	1164129	ZMO1_ZMO1143	-	-23	ZMO1126 (Fis)	TF homology
ZM4	1172273	1172274	ZMO1126	41.1925	1172406	cdsA	-	133	ZMO1126 (Fis)	TF homology
ZM4	1183300	1183301	ZMO1126	700.97	1183399	comF	-	99	ZMO1126 (Fis)	TF homology
ZM4	1230215	1230216	ZMO1126	285.438	1230395	ZMO1_ZMO2061	-	180	ZMO1126 (Fis)	TF homology
ZM4	1236582	1236583	ZMO1126	516.732	1236445	ZMO1_ZMOt029	-	-137	ZMO1126 (Fis)	TF homology
ZM4	1270185	1270186	ZMO1126	33.9023	1270170	ZMO1_ZMO1249	-	-15	ZMO1126 (Fis)	TF homology
ZM4	1271855	1271856	ZMO1126	8952.95	1271986	ccmH	-	131	ZMO1126 (Fis)	TF homology
ZM4	1274813	1274814	ZMO1126	842.866	1274898	ccmE	-	85	ZMO1126 (Fis)	TF homology
ZM4	1279723	1279724	ZMO1126	38.559	1279838	ssuC	+	-115	ZMO1126 (Fis)	TF homology
ZM4	1282483	1282484	ZMO1126	28.9914	1282624	ZMO1_ZMO1265	+	-141	ZMO1126 (Fis)	TF homology
ZM4	1294019	1294020	ZMO1126	41.1925	1293862	ZMO1_ZMO1276	+	157	ZMO1126 (Fis)	TF homology
ZM4	1295272	1295273	ZMO1126	86.2009	1295276	ZMO1_ZMO1277	-	4	ZMO1126 (Fis)	TF homology
ZM4	1321660	1321661	ZMO1126	66.4587	1321717	proC2	-	57	ZMO1126 (Fis)	TF homology
ZM4	1322131	1322132	ZMO1126	1541.48	1322277	ZMO1_ZMO1304	-	146	ZMO1126 (Fis)	TF homology
ZM4	1327269	1327270	ZMO1126	29.3279	1327427	pepA2	-	158	ZMO1126 (Fis)	TF homology
ZM4	1327943	1327944	ZMO1126	1024.53	1327812	ostA	+	131	ZMO1126 (Fis)	TF homology
ZM4	1335983	1335984	ZMO1126	31.0841	1335798	ZMO1_ZMO1316	-	-185	ZMO1126 (Fis)	TF homology
ZM4	1346249	1346250	ZMO1126	6627.67	1346320	ZMO1_ZMO1328	+	-71	ZMO1126 (Fis)	TF homology
ZM4	1362955	1362956	ZMO1126	59.5694	1362908	pepN1	-	-47	ZMO1126 (Fis)	TF homology
ZM4	1377604	1377605	ZMO1126	44.7639	1377727	ZMO1_ZMO2066	-	123	ZMO1126 (Fis)	TF homology
ZM4	1403925	1403926	ZMO1126	34.3726	1404014	ggt	-	89	ZMO1126 (Fis)	TF homology
ZM4	1419100	1419101	ZMO1126	294.685	1419004	rpoE	-	-96	ZMO1126 (Fis)	TF homology
ZM4	1425800	1425801	ZMO1126	252.181	1425926	bfr1	+	-126	ZMO1126 (Fis)	TF homology
ZM4	1426048	1426049	ZMO1126	344.196	1425926	bfr1	+	122	ZMO1126 (Fis)	TF homology
ZM4	1433109	1433110	ZMO1126	2640.75	1433034	purE	+	75	ZMO1126 (Fis)	TF homology
ZM4	1452433	1452434	ZMO1126	17.1287	1452493	holA	-	60	ZMO1126 (Fis)	TF homology
ZM4	1453213	1453214	ZMO1126	16.7649	1453102	ZMO1_ZMO1434	-	-111	ZMO1126 (Fis)	TF homology
ZM4	1457104	1457105	ZMO1126	77.8586	1457144	ZMO1_ZMO1437	-	40	ZMO1126 (Fis)	TF homology
ZM4	1462143	1462144	ZMO1126	212.276	1462118	ZMO1_ZMO1443	+	25	ZMO1126 (Fis)	TF homology
ZM4	1503261	1503262	ZMO1126	238.879	1503441	etfA	-	180	ZMO1126 (Fis)	TF homology
ZM4	1504248	1504249	ZMO1126	33388.7	1504187	etfB	-	-61	ZMO1126 (Fis)	TF homology
ZM4	1519496	1519497	ZMO1126	447.517	1519568	ZMO1_ZMO2071	-	72	ZMO1126 (Fis)	TF homology
ZM4	1520394	1520395	ZMO1126	8.13178	1520483	ZMO1_ZMO1493	-	89	ZMO1126 (Fis)	TF homology
ZM4	1526754	1526755	ZMO1126	53.952	1526929	ZMO1_ZMO1497	-	175	ZMO1126 (Fis)	TF homology
ZM4	1534191	1534192	ZMO1126	232.594	1534272	prfA	+	-81	ZMO1126 (Fis)	TF homology
ZM4	1539594	1539595	ZMO1126	295.614	1539434	ZMO1_ZMO1512	-	-160	ZMO1126 (Fis)	TF homology
ZM4	1544886	1544887	ZMO1126	607.612	1544785	cbbF3	-	-101	ZMO1126 (Fis)	TF homology
ZM4	1590662	1590663	ZMO1126	10891	1590753	purF	+	-91	ZMO1126 (Fis)	TF homology
ZM4	1596234	1596235	ZMO1126	35.4224	1596102	ZMO1_ZMOt036	+	132	ZMO1126 (Fis)	TF homology
ZM4	1646743	1646744	ZMO1126	1403.79	1646820	ZMO1_ZMO1603	+	-77	ZMO1126 (Fis)	TF homology
ZM4	1677300	1677301	ZMO1126	76.4086	1677204	dapE	+	96	ZMO1126 (Fis)	TF homology
ZM4	1703825	1703826	ZMO1126	40.4398	1703856	ubiG	+	-31	ZMO1126 (Fis)	TF homology
ZM4	1714095	1714096	ZMO1126	446.4	1714295	ZMO1_ZMO1665	+	-200	ZMO1126 (Fis)	TF homology
ZM4	1738159	1738160	ZMO1126	83.8557	1738157	pyrC2	+	2	ZMO1126 (Fis)	TF homology
ZM4	1751327	1751328	ZMO1126	75.1108	1751147	xthA2	-	-180	ZMO1126 (Fis)	TF homology
ZM4	1755299	1755300	ZMO1126	121.77	1755428	ftsK	-	129	ZMO1126 (Fis)	TF homology
ZM4	1758336	1758337	ZMO1126	58.4997	1758428	ZMO1_ZMO1705	-	92	ZMO1126 (Fis)	TF homology
ZM4	1771709	1771710	ZMO1126	4982.81	1771829	adhC	-	120	ZMO1126 (Fis)	TF homology
ZM4	1772713	1772714	ZMO1126	305.023	1772661	ZMO1_ZMO1723	-	-52	ZMO1126 (Fis)	TF homology
ZM4	1773051	1773052	ZMO1126	32282.9	1773101	ZMO1_ZMO2026	-	50	ZMO1126 (Fis)	TF homology
ZM4	1802070	1802071	ZMO1126	3565.08	1802064	gntP	+	6	ZMO1126 (Fis)	TF homology
ZM4	1817695	1817696	ZMO1126	713.465	1817803	ZMO1_ZMO1771	-	108	ZMO1126 (Fis)	TF homology
ZM4	1818129	1818130	ZMO1126	104.532	1817978	ZMO1_ZMO1772	+	151	ZMO1126 (Fis)	TF homology
ZM4	1819802	1819803	ZMO1126	5246.82	1819920	ZMO1_ZMO1773	-	118	ZMO1126 (Fis)	TF homology
ZM4	1826260	1826261	ZMO1126	1796.01	1826236	ZMO1_ZMO1778	-	-24	ZMO1126 (Fis)	TF homology
ZM4	1875411	1875412	ZMO1126	398.613	1875537	nifX	+	-126	ZMO1126 (Fis)	TF homology
ZM4	1876784	1876785	ZMO1126	107.648	1876822	nifQ	+	-38	ZMO1126 (Fis)	TF homology
ZM4	1884717	1884718	ZMO1126	19.1912	1884850	apbE	-	133	ZMO1126 (Fis)	TF homology
ZM4	1889670	1889671	ZMO1126	177.614	1889644	ZMO1_ZMO1848	-	-26	ZMO1126 (Fis)	TF homology
ZM4	1924007	1924008	ZMO1126	547.299	1924083	ZMO1_ZMO1869	-	76	ZMO1126 (Fis)	TF homology
ZM4	1928028	1928029	ZMO1126	1541.56	1927852	ZMO1_ZMO1875	-	-176	ZMO1126 (Fis)	TF homology
ZM4	1937663	1937664	ZMO1126	451.552	1937863	ZMO1_ZMO1884	-	200	ZMO1126 (Fis)	TF homology
ZM4	1944882	1944883	ZMO1126	778.783	1945033	thrC	-	151	ZMO1126 (Fis)	TF homology
ZM4	1949971	1949972	ZMO1126	347.183	1949966	yajC	-	-5	ZMO1126 (Fis)	TF homology
ZM4	1952906	1952907	ZMO1126	198.113	1952869	plsX	-	-37	ZMO1126 (Fis)	TF homology
ZM4	1954156	1954157	ZMO1126	1032.16	1954345	ZMO1_ZMO1901	-	189	ZMO1126 (Fis)	TF homology
ZM4	1958655	1958656	ZMO1126	33.483	1958783	infC	-	128	ZMO1126 (Fis)	TF homology
ZM4	2053003	2053004	ZMO1126	654.437	2053016	clcD2	+	-13	ZMO1126 (Fis)	TF homology
pZM33	333	334	ZMO1126	101.407	409	ZMO1_ZMOp33x001	+	-76	ZMO1126 (Fis)	TF homology
pZM33	13544	13545	ZMO1126	134.043	13531	ZMO1_ZMOp33x018	+	13	ZMO1126 (Fis)	TF homology
pZM33	30917	30918	ZMO1126	3478.05	30901	ZMO1_ZMOp33x037	+	16	ZMO1126 (Fis)	TF homology
pZM36	674	675	ZMO1126	152.139	717	ZMO1_ZMOp36x002	+	-43	ZMO1126 (Fis)	TF homology
pZM36	4050	4051	ZMO1126	243.974	4161	ZMO1_ZMOp36x008	+	-111	ZMO1126 (Fis)	TF homology
pZM39	23790	23791	ZMO1126	81.7326	23764	ZMO1_ZMOp39x024	-	-26	ZMO1126 (Fis)	TF homology
ZM4	75	76	ZMO1206	794.637	146	ZMO1_ZMO0001	+	-71	ZMO1206 (LysR)	TF homology
ZM4	26158	26159	ZMO1206	710.453	25981	ZMO1_ZMO0022	-	-177	ZMO1206 (LysR)	TF homology
ZM4	26766	26767	ZMO1206	45.635	26828	ZMO1_ZMO0023	-	62	ZMO1206 (LysR)	TF homology
ZM4	33970	33971	ZMO1206	183.373	33933	ZMO1_ZMO0029	-	-37	ZMO1206 (LysR)	TF homology
ZM4	34256	34257	ZMO1206	64.036	34223	gloA1	+	33	ZMO1206 (LysR)	TF homology
ZM4	37208	37209	ZMO1206	149.67	37054	ZMO1_ZMO0031	-	-154	ZMO1206 (LysR)	TF homology
ZM4	43497	43498	ZMO1206	20653	43593	ZMO1_ZMO0044	+	-96	ZMO1206 (LysR)	TF homology
ZM4	46132	46133	ZMO1206	12144.1	46170	ZMO1_ZMO0050	+	-38	ZMO1206 (LysR)	TF homology
ZM4	52801	52802	ZMO1206	4.72975	52791	glmS	-	-10	ZMO1206 (LysR)	TF homology
ZM4	53519	53520	ZMO1206	23.1201	53437	ZMO1_ZMO0057	-	-82	ZMO1206 (LysR)	TF homology
ZM4	59471	59472	ZMO1206	226.071	59456	oprB1	-	-15	ZMO1206 (LysR)	TF homology
ZM4	59687	59688	ZMO1206	44.8131	59626	ZMO1_ZMO0066	+	61	ZMO1206 (LysR)	TF homology
ZM4	79675	79676	ZMO1206	226.361	79592	ZMO1_ZMO0087	-	-83	ZMO1206 (LysR)	TF homology
ZM4	80546	80547	ZMO1206	654.286	80422	ZMO1_ZMO0088	-	-124	ZMO1206 (LysR)	TF homology
ZM4	81413	81414	ZMO1206	2279.4	81323	ZMO1_ZMO0089	-	-90	ZMO1206 (LysR)	TF homology
ZM4	82740	82741	ZMO1206	288.503	82624	ZMO1_ZMO0091	+	116	ZMO1206 (LysR)	TF homology
ZM4	85228	85229	ZMO1206	45.2466	85171	ZMO1_ZMO0095	-	-57	ZMO1206 (LysR)	TF homology
ZM4	93168	93169	ZMO1206	610.734	93102	leuD	+	66	ZMO1206 (LysR)	TF homology
ZM4	95162	95163	ZMO1206	11771.2	95276	ZMO1_ZMO0109	+	-114	ZMO1206 (LysR)	TF homology
ZM4	100759	100760	ZMO1206	98.2669	100923	pabB	+	-164	ZMO1206 (LysR)	TF homology
ZM4	101070	101071	ZMO1206	459.73	100923	pabB	+	147	ZMO1206 (LysR)	TF homology
ZM4	103850	103851	ZMO1206	78.8303	104016	ZMO1_ZMO0116	+	-166	ZMO1206 (LysR)	TF homology
ZM4	107534	107535	ZMO1206	93.3507	107643	ZMO1_ZMO0120	+	-109	ZMO1206 (LysR)	TF homology
ZM4	118121	118122	ZMO1206	13.3191	118061	ZMO1_ZMO0128	-	-60	ZMO1206 (LysR)	TF homology
ZM4	125212	125213	ZMO1206	277.886	125250	ZMO1_ZMO0134	+	-38	ZMO1206 (LysR)	TF homology
ZM4	127508	127509	ZMO1206	4498.59	127569	ZMO1_ZMO0137	+	-61	ZMO1206 (LysR)	TF homology
ZM4	150717	150718	ZMO1206	170.141	150782	ZMO1_ZMO0166	+	-65	ZMO1206 (LysR)	TF homology
ZM4	169388	169389	ZMO1206	261.157	169279	ispG	-	-109	ZMO1206 (LysR)	TF homology
ZM4	172908	172909	ZMO1206	60.2856	173027	ZMO1_ZMO0183	-	119	ZMO1206 (LysR)	TF homology
ZM4	177623	177624	ZMO1206	6880.62	177746	fhuE	+	-123	ZMO1206 (LysR)	TF homology
ZM4	182624	182625	ZMO1206	84.2794	182507	ZMO1_ZMO0190	-	-117	ZMO1206 (LysR)	TF homology
ZM4	185194	185195	ZMO1206	207.208	185009	ZMO1_ZMO0192	-	-185	ZMO1206 (LysR)	TF homology
ZM4	203458	203459	ZMO1206	31.6234	203390	obgE	-	-68	ZMO1206 (LysR)	TF homology
ZM4	218129	218130	ZMO1206	76.4293	218193	ZMO1_ZMO0223	+	-64	ZMO1206 (LysR)	TF homology
ZM4	218383	218384	ZMO1206	93.395	218193	ZMO1_ZMO0223	+	190	ZMO1206 (LysR)	TF homology
ZM4	219492	219493	ZMO1206	16.1204	219610	metW	-	118	ZMO1206 (LysR)	TF homology
ZM4	229801	229802	ZMO1206	99.7799	229873	ZMO1_ZMOt003	+	-72	ZMO1206 (LysR)	TF homology
ZM4	232720	232721	ZMO1206	17.7599	232799	ZMO1_ZMO0236	+	-79	ZMO1206 (LysR)	TF homology
ZM4	245015	245016	ZMO1206	893.07	245174	ZMO1_ZMO0252	+	-159	ZMO1206 (LysR)	TF homology
ZM4	258943	258944	ZMO1206	40.0935	259048	ZMO1_ZMO0256	+	-105	ZMO1206 (LysR)	TF homology
ZM4	276974	276975	ZMO1206	3659.03	276929	ZMO1_ZMO2001	-	-45	ZMO1206 (LysR)	TF homology
ZM4	284862	284863	ZMO1206	38.2505	284751	rnd1	-	-111	ZMO1206 (LysR)	TF homology
ZM4	299304	299305	ZMO1206	529.274	299172	ZMO1_ZMO0293	-	-132	ZMO1206 (LysR)	TF homology
ZM4	300300	300301	ZMO1206	58.6983	300450	ZMO1_ZMO0296	+	-150	ZMO1206 (LysR)	TF homology
ZM4	301126	301127	ZMO1206	32.542	301181	ZMO1_ZMO0297	+	-55	ZMO1206 (LysR)	TF homology
ZM4	312195	312196	ZMO1206	76.9404	312267	kpsC	-	72	ZMO1206 (LysR)	TF homology
ZM4	315928	315929	ZMO1206	32.4757	315872	ZMO1_ZMO0313	+	56	ZMO1206 (LysR)	TF homology
ZM4	317963	317964	ZMO1206	33.1478	317811	cls	-	-152	ZMO1206 (LysR)	TF homology
ZM4	318488	318489	ZMO1206	332.833	318603	ZMO1_ZMO0318	+	-115	ZMO1206 (LysR)	TF homology
ZM4	319658	319659	ZMO1206	578.806	319679	ZMO1_ZMO0319	-	21	ZMO1206 (LysR)	TF homology
ZM4	324877	324878	ZMO1206	237.869	325021	lspA	+	-144	ZMO1206 (LysR)	TF homology
ZM4	325121	325122	ZMO1206	25.5829	325021	lspA	+	100	ZMO1206 (LysR)	TF homology
ZM4	329010	329011	ZMO1206	783.361	328989	efp	+	21	ZMO1206 (LysR)	TF homology
ZM4	332338	332339	ZMO1206	523.481	332190	thiE1	-	-148	ZMO1206 (LysR)	TF homology
ZM4	338785	338786	ZMO1206	53.9874	338679	ZMO1_ZMO0343	-	-106	ZMO1206 (LysR)	TF homology
ZM4	352138	352139	ZMO1206	20.5206	352177	ZMO1_ZMO0352	+	-39	ZMO1206 (LysR)	TF homology
ZM4	362290	362291	ZMO1206	39.8645	362108	mrdB	+	182	ZMO1206 (LysR)	TF homology
ZM4	363753	363754	ZMO1206	815.095	363839	ZMO1_ZMO0361	+	-86	ZMO1206 (LysR)	TF homology
ZM4	379297	379298	ZMO1206	460.421	379203	ZMO1_ZMO0373	-	-94	ZMO1206 (LysR)	TF homology
ZM4	385555	385556	ZMO1206	14.4616	385622	alkA	+	-67	ZMO1206 (LysR)	TF homology
ZM4	396480	396481	ZMO1206	45.4288	396295	ZMO1_ZMO0393	+	185	ZMO1206 (LysR)	TF homology
ZM4	397010	397011	ZMO1206	869.145	396979	ZMO1_ZMO0394	+	31	ZMO1206 (LysR)	TF homology
ZM4	397753	397754	ZMO1206	259.503	397833	ZMO1_ZMO0395	+	-80	ZMO1206 (LysR)	TF homology
ZM4	407614	407615	ZMO1206	1182.88	407712	clpA	+	-98	ZMO1206 (LysR)	TF homology
ZM4	418254	418255	ZMO1206	21.1873	418116	ZMO1_ZMO0412	-	-138	ZMO1206 (LysR)	TF homology
ZM4	452496	452497	ZMO1206	215.914	452358	fhs	-	-138	ZMO1206 (LysR)	TF homology
ZM4	475760	475761	ZMO1206	17.0538	475717	ZMO1_ZMO0481	-	-43	ZMO1206 (LysR)	TF homology
ZM4	476808	476809	ZMO1206	261.775	476727	glpX	-	-81	ZMO1206 (LysR)	TF homology
ZM4	485961	485962	ZMO1206	274.58	485939	ptrB	-	-22	ZMO1206 (LysR)	TF homology
ZM4	516713	516714	ZMO1206	1377.92	516679	ZMO1_ZMO0515	+	34	ZMO1206 (LysR)	TF homology
ZM4	535977	535978	ZMO1206	136.947	536102	acnA	+	-125	ZMO1206 (LysR)	TF homology
ZM4	540786	540787	ZMO1206	160.401	540603	trpC	-	-183	ZMO1206 (LysR)	TF homology
ZM4	559183	559184	ZMO1206	1792.87	559252	hisC3	+	-69	ZMO1206 (LysR)	TF homology
ZM4	562763	562764	ZMO1206	104.635	562952	ZMO1_ZMO0561	-	189	ZMO1206 (LysR)	TF homology
ZM4	563031	563032	ZMO1206	776.911	562952	ZMO1_ZMO0561	-	-79	ZMO1206 (LysR)	TF homology
ZM4	564672	564673	ZMO1206	60.5009	564722	ZMO1_ZMO0563	-	50	ZMO1206 (LysR)	TF homology
ZM4	573767	573768	ZMO1206	763.173	573858	ZMO1_ZMO0571	+	-91	ZMO1206 (LysR)	TF homology
ZM4	622941	622942	ZMO1206	33.552	623011	ZMO1_ZMO0627	+	-70	ZMO1206 (LysR)	TF homology
ZM4	638610	638611	ZMO1206	19.9716	638731	fliQ	+	-121	ZMO1206 (LysR)	TF homology
ZM4	650136	650137	ZMO1206	396.566	650148	gpt	-	12	ZMO1206 (LysR)	TF homology
ZM4	663667	663668	ZMO1206	614.317	663633	atpB	+	34	ZMO1206 (LysR)	TF homology
ZM4	673715	673716	ZMO1206	2536.84	673864	ZMO1_ZMO0680	+	-149	ZMO1206 (LysR)	TF homology
ZM4	678291	678292	ZMO1206	156.246	678305	ZMO1_ZMO0682	+	-14	ZMO1206 (LysR)	TF homology
ZM4	682649	682650	ZMO1206	2704.86	682751	ZMO1_ZMO0686	+	-102	ZMO1206 (LysR)	TF homology
ZM4	682890	682891	ZMO1206	7.41823	682751	ZMO1_ZMO0686	+	139	ZMO1206 (LysR)	TF homology
ZM4	685043	685044	ZMO1206	6.73284	684921	budB	-	-122	ZMO1206 (LysR)	TF homology
ZM4	685970	685971	ZMO1206	79.868	685932	ZMO1_ZMO0688	-	-38	ZMO1206 (LysR)	TF homology
ZM4	711999	712000	ZMO1206	102.96	711898	ppx	+	101	ZMO1206 (LysR)	TF homology
ZM4	741759	741760	ZMO1206	35.1344	741785	ZMO1_ZMO0739	-	26	ZMO1206 (LysR)	TF homology
ZM4	746105	746106	ZMO1206	112.382	746055	ZMO1_ZMOt014	-	-50	ZMO1206 (LysR)	TF homology
ZM4	750619	750620	ZMO1206	11.7293	750573	ZMO1_ZMO0751	+	46	ZMO1206 (LysR)	TF homology
ZM4	751030	751031	ZMO1206	54.4859	751134	ZMO1_ZMO0752	+	-104	ZMO1206 (LysR)	TF homology
ZM4	788586	788587	ZMO1206	2093.96	788772	ZMO1_ZMO0789	+	-186	ZMO1206 (LysR)	TF homology
ZM4	791519	791520	ZMO1206	131.096	791564	ZMO1_ZMO2054	+	-45	ZMO1206 (LysR)	TF homology
ZM4	791731	791732	ZMO1206	12.268	791564	ZMO1_ZMO2054	+	167	ZMO1206 (LysR)	TF homology
ZM4	799775	799776	ZMO1206	39.7527	799724	ZMO1_ZMO0796	-	-51	ZMO1206 (LysR)	TF homology
ZM4	807452	807453	ZMO1206	75.8815	807358	ZMO1_ZMO0801	-	-94	ZMO1206 (LysR)	TF homology
ZM4	810392	810393	ZMO1206	35.7495	810486	argC	-	94	ZMO1206 (LysR)	TF homology
ZM4	850164	850165	ZMO1206	65.3946	850198	argS	+	-34	ZMO1206 (LysR)	TF homology
ZM4	853097	853098	ZMO1206	48.4047	853194	alaS	+	-97	ZMO1206 (LysR)	TF homology
ZM4	857843	857844	ZMO1206	318.675	857720	kefB	-	-123	ZMO1206 (LysR)	TF homology
ZM4	862005	862006	ZMO1206	18.0671	862117	ZMO1_ZMO0849	-	112	ZMO1206 (LysR)	TF homology
ZM4	862276	862277	ZMO1206	148.463	862117	ZMO1_ZMO0849	-	-159	ZMO1206 (LysR)	TF homology
ZM4	864682	864683	ZMO1206	179.318	864638	pdxH	-	-44	ZMO1206 (LysR)	TF homology
ZM4	876780	876781	ZMO1206	1269.37	876845	ZMO1_ZMO0866	+	-65	ZMO1206 (LysR)	TF homology
ZM4	888225	888226	ZMO1206	1102.27	888141	ispH	-	-84	ZMO1206 (LysR)	TF homology
ZM4	897689	897690	ZMO1206	84.8776	897621	ZMO1_ZMO0888	-	-68	ZMO1206 (LysR)	TF homology
ZM4	899123	899124	ZMO1206	501.674	899000	mro	-	-123	ZMO1206 (LysR)	TF homology
ZM4	906267	906268	ZMO1206	48.2812	906194	ZMO1_ZMO0894	-	-73	ZMO1206 (LysR)	TF homology
ZM4	906767	906768	ZMO1206	99.1223	906602	ZMO1_ZMO0895	-	-165	ZMO1206 (LysR)	TF homology
ZM4	924911	924912	ZMO1206	40.3937	924715	ZMO1_ZMO0908	-	-196	ZMO1206 (LysR)	TF homology
ZM4	925868	925869	ZMO1206	6.07082	926001	ZMO1_ZMO0909	-	133	ZMO1206 (LysR)	TF homology
ZM4	927153	927154	ZMO1206	57.7311	926957	ZMO1_ZMO0911	+	196	ZMO1206 (LysR)	TF homology
ZM4	942184	942185	ZMO1206	38.9654	942239	ZMO1_ZMO0920	-	55	ZMO1206 (LysR)	TF homology
ZM4	949308	949309	ZMO1206	62.3633	949302	mlaD	+	6	ZMO1206 (LysR)	TF homology
ZM4	949792	949793	ZMO1206	212.293	949808	ZMO1_ZMO2007	+	-16	ZMO1206 (LysR)	TF homology
ZM4	952343	952344	ZMO1206	14.3967	952415	ZMO1_ZMO0929	-	72	ZMO1206 (LysR)	TF homology
ZM4	954232	954233	ZMO1206	72.2315	954115	zliE	-	-117	ZMO1206 (LysR)	TF homology
ZM4	955177	955178	ZMO1206	713.486	955259	ZMO1_ZMO0936	+	-82	ZMO1206 (LysR)	TF homology
ZM4	957586	957587	ZMO1206	121.334	957727	phoD	+	-141	ZMO1206 (LysR)	TF homology
ZM4	965329	965330	ZMO1206	69.0339	965357	ZMO1_ZMO0945	-	28	ZMO1206 (LysR)	TF homology
ZM4	1013320	1013321	ZMO1206	478.923	1013187	ZMO1_ZMO0994	-	-133	ZMO1206 (LysR)	TF homology
ZM4	1029508	1029509	ZMO1206	34.3184	1029622	ZMO1_ZMO1009	+	-114	ZMO1206 (LysR)	TF homology
ZM4	1054768	1054769	ZMO1206	29.3738	1054607	nrdA	-	-161	ZMO1206 (LysR)	TF homology
ZM4	1055207	1055208	ZMO1206	833	1055355	ZMO1_ZMO1040	+	-148	ZMO1206 (LysR)	TF homology
ZM4	1071477	1071478	ZMO1206	148.754	1071594	ZMO1_ZMO1055	+	-117	ZMO1206 (LysR)	TF homology
ZM4	1071731	1071732	ZMO1206	1168.16	1071594	ZMO1_ZMO1055	+	137	ZMO1206 (LysR)	TF homology
ZM4	1079448	1079449	ZMO1206	602.888	1079542	pspC	+	-94	ZMO1206 (LysR)	TF homology
ZM4	1087918	1087919	ZMO1206	34.6653	1088093	trmD	+	-175	ZMO1206 (LysR)	TF homology
ZM4	1089343	1089344	ZMO1206	46.3601	1089356	ZMO1_ZMO1080	+	-13	ZMO1206 (LysR)	TF homology
ZM4	1098759	1098760	ZMO1206	18.9768	1098857	celA	+	-98	ZMO1206 (LysR)	TF homology
ZM4	1127126	1127127	ZMO1206	30.2198	1126990	ZMO1_ZMO1109	-	-136	ZMO1206 (LysR)	TF homology
ZM4	1132910	1132911	ZMO1206	1458.7	1132932	gltD	+	-22	ZMO1206 (LysR)	TF homology
ZM4	1169464	1169465	ZMO1206	90.853	1169355	ZMO1_ZMO1148	-	-109	ZMO1206 (LysR)	TF homology
ZM4	1170792	1170793	ZMO1206	3.52844	1170614	ZMO1_ZMO1149	-	-178	ZMO1206 (LysR)	TF homology
ZM4	1179592	1179593	ZMO1206	216.774	1179588	ZMO1_ZMO1162	+	4	ZMO1206 (LysR)	TF homology
ZM4	1189110	1189111	ZMO1206	67.2766	1189160	ZMO1_ZMO1171	-	50	ZMO1206 (LysR)	TF homology
ZM4	1208082	1208083	ZMO1206	43.8273	1207990	fixC	-	-92	ZMO1206 (LysR)	TF homology
ZM4	1208199	1208200	ZMO1206	36.9504	1208294	ZMO1_ZMO1185	+	-95	ZMO1206 (LysR)	TF homology
ZM4	1209096	1209097	ZMO1206	36.8251	1209063	mltB	+	33	ZMO1206 (LysR)	TF homology
ZM4	1214393	1214394	ZMO1206	214.34	1214434	dfp	+	-41	ZMO1206 (LysR)	TF homology
ZM4	1216164	1216165	ZMO1206	215.787	1216156	thiF	+	8	ZMO1206 (LysR)	TF homology
ZM4	1232193	1232194	ZMO1206	41426.4	1232206	ZMO1_ZMO1206	-	13	ZMO1206 (LysR)	TF homology
ZM4	1236026	1236027	ZMO1206	10.0965	1236154	kup	-	128	ZMO1206 (LysR)	TF homology
ZM4	1256248	1256249	ZMO1206	68.0216	1256093	ZMO1_ZMO1232	+	155	ZMO1206 (LysR)	TF homology
ZM4	1262929	1262930	ZMO1206	2092.77	1262780	adhA	-	-149	ZMO1206 (LysR)	TF homology
ZM4	1275992	1275993	ZMO1206	88.5137	1275799	ccmC	-	-193	ZMO1206 (LysR)	TF homology
ZM4	1278732	1278733	ZMO1206	396.54	1278835	ssuA	+	-103	ZMO1206 (LysR)	TF homology
ZM4	1281416	1281417	ZMO1206	119.229	1281432	rspA	+	-16	ZMO1206 (LysR)	TF homology
ZM4	1297360	1297361	ZMO1206	1000.83	1297555	ZMO1_ZMO1283	+	-195	ZMO1206 (LysR)	TF homology
ZM4	1302438	1302439	ZMO1206	228.545	1302389	sldS	-	-49	ZMO1206 (LysR)	TF homology
ZM4	1304013	1304014	ZMO1206	1868.3	1303926	ZMO1_ZMO1287	-	-87	ZMO1206 (LysR)	TF homology
ZM4	1307760	1307761	ZMO1206	1391.79	1307603	ZMO1_ZMO1291	-	-157	ZMO1206 (LysR)	TF homology
ZM4	1310439	1310440	ZMO1206	393.102	1310622	ZMO1_ZMO2014	-	183	ZMO1206 (LysR)	TF homology
ZM4	1311283	1311284	ZMO1206	35.8339	1311194	ZMO1_ZMO2015	-	-89	ZMO1206 (LysR)	TF homology
ZM4	1312951	1312952	ZMO1206	493.182	1313079	ZMO1_ZMO1298	+	-128	ZMO1206 (LysR)	TF homology
ZM4	1315608	1315609	ZMO1206	140.944	1315744	ZMO1_ZMO2016	+	-136	ZMO1206 (LysR)	TF homology
ZM4	1316160	1316161	ZMO1206	128.165	1316015	ZMO1_ZMO2017	+	145	ZMO1206 (LysR)	TF homology
ZM4	1319884	1319885	ZMO1206	303.858	1319849	ZMO1_ZMO1301	-	-35	ZMO1206 (LysR)	TF homology
ZM4	1327474	1327475	ZMO1206	133.704	1327427	pepA2	-	-47	ZMO1206 (LysR)	TF homology
ZM4	1341681	1341682	ZMO1206	59.384	1341680	chvI	+	1	ZMO1206 (LysR)	TF homology
ZM4	1342322	1342323	ZMO1206	40.1841	1342356	chvG	+	-34	ZMO1206 (LysR)	TF homology
ZM4	1354409	1354410	ZMO1206	148.587	1354361	ZMO1_ZMO1336	-	-48	ZMO1206 (LysR)	TF homology
ZM4	1365018	1365019	ZMO1206	91.8956	1364983	ltaE	-	-35	ZMO1206 (LysR)	TF homology
ZM4	1368614	1368615	ZMO1206	46.01	1368590	ZMO1_ZMO1352	-	-24	ZMO1206 (LysR)	TF homology
ZM4	1368768	1368769	ZMO1206	22.798	1368590	ZMO1_ZMO1352	-	-178	ZMO1206 (LysR)	TF homology
ZM4	1380234	1380235	ZMO1206	34.8996	1380113	ZMO1_ZMO1365	+	121	ZMO1206 (LysR)	TF homology
ZM4	1388217	1388218	ZMO1206	74.7975	1388269	ZMO1_ZMO1373	+	-52	ZMO1206 (LysR)	TF homology
ZM4	1401433	1401434	ZMO1206	77.1848	1401484	ZMO1_ZMO1387	+	-51	ZMO1206 (LysR)	TF homology
ZM4	1420884	1420885	ZMO1206	23.0508	1420848	ZMO1_ZMO1406	-	-36	ZMO1206 (LysR)	TF homology
ZM4	1433165	1433166	ZMO1206	315.604	1433034	purE	+	131	ZMO1206 (LysR)	TF homology
ZM4	1437759	1437760	ZMO1206	196.453	1437642	ZMO1_ZMO1422	-	-117	ZMO1206 (LysR)	TF homology
ZM4	1440684	1440685	ZMO1206	129.067	1440619	ZMO1_ZMO1423	-	-65	ZMO1206 (LysR)	TF homology
ZM4	1444377	1444378	ZMO1206	313.552	1444264	ZMO1_ZMO1426	+	113	ZMO1206 (LysR)	TF homology
ZM4	1449149	1449150	ZMO1206	288.707	1449004	ZMO1_ZMO1431	-	-145	ZMO1206 (LysR)	TF homology
ZM4	1467178	1467179	ZMO1206	73.8152	1467158	ZMO1_ZMO1447	+	20	ZMO1206 (LysR)	TF homology
ZM4	1471021	1471022	ZMO1206	2504.62	1470981	phrB	+	40	ZMO1206 (LysR)	TF homology
ZM4	1475055	1475056	ZMO1206	11.9307	1475140	ZMO1_ZMO1455	+	-85	ZMO1206 (LysR)	TF homology
ZM4	1475919	1475920	ZMO1206	184.713	1476043	ZMO1_ZMO1456	+	-124	ZMO1206 (LysR)	TF homology
ZM4	1483738	1483739	ZMO1206	1625.01	1483557	ZMO1_ZMO1462	-	-181	ZMO1206 (LysR)	TF homology
ZM4	1485868	1485869	ZMO1206	1028.33	1485986	ZMO1_ZMO1463	-	118	ZMO1206 (LysR)	TF homology
ZM4	1486439	1486440	ZMO1206	47.6223	1486337	ZMO1_ZMO1464	-	-102	ZMO1206 (LysR)	TF homology
ZM4	1487943	1487944	ZMO1206	10.4418	1487904	ZMO1_ZMO1465	-	-39	ZMO1206 (LysR)	TF homology
ZM4	1492306	1492307	ZMO1206	2984.51	1492410	ZMO1_ZMO1468	-	104	ZMO1206 (LysR)	TF homology
ZM4	1496114	1496115	ZMO1206	13.9679	1496295	ZMO1_ZMO1473	+	-181	ZMO1206 (LysR)	TF homology
ZM4	1501239	1501240	ZMO1206	1440.8	1501411	ZMO1_ZMO1477	-	172	ZMO1206 (LysR)	TF homology
ZM4	1515247	1515248	ZMO1206	28.3856	1515168	ZMO1_ZMO1487	-	-79	ZMO1206 (LysR)	TF homology
ZM4	1517070	1517071	ZMO1206	36.6416	1516996	kdsB	-	-74	ZMO1206 (LysR)	TF homology
ZM4	1517280	1517281	ZMO1206	21.5637	1517389	ZMO1_ZMO1490	+	-109	ZMO1206 (LysR)	TF homology
ZM4	1522223	1522224	ZMO1206	330.196	1522124	ZMO1_ZMO1495	-	-99	ZMO1206 (LysR)	TF homology
ZM4	1522499	1522500	ZMO1206	144.575	1522632	ppc	+	-133	ZMO1206 (LysR)	TF homology
ZM4	1527720	1527721	ZMO1206	12.1637	1527638	apaH1	-	-82	ZMO1206 (LysR)	TF homology
ZM4	1532790	1532791	ZMO1206	12.0983	1532810	ppa	-	20	ZMO1206 (LysR)	TF homology
ZM4	1533037	1533038	ZMO1206	18.7941	1533016	hisS	+	21	ZMO1206 (LysR)	TF homology
ZM4	1545891	1545892	ZMO1206	733.174	1545766	prs	-	-125	ZMO1206 (LysR)	TF homology
ZM4	1547068	1547069	ZMO1206	24.1832	1546928	ZMO1_ZMO1521	-	-140	ZMO1206 (LysR)	TF homology
ZM4	1569058	1569059	ZMO1206	1347.26	1569199	ZMO1_ZMO1536	-	141	ZMO1206 (LysR)	TF homology
ZM4	1569213	1569214	ZMO1206	691.863	1569199	ZMO1_ZMO1536	-	-14	ZMO1206 (LysR)	TF homology
ZM4	1573861	1573862	ZMO1206	39.7383	1574009	feoA	+	-148	ZMO1206 (LysR)	TF homology
ZM4	1604578	1604579	ZMO1206	831.787	1604418	pfl	-	-160	ZMO1206 (LysR)	TF homology
ZM4	1630108	1630109	ZMO1206	457.259	1630155	ZMO1_ZMO1589	+	-47	ZMO1206 (LysR)	TF homology
ZM4	1630321	1630322	ZMO1206	72.6681	1630155	ZMO1_ZMO1589	+	166	ZMO1206 (LysR)	TF homology
ZM4	1655030	1655031	ZMO1206	3870.87	1655228	ZMO1_ZMO1612	+	-198	ZMO1206 (LysR)	TF homology
ZM4	1677113	1677114	ZMO1206	183.267	1677204	dapE	+	-91	ZMO1206 (LysR)	TF homology
ZM4	1678745	1678746	ZMO1206	116.369	1678716	ZMO1_ZMO1633	-	-29	ZMO1206 (LysR)	TF homology
ZM4	1680815	1680816	ZMO1206	19.1756	1680734	ZMO1_ZMO2023	-	-81	ZMO1206 (LysR)	TF homology
ZM4	1695264	1695265	ZMO1206	97.651	1695450	folK	-	186	ZMO1206 (LysR)	TF homology
ZM4	1695542	1695543	ZMO1206	6.67295	1695623	ung2	+	-81	ZMO1206 (LysR)	TF homology
ZM4	1697709	1697710	ZMO1206	248.933	1697899	ZMO1_ZMO1650	+	-190	ZMO1206 (LysR)	TF homology
ZM4	1704637	1704638	ZMO1206	260.038	1704732	ZMO1_ZMO1655	+	-95	ZMO1206 (LysR)	TF homology
ZM4	1718717	1718718	ZMO1206	7.22017	1718729	ZMO1_ZMO1671	+	-12	ZMO1206 (LysR)	TF homology
ZM4	1726590	1726591	ZMO1206	860.684	1726753	ZMO1_ZMO1681	+	-163	ZMO1206 (LysR)	TF homology
ZM4	1730102	1730103	ZMO1206	59.1153	1730156	ansA	+	-54	ZMO1206 (LysR)	TF homology
ZM4	1734564	1734565	ZMO1206	24.9707	1734730	hisZ	+	-166	ZMO1206 (LysR)	TF homology
ZM4	1739805	1739806	ZMO1206	5432.09	1739946	ZMO1_ZMO1690	+	-141	ZMO1206 (LysR)	TF homology
ZM4	1751721	1751722	ZMO1206	140.119	1751819	ZMO1_ZMO1700	+	-98	ZMO1206 (LysR)	TF homology
ZM4	1770098	1770099	ZMO1206	51.4285	1770111	rpoZ	-	13	ZMO1206 (LysR)	TF homology
ZM4	1775048	1775049	ZMO1206	94.1185	1774906	ZMO1_ZMO1725	-	-142	ZMO1206 (LysR)	TF homology
ZM4	1779144	1779145	ZMO1206	89.8855	1779066	ahpC	-	-78	ZMO1206 (LysR)	TF homology
ZM4	1794474	1794475	ZMO1206	93.5757	1794544	mlaA	+	-70	ZMO1206 (LysR)	TF homology
ZM4	1797701	1797702	ZMO1206	22.2834	1797542	ZMO1_ZMO1752	+	159	ZMO1206 (LysR)	TF homology
ZM4	1798100	1798101	ZMO1206	108.567	1798158	fpr	+	-58	ZMO1206 (LysR)	TF homology
ZM4	1800697	1800698	ZMO1206	27.077	1800500	ssdA	-	-197	ZMO1206 (LysR)	TF homology
ZM4	1801785	1801786	ZMO1206	587.464	1801692	thyB	-	-93	ZMO1206 (LysR)	TF homology
ZM4	1816477	1816478	ZMO1206	146.528	1816325	argH	-	-152	ZMO1206 (LysR)	TF homology
ZM4	1820757	1820758	ZMO1206	635.015	1820724	ZMO1_ZMO1775	-	-33	ZMO1206 (LysR)	TF homology
ZM4	1821103	1821104	ZMO1206	61.9639	1821180	pepN2	+	-77	ZMO1206 (LysR)	TF homology
ZM4	1824060	1824061	ZMO1206	27.4119	1824074	ZMO1_ZMO1777	+	-14	ZMO1206 (LysR)	TF homology
ZM4	1824195	1824196	ZMO1206	39.3429	1824074	ZMO1_ZMO1777	+	121	ZMO1206 (LysR)	TF homology
ZM4	1827275	1827276	ZMO1206	37.0799	1827190	ZMO1_ZMO1780	-	-85	ZMO1206 (LysR)	TF homology
ZM4	1829092	1829093	ZMO1206	126.393	1829100	ZMO1_ZMO1784	+	-8	ZMO1206 (LysR)	TF homology
ZM4	1829258	1829259	ZMO1206	770.321	1829100	ZMO1_ZMO1784	+	158	ZMO1206 (LysR)	TF homology
ZM4	1849895	1849896	ZMO1206	69.4245	1849886	ZMO1_ZMO1807	+	9	ZMO1206 (LysR)	TF homology
ZM4	1860467	1860468	ZMO1206	2361.95	1860457	ZMO1_ZMO1815	-	-10	ZMO1206 (LysR)	TF homology
ZM4	1865002	1865003	ZMO1206	235.516	1865094	fixU	+	-92	ZMO1206 (LysR)	TF homology
ZM4	1868418	1868419	ZMO1206	68.3732	1868308	ZMO1_ZMO1822	-	-110	ZMO1206 (LysR)	TF homology
ZM4	1879396	1879397	ZMO1206	96.4237	1879445	nifV	+	-49	ZMO1206 (LysR)	TF homology
ZM4	1880662	1880663	ZMO1206	20.0919	1880656	nifW	+	6	ZMO1206 (LysR)	TF homology
ZM4	1884857	1884858	ZMO1206	10609.6	1884850	apbE	-	-7	ZMO1206 (LysR)	TF homology
ZM4	1889761	1889762	ZMO1206	35.7836	1889644	ZMO1_ZMO1848	-	-117	ZMO1206 (LysR)	TF homology
ZM4	1890290	1890291	ZMO1206	521.888	1890435	ZMO1_ZMO1849	+	-145	ZMO1206 (LysR)	TF homology
ZM4	1893242	1893243	ZMO1206	1385.47	1893241	fldA	-	-1	ZMO1206 (LysR)	TF homology
ZM4	1908794	1908795	ZMO1206	41.3534	1908732	ZMO1_ZMO1860	-	-62	ZMO1206 (LysR)	TF homology
ZM4	1910329	1910330	ZMO1206	44.213	1910243	ZMO1_ZMO1861	-	-86	ZMO1206 (LysR)	TF homology
ZM4	1921484	1921485	ZMO1206	32.4992	1921633	ZMO1_ZMO1866	-	149	ZMO1206 (LysR)	TF homology
ZM4	1927990	1927991	ZMO1206	35.9534	1927852	ZMO1_ZMO1875	-	-138	ZMO1206 (LysR)	TF homology
ZM4	1934812	1934813	ZMO1206	46.0312	1935003	ZMO1_ZMO1882	+	-191	ZMO1206 (LysR)	TF homology
ZM4	1939270	1939271	ZMO1206	5254.12	1939120	ZMO1_ZMO1885	-	-150	ZMO1206 (LysR)	TF homology
ZM4	1957330	1957331	ZMO1206	114.913	1957144	gpsA	+	186	ZMO1206 (LysR)	TF homology
ZM4	1965635	1965636	ZMO1206	21.5921	1965833	gshB	+	-198	ZMO1206 (LysR)	TF homology
ZM4	1972881	1972882	ZMO1206	181.838	1972836	ZMO1_ZMO1919	-	-45	ZMO1206 (LysR)	TF homology
ZM4	1977413	1977414	ZMO1206	69.4438	1977226	kpsS	-	-187	ZMO1206 (LysR)	TF homology
ZM4	1984609	1984610	ZMO1206	16.2242	1984724	groEL	+	-115	ZMO1206 (LysR)	TF homology
ZM4	2013336	2013337	ZMO1206	4.71745	2013483	mdh	-	147	ZMO1206 (LysR)	TF homology
ZM4	2013559	2013560	ZMO1206	23.5389	2013483	mdh	-	-76	ZMO1206 (LysR)	TF homology
ZM4	2015301	2015302	ZMO1206	31.5553	2015316	recN	-	15	ZMO1206 (LysR)	TF homology
ZM4	2037721	2037722	ZMO1206	17.7995	2037544	ZMO1_ZMO1975	+	177	ZMO1206 (LysR)	TF homology
ZM4	2038575	2038576	ZMO1206	7.76242	2038747	ZMO1_ZMO1976	+	-172	ZMO1206 (LysR)	TF homology
ZM4	2045823	2045824	ZMO1206	2051.84	2045915	ZMO1_ZMO1983	+	-92	ZMO1206 (LysR)	TF homology
ZM4	2046881	2046882	ZMO1206	1.77085	2046934	ZMO1_ZMO1984	+	-53	ZMO1206 (LysR)	TF homology
ZM4	2047054	2047055	ZMO1206	9.81881	2046934	ZMO1_ZMO1984	+	120	ZMO1206 (LysR)	TF homology
ZM4	2048420	2048421	ZMO1206	399.541	2048504	ZMO1_ZMO1986	+	-84	ZMO1206 (LysR)	TF homology
pZM32	8402	8403	ZMO1206	62.2619	8419	ZMO1_ZMOp32x006	-	17	ZMO1206 (LysR)	TF homology
pZM32	8810	8811	ZMO1206	23.0508	8719	ZMO1_ZMOp32x007	+	91	ZMO1206 (LysR)	TF homology
pZM33	2375	2376	ZMO1206	1589.85	2297	ZMO1_ZMOp33x004	-	-78	ZMO1206 (LysR)	TF homology
pZM33	3480	3481	ZMO1206	40.2022	3496	ZMO1_ZMOp33x007	-	16	ZMO1206 (LysR)	TF homology
pZM33	3593	3594	ZMO1206	36.2964	3496	ZMO1_ZMOp33x007	-	-97	ZMO1206 (LysR)	TF homology
pZM33	10446	10447	ZMO1206	131.487	10597	ZMO1_ZMOp33x014	+	-151	ZMO1206 (LysR)	TF homology
pZM33	12176	12177	ZMO1206	96.8066	12297	ZMO1_ZMOp33x016	+	-121	ZMO1206 (LysR)	TF homology
pZM33	15196	15197	ZMO1206	126.577	15161	ZMO1_ZMOp33x019	-	-35	ZMO1206 (LysR)	TF homology
pZM33	30066	30067	ZMO1206	4.50584	30068	ZMO1_ZMOp33x034	-	2	ZMO1206 (LysR)	TF homology
pZM33	30255	30256	ZMO1206	48.3255	30068	ZMO1_ZMOp33x034	-	-187	ZMO1206 (LysR)	TF homology
pZM36	1519	1520	ZMO1206	41.3429	1362	ZMO1_ZMOp36x004	+	157	ZMO1206 (LysR)	TF homology
pZM36	2659	2660	ZMO1206	69.5986	2696	ZMO1_ZMOp36x006	+	-37	ZMO1206 (LysR)	TF homology
pZM36	7450	7451	ZMO1206	138.117	7376	ZMO1_ZMOp36x010	+	74	ZMO1206 (LysR)	TF homology
pZM36	15940	15941	ZMO1206	343.108	15884	ZMO1_ZMOp36x049	-	-56	ZMO1206 (LysR)	TF homology
pZM36	21951	21952	ZMO1206	5.3042	21969	ZMO1_ZMOp36x028	-	18	ZMO1206 (LysR)	TF homology
pZM36	24179	24180	ZMO1206	32.0034	24267	ZMO1_ZMOp36x033	+	-88	ZMO1206 (LysR)	TF homology
pZM36	28769	28770	ZMO1206	1180.91	28793	ZMO1_ZMOp36x039	+	-24	ZMO1206 (LysR)	TF homology
pZM39	1685	1686	ZMO1206	19192.3	1825	ZMO1_ZMOp39x004	+	-140	ZMO1206 (LysR)	TF homology
pZM39	2679	2680	ZMO1206	80.7145	2714	ZMO1_ZMOp39x005	+	-35	ZMO1206 (LysR)	TF homology
pZM39	8891	8892	ZMO1206	657.12	8987	ZMO1_ZMOp39x012	+	-96	ZMO1206 (LysR)	TF homology
pZM39	20241	20242	ZMO1206	153.371	20166	ZMO1_ZMOp39x018	-	-75	ZMO1206 (LysR)	TF homology
pZM39	26012	26013	ZMO1206	121.722	26114	ZMO1_ZMOp39x027	+	-102	ZMO1206 (LysR)	TF homology
ZM4	759261	759262	ZMO1235	1404.43	759375	thrS	+	-114	ZMO1235 (Fur)	TF homology
ZM4	799492	799493	ZMO1235	42599.6	799467	ZMO1_ZMO0795	-	-25	ZMO1235 (Fur)	TF homology
ZM4	799768	799769	ZMO1235	12202.7	799724	ZMO1_ZMO0796	-	-44	ZMO1235 (Fur)	TF homology
ZM4	845631	845632	ZMO1235	772.917	845509	ZMO1_ZMO0840	+	122	ZMO1235 (Fur)	TF homology
ZM4	913875	913876	ZMO1235	1871.35	913840	ZMO1_ZMO0902	-	-35	ZMO1235 (Fur)	TF homology
ZM4	1573836	1573837	ZMO1235	18634.8	1574009	feoA	+	-173	ZMO1235 (Fur)	TF homology
ZM4	397663	397664	ZMO1268	302.838	397833	ZMO1_ZMO0395	+	-170	ZMO1268 (MarR?)	TF homology
ZM4	997152	997153	ZMO1268	16.1204	997005	ZMO1_ZMO0979	+	147	ZMO1268 (MarR?)	TF homology
ZM4	77	78	ZMO1336	168.544	146	ZMO1_ZMO0001	+	-69	ZMO1336 (LysR)	TF homology
ZM4	14512	14513	ZMO1336	105.27	14370	ZMO1_ZMO0011	-	-142	ZMO1336 (LysR)	TF homology
ZM4	18181	18182	ZMO1336	55.0156	18366	grpE	+	-185	ZMO1336 (LysR)	TF homology
ZM4	26139	26140	ZMO1336	1408.31	25981	ZMO1_ZMO0022	-	-158	ZMO1336 (LysR)	TF homology
ZM4	27966	27967	ZMO1336	204.247	28028	ZMO1_ZMO0026	+	-62	ZMO1336 (LysR)	TF homology
ZM4	33996	33997	ZMO1336	56.3151	33933	ZMO1_ZMO0029	-	-63	ZMO1336 (LysR)	TF homology
ZM4	37107	37108	ZMO1336	1578.2	37054	ZMO1_ZMO0031	-	-53	ZMO1336 (LysR)	TF homology
ZM4	43433	43434	ZMO1336	449.175	43593	ZMO1_ZMO0044	+	-160	ZMO1336 (LysR)	TF homology
ZM4	59684	59685	ZMO1336	1427.76	59626	ZMO1_ZMO0066	+	58	ZMO1336 (LysR)	TF homology
ZM4	61452	61453	ZMO1336	3255.19	61629	ZMO1_ZMO0069	+	-177	ZMO1336 (LysR)	TF homology
ZM4	69198	69199	ZMO1336	170.693	69118	cheW	-	-80	ZMO1336 (LysR)	TF homology
ZM4	74974	74975	ZMO1336	294.403	74882	cheX	-	-92	ZMO1336 (LysR)	TF homology
ZM4	80482	80483	ZMO1336	17.0593	80422	ZMO1_ZMO0088	-	-60	ZMO1336 (LysR)	TF homology
ZM4	85190	85191	ZMO1336	138.747	85171	ZMO1_ZMO0095	-	-19	ZMO1336 (LysR)	TF homology
ZM4	95192	95193	ZMO1336	10.4321	95276	ZMO1_ZMO0109	+	-84	ZMO1336 (LysR)	TF homology
ZM4	108791	108792	ZMO1336	38.4641	108978	ZMO1_ZMO0121	+	-187	ZMO1336 (LysR)	TF homology
ZM4	118169	118170	ZMO1336	8.76689	118061	ZMO1_ZMO0128	-	-108	ZMO1336 (LysR)	TF homology
ZM4	119066	119067	ZMO1336	62.0426	119178	phoC	-	112	ZMO1336 (LysR)	TF homology
ZM4	119262	119263	ZMO1336	718.027	119178	phoC	-	-84	ZMO1336 (LysR)	TF homology
ZM4	120845	120846	ZMO1336	52.4718	120788	ZMO1_ZMO0132	+	57	ZMO1336 (LysR)	TF homology
ZM4	125229	125230	ZMO1336	48.3515	125250	ZMO1_ZMO0134	+	-21	ZMO1336 (LysR)	TF homology
ZM4	127464	127465	ZMO1336	466.138	127569	ZMO1_ZMO0137	+	-105	ZMO1336 (LysR)	TF homology
ZM4	130438	130439	ZMO1336	492.359	130360	ptpA	-	-78	ZMO1336 (LysR)	TF homology
ZM4	140832	140833	ZMO1336	2.5324	140798	ZMO1_ZMO2043	+	34	ZMO1336 (LysR)	TF homology
ZM4	150724	150725	ZMO1336	22.2668	150782	ZMO1_ZMO0166	+	-58	ZMO1336 (LysR)	TF homology
ZM4	173550	173551	ZMO1336	8.73806	173736	ZMO1_ZMO0184	+	-186	ZMO1336 (LysR)	TF homology
ZM4	174237	174238	ZMO1336	2010.54	174196	cysS	+	41	ZMO1336 (LysR)	TF homology
ZM4	177580	177581	ZMO1336	48.226	177746	fhuE	+	-166	ZMO1336 (LysR)	TF homology
ZM4	182606	182607	ZMO1336	57.574	182507	ZMO1_ZMO0190	-	-99	ZMO1336 (LysR)	TF homology
ZM4	185170	185171	ZMO1336	163.84	185009	ZMO1_ZMO0192	-	-161	ZMO1336 (LysR)	TF homology
ZM4	189666	189667	ZMO1336	62.2136	189845	ZMO1_ZMO0197	+	-179	ZMO1336 (LysR)	TF homology
ZM4	196293	196294	ZMO1336	3.41828	196170	trpG	-	-123	ZMO1336 (LysR)	TF homology
ZM4	197192	197193	ZMO1336	31.3888	197163	mcpA1	+	29	ZMO1336 (LysR)	TF homology
ZM4	202302	202303	ZMO1336	427.503	202362	proB	-	60	ZMO1336 (LysR)	TF homology
ZM4	244261	244262	ZMO1336	12.2112	244195	ZMO1_ZMO0250	-	-66	ZMO1336 (LysR)	TF homology
ZM4	244992	244993	ZMO1336	2311.67	245174	ZMO1_ZMO0252	+	-182	ZMO1336 (LysR)	TF homology
ZM4	258983	258984	ZMO1336	44.1014	259048	ZMO1_ZMO0256	+	-65	ZMO1336 (LysR)	TF homology
ZM4	286960	286961	ZMO1336	17.045	287064	ZMO1_ZMO0282	+	-104	ZMO1336 (LysR)	TF homology
ZM4	293814	293815	ZMO1336	293.726	293738	ZMO1_ZMO0286	-	-76	ZMO1336 (LysR)	TF homology
ZM4	299279	299280	ZMO1336	1934.07	299172	ZMO1_ZMO0293	-	-107	ZMO1336 (LysR)	TF homology
ZM4	301119	301120	ZMO1336	65.5672	301181	ZMO1_ZMO0297	+	-62	ZMO1336 (LysR)	TF homology
ZM4	318470	318471	ZMO1336	5.20561	318603	ZMO1_ZMO0318	+	-133	ZMO1336 (LysR)	TF homology
ZM4	319755	319756	ZMO1336	99.2713	319679	ZMO1_ZMO0319	-	-76	ZMO1336 (LysR)	TF homology
ZM4	339130	339131	ZMO1336	163.875	338982	ZMO1_ZMO0344	+	148	ZMO1336 (LysR)	TF homology
ZM4	340602	340603	ZMO1336	245.43	340713	ZMO1_ZMO0345	+	-111	ZMO1336 (LysR)	TF homology
ZM4	341524	341525	ZMO1336	109.901	341633	amtB	+	-109	ZMO1336 (LysR)	TF homology
ZM4	343191	343192	ZMO1336	19.7493	343377	hfq	+	-186	ZMO1336 (LysR)	TF homology
ZM4	370881	370882	ZMO1336	33.2485	371081	glf	+	-200	ZMO1336 (LysR)	TF homology
ZM4	378352	378353	ZMO1336	631.441	378392	ZMO1_ZMO0372	+	-40	ZMO1336 (LysR)	TF homology
ZM4	381334	381335	ZMO1336	220.391	381468	sacC	+	-134	ZMO1336 (LysR)	TF homology
ZM4	385583	385584	ZMO1336	407.719	385622	alkA	+	-39	ZMO1336 (LysR)	TF homology
ZM4	391556	391557	ZMO1336	69.2066	391649	ZMO1_ZMO0384	+	-93	ZMO1336 (LysR)	TF homology
ZM4	418246	418247	ZMO1336	8.1028	418116	ZMO1_ZMO0412	-	-130	ZMO1336 (LysR)	TF homology
ZM4	425115	425116	ZMO1336	46.4839	424958	hisC2	-	-157	ZMO1336 (LysR)	TF homology
ZM4	430667	430668	ZMO1336	64.0365	430500	ZMO1_ZMO0428	+	167	ZMO1336 (LysR)	TF homology
ZM4	434104	434105	ZMO1336	98.1648	433911	rocF	-	-193	ZMO1336 (LysR)	TF homology
ZM4	437776	437777	ZMO1336	228.107	437901	ZMO1_ZMO0440	+	-125	ZMO1336 (LysR)	TF homology
ZM4	440864	440865	ZMO1336	493.437	440716	nrdF	-	-148	ZMO1336 (LysR)	TF homology
ZM4	452497	452498	ZMO1336	187.759	452358	fhs	-	-139	ZMO1336 (LysR)	TF homology
ZM4	457100	457101	ZMO1336	55.9918	456991	proS	-	-109	ZMO1336 (LysR)	TF homology
ZM4	460770	460771	ZMO1336	31.3132	460927	ZMO1_ZMO0467	+	-157	ZMO1336 (LysR)	TF homology
ZM4	470618	470619	ZMO1336	3.8765	470632	ZMO1_ZMO0477	-	14	ZMO1336 (LysR)	TF homology
ZM4	471399	471400	ZMO1336	38.0208	471537	ZMO1_ZMO0479	+	-138	ZMO1336 (LysR)	TF homology
ZM4	472724	472725	ZMO1336	2.55754	472882	ZMO1_ZMO0480	+	-158	ZMO1336 (LysR)	TF homology
ZM4	472883	472884	ZMO1336	28.7887	472882	ZMO1_ZMO0480	+	1	ZMO1336 (LysR)	TF homology
ZM4	479085	479086	ZMO1336	30.3239	479260	ZMO1_ZMO0485	+	-175	ZMO1336 (LysR)	TF homology
ZM4	529461	529462	ZMO1336	33.1537	529612	rplO	+	-151	ZMO1336 (LysR)	TF homology
ZM4	535940	535941	ZMO1336	1150.26	536102	acnA	+	-162	ZMO1336 (LysR)	TF homology
ZM4	540747	540748	ZMO1336	19.7558	540603	trpC	-	-144	ZMO1336 (LysR)	TF homology
ZM4	559174	559175	ZMO1336	610.844	559252	hisC3	+	-78	ZMO1336 (LysR)	TF homology
ZM4	562999	563000	ZMO1336	361.198	562952	ZMO1_ZMO0561	-	-47	ZMO1336 (LysR)	TF homology
ZM4	569996	569997	ZMO1336	242.283	569852	ZMO1_ZMO0566	-	-144	ZMO1336 (LysR)	TF homology
ZM4	571066	571067	ZMO1336	8.34186	570957	sucD	-	-109	ZMO1336 (LysR)	TF homology
ZM4	573740	573741	ZMO1336	35.3962	573858	ZMO1_ZMO0571	+	-118	ZMO1336 (LysR)	TF homology
ZM4	577243	577244	ZMO1336	24.1034	577140	grxB2	+	103	ZMO1336 (LysR)	TF homology
ZM4	583562	583563	ZMO1336	203.433	583717	ZMO1_ZMO0578	-	155	ZMO1336 (LysR)	TF homology
ZM4	583829	583830	ZMO1336	340.59	583717	ZMO1_ZMO0578	-	-112	ZMO1336 (LysR)	TF homology
ZM4	600647	600648	ZMO1336	197.389	600580	ZMO1_ZMO0601	+	67	ZMO1336 (LysR)	TF homology
ZM4	619025	619026	ZMO1336	86.4043	619200	flhA	+	-175	ZMO1336 (LysR)	TF homology
ZM4	622940	622941	ZMO1336	169.748	623011	ZMO1_ZMO0627	+	-71	ZMO1336 (LysR)	TF homology
ZM4	625490	625491	ZMO1336	33.7735	625309	fliC	-	-181	ZMO1336 (LysR)	TF homology
ZM4	647842	647843	ZMO1336	77.0542	647767	ZMO1_ZMO0654	-	-75	ZMO1336 (LysR)	TF homology
ZM4	650113	650114	ZMO1336	44.063	650148	gpt	-	35	ZMO1336 (LysR)	TF homology
ZM4	673702	673703	ZMO1336	131.668	673864	ZMO1_ZMO0680	+	-162	ZMO1336 (LysR)	TF homology
ZM4	678298	678299	ZMO1336	36.8395	678305	ZMO1_ZMO0682	+	-7	ZMO1336 (LysR)	TF homology
ZM4	680646	680647	ZMO1336	33.6851	680698	ZMO1_ZMO0684	+	-52	ZMO1336 (LysR)	TF homology
ZM4	682674	682675	ZMO1336	102.715	682751	ZMO1_ZMO0686	+	-77	ZMO1336 (LysR)	TF homology
ZM4	686053	686054	ZMO1336	36.9329	685932	ZMO1_ZMO0688	-	-121	ZMO1336 (LysR)	TF homology
ZM4	693786	693787	ZMO1336	226.562	693720	ZMO1_ZMO0694	-	-66	ZMO1336 (LysR)	TF homology
ZM4	699461	699462	ZMO1336	28.4599	699523	ZMO1_ZMO0699	+	-62	ZMO1336 (LysR)	TF homology
ZM4	707685	707686	ZMO1336	46.0733	707657	ZMO1_ZMO0710	+	28	ZMO1336 (LysR)	TF homology
ZM4	746969	746970	ZMO1336	72.9974	747007	ZMO1_ZMO0747	+	-38	ZMO1336 (LysR)	TF homology
ZM4	771297	771298	ZMO1336	257.257	771215	ZMO1_ZMO0774	-	-82	ZMO1336 (LysR)	TF homology
ZM4	771592	771593	ZMO1336	132.619	771744	pmtA	+	-152	ZMO1336 (LysR)	TF homology
ZM4	784643	784644	ZMO1336	56.4886	784723	ZMO1_ZMO0786	+	-80	ZMO1336 (LysR)	TF homology
ZM4	788616	788617	ZMO1336	193.736	788772	ZMO1_ZMO0789	+	-156	ZMO1336 (LysR)	TF homology
ZM4	791523	791524	ZMO1336	13.0371	791564	ZMO1_ZMO2054	+	-41	ZMO1336 (LysR)	TF homology
ZM4	806280	806281	ZMO1336	153.986	806307	ZMO1_ZMO0800	-	27	ZMO1336 (LysR)	TF homology
ZM4	807442	807443	ZMO1336	78.1794	807358	ZMO1_ZMO0801	-	-84	ZMO1336 (LysR)	TF homology
ZM4	820119	820120	ZMO1336	3.11599	820002	ZMO1_ZMO2056	-	-117	ZMO1336 (LysR)	TF homology
ZM4	827122	827123	ZMO1336	133.279	827223	mraW	+	-101	ZMO1336 (LysR)	TF homology
ZM4	845357	845358	ZMO1336	56.8147	845509	ZMO1_ZMO0840	+	-152	ZMO1336 (LysR)	TF homology
ZM4	857871	857872	ZMO1336	1833.77	857720	kefB	-	-151	ZMO1336 (LysR)	TF homology
ZM4	869635	869636	ZMO1336	843.298	869780	ZMO1_ZMO0859	+	-145	ZMO1336 (LysR)	TF homology
ZM4	876750	876751	ZMO1336	90.6123	876845	ZMO1_ZMO0866	+	-95	ZMO1336 (LysR)	TF homology
ZM4	888331	888332	ZMO1336	3511.22	888141	ispH	-	-190	ZMO1336 (LysR)	TF homology
ZM4	894462	894463	ZMO1336	52.5115	894296	mcpA2	-	-166	ZMO1336 (LysR)	TF homology
ZM4	896952	896953	ZMO1336	18.0371	896838	ZMO1_ZMO0886	-	-114	ZMO1336 (LysR)	TF homology
ZM4	897716	897717	ZMO1336	414.228	897621	ZMO1_ZMO0888	-	-95	ZMO1336 (LysR)	TF homology
ZM4	899173	899174	ZMO1336	268.836	899000	mro	-	-173	ZMO1336 (LysR)	TF homology
ZM4	924652	924653	ZMO1336	2.72995	924715	ZMO1_ZMO0908	-	63	ZMO1336 (LysR)	TF homology
ZM4	926690	926691	ZMO1336	775.413	926677	ZMO1_ZMO0910	-	-13	ZMO1336 (LysR)	TF homology
ZM4	938785	938786	ZMO1336	192.73	938805	ZMO1_ZMO0919	+	-20	ZMO1336 (LysR)	TF homology
ZM4	948501	948502	ZMO1336	8.56064	948588	ZMO1_ZMO0925	+	-87	ZMO1336 (LysR)	TF homology
ZM4	948684	948685	ZMO1336	9.68884	948588	ZMO1_ZMO0925	+	96	ZMO1336 (LysR)	TF homology
ZM4	951205	951206	ZMO1336	19.968	951273	ZMO1_ZMO0928	+	-68	ZMO1336 (LysR)	TF homology
ZM4	952342	952343	ZMO1336	40.2815	952415	ZMO1_ZMO0929	-	73	ZMO1336 (LysR)	TF homology
ZM4	952568	952569	ZMO1336	28.0032	952415	ZMO1_ZMO0929	-	-153	ZMO1336 (LysR)	TF homology
ZM4	954254	954255	ZMO1336	32.0277	954115	zliE	-	-139	ZMO1336 (LysR)	TF homology
ZM4	955126	955127	ZMO1336	60.5301	955259	ZMO1_ZMO0936	+	-133	ZMO1336 (LysR)	TF homology
ZM4	957548	957549	ZMO1336	130.927	957410	ZMO1_ZMO0937	-	-138	ZMO1336 (LysR)	TF homology
ZM4	961351	961352	ZMO1336	163.624	961275	ZMO1_ZMO0940	-	-76	ZMO1336 (LysR)	TF homology
ZM4	964191	964192	ZMO1336	52.5234	964131	scrB	-	-60	ZMO1336 (LysR)	TF homology
ZM4	965728	965729	ZMO1336	5.40249	965698	tig	+	30	ZMO1336 (LysR)	TF homology
ZM4	972346	972347	ZMO1336	60.9731	972262	ZMO1_ZMO0952	-	-84	ZMO1336 (LysR)	TF homology
ZM4	988851	988852	ZMO1336	59.681	988661	add2	+	190	ZMO1336 (LysR)	TF homology
ZM4	989595	989596	ZMO1336	90.7845	989763	ZMO1_ZMO0972	+	-168	ZMO1336 (LysR)	TF homology
ZM4	995799	995800	ZMO1336	8463.79	995630	xyrA	-	-169	ZMO1336 (LysR)	TF homology
ZM4	1012392	1012393	ZMO1336	27.8958	1012294	ZMO1_ZMO0992	-	-98	ZMO1336 (LysR)	TF homology
ZM4	1013404	1013405	ZMO1336	859.484	1013481	mscS1	+	-77	ZMO1336 (LysR)	TF homology
ZM4	1017201	1017202	ZMO1336	4.90691	1017150	ZMO1_ZMO0999	-	-51	ZMO1336 (LysR)	TF homology
ZM4	1020224	1020225	ZMO1336	754.723	1020112	ZMO1_ZMO1001	+	112	ZMO1336 (LysR)	TF homology
ZM4	1027933	1027934	ZMO1336	66.5429	1028038	glcD	+	-105	ZMO1336 (LysR)	TF homology
ZM4	1050850	1050851	ZMO1336	2.10555	1050764	ZMO1_ZMO1034	-	-86	ZMO1336 (LysR)	TF homology
ZM4	1051194	1051195	ZMO1336	819.71	1051024	argG	+	170	ZMO1336 (LysR)	TF homology
ZM4	1061192	1061193	ZMO1336	20.1208	1061136	ZMO1_ZMO1043	-	-56	ZMO1336 (LysR)	TF homology
ZM4	1071434	1071435	ZMO1336	38.6697	1071594	ZMO1_ZMO1055	+	-160	ZMO1336 (LysR)	TF homology
ZM4	1076741	1076742	ZMO1336	14.9049	1076596	sod	-	-145	ZMO1336 (LysR)	TF homology
ZM4	1077917	1077918	ZMO1336	14.8002	1077887	pspF	-	-30	ZMO1336 (LysR)	TF homology
ZM4	1124858	1124859	ZMO1336	13.0741	1124979	ZMO1_ZMO1107	+	-121	ZMO1336 (LysR)	TF homology
ZM4	1127249	1127250	ZMO1336	4.08991	1127354	ZMO1_ZMO1111	+	-105	ZMO1336 (LysR)	TF homology
ZM4	1132788	1132789	ZMO1336	9.99524	1132932	gltD	+	-144	ZMO1336 (LysR)	TF homology
ZM4	1151171	1151172	ZMO1336	117.476	1151206	ZMO1_ZMO1133	+	-35	ZMO1336 (LysR)	TF homology
ZM4	1173197	1173198	ZMO1336	26.0278	1173149	uppS	-	-48	ZMO1336 (LysR)	TF homology
ZM4	1176667	1176668	ZMO1336	11.0492	1176606	ZMO1_ZMO2060	+	61	ZMO1336 (LysR)	TF homology
ZM4	1180952	1180953	ZMO1336	61.0978	1181060	phoU	+	-108	ZMO1336 (LysR)	TF homology
ZM4	1194554	1194555	ZMO1336	18.4171	1194726	ZMO1_ZMO1173	-	172	ZMO1336 (LysR)	TF homology
ZM4	1199109	1199110	ZMO1336	601.398	1199082	ZMO1_ZMO1177	-	-27	ZMO1336 (LysR)	TF homology
ZM4	1202190	1202191	ZMO1336	71.323	1202183	ZMO1_ZMO1180	-	-7	ZMO1336 (LysR)	TF homology
ZM4	1208191	1208192	ZMO1336	283.386	1208294	ZMO1_ZMO1185	+	-103	ZMO1336 (LysR)	TF homology
ZM4	1250333	1250334	ZMO1336	5.67843	1250256	fabD	-	-77	ZMO1336 (LysR)	TF homology
ZM4	1278769	1278770	ZMO1336	2813.73	1278835	ssuA	+	-66	ZMO1336 (LysR)	TF homology
ZM4	1279802	1279803	ZMO1336	72.1458	1279838	ssuC	+	-36	ZMO1336 (LysR)	TF homology
ZM4	1281389	1281390	ZMO1336	160.741	1281432	rspA	+	-43	ZMO1336 (LysR)	TF homology
ZM4	1283511	1283512	ZMO1336	50.6802	1283501	guaA	+	10	ZMO1336 (LysR)	TF homology
ZM4	1286731	1286732	ZMO1336	33.5531	1286753	ZMO1_ZMO1270	+	-22	ZMO1336 (LysR)	TF homology
ZM4	1297396	1297397	ZMO1336	8.66827	1297555	ZMO1_ZMO1283	+	-159	ZMO1336 (LysR)	TF homology
ZM4	1302489	1302490	ZMO1336	371.037	1302389	sldS	-	-100	ZMO1336 (LysR)	TF homology
ZM4	1305868	1305869	ZMO1336	1.50659	1305799	ZMO1_ZMO1289	-	-69	ZMO1336 (LysR)	TF homology
ZM4	1307659	1307660	ZMO1336	77.9613	1307603	ZMO1_ZMO1291	-	-56	ZMO1336 (LysR)	TF homology
ZM4	1311342	1311343	ZMO1336	263.226	1311194	ZMO1_ZMO2015	-	-148	ZMO1336 (LysR)	TF homology
ZM4	1312993	1312994	ZMO1336	212.546	1313079	ZMO1_ZMO1298	+	-86	ZMO1336 (LysR)	TF homology
ZM4	1315938	1315939	ZMO1336	35.6006	1316015	ZMO1_ZMO2017	+	-77	ZMO1336 (LysR)	TF homology
ZM4	1319669	1319670	ZMO1336	9.01926	1319849	ZMO1_ZMO1301	-	180	ZMO1336 (LysR)	TF homology
ZM4	1319946	1319947	ZMO1336	2.26127	1319849	ZMO1_ZMO1301	-	-97	ZMO1336 (LysR)	TF homology
ZM4	1322743	1322744	ZMO1336	17.6968	1322621	ZMO1_ZMO1305	-	-122	ZMO1336 (LysR)	TF homology
ZM4	1341630	1341631	ZMO1336	85.8407	1341680	chvI	+	-50	ZMO1336 (LysR)	TF homology
ZM4	1351637	1351638	ZMO1336	39638.3	1351813	ZMO1_ZMO1334	+	-176	ZMO1336 (LysR)	TF homology
ZM4	1354415	1354416	ZMO1336	33522.1	1354361	ZMO1_ZMO1336	-	-54	ZMO1336 (LysR)	TF homology
ZM4	1379946	1379947	ZMO1336	42.3642	1380113	ZMO1_ZMO1365	+	-167	ZMO1336 (LysR)	TF homology
ZM4	1388130	1388131	ZMO1336	6.8434	1388269	ZMO1_ZMO1373	+	-139	ZMO1336 (LysR)	TF homology
ZM4	1401348	1401349	ZMO1336	50.0755	1401484	ZMO1_ZMO1387	+	-136	ZMO1336 (LysR)	TF homology
ZM4	1413539	1413540	ZMO1336	28.7255	1413507	ZMO1_ZMO1398	-	-32	ZMO1336 (LysR)	TF homology
ZM4	1422214	1422215	ZMO1336	23.2715	1422091	asd	-	-123	ZMO1336 (LysR)	TF homology
ZM4	1429530	1429531	ZMO1336	54.7208	1429455	ZMO1_ZMO1415	-	-75	ZMO1336 (LysR)	TF homology
ZM4	1440661	1440662	ZMO1336	111.091	1440619	ZMO1_ZMO1423	-	-42	ZMO1336 (LysR)	TF homology
ZM4	1443928	1443929	ZMO1336	145.465	1444104	thiE2	-	176	ZMO1336 (LysR)	TF homology
ZM4	1444183	1444184	ZMO1336	54.3516	1444104	thiE2	-	-79	ZMO1336 (LysR)	TF homology
ZM4	1456218	1456219	ZMO1336	132.517	1456112	ZMO1_ZMO1436	-	-106	ZMO1336 (LysR)	TF homology
ZM4	1467291	1467292	ZMO1336	20.6133	1467158	ZMO1_ZMO1447	+	133	ZMO1336 (LysR)	TF homology
ZM4	1470807	1470808	ZMO1336	350.457	1470981	phrB	+	-174	ZMO1336 (LysR)	TF homology
ZM4	1473666	1473667	ZMO1336	26.6538	1473528	ZMO1_ZMO1451	-	-138	ZMO1336 (LysR)	TF homology
ZM4	1486023	1486024	ZMO1336	5381.39	1485986	ZMO1_ZMO1463	-	-37	ZMO1336 (LysR)	TF homology
ZM4	1486398	1486399	ZMO1336	13.6399	1486337	ZMO1_ZMO1464	-	-61	ZMO1336 (LysR)	TF homology
ZM4	1489096	1489097	ZMO1336	18.3477	1489121	ZMO1_ZMO1467	+	-25	ZMO1336 (LysR)	TF homology
ZM4	1492240	1492241	ZMO1336	52.4275	1492410	ZMO1_ZMO1468	-	170	ZMO1336 (LysR)	TF homology
ZM4	1492495	1492496	ZMO1336	60.2008	1492410	ZMO1_ZMO1468	-	-85	ZMO1336 (LysR)	TF homology
ZM4	1496117	1496118	ZMO1336	329.496	1496295	ZMO1_ZMO1473	+	-178	ZMO1336 (LysR)	TF homology
ZM4	1501217	1501218	ZMO1336	411.646	1501411	ZMO1_ZMO1477	-	194	ZMO1336 (LysR)	TF homology
ZM4	1509339	1509340	ZMO1336	475.207	1509453	ZMO1_ZMO1483	-	114	ZMO1336 (LysR)	TF homology
ZM4	1517181	1517182	ZMO1336	426.671	1516996	kdsB	-	-185	ZMO1336 (LysR)	TF homology
ZM4	1519714	1519715	ZMO1336	452.555	1519568	ZMO1_ZMO2071	-	-146	ZMO1336 (LysR)	TF homology
ZM4	1522012	1522013	ZMO1336	61.6472	1522124	ZMO1_ZMO1495	-	112	ZMO1336 (LysR)	TF homology
ZM4	1522293	1522294	ZMO1336	6960.98	1522124	ZMO1_ZMO1495	-	-169	ZMO1336 (LysR)	TF homology
ZM4	1550693	1550694	ZMO1336	59.9606	1550852	ZMO1_ZMO1524	+	-159	ZMO1336 (LysR)	TF homology
ZM4	1563145	1563146	ZMO1336	715.255	1563298	ZMO1_ZMO1530	+	-153	ZMO1336 (LysR)	TF homology
ZM4	1569184	1569185	ZMO1336	335.141	1569199	ZMO1_ZMO1536	-	15	ZMO1336 (LysR)	TF homology
ZM4	1573816	1573817	ZMO1336	14.1134	1573656	dnaE	-	-160	ZMO1336 (LysR)	TF homology
ZM4	1590621	1590622	ZMO1336	12.9317	1590753	purF	+	-132	ZMO1336 (LysR)	TF homology
ZM4	1593645	1593646	ZMO1336	380.349	1593724	ZMO1_ZMO1561	+	-79	ZMO1336 (LysR)	TF homology
ZM4	1611036	1611037	ZMO1336	4901.77	1611111	araJ2	+	-75	ZMO1336 (LysR)	TF homology
ZM4	1630109	1630110	ZMO1336	49.91	1630155	ZMO1_ZMO1589	+	-46	ZMO1336 (LysR)	TF homology
ZM4	1635900	1635901	ZMO1336	475.635	1635854	ZMO1_ZMO1593	-	-46	ZMO1336 (LysR)	TF homology
ZM4	1636134	1636135	ZMO1336	3225.03	1636123	ZMO1_ZMO2074	-	-11	ZMO1336 (LysR)	TF homology
ZM4	1637156	1637157	ZMO1336	14.4723	1637038	adhB	+	118	ZMO1336 (LysR)	TF homology
ZM4	1677084	1677085	ZMO1336	214.965	1677204	dapE	+	-120	ZMO1336 (LysR)	TF homology
ZM4	1684393	1684394	ZMO1336	16.908	1684424	trpS	+	-31	ZMO1336 (LysR)	TF homology
ZM4	1695530	1695531	ZMO1336	308.892	1695450	folK	-	-80	ZMO1336 (LysR)	TF homology
ZM4	1715537	1715538	ZMO1336	6.94296	1715622	ctpA	+	-85	ZMO1336 (LysR)	TF homology
ZM4	1726634	1726635	ZMO1336	71.325	1726753	ZMO1_ZMO1681	+	-119	ZMO1336 (LysR)	TF homology
ZM4	1751785	1751786	ZMO1336	1014.08	1751819	ZMO1_ZMO1700	+	-34	ZMO1336 (LysR)	TF homology
ZM4	1765890	1765891	ZMO1336	137.99	1765793	exbB	-	-97	ZMO1336 (LysR)	TF homology
ZM4	1767016	1767017	ZMO1336	96.1251	1767058	ZMO1_ZMO1718	+	-42	ZMO1336 (LysR)	TF homology
ZM4	1777118	1777119	ZMO1336	5167.81	1776944	ZMO1_ZMO1728	-	-174	ZMO1336 (LysR)	TF homology
ZM4	1780472	1780473	ZMO1336	691.515	1780552	ZMO1_ZMO1734	+	-80	ZMO1336 (LysR)	TF homology
ZM4	1794346	1794347	ZMO1336	189.913	1794289	ZMO1_ZMO1748	-	-57	ZMO1336 (LysR)	TF homology
ZM4	1798061	1798062	ZMO1336	76.5382	1798158	fpr	+	-97	ZMO1336 (LysR)	TF homology
ZM4	1801851	1801852	ZMO1336	5245.93	1801692	thyB	-	-159	ZMO1336 (LysR)	TF homology
ZM4	1802151	1802152	ZMO1336	100.479	1802064	gntP	+	87	ZMO1336 (LysR)	TF homology
ZM4	1808342	1808343	ZMO1336	41.3376	1808517	ZMO1_ZMO1762	+	-175	ZMO1336 (LysR)	TF homology
ZM4	1820641	1820642	ZMO1336	3.5775	1820724	ZMO1_ZMO1775	-	83	ZMO1336 (LysR)	TF homology
ZM4	1821019	1821020	ZMO1336	143.813	1821180	pepN2	+	-161	ZMO1336 (LysR)	TF homology
ZM4	1831222	1831223	ZMO1336	11.8772	1831127	mscS4	-	-95	ZMO1336 (LysR)	TF homology
ZM4	1832654	1832655	ZMO1336	138.768	1832586	ZMO1_ZMO1787	-	-68	ZMO1336 (LysR)	TF homology
ZM4	1834841	1834842	ZMO1336	55.9918	1834782	ZMO1_ZMO1788	-	-59	ZMO1336 (LysR)	TF homology
ZM4	1845804	1845805	ZMO1336	3.75915	1845675	ZMO1_ZMO1800	-	-129	ZMO1336 (LysR)	TF homology
ZM4	1849777	1849778	ZMO1336	3231.49	1849698	ZMO1_ZMO1806	-	-79	ZMO1336 (LysR)	TF homology
ZM4	1861038	1861039	ZMO1336	3.57902	1861167	nifA	+	-129	ZMO1336 (LysR)	TF homology
ZM4	1862932	1862933	ZMO1336	367.519	1863082	nifB	+	-150	ZMO1336 (LysR)	TF homology
ZM4	1864606	1864607	ZMO1336	100.222	1864591	fdxN	+	15	ZMO1336 (LysR)	TF homology
ZM4	1868395	1868396	ZMO1336	838.323	1868308	ZMO1_ZMO1822	-	-87	ZMO1336 (LysR)	TF homology
ZM4	1885049	1885050	ZMO1336	125.801	1884850	apbE	-	-199	ZMO1336 (LysR)	TF homology
ZM4	1889731	1889732	ZMO1336	300.425	1889644	ZMO1_ZMO1848	-	-87	ZMO1336 (LysR)	TF homology
ZM4	1890241	1890242	ZMO1336	12.6296	1890435	ZMO1_ZMO1849	+	-194	ZMO1336 (LysR)	TF homology
ZM4	1908844	1908845	ZMO1336	40.9453	1908732	ZMO1_ZMO1860	-	-112	ZMO1336 (LysR)	TF homology
ZM4	1922569	1922570	ZMO1336	39.8183	1922508	ZMO1_ZMO1867	-	-61	ZMO1336 (LysR)	TF homology
ZM4	1928173	1928174	ZMO1336	801.603	1928221	ZMO1_ZMO1876	+	-48	ZMO1336 (LysR)	TF homology
ZM4	1937246	1937247	ZMO1336	23.8726	1937173	serA2	-	-73	ZMO1336 (LysR)	TF homology
ZM4	1939294	1939295	ZMO1336	111.677	1939120	ZMO1_ZMO1885	-	-174	ZMO1336 (LysR)	TF homology
ZM4	1965652	1965653	ZMO1336	172.34	1965833	gshB	+	-181	ZMO1336 (LysR)	TF homology
ZM4	2013561	2013562	ZMO1336	2100.81	2013483	mdh	-	-78	ZMO1336 (LysR)	TF homology
ZM4	2021808	2021809	ZMO1336	71.9433	2021891	ZMO1_ZMO1961	+	-83	ZMO1336 (LysR)	TF homology
ZM4	2027515	2027516	ZMO1336	11.9795	2027519	ZMO1_ZMO1965	+	-4	ZMO1336 (LysR)	TF homology
ZM4	2038642	2038643	ZMO1336	66.7992	2038747	ZMO1_ZMO1976	+	-105	ZMO1336 (LysR)	TF homology
ZM4	2046921	2046922	ZMO1336	2.5554	2046934	ZMO1_ZMO1984	+	-13	ZMO1336 (LysR)	TF homology
ZM4	2048447	2048448	ZMO1336	774.431	2048504	ZMO1_ZMO1986	+	-57	ZMO1336 (LysR)	TF homology
ZM4	2056334	2056335	ZMO1336	80.1185	2056264	rho	-	-70	ZMO1336 (LysR)	TF homology
pZM32	8561	8562	ZMO1336	37.34	8419	ZMO1_ZMOp32x006	-	-142	ZMO1336 (LysR)	TF homology
pZM32	14257	14258	ZMO1336	2854.74	14200	ZMO1_ZMOp32x011	-	-57	ZMO1336 (LysR)	TF homology
pZM33	2366	2367	ZMO1336	118.37	2297	ZMO1_ZMOp33x004	-	-69	ZMO1336 (LysR)	TF homology
pZM33	4732	4733	ZMO1336	28.5047	4762	ZMO1_ZMOp33x009	+	-30	ZMO1336 (LysR)	TF homology
pZM33	12167	12168	ZMO1336	546.536	12297	ZMO1_ZMOp33x016	+	-130	ZMO1336 (LysR)	TF homology
pZM33	30084	30085	ZMO1336	9.57889	30068	ZMO1_ZMOp33x034	-	-16	ZMO1336 (LysR)	TF homology
pZM36	14881	14882	ZMO1336	40.2815	15080	ZMO1_ZMOp36x018	-	199	ZMO1336 (LysR)	TF homology
pZM36	24187	24188	ZMO1336	92.2587	24267	ZMO1_ZMOp36x033	+	-80	ZMO1336 (LysR)	TF homology
pZM36	24841	24842	ZMO1336	4185.23	24804	ZMO1_ZMOp36x035	+	37	ZMO1336 (LysR)	TF homology
pZM36	27962	27963	ZMO1336	75.2415	27918	ZMO1_ZMOp36x038	+	44	ZMO1336 (LysR)	TF homology
pZM36	32952	32953	ZMO1336	106.61	32948	ZMO1_ZMOp36x043	+	4	ZMO1336 (LysR)	TF homology
pZM39	1721	1722	ZMO1336	51.5012	1825	ZMO1_ZMOp39x004	+	-104	ZMO1336 (LysR)	TF homology
pZM39	3480	3481	ZMO1336	70.9468	3670	ZMO1_ZMOp39x007	+	-190	ZMO1336 (LysR)	TF homology
pZM39	3810	3811	ZMO1336	146.311	3670	ZMO1_ZMOp39x007	+	140	ZMO1336 (LysR)	TF homology
pZM39	7898	7899	ZMO1336	303.449	7987	ZMO1_ZMOp39x011	+	-89	ZMO1336 (LysR)	TF homology
pZM39	8858	8859	ZMO1336	36.3843	8987	ZMO1_ZMOp39x012	+	-129	ZMO1336 (LysR)	TF homology
pZM39	14715	14716	ZMO1336	18.2217	14741	ZMO1_ZMOp39x015	+	-26	ZMO1336 (LysR)	TF homology
pZM39	26025	26026	ZMO1336	36.9329	26114	ZMO1_ZMOp39x027	+	-89	ZMO1336 (LysR)	TF homology
ZM4	80501	80502	ZMO1356	155.541	80422	ZMO1_ZMO0088	-	-79	ZMO1356 (DnaA)	NAP homology
ZM4	113710	113711	ZMO1356	37.495	113615	ZMO1_ZMOt001	-	-95	ZMO1356 (DnaA)	NAP homology
ZM4	125227	125228	ZMO1356	16.7283	125250	ZMO1_ZMO0134	+	-23	ZMO1356 (DnaA)	NAP homology
ZM4	138818	138819	ZMO1356	34.7345	138784	ZMO1_ZMO0150	-	-34	ZMO1356 (DnaA)	NAP homology
ZM4	299278	299279	ZMO1356	295.974	299172	ZMO1_ZMO0293	-	-106	ZMO1356 (DnaA)	NAP homology
ZM4	340682	340683	ZMO1356	30.5179	340713	ZMO1_ZMO0345	+	-31	ZMO1356 (DnaA)	NAP homology
ZM4	472737	472738	ZMO1356	678.765	472882	ZMO1_ZMO0480	+	-145	ZMO1356 (DnaA)	NAP homology
ZM4	498356	498357	ZMO1356	2.92695	498331	ZMO1_ZMO0497	-	-25	ZMO1356 (DnaA)	NAP homology
ZM4	506864	506865	ZMO1356	18.7774	506689	ZMO1_ZMO0503	+	175	ZMO1356 (DnaA)	NAP homology
ZM4	678180	678181	ZMO1356	265.862	678305	ZMO1_ZMO0682	+	-125	ZMO1356 (DnaA)	NAP homology
ZM4	693641	693642	ZMO1356	29.1055	693720	ZMO1_ZMO0694	-	79	ZMO1356 (DnaA)	NAP homology
ZM4	746956	746957	ZMO1356	75.6821	747007	ZMO1_ZMO0747	+	-51	ZMO1356 (DnaA)	NAP homology
ZM4	989663	989664	ZMO1356	634.756	989763	ZMO1_ZMO0972	+	-100	ZMO1356 (DnaA)	NAP homology
ZM4	1075261	1075262	ZMO1356	46367	1075088	ZMO1_ZMO1057	-	-173	ZMO1356 (DnaA)	NAP homology
ZM4	1111747	1111748	ZMO1356	33.3245	1111816	ZMO1_ZMO1097	-	69	ZMO1356 (DnaA)	NAP homology
ZM4	1177178	1177179	ZMO1356	1172.78	1176994	asr	+	184	ZMO1356 (DnaA)	NAP homology
ZM4	1501325	1501326	ZMO1356	1826.86	1501411	ZMO1_ZMO1477	-	86	ZMO1356 (DnaA)	NAP homology
ZM4	1514139	1514140	ZMO1356	8.07224	1514171	ZMO1_ZMOt035	-	32	ZMO1356 (DnaA)	NAP homology
ZM4	1574369	1574370	ZMO1356	57.6174	1574317	feoB	+	52	ZMO1356 (DnaA)	NAP homology
ZM4	1620842	1620843	ZMO1356	429.262	1621028	ZMO1_ZMO1581	+	-186	ZMO1356 (DnaA)	NAP homology
ZM4	1718686	1718687	ZMO1356	99.5855	1718729	ZMO1_ZMO1671	+	-43	ZMO1356 (DnaA)	NAP homology
ZM4	1969145	1969146	ZMO1356	625.253	1969149	bioD	-	4	ZMO1356 (DnaA)	NAP homology
ZM4	318410	318411	ZMO1383	37.1911	318262	ZMO1_ZMO0315	-	-148	ZMO1383 (0.99)	Predicted DBD
ZM4	997153	997154	ZMO1383	30.9664	997005	ZMO1_ZMO0979	+	148	ZMO1383 (0.99)	Predicted DBD
ZM4	210	211	ZMO1412	2779.9	146	ZMO1_ZMO0001	+	64	ZMO1412 (MucR)	TF homology
ZM4	14249	14250	ZMO1412	20.9663	14370	ZMO1_ZMO0011	-	121	ZMO1412 (MucR)	TF homology
ZM4	14522	14523	ZMO1412	1798.14	14370	ZMO1_ZMO0011	-	-152	ZMO1412 (MucR)	TF homology
ZM4	26162	26163	ZMO1412	2183.41	25981	ZMO1_ZMO0022	-	-181	ZMO1412 (MucR)	TF homology
ZM4	28016	28017	ZMO1412	224.172	28028	ZMO1_ZMO0026	+	-12	ZMO1412 (MucR)	TF homology
ZM4	33975	33976	ZMO1412	1572.25	33933	ZMO1_ZMO0029	-	-42	ZMO1412 (MucR)	TF homology
ZM4	37126	37127	ZMO1412	7580.69	37054	ZMO1_ZMO0031	-	-72	ZMO1412 (MucR)	TF homology
ZM4	43329	43330	ZMO1412	4847.69	43129	ZMO1_ZMO0043	-	-200	ZMO1412 (MucR)	TF homology
ZM4	43491	43492	ZMO1412	5568.2	43593	ZMO1_ZMO0044	+	-102	ZMO1412 (MucR)	TF homology
ZM4	50951	50952	ZMO1412	134.04	50778	ZMO1_ZMO0055	-	-173	ZMO1412 (MucR)	TF homology
ZM4	59507	59508	ZMO1412	5541.31	59456	oprB1	-	-51	ZMO1412 (MucR)	TF homology
ZM4	61492	61493	ZMO1412	270.838	61629	ZMO1_ZMO0069	+	-137	ZMO1412 (MucR)	TF homology
ZM4	74948	74949	ZMO1412	203.128	74882	cheX	-	-66	ZMO1412 (MucR)	TF homology
ZM4	76569	76570	ZMO1412	2661.6	76369	mcp	-	-200	ZMO1412 (MucR)	TF homology
ZM4	79675	79676	ZMO1412	232.545	79592	ZMO1_ZMO0087	-	-83	ZMO1412 (MucR)	TF homology
ZM4	80560	80561	ZMO1412	4678.37	80422	ZMO1_ZMO0088	-	-138	ZMO1412 (MucR)	TF homology
ZM4	81443	81444	ZMO1412	3538.47	81323	ZMO1_ZMO0089	-	-120	ZMO1412 (MucR)	TF homology
ZM4	84984	84985	ZMO1412	230.512	85171	ZMO1_ZMO0095	-	187	ZMO1412 (MucR)	TF homology
ZM4	85228	85229	ZMO1412	618.414	85171	ZMO1_ZMO0095	-	-57	ZMO1412 (MucR)	TF homology
ZM4	95159	95160	ZMO1412	6290.3	95276	ZMO1_ZMO0109	+	-117	ZMO1412 (MucR)	TF homology
ZM4	99728	99729	ZMO1412	121.292	99644	ZMO1_ZMO0111	-	-84	ZMO1412 (MucR)	TF homology
ZM4	100800	100801	ZMO1412	42.6295	100923	pabB	+	-123	ZMO1412 (MucR)	TF homology
ZM4	103888	103889	ZMO1412	57.3942	104016	ZMO1_ZMO0116	+	-128	ZMO1412 (MucR)	TF homology
ZM4	119276	119277	ZMO1412	2544.81	119178	phoC	-	-98	ZMO1412 (MucR)	TF homology
ZM4	121670	121671	ZMO1412	202.629	121837	ZMO1_ZMO0133	+	-167	ZMO1412 (MucR)	TF homology
ZM4	125230	125231	ZMO1412	54.1652	125250	ZMO1_ZMO0134	+	-20	ZMO1412 (MucR)	TF homology
ZM4	127507	127508	ZMO1412	4385.95	127569	ZMO1_ZMO0137	+	-62	ZMO1412 (MucR)	TF homology
ZM4	137356	137357	ZMO1412	595.941	137198	ZMO1_ZMO0148	-	-158	ZMO1412 (MucR)	TF homology
ZM4	140733	140734	ZMO1412	13.8893	140798	ZMO1_ZMO2043	+	-65	ZMO1412 (MucR)	TF homology
ZM4	143881	143882	ZMO1412	167.645	143884	ZMO1_ZMO0156	-	3	ZMO1412 (MucR)	TF homology
ZM4	146267	146268	ZMO1412	424.642	146391	ZMO1_ZMO0160	+	-124	ZMO1412 (MucR)	TF homology
ZM4	150707	150708	ZMO1412	3119.94	150782	ZMO1_ZMO0166	+	-75	ZMO1412 (MucR)	TF homology
ZM4	169432	169433	ZMO1412	154.266	169279	ispG	-	-153	ZMO1412 (MucR)	TF homology
ZM4	182585	182586	ZMO1412	6107.98	182507	ZMO1_ZMO0190	-	-78	ZMO1412 (MucR)	TF homology
ZM4	196153	196154	ZMO1412	12.7779	196170	trpG	-	17	ZMO1412 (MucR)	TF homology
ZM4	217669	217670	ZMO1412	4370.1	217814	ZMO1_ZMO0222	+	-145	ZMO1412 (MucR)	TF homology
ZM4	218137	218138	ZMO1412	182.298	218193	ZMO1_ZMO0223	+	-56	ZMO1412 (MucR)	TF homology
ZM4	245018	245019	ZMO1412	5228.14	245174	ZMO1_ZMO0252	+	-156	ZMO1412 (MucR)	TF homology
ZM4	258956	258957	ZMO1412	84.4615	259048	ZMO1_ZMO0256	+	-92	ZMO1412 (MucR)	TF homology
ZM4	269020	269021	ZMO1412	64.2658	269020	ZMO1_ZMO0265	-	0	ZMO1412 (MucR)	TF homology
ZM4	276409	276410	ZMO1412	270.251	276475	ZMO1_ZMO0270	-	66	ZMO1412 (MucR)	TF homology
ZM4	276734	276735	ZMO1412	27.0181	276929	ZMO1_ZMO2001	-	195	ZMO1412 (MucR)	TF homology
ZM4	277010	277011	ZMO1412	1020.9	276929	ZMO1_ZMO2001	-	-81	ZMO1412 (MucR)	TF homology
ZM4	282739	282740	ZMO1412	205.881	282634	ZMO1_ZMO0275	-	-105	ZMO1412 (MucR)	TF homology
ZM4	293851	293852	ZMO1412	820.538	293738	ZMO1_ZMO0286	-	-113	ZMO1412 (MucR)	TF homology
ZM4	297598	297599	ZMO1412	7.80868	297469	lgt	-	-129	ZMO1412 (MucR)	TF homology
ZM4	298999	299000	ZMO1412	190.999	299172	ZMO1_ZMO0293	-	173	ZMO1412 (MucR)	TF homology
ZM4	299285	299286	ZMO1412	10850.7	299172	ZMO1_ZMO0293	-	-113	ZMO1412 (MucR)	TF homology
ZM4	301071	301072	ZMO1412	508.927	301181	ZMO1_ZMO0297	+	-110	ZMO1412 (MucR)	TF homology
ZM4	306405	306406	ZMO1412	316.524	306493	ZMO1_ZMO0301	+	-88	ZMO1412 (MucR)	TF homology
ZM4	312379	312380	ZMO1412	1226.43	312267	kpsC	-	-112	ZMO1412 (MucR)	TF homology
ZM4	318412	318413	ZMO1412	388.223	318262	ZMO1_ZMO0315	-	-150	ZMO1412 (MucR)	TF homology
ZM4	319744	319745	ZMO1412	1706.56	319679	ZMO1_ZMO0319	-	-65	ZMO1412 (MucR)	TF homology
ZM4	332433	332434	ZMO1412	205.051	332579	ZMO1_ZMO0335	+	-146	ZMO1412 (MucR)	TF homology
ZM4	334171	334172	ZMO1412	180.489	334276	exoC	+	-105	ZMO1412 (MucR)	TF homology
ZM4	338774	338775	ZMO1412	951.449	338679	ZMO1_ZMO0343	-	-95	ZMO1412 (MucR)	TF homology
ZM4	340533	340534	ZMO1412	576.7	340713	ZMO1_ZMO0345	+	-180	ZMO1412 (MucR)	TF homology
ZM4	343190	343191	ZMO1412	1849.4	343377	hfq	+	-187	ZMO1412 (MucR)	TF homology
ZM4	363795	363796	ZMO1412	2310.09	363839	ZMO1_ZMO0361	+	-44	ZMO1412 (MucR)	TF homology
ZM4	378328	378329	ZMO1412	651.418	378392	ZMO1_ZMO0372	+	-64	ZMO1412 (MucR)	TF homology
ZM4	379313	379314	ZMO1412	2223.42	379203	ZMO1_ZMO0373	-	-110	ZMO1412 (MucR)	TF homology
ZM4	379855	379856	ZMO1412	1483.33	380041	sacB	+	-186	ZMO1412 (MucR)	TF homology
ZM4	379980	379981	ZMO1412	857.286	380041	sacB	+	-61	ZMO1412 (MucR)	TF homology
ZM4	381362	381363	ZMO1412	291.747	381468	sacC	+	-106	ZMO1412 (MucR)	TF homology
ZM4	385561	385562	ZMO1412	446.283	385622	alkA	+	-61	ZMO1412 (MucR)	TF homology
ZM4	386265	386266	ZMO1412	76.5541	386326	ZMO1_ZMO0378	+	-61	ZMO1412 (MucR)	TF homology
ZM4	397726	397727	ZMO1412	8365.03	397833	ZMO1_ZMO0395	+	-107	ZMO1412 (MucR)	TF homology
ZM4	404914	404915	ZMO1412	155.677	404776	ZMO1_ZMO0401	-	-138	ZMO1412 (MucR)	TF homology
ZM4	419849	419850	ZMO1412	78.9837	419901	ftsE	+	-52	ZMO1412 (MucR)	TF homology
ZM4	425476	425477	ZMO1412	52.3769	425525	ZMO1_ZMO0422	+	-49	ZMO1412 (MucR)	TF homology
ZM4	431345	431346	ZMO1412	87.4836	431439	ZMO1_ZMO0430	+	-94	ZMO1412 (MucR)	TF homology
ZM4	434101	434102	ZMO1412	360.691	433911	rocF	-	-190	ZMO1412 (MucR)	TF homology
ZM4	449202	449203	ZMO1412	55.3217	449257	engA	+	-55	ZMO1412 (MucR)	TF homology
ZM4	452460	452461	ZMO1412	545.896	452358	fhs	-	-102	ZMO1412 (MucR)	TF homology
ZM4	466879	466880	ZMO1412	45.5767	466804	ZMO1_ZMO0472	-	-75	ZMO1412 (MucR)	TF homology
ZM4	470708	470709	ZMO1412	130.172	470632	ZMO1_ZMO0477	-	-76	ZMO1412 (MucR)	TF homology
ZM4	476837	476838	ZMO1412	961.222	476727	glpX	-	-110	ZMO1412 (MucR)	TF homology
ZM4	485999	486000	ZMO1412	63.4041	485939	ptrB	-	-60	ZMO1412 (MucR)	TF homology
ZM4	489959	489960	ZMO1412	45.9133	490037	ZMO1_ZMO0494	+	-78	ZMO1412 (MucR)	TF homology
ZM4	504166	504167	ZMO1412	64.8912	504179	ZMO1_ZMO0500	-	13	ZMO1412 (MucR)	TF homology
ZM4	507963	507964	ZMO1412	128.792	507965	rluC_1	+	-2	ZMO1412 (MucR)	TF homology
ZM4	509281	509282	ZMO1412	574.032	509293	prfB_1	-	12	ZMO1412 (MucR)	TF homology
ZM4	511302	511303	ZMO1412	19.3042	511431	pdhC	+	-129	ZMO1412 (MucR)	TF homology
ZM4	535981	535982	ZMO1412	710.956	536102	acnA	+	-121	ZMO1412 (MucR)	TF homology
ZM4	559195	559196	ZMO1412	4208.76	559252	hisC3	+	-57	ZMO1412 (MucR)	TF homology
ZM4	563044	563045	ZMO1412	8715.67	563120	hisC4	+	-76	ZMO1412 (MucR)	TF homology
ZM4	569985	569986	ZMO1412	81.8186	569852	ZMO1_ZMO0566	-	-133	ZMO1412 (MucR)	TF homology
ZM4	573250	573251	ZMO1412	31.1033	573100	ZMO1_ZMOt010	+	150	ZMO1412 (MucR)	TF homology
ZM4	573799	573800	ZMO1412	3139.26	573858	ZMO1_ZMO0571	+	-59	ZMO1412 (MucR)	TF homology
ZM4	583797	583798	ZMO1412	230.14	583717	ZMO1_ZMO0578	-	-80	ZMO1412 (MucR)	TF homology
ZM4	583931	583932	ZMO1412	170.669	584103	ZMO1_ZMO0581	+	-172	ZMO1412 (MucR)	TF homology
ZM4	600524	600525	ZMO1412	386.795	600580	ZMO1_ZMO0601	+	-56	ZMO1412 (MucR)	TF homology
ZM4	600750	600751	ZMO1412	68.3056	600580	ZMO1_ZMO0601	+	170	ZMO1412 (MucR)	TF homology
ZM4	606082	606083	ZMO1412	594.676	605964	motA1	-	-118	ZMO1412 (MucR)	TF homology
ZM4	608527	608528	ZMO1412	390.24	608415	flgK	-	-112	ZMO1412 (MucR)	TF homology
ZM4	617402	617403	ZMO1412	473.207	617384	flgA	+	18	ZMO1412 (MucR)	TF homology
ZM4	619034	619035	ZMO1412	321.124	619200	flhA	+	-166	ZMO1412 (MucR)	TF homology
ZM4	622922	622923	ZMO1412	1811.82	623011	ZMO1_ZMO0627	+	-89	ZMO1412 (MucR)	TF homology
ZM4	644375	644376	ZMO1412	218.291	644326	ZMO1_ZMO0653	-	-49	ZMO1412 (MucR)	TF homology
ZM4	647803	647804	ZMO1412	372.366	647767	ZMO1_ZMO0654	-	-36	ZMO1412 (MucR)	TF homology
ZM4	652721	652722	ZMO1412	127.823	652783	ZMO1_ZMO0659	+	-62	ZMO1412 (MucR)	TF homology
ZM4	659167	659168	ZMO1412	95.2998	659233	ZMO1_ZMO0664	+	-66	ZMO1412 (MucR)	TF homology
ZM4	666069	666070	ZMO1412	383.004	666137	uvrC	+	-68	ZMO1412 (MucR)	TF homology
ZM4	673782	673783	ZMO1412	2408.81	673864	ZMO1_ZMO0680	+	-82	ZMO1412 (MucR)	TF homology
ZM4	678225	678226	ZMO1412	1126.9	678305	ZMO1_ZMO0682	+	-80	ZMO1412 (MucR)	TF homology
ZM4	680672	680673	ZMO1412	746.923	680698	ZMO1_ZMO0684	+	-26	ZMO1412 (MucR)	TF homology
ZM4	682663	682664	ZMO1412	3930.44	682751	ZMO1_ZMO0686	+	-88	ZMO1412 (MucR)	TF homology
ZM4	682885	682886	ZMO1412	254.492	682751	ZMO1_ZMO0686	+	134	ZMO1412 (MucR)	TF homology
ZM4	685954	685955	ZMO1412	193.763	685932	ZMO1_ZMO0688	-	-22	ZMO1412 (MucR)	TF homology
ZM4	693786	693787	ZMO1412	3895.31	693720	ZMO1_ZMO0694	-	-66	ZMO1412 (MucR)	TF homology
ZM4	698057	698058	ZMO1412	979.433	698024	ZMO1_ZMO0695	-	-33	ZMO1412 (MucR)	TF homology
ZM4	699442	699443	ZMO1412	290.831	699523	ZMO1_ZMO0699	+	-81	ZMO1412 (MucR)	TF homology
ZM4	741938	741939	ZMO1412	2031.87	742006	csbD	+	-68	ZMO1412 (MucR)	TF homology
ZM4	744268	744269	ZMO1412	348.403	744358	ZMO1_ZMO0744	+	-90	ZMO1412 (MucR)	TF homology
ZM4	746962	746963	ZMO1412	432.386	747007	ZMO1_ZMO0747	+	-45	ZMO1412 (MucR)	TF homology
ZM4	751068	751069	ZMO1412	1994.39	751134	ZMO1_ZMO0752	+	-66	ZMO1412 (MucR)	TF homology
ZM4	784647	784648	ZMO1412	287.05	784723	ZMO1_ZMO0786	+	-76	ZMO1412 (MucR)	TF homology
ZM4	788598	788599	ZMO1412	3712.17	788772	ZMO1_ZMO0789	+	-174	ZMO1412 (MucR)	TF homology
ZM4	788870	788871	ZMO1412	1452.6	788772	ZMO1_ZMO0789	+	98	ZMO1412 (MucR)	TF homology
ZM4	791521	791522	ZMO1412	3638.94	791564	ZMO1_ZMO2054	+	-43	ZMO1412 (MucR)	TF homology
ZM4	791925	791926	ZMO1412	1659.22	792108	pyrB	+	-183	ZMO1412 (MucR)	TF homology
ZM4	799800	799801	ZMO1412	262.567	799724	ZMO1_ZMO0796	-	-76	ZMO1412 (MucR)	TF homology
ZM4	807506	807507	ZMO1412	9781.5	807358	ZMO1_ZMO0801	-	-148	ZMO1412 (MucR)	TF homology
ZM4	820111	820112	ZMO1412	239.306	820002	ZMO1_ZMO2056	-	-109	ZMO1412 (MucR)	TF homology
ZM4	857828	857829	ZMO1412	2904.32	857720	kefB	-	-108	ZMO1412 (MucR)	TF homology
ZM4	858367	858368	ZMO1412	763.196	858415	oprB2	+	-48	ZMO1412 (MucR)	TF homology
ZM4	862210	862211	ZMO1412	1554.39	862117	ZMO1_ZMO0849	-	-93	ZMO1412 (MucR)	TF homology
ZM4	862711	862712	ZMO1412	5407.2	862902	ntrC	+	-191	ZMO1412 (MucR)	TF homology
ZM4	869589	869590	ZMO1412	2031.57	869780	ZMO1_ZMO0859	+	-191	ZMO1412 (MucR)	TF homology
ZM4	876774	876775	ZMO1412	5074.04	876845	ZMO1_ZMO0866	+	-71	ZMO1412 (MucR)	TF homology
ZM4	894459	894460	ZMO1412	395.647	894296	mcpA2	-	-163	ZMO1412 (MucR)	TF homology
ZM4	897697	897698	ZMO1412	1985.88	897621	ZMO1_ZMO0888	-	-76	ZMO1412 (MucR)	TF homology
ZM4	899163	899164	ZMO1412	9826.34	899000	mro	-	-163	ZMO1412 (MucR)	TF homology
ZM4	906394	906395	ZMO1412	86.6936	906194	ZMO1_ZMO0894	-	-200	ZMO1412 (MucR)	TF homology
ZM4	906769	906770	ZMO1412	106.498	906602	ZMO1_ZMO0895	-	-167	ZMO1412 (MucR)	TF homology
ZM4	913794	913795	ZMO1412	24.579	913840	ZMO1_ZMO0902	-	46	ZMO1412 (MucR)	TF homology
ZM4	921094	921095	ZMO1412	12.1277	921138	mdoH	+	-44	ZMO1412 (MucR)	TF homology
ZM4	924595	924596	ZMO1412	594.948	924715	ZMO1_ZMO0908	-	120	ZMO1412 (MucR)	TF homology
ZM4	926684	926685	ZMO1412	352.521	926677	ZMO1_ZMO0910	-	-7	ZMO1412 (MucR)	TF homology
ZM4	928312	928313	ZMO1412	113.959	928413	ZMO1_ZMO0912	+	-101	ZMO1412 (MucR)	TF homology
ZM4	931461	931462	ZMO1412	84.827	931436	ilvE	-	-25	ZMO1412 (MucR)	TF homology
ZM4	932375	932376	ZMO1412	5.93595	932379	folD	-	4	ZMO1412 (MucR)	TF homology
ZM4	937039	937040	ZMO1412	109.618	937203	katE	+	-164	ZMO1412 (MucR)	TF homology
ZM4	938822	938823	ZMO1412	621.437	938805	ZMO1_ZMO0919	+	17	ZMO1412 (MucR)	TF homology
ZM4	942124	942125	ZMO1412	583.436	942239	ZMO1_ZMO0920	-	115	ZMO1412 (MucR)	TF homology
ZM4	948532	948533	ZMO1412	738.91	948588	ZMO1_ZMO0925	+	-56	ZMO1412 (MucR)	TF homology
ZM4	954234	954235	ZMO1412	559.833	954115	zliE	-	-119	ZMO1412 (MucR)	TF homology
ZM4	955172	955173	ZMO1412	4837.07	955259	ZMO1_ZMO0936	+	-87	ZMO1412 (MucR)	TF homology
ZM4	957551	957552	ZMO1412	1866.88	957410	ZMO1_ZMO0937	-	-141	ZMO1412 (MucR)	TF homology
ZM4	986044	986045	ZMO1412	337.071	985962	ZMO1_ZMO0968	+	82	ZMO1412 (MucR)	TF homology
ZM4	1008396	1008397	ZMO1412	388.383	1008319	serS	-	-77	ZMO1412 (MucR)	TF homology
ZM4	1009135	1009136	ZMO1412	109.003	1009307	ZMO1_ZMO2009	-	172	ZMO1412 (MucR)	TF homology
ZM4	1012409	1012410	ZMO1412	106.562	1012294	ZMO1_ZMO0992	-	-115	ZMO1412 (MucR)	TF homology
ZM4	1013348	1013349	ZMO1412	1520.55	1013481	mscS1	+	-133	ZMO1412 (MucR)	TF homology
ZM4	1020272	1020273	ZMO1412	1323.2	1020112	ZMO1_ZMO1001	+	160	ZMO1412 (MucR)	TF homology
ZM4	1027939	1027940	ZMO1412	882.28	1028038	glcD	+	-99	ZMO1412 (MucR)	TF homology
ZM4	1037039	1037040	ZMO1412	46.039	1036937	ZMO1_ZMO1018	-	-102	ZMO1412 (MucR)	TF homology
ZM4	1039591	1039592	ZMO1412	92.8535	1039435	lysA1	-	-156	ZMO1412 (MucR)	TF homology
ZM4	1055189	1055190	ZMO1412	4017.34	1055355	ZMO1_ZMO1040	+	-166	ZMO1412 (MucR)	TF homology
ZM4	1061206	1061207	ZMO1412	107.675	1061136	ZMO1_ZMO1043	-	-70	ZMO1412 (MucR)	TF homology
ZM4	1071505	1071506	ZMO1412	1244.4	1071594	ZMO1_ZMO1055	+	-89	ZMO1412 (MucR)	TF homology
ZM4	1076741	1076742	ZMO1412	39.2519	1076596	sod	-	-145	ZMO1412 (MucR)	TF homology
ZM4	1077955	1077956	ZMO1412	661.081	1077887	pspF	-	-68	ZMO1412 (MucR)	TF homology
ZM4	1089291	1089292	ZMO1412	718.835	1089356	ZMO1_ZMO1080	+	-65	ZMO1412 (MucR)	TF homology
ZM4	1089543	1089544	ZMO1412	990.672	1089594	ZMO1_ZMO1081	+	-51	ZMO1412 (MucR)	TF homology
ZM4	1098730	1098731	ZMO1412	1132.06	1098857	celA	+	-127	ZMO1412 (MucR)	TF homology
ZM4	1124895	1124896	ZMO1412	99.5056	1124979	ZMO1_ZMO1107	+	-84	ZMO1412 (MucR)	TF homology
ZM4	1127140	1127141	ZMO1412	89.9291	1126990	ZMO1_ZMO1109	-	-150	ZMO1412 (MucR)	TF homology
ZM4	1132791	1132792	ZMO1412	93.4362	1132932	gltD	+	-141	ZMO1412 (MucR)	TF homology
ZM4	1139140	1139141	ZMO1412	82.2519	1139181	ZMO1_ZMO1118	+	-41	ZMO1412 (MucR)	TF homology
ZM4	1151144	1151145	ZMO1412	87.3475	1151105	lipA	-	-39	ZMO1412 (MucR)	TF homology
ZM4	1155846	1155847	ZMO1412	294.416	1155718	mauG	-	-128	ZMO1412 (MucR)	TF homology
ZM4	1157959	1157960	ZMO1412	91.3657	1158108	ilvI	+	-149	ZMO1412 (MucR)	TF homology
ZM4	1176685	1176686	ZMO1412	358.184	1176606	ZMO1_ZMO2060	+	79	ZMO1412 (MucR)	TF homology
ZM4	1180932	1180933	ZMO1412	87.9749	1181060	phoU	+	-128	ZMO1412 (MucR)	TF homology
ZM4	1203369	1203370	ZMO1412	4955.9	1203279	hutG1	-	-90	ZMO1412 (MucR)	TF homology
ZM4	1208167	1208168	ZMO1412	215.243	1208294	ZMO1_ZMO1185	+	-127	ZMO1412 (MucR)	TF homology
ZM4	1208472	1208473	ZMO1412	1018.97	1208294	ZMO1_ZMO1185	+	178	ZMO1412 (MucR)	TF homology
ZM4	1209105	1209106	ZMO1412	10.4688	1209063	mltB	+	42	ZMO1412 (MucR)	TF homology
ZM4	1211892	1211893	ZMO1412	52.0861	1211827	mutM	-	-65	ZMO1412 (MucR)	TF homology
ZM4	1215668	1215669	ZMO1412	63.1401	1215719	dut	+	-51	ZMO1412 (MucR)	TF homology
ZM4	1225529	1225530	ZMO1412	22.4484	1225655	hemA	+	-126	ZMO1412 (MucR)	TF homology
ZM4	1236311	1236312	ZMO1412	63.201	1236445	ZMO1_ZMOt029	-	134	ZMO1412 (MucR)	TF homology
ZM4	1239763	1239764	ZMO1412	1400.94	1239653	pgi	-	-110	ZMO1412 (MucR)	TF homology
ZM4	1262951	1262952	ZMO1412	3518.22	1262780	adhA	-	-171	ZMO1412 (MucR)	TF homology
ZM4	1264546	1264547	ZMO1412	19.7933	1264477	ldhA	-	-69	ZMO1412 (MucR)	TF homology
ZM4	1278722	1278723	ZMO1412	2979.44	1278835	ssuA	+	-113	ZMO1412 (MucR)	TF homology
ZM4	1279811	1279812	ZMO1412	25.2575	1279838	ssuC	+	-27	ZMO1412 (MucR)	TF homology
ZM4	1281401	1281402	ZMO1412	69.1329	1281432	rspA	+	-31	ZMO1412 (MucR)	TF homology
ZM4	1296677	1296678	ZMO1412	85.9257	1296572	fabF	-	-105	ZMO1412 (MucR)	TF homology
ZM4	1297390	1297391	ZMO1412	225.691	1297555	ZMO1_ZMO1283	+	-165	ZMO1412 (MucR)	TF homology
ZM4	1302505	1302506	ZMO1412	301.598	1302389	sldS	-	-116	ZMO1412 (MucR)	TF homology
ZM4	1303988	1303989	ZMO1412	577.439	1303926	ZMO1_ZMO1287	-	-62	ZMO1412 (MucR)	TF homology
ZM4	1305811	1305812	ZMO1412	58.7975	1305799	ZMO1_ZMO1289	-	-12	ZMO1412 (MucR)	TF homology
ZM4	1310645	1310646	ZMO1412	27.1614	1310622	ZMO1_ZMO2014	-	-23	ZMO1412 (MucR)	TF homology
ZM4	1311310	1311311	ZMO1412	3619.9	1311194	ZMO1_ZMO2015	-	-116	ZMO1412 (MucR)	TF homology
ZM4	1312997	1312998	ZMO1412	5310.5	1313079	ZMO1_ZMO1298	+	-82	ZMO1412 (MucR)	TF homology
ZM4	1316016	1316017	ZMO1412	1093.34	1316015	ZMO1_ZMO2017	+	1	ZMO1412 (MucR)	TF homology
ZM4	1316564	1316565	ZMO1412	44.7655	1316386	bcbG	+	178	ZMO1412 (MucR)	TF homology
ZM4	1317873	1317874	ZMO1412	219.206	1318008	bcbE	+	-135	ZMO1412 (MucR)	TF homology
ZM4	1318132	1318133	ZMO1412	44.3363	1318008	bcbE	+	124	ZMO1412 (MucR)	TF homology
ZM4	1319873	1319874	ZMO1412	3174.07	1319849	ZMO1_ZMO1301	-	-24	ZMO1412 (MucR)	TF homology
ZM4	1337473	1337474	ZMO1412	126.267	1337381	ZMO1_ZMO1318	-	-92	ZMO1412 (MucR)	TF homology
ZM4	1341583	1341584	ZMO1412	53.7428	1341680	chvI	+	-97	ZMO1412 (MucR)	TF homology
ZM4	1354420	1354421	ZMO1412	1725.02	1354361	ZMO1_ZMO1336	-	-59	ZMO1412 (MucR)	TF homology
ZM4	1365002	1365003	ZMO1412	85.2491	1364983	ltaE	-	-19	ZMO1412 (MucR)	TF homology
ZM4	1368741	1368742	ZMO1412	165.705	1368590	ZMO1_ZMO1352	-	-151	ZMO1412 (MucR)	TF homology
ZM4	1370865	1370866	ZMO1412	246.756	1370666	motB3	-	-199	ZMO1412 (MucR)	TF homology
ZM4	1379919	1379920	ZMO1412	885.753	1380113	ZMO1_ZMO1365	+	-194	ZMO1412 (MucR)	TF homology
ZM4	1388145	1388146	ZMO1412	22.2208	1388269	ZMO1_ZMO1373	+	-124	ZMO1412 (MucR)	TF homology
ZM4	1399252	1399253	ZMO1412	149.084	1399318	ZMO1_ZMO1385	+	-66	ZMO1412 (MucR)	TF homology
ZM4	1401330	1401331	ZMO1412	211.911	1401484	ZMO1_ZMO1387	+	-154	ZMO1412 (MucR)	TF homology
ZM4	1420888	1420889	ZMO1412	92.272	1420848	ZMO1_ZMO1406	-	-40	ZMO1412 (MucR)	TF homology
ZM4	1422131	1422132	ZMO1412	67.4333	1422091	asd	-	-40	ZMO1412 (MucR)	TF homology
ZM4	1425546	1425547	ZMO1412	71.0093	1425641	ZMO1_ZMO2019	+	-95	ZMO1412 (MucR)	TF homology
ZM4	1427060	1427061	ZMO1412	29.5931	1426968	fur	-	-92	ZMO1412 (MucR)	TF homology
ZM4	1427786	1427787	ZMO1412	2444.39	1427629	ZMO1_ZMO1412	-	-157	ZMO1412 (MucR)	TF homology
ZM4	1429549	1429550	ZMO1412	151.775	1429455	ZMO1_ZMO1415	-	-94	ZMO1412 (MucR)	TF homology
ZM4	1437757	1437758	ZMO1412	758.888	1437642	ZMO1_ZMO1422	-	-115	ZMO1412 (MucR)	TF homology
ZM4	1440677	1440678	ZMO1412	5630.58	1440619	ZMO1_ZMO1423	-	-58	ZMO1412 (MucR)	TF homology
ZM4	1444204	1444205	ZMO1412	45.5491	1444264	ZMO1_ZMO1426	+	-60	ZMO1412 (MucR)	TF homology
ZM4	1459670	1459671	ZMO1412	3202.11	1459483	ZMO1_ZMO1440	-	-187	ZMO1412 (MucR)	TF homology
ZM4	1462067	1462068	ZMO1412	371.555	1462017	ZMO1_ZMO1442	-	-50	ZMO1412 (MucR)	TF homology
ZM4	1470805	1470806	ZMO1412	7023.41	1470981	phrB	+	-176	ZMO1412 (MucR)	TF homology
ZM4	1473599	1473600	ZMO1412	43.5688	1473528	ZMO1_ZMO1451	-	-71	ZMO1412 (MucR)	TF homology
ZM4	1483576	1483577	ZMO1412	22.5931	1483557	ZMO1_ZMO1462	-	-19	ZMO1412 (MucR)	TF homology
ZM4	1483731	1483732	ZMO1412	189.504	1483557	ZMO1_ZMO1462	-	-174	ZMO1412 (MucR)	TF homology
ZM4	1485909	1485910	ZMO1412	4450.8	1485986	ZMO1_ZMO1463	-	77	ZMO1412 (MucR)	TF homology
ZM4	1486404	1486405	ZMO1412	503.716	1486337	ZMO1_ZMO1464	-	-67	ZMO1412 (MucR)	TF homology
ZM4	1487976	1487977	ZMO1412	80.073	1487904	ZMO1_ZMO1465	-	-72	ZMO1412 (MucR)	TF homology
ZM4	1489097	1489098	ZMO1412	462.177	1489121	ZMO1_ZMO1467	+	-24	ZMO1412 (MucR)	TF homology
ZM4	1492449	1492450	ZMO1412	7347.38	1492410	ZMO1_ZMO1468	-	-39	ZMO1412 (MucR)	TF homology
ZM4	1497288	1497289	ZMO1412	282.451	1497475	ZMO1_ZMO1475	+	-187	ZMO1412 (MucR)	TF homology
ZM4	1500118	1500119	ZMO1412	50.1635	1500173	ZMO1_ZMO1476	+	-55	ZMO1412 (MucR)	TF homology
ZM4	1501213	1501214	ZMO1412	3263.74	1501411	ZMO1_ZMO1477	-	198	ZMO1412 (MucR)	TF homology
ZM4	1509302	1509303	ZMO1412	4970.71	1509178	ZMO1_ZMO1482	-	-124	ZMO1412 (MucR)	TF homology
ZM4	1517209	1517210	ZMO1412	2449.84	1517389	ZMO1_ZMO1490	+	-180	ZMO1412 (MucR)	TF homology
ZM4	1518202	1518203	ZMO1412	23.7941	1518298	ZMO1_ZMO1491	+	-96	ZMO1412 (MucR)	TF homology
ZM4	1519700	1519701	ZMO1412	3743.34	1519568	ZMO1_ZMO2071	-	-132	ZMO1412 (MucR)	TF homology
ZM4	1522283	1522284	ZMO1412	3167.69	1522124	ZMO1_ZMO1495	-	-159	ZMO1412 (MucR)	TF homology
ZM4	1522462	1522463	ZMO1412	5349.77	1522632	ppc	+	-170	ZMO1412 (MucR)	TF homology
ZM4	1527699	1527700	ZMO1412	1115.16	1527638	apaH1	-	-61	ZMO1412 (MucR)	TF homology
ZM4	1547095	1547096	ZMO1412	4984.27	1546928	ZMO1_ZMO1521	-	-167	ZMO1412 (MucR)	TF homology
ZM4	1563158	1563159	ZMO1412	597.495	1563298	ZMO1_ZMO1530	+	-140	ZMO1412 (MucR)	TF homology
ZM4	1565677	1565678	ZMO1412	3.33619	1565858	ZMO1_ZMO1533	+	-181	ZMO1412 (MucR)	TF homology
ZM4	1569247	1569248	ZMO1412	3442.94	1569199	ZMO1_ZMO1536	-	-48	ZMO1412 (MucR)	TF homology
ZM4	1573862	1573863	ZMO1412	43.9433	1574009	feoA	+	-147	ZMO1412 (MucR)	TF homology
ZM4	1587723	1587724	ZMO1412	106.082	1587866	ZMO1_ZMO1554	+	-143	ZMO1412 (MucR)	TF homology
ZM4	1588855	1588856	ZMO1412	270.968	1588942	gshA	+	-87	ZMO1412 (MucR)	TF homology
ZM4	1593530	1593531	ZMO1412	15.465	1593724	ZMO1_ZMO1561	+	-194	ZMO1412 (MucR)	TF homology
ZM4	1593660	1593661	ZMO1412	216.814	1593724	ZMO1_ZMO1561	+	-64	ZMO1412 (MucR)	TF homology
ZM4	1594469	1594470	ZMO1412	1084.2	1594495	ZMO1_ZMO1562	+	-26	ZMO1412 (MucR)	TF homology
ZM4	1604586	1604587	ZMO1412	441.45	1604418	pfl	-	-168	ZMO1412 (MucR)	TF homology
ZM4	1611060	1611061	ZMO1412	4640.9	1611111	araJ2	+	-51	ZMO1412 (MucR)	TF homology
ZM4	1630091	1630092	ZMO1412	4765.39	1630155	ZMO1_ZMO1589	+	-64	ZMO1412 (MucR)	TF homology
ZM4	1630301	1630302	ZMO1412	692.903	1630155	ZMO1_ZMO1589	+	146	ZMO1412 (MucR)	TF homology
ZM4	1648651	1648652	ZMO1412	54.5138	1648591	ZMO1_ZMO1604	-	-60	ZMO1412 (MucR)	TF homology
ZM4	1662996	1662997	ZMO1412	183.591	1663058	ZMO1_ZMO1620	-	62	ZMO1412 (MucR)	TF homology
ZM4	1669127	1669128	ZMO1412	1238.24	1669076	ZMO1_ZMO1624	-	-51	ZMO1412 (MucR)	TF homology
ZM4	1677102	1677103	ZMO1412	5098.63	1677204	dapE	+	-102	ZMO1412 (MucR)	TF homology
ZM4	1678751	1678752	ZMO1412	662.572	1678716	ZMO1_ZMO1633	-	-35	ZMO1412 (MucR)	TF homology
ZM4	1695512	1695513	ZMO1412	6618.91	1695450	folK	-	-62	ZMO1412 (MucR)	TF homology
ZM4	1697810	1697811	ZMO1412	248.676	1697899	ZMO1_ZMO1650	+	-89	ZMO1412 (MucR)	TF homology
ZM4	1704634	1704635	ZMO1412	1437.2	1704732	ZMO1_ZMO1655	+	-98	ZMO1412 (MucR)	TF homology
ZM4	1705375	1705376	ZMO1412	88.9383	1705476	ZMO1_ZMO1656	+	-101	ZMO1412 (MucR)	TF homology
ZM4	1715483	1715484	ZMO1412	9.88352	1715622	ctpA	+	-139	ZMO1412 (MucR)	TF homology
ZM4	1718625	1718626	ZMO1412	42.2745	1718729	ZMO1_ZMO1671	+	-104	ZMO1412 (MucR)	TF homology
ZM4	1726648	1726649	ZMO1412	2538.67	1726753	ZMO1_ZMO1681	+	-105	ZMO1412 (MucR)	TF homology
ZM4	1739765	1739766	ZMO1412	259.167	1739946	ZMO1_ZMO1690	+	-181	ZMO1412 (MucR)	TF homology
ZM4	1748692	1748693	ZMO1412	69.9342	1748743	ZMO1_ZMO1697	+	-51	ZMO1412 (MucR)	TF homology
ZM4	1751751	1751752	ZMO1412	4887.4	1751819	ZMO1_ZMO1700	+	-68	ZMO1412 (MucR)	TF homology
ZM4	1760475	1760476	ZMO1412	87.9339	1760500	lepB	+	-25	ZMO1412 (MucR)	TF homology
ZM4	1765876	1765877	ZMO1412	2871.45	1765793	exbB	-	-83	ZMO1412 (MucR)	TF homology
ZM4	1767034	1767035	ZMO1412	3810.56	1767058	ZMO1_ZMO1718	+	-24	ZMO1412 (MucR)	TF homology
ZM4	1770169	1770170	ZMO1412	65.1497	1770111	rpoZ	-	-58	ZMO1412 (MucR)	TF homology
ZM4	1777028	1777029	ZMO1412	151.693	1776944	ZMO1_ZMO1728	-	-84	ZMO1412 (MucR)	TF homology
ZM4	1779143	1779144	ZMO1412	60.2476	1779066	ahpC	-	-77	ZMO1412 (MucR)	TF homology
ZM4	1794335	1794336	ZMO1412	222.721	1794289	ZMO1_ZMO1748	-	-46	ZMO1412 (MucR)	TF homology
ZM4	1798067	1798068	ZMO1412	1004.75	1798158	fpr	+	-91	ZMO1412 (MucR)	TF homology
ZM4	1800642	1800643	ZMO1412	2238.28	1800500	ssdA	-	-142	ZMO1412 (MucR)	TF homology
ZM4	1801800	1801801	ZMO1412	8651.4	1801692	thyB	-	-108	ZMO1412 (MucR)	TF homology
ZM4	1806280	1806281	ZMO1412	61.8226	1806252	ZMO1_ZMO1759	-	-28	ZMO1412 (MucR)	TF homology
ZM4	1811214	1811215	ZMO1412	320.523	1811074	ZMO1_ZMO1764	-	-140	ZMO1412 (MucR)	TF homology
ZM4	1820748	1820749	ZMO1412	169.024	1820724	ZMO1_ZMO1775	-	-24	ZMO1412 (MucR)	TF homology
ZM4	1821077	1821078	ZMO1412	2824.13	1821180	pepN2	+	-103	ZMO1412 (MucR)	TF homology
ZM4	1823995	1823996	ZMO1412	48.3025	1824074	ZMO1_ZMO1777	+	-79	ZMO1412 (MucR)	TF homology
ZM4	1828590	1828591	ZMO1412	164.545	1828669	ZMO1_ZMO1782	+	-79	ZMO1412 (MucR)	TF homology
ZM4	1828959	1828960	ZMO1412	2470.86	1829100	ZMO1_ZMO1784	+	-141	ZMO1412 (MucR)	TF homology
ZM4	1831245	1831246	ZMO1412	165.711	1831324	ZMO1_ZMO1786	+	-79	ZMO1412 (MucR)	TF homology
ZM4	1832631	1832632	ZMO1412	25.6503	1832586	ZMO1_ZMO1787	-	-45	ZMO1412 (MucR)	TF homology
ZM4	1838833	1838834	ZMO1412	81.9202	1838859	ZMO1_ZMO1793	+	-26	ZMO1412 (MucR)	TF homology
ZM4	1845835	1845836	ZMO1412	894.375	1845952	ihfB	+	-117	ZMO1412 (MucR)	TF homology
ZM4	1849879	1849880	ZMO1412	1040.87	1849886	ZMO1_ZMO1807	+	-7	ZMO1412 (MucR)	TF homology
ZM4	1860647	1860648	ZMO1412	5493.49	1860457	ZMO1_ZMO1815	-	-190	ZMO1412 (MucR)	TF homology
ZM4	1861012	1861013	ZMO1412	603.547	1861167	nifA	+	-155	ZMO1412 (MucR)	TF homology
ZM4	1868444	1868445	ZMO1412	905.345	1868308	ZMO1_ZMO1822	-	-136	ZMO1412 (MucR)	TF homology
ZM4	1879381	1879382	ZMO1412	1289.72	1879445	nifV	+	-64	ZMO1412 (MucR)	TF homology
ZM4	1882326	1882327	ZMO1412	2505.31	1882259	ZMO1_ZMO1838	-	-67	ZMO1412 (MucR)	TF homology
ZM4	1883246	1883247	ZMO1412	132.423	1883186	ZMO1_ZMO1840	-	-60	ZMO1412 (MucR)	TF homology
ZM4	1885014	1885015	ZMO1412	1486.29	1884850	apbE	-	-164	ZMO1412 (MucR)	TF homology
ZM4	1889743	1889744	ZMO1412	311.88	1889644	ZMO1_ZMO1848	-	-99	ZMO1412 (MucR)	TF homology
ZM4	1890275	1890276	ZMO1412	2361.27	1890435	ZMO1_ZMO1849	+	-160	ZMO1412 (MucR)	TF homology
ZM4	1893353	1893354	ZMO1412	2461.75	1893241	fldA	-	-112	ZMO1412 (MucR)	TF homology
ZM4	1908836	1908837	ZMO1412	2954.83	1908732	ZMO1_ZMO1860	-	-104	ZMO1412 (MucR)	TF homology
ZM4	1910326	1910327	ZMO1412	97.7851	1910243	ZMO1_ZMO1861	-	-83	ZMO1412 (MucR)	TF homology
ZM4	1927975	1927976	ZMO1412	170.808	1927852	ZMO1_ZMO1875	-	-123	ZMO1412 (MucR)	TF homology
ZM4	1929629	1929630	ZMO1412	74.2513	1929717	ZMO1_ZMO1877	-	88	ZMO1412 (MucR)	TF homology
ZM4	1934806	1934807	ZMO1412	3453.81	1935003	ZMO1_ZMO1882	+	-197	ZMO1412 (MucR)	TF homology
ZM4	1939261	1939262	ZMO1412	2543.84	1939120	ZMO1_ZMO1885	-	-141	ZMO1412 (MucR)	TF homology
ZM4	1950152	1950153	ZMO1412	18.7037	1950208	ZMO1_ZMOt051	+	-56	ZMO1412 (MucR)	TF homology
ZM4	1954273	1954274	ZMO1412	77.1099	1954345	ZMO1_ZMO1901	-	72	ZMO1412 (MucR)	TF homology
ZM4	1965633	1965634	ZMO1412	3846.68	1965833	gshB	+	-200	ZMO1412 (MucR)	TF homology
ZM4	1969026	1969027	ZMO1412	291.971	1969149	bioD	-	123	ZMO1412 (MucR)	TF homology
ZM4	1972920	1972921	ZMO1412	196.086	1972836	ZMO1_ZMO1919	-	-84	ZMO1412 (MucR)	TF homology
ZM4	1973107	1973108	ZMO1412	70.3012	1973113	ZMO1_ZMO1920	+	-6	ZMO1412 (MucR)	TF homology
ZM4	1977399	1977400	ZMO1412	302.45	1977226	kpsS	-	-173	ZMO1412 (MucR)	TF homology
ZM4	1977827	1977828	ZMO1412	268.735	1977631	ZMO1_ZMO1923	+	196	ZMO1412 (MucR)	TF homology
ZM4	2013533	2013534	ZMO1412	1233.95	2013483	mdh	-	-50	ZMO1412 (MucR)	TF homology
ZM4	2016550	2016551	ZMO1412	88.7359	2016553	ZMO1_ZMO1957	-	3	ZMO1412 (MucR)	TF homology
ZM4	2020015	2020016	ZMO1412	120.615	2020203	ZMO1_ZMO1959	-	188	ZMO1412 (MucR)	TF homology
ZM4	2020277	2020278	ZMO1412	134.754	2020203	ZMO1_ZMO1959	-	-74	ZMO1412 (MucR)	TF homology
ZM4	2021799	2021800	ZMO1412	309.36	2021891	ZMO1_ZMO1961	+	-92	ZMO1412 (MucR)	TF homology
ZM4	2025788	2025789	ZMO1412	174.125	2025753	gltA	-	-35	ZMO1412 (MucR)	TF homology
ZM4	2030117	2030118	ZMO1412	363.654	2030131	ZMO1_ZMO1966	+	-14	ZMO1412 (MucR)	TF homology
ZM4	2033973	2033974	ZMO1412	77.4202	2033903	ZMO1_ZMO1969	-	-70	ZMO1412 (MucR)	TF homology
ZM4	2038655	2038656	ZMO1412	2512.88	2038747	ZMO1_ZMO1976	+	-92	ZMO1412 (MucR)	TF homology
ZM4	2045821	2045822	ZMO1412	1305.51	2045915	ZMO1_ZMO1983	+	-94	ZMO1412 (MucR)	TF homology
ZM4	2046885	2046886	ZMO1412	3819.29	2046934	ZMO1_ZMO1984	+	-49	ZMO1412 (MucR)	TF homology
ZM4	2048394	2048395	ZMO1412	5939.82	2048504	ZMO1_ZMO1986	+	-110	ZMO1412 (MucR)	TF homology
ZM4	2053812	2053813	ZMO1412	122.958	2053717	qor	+	95	ZMO1412 (MucR)	TF homology
pZM32	3778	3779	ZMO1412	403.834	3731	ZMO1_ZMOp32x001	-	-47	ZMO1412 (MucR)	TF homology
pZM32	8565	8566	ZMO1412	1516.04	8419	ZMO1_ZMOp32x006	-	-146	ZMO1412 (MucR)	TF homology
pZM32	8736	8737	ZMO1412	515.269	8719	ZMO1_ZMOp32x007	+	17	ZMO1412 (MucR)	TF homology
pZM32	14380	14381	ZMO1412	172.059	14430	ZMO1_ZMOp32x012	+	-50	ZMO1412 (MucR)	TF homology
pZM32	21418	21419	ZMO1412	44.5366	21447	ZMO1_ZMOp32x022	+	-29	ZMO1412 (MucR)	TF homology
pZM32	22902	22903	ZMO1412	39.2519	22899	ZMO1_ZMOp32x023	+	3	ZMO1412 (MucR)	TF homology
pZM33	1633	1634	ZMO1412	83.7005	1617	ZMO1_ZMOp33x003	-	-16	ZMO1412 (MucR)	TF homology
pZM33	2379	2380	ZMO1412	3684.8	2297	ZMO1_ZMOp33x004	-	-82	ZMO1412 (MucR)	TF homology
pZM33	3353	3354	ZMO1412	14.1087	3496	ZMO1_ZMOp33x007	-	143	ZMO1412 (MucR)	TF homology
pZM33	3608	3609	ZMO1412	3407.09	3496	ZMO1_ZMOp33x007	-	-112	ZMO1412 (MucR)	TF homology
pZM33	4782	4783	ZMO1412	1927.96	4762	ZMO1_ZMOp33x009	+	20	ZMO1412 (MucR)	TF homology
pZM33	7614	7615	ZMO1412	10.7856	7629	ZMO1_ZMOp33x011	+	-15	ZMO1412 (MucR)	TF homology
pZM33	10689	10690	ZMO1412	166.407	10597	ZMO1_ZMOp33x014	+	92	ZMO1412 (MucR)	TF homology
pZM33	10909	10910	ZMO1412	690.887	10791	ZMO1_ZMOp33x015	+	118	ZMO1412 (MucR)	TF homology
pZM33	12181	12182	ZMO1412	4526.99	12297	ZMO1_ZMOp33x016	+	-116	ZMO1412 (MucR)	TF homology
pZM33	15236	15237	ZMO1412	7071.34	15161	ZMO1_ZMOp33x019	-	-75	ZMO1412 (MucR)	TF homology
pZM33	27814	27815	ZMO1412	26.4098	27887	ZMO1_ZMOp33x031	+	-73	ZMO1412 (MucR)	TF homology
pZM33	29107	29108	ZMO1412	70.0604	29124	ZMO1_ZMOp33x033	+	-17	ZMO1412 (MucR)	TF homology
pZM33	30220	30221	ZMO1412	2576.38	30068	ZMO1_ZMOp33x034	-	-152	ZMO1412 (MucR)	TF homology
pZM36	10059	10060	ZMO1412	779.673	10111	ZMO1_ZMOp36x013	+	-52	ZMO1412 (MucR)	TF homology
pZM36	15475	15476	ZMO1412	111.467	15453	ZMO1_ZMOp36x048	-	-22	ZMO1412 (MucR)	TF homology
pZM36	15929	15930	ZMO1412	1902.4	15884	ZMO1_ZMOp36x049	-	-45	ZMO1412 (MucR)	TF homology
pZM36	16471	16472	ZMO1412	1527.44	16427	ZMO1_ZMOp36x050	-	-44	ZMO1412 (MucR)	TF homology
pZM36	17267	17268	ZMO1412	193.763	17232	ZMO1_ZMOp36x051	-	-35	ZMO1412 (MucR)	TF homology
pZM36	20876	20877	ZMO1412	147.552	20763	ZMO1_ZMOp36x027	+	113	ZMO1412 (MucR)	TF homology
pZM36	21951	21952	ZMO1412	40.9867	21969	ZMO1_ZMOp36x028	-	18	ZMO1412 (MucR)	TF homology
pZM36	24175	24176	ZMO1412	83.1393	24267	ZMO1_ZMOp36x033	+	-92	ZMO1412 (MucR)	TF homology
pZM36	27926	27927	ZMO1412	327.904	27918	ZMO1_ZMOp36x038	+	8	ZMO1412 (MucR)	TF homology
pZM36	28731	28732	ZMO1412	715.214	28793	ZMO1_ZMOp36x039	+	-62	ZMO1412 (MucR)	TF homology
pZM39	1681	1682	ZMO1412	4695.25	1825	ZMO1_ZMOp39x004	+	-144	ZMO1412 (MucR)	TF homology
pZM39	7907	7908	ZMO1412	57.2814	7987	ZMO1_ZMOp39x011	+	-80	ZMO1412 (MucR)	TF homology
pZM39	8883	8884	ZMO1412	1976.58	8987	ZMO1_ZMOp39x012	+	-104	ZMO1412 (MucR)	TF homology
pZM39	14678	14679	ZMO1412	454.854	14741	ZMO1_ZMOp39x015	+	-63	ZMO1412 (MucR)	TF homology
pZM39	20230	20231	ZMO1412	1500.67	20166	ZMO1_ZMOp39x018	-	-64	ZMO1412 (MucR)	TF homology
pZM39	26029	26030	ZMO1412	3469.6	26114	ZMO1_ZMOp39x027	+	-85	ZMO1412 (MucR)	TF homology
pZM39	34325	34326	ZMO1412	60.2659	34226	ZMO1_ZMOp39x030	-	-99	ZMO1412 (MucR)	TF homology
pZM39	38557	38558	ZMO1412	82.0205	38534	ZMO1_ZMOp39x037	-	-23	ZMO1412 (MucR)	TF homology
ZM4	318410	318411	ZMO1511	33.9035	318262	ZMO1_ZMO0315	-	-148	ZMO1511 (1.00)	Predicted DBD
ZM4	363660	363661	ZMO1511	19.3278	363839	ZMO1_ZMO0361	+	-179	ZMO1511 (1.00)	Predicted DBD
ZM4	1312997	1312998	ZMO1511	7.89878	1313079	ZMO1_ZMO1298	+	-82	ZMO1511 (1.00)	Predicted DBD
ZM4	1470806	1470807	ZMO1511	6.38671	1470981	phrB	+	-175	ZMO1511 (1.00)	Predicted DBD
ZM4	1501248	1501249	ZMO1511	4.053	1501411	ZMO1_ZMO1477	-	163	ZMO1511 (1.00)	Predicted DBD
ZM4	1509316	1509317	ZMO1511	6.79454	1509453	ZMO1_ZMO1483	-	137	ZMO1511 (1.00)	Predicted DBD
ZM4	1547077	1547078	ZMO1511	294.387	1546928	ZMO1_ZMO1521	-	-149	ZMO1511 (1.00)	Predicted DBD
ZM4	1751753	1751754	ZMO1511	20.0969	1751819	ZMO1_ZMO1700	+	-66	ZMO1511 (1.00)	Predicted DBD
ZM4	1860625	1860626	ZMO1511	13.998	1860457	ZMO1_ZMO1815	-	-168	ZMO1511 (1.00)	Predicted DBD
pZM39	1688	1689	ZMO1511	4.284	1825	ZMO1_ZMOp39x004	+	-137	ZMO1511 (1.00)	Predicted DBD
ZM4	318415	318416	ZMO1547	23.1017	318262	ZMO1_ZMO0315	-	-153	ZMO1547 (TetR)	TF homology
ZM4	14521	14522	ZMO1574	32.231	14370	ZMO1_ZMO0011	-	-151	ZMO1574 (LysR)	TF homology
ZM4	43282	43283	ZMO1574	2.40065	43129	ZMO1_ZMO0043	-	-153	ZMO1574 (LysR)	TF homology
ZM4	43521	43522	ZMO1574	242.869	43593	ZMO1_ZMO0044	+	-72	ZMO1574 (LysR)	TF homology
ZM4	85242	85243	ZMO1574	31.0864	85171	ZMO1_ZMO0095	-	-71	ZMO1574 (LysR)	TF homology
ZM4	127498	127499	ZMO1574	1276.1	127569	ZMO1_ZMO0137	+	-71	ZMO1574 (LysR)	TF homology
ZM4	185094	185095	ZMO1574	20.6313	185009	ZMO1_ZMO0192	-	-85	ZMO1574 (LysR)	TF homology
ZM4	397693	397694	ZMO1574	213.415	397833	ZMO1_ZMO0395	+	-140	ZMO1574 (LysR)	TF homology
ZM4	652488	652489	ZMO1574	34.451	652465	ZMO1_ZMO0658	-	-23	ZMO1574 (LysR)	TF homology
ZM4	682671	682672	ZMO1574	16.9655	682751	ZMO1_ZMO0686	+	-80	ZMO1574 (LysR)	TF homology
ZM4	788616	788617	ZMO1574	10.6745	788772	ZMO1_ZMO0789	+	-156	ZMO1574 (LysR)	TF homology
ZM4	899163	899164	ZMO1574	42.5679	899000	mro	-	-163	ZMO1574 (LysR)	TF homology
ZM4	1098742	1098743	ZMO1574	45.8476	1098857	celA	+	-115	ZMO1574 (LysR)	TF homology
ZM4	1278801	1278802	ZMO1574	9.68345	1278835	ssuA	+	-34	ZMO1574 (LysR)	TF homology
ZM4	1304096	1304097	ZMO1574	33.9251	1303926	ZMO1_ZMO1287	-	-170	ZMO1574 (LysR)	TF homology
ZM4	1311284	1311285	ZMO1574	192.632	1311194	ZMO1_ZMO2015	-	-90	ZMO1574 (LysR)	TF homology
ZM4	1312960	1312961	ZMO1574	7.43073	1313079	ZMO1_ZMO1298	+	-119	ZMO1574 (LysR)	TF homology
ZM4	1322354	1322355	ZMO1574	64.6567	1322277	ZMO1_ZMO1304	-	-77	ZMO1574 (LysR)	TF homology
ZM4	1440680	1440681	ZMO1574	37.8182	1440619	ZMO1_ZMO1423	-	-61	ZMO1574 (LysR)	TF homology
ZM4	1470816	1470817	ZMO1574	5.39755	1470981	phrB	+	-165	ZMO1574 (LysR)	TF homology
ZM4	1509298	1509299	ZMO1574	99.6883	1509178	ZMO1_ZMO1482	-	-120	ZMO1574 (LysR)	TF homology
ZM4	1569234	1569235	ZMO1574	358.396	1569199	ZMO1_ZMO1536	-	-35	ZMO1574 (LysR)	TF homology
ZM4	1610941	1610942	ZMO1574	40704.2	1611111	araJ2	+	-170	ZMO1574 (LysR)	TF homology
ZM4	1748657	1748658	ZMO1574	19.4956	1748628	ZMO1_ZMO1696	-	-29	ZMO1574 (LysR)	TF homology
ZM4	1751769	1751770	ZMO1574	7.54146	1751819	ZMO1_ZMO1700	+	-50	ZMO1574 (LysR)	TF homology
ZM4	1800625	1800626	ZMO1574	23.0982	1800500	ssdA	-	-125	ZMO1574 (LysR)	TF homology
ZM4	1801957	1801958	ZMO1574	25.0025	1802064	gntP	+	-107	ZMO1574 (LysR)	TF homology
ZM4	1882313	1882314	ZMO1574	60.1329	1882259	ZMO1_ZMO1838	-	-54	ZMO1574 (LysR)	TF homology
ZM4	1893282	1893283	ZMO1574	7.59388	1893241	fldA	-	-41	ZMO1574 (LysR)	TF homology
ZM4	2045843	2045844	ZMO1574	2857.55	2045915	ZMO1_ZMO1983	+	-72	ZMO1574 (LysR)	TF homology
ZM4	2046920	2046921	ZMO1574	8.18434	2046934	ZMO1_ZMO1984	+	-14	ZMO1574 (LysR)	TF homology
pZM33	12182	12183	ZMO1574	17.5112	12297	ZMO1_ZMOp33x016	+	-115	ZMO1574 (LysR)	TF homology
pZM39	1685	1686	ZMO1574	360.346	1825	ZMO1_ZMOp39x004	+	-140	ZMO1574 (LysR)	TF homology
ZM4	6641	6642	ZMO1697	21.0096	6688	cysD	-	47	ZMO1697 (HxlR)	TF homology
ZM4	69573	69574	ZMO1697	42.0421	69630	cheY	-	57	ZMO1697 (HxlR)	TF homology
ZM4	72258	72259	ZMO1697	49.3374	72275	cheR	-	17	ZMO1697 (HxlR)	TF homology
ZM4	80598	80599	ZMO1697	22.3961	80422	ZMO1_ZMO0088	-	-176	ZMO1697 (HxlR)	TF homology
ZM4	95320	95321	ZMO1697	27.67	95276	ZMO1_ZMO0109	+	44	ZMO1697 (HxlR)	TF homology
ZM4	110531	110532	ZMO1697	3.65897	110562	ZMO1_ZMO0122	+	-31	ZMO1697 (HxlR)	TF homology
ZM4	113718	113719	ZMO1697	8.54032	113615	ZMO1_ZMOt001	-	-103	ZMO1697 (HxlR)	TF homology
ZM4	120466	120467	ZMO1697	30.1469	120280	ZMO1_ZMO0131	-	-186	ZMO1697 (HxlR)	TF homology
ZM4	127743	127744	ZMO1697	22.7923	127569	ZMO1_ZMO0137	+	174	ZMO1697 (HxlR)	TF homology
ZM4	137262	137263	ZMO1697	14.565	137198	ZMO1_ZMO0148	-	-64	ZMO1697 (HxlR)	TF homology
ZM4	140518	140519	ZMO1697	10.4267	140478	pyk	-	-40	ZMO1697 (HxlR)	TF homology
ZM4	143834	143835	ZMO1697	44.5525	143884	ZMO1_ZMO0156	-	50	ZMO1697 (HxlR)	TF homology
ZM4	147014	147015	ZMO1697	52.5671	146899	tolQ	+	115	ZMO1697 (HxlR)	TF homology
ZM4	161676	161677	ZMO1697	135.687	161621	ZMO1_ZMO0175	-	-55	ZMO1697 (HxlR)	TF homology
ZM4	161927	161928	ZMO1697	2.58192	161836	tklB	+	91	ZMO1697 (HxlR)	TF homology
ZM4	165087	165088	ZMO1697	251.552	165113	pgk	+	-26	ZMO1697 (HxlR)	TF homology
ZM4	169292	169293	ZMO1697	53.5123	169279	ispG	-	-13	ZMO1697 (HxlR)	TF homology
ZM4	199587	199588	ZMO1697	18.3667	199613	czcD	+	-26	ZMO1697 (HxlR)	TF homology
ZM4	199682	199683	ZMO1697	28.6234	199613	czcD	+	69	ZMO1697 (HxlR)	TF homology
ZM4	204127	204128	ZMO1697	136.586	204090	ZMO1_ZMO0208	-	-37	ZMO1697 (HxlR)	TF homology
ZM4	213341	213342	ZMO1697	4.39529	213316	helY	+	25	ZMO1697 (HxlR)	TF homology
ZM4	217045	217046	ZMO1697	3.88952	217046	ZMO1_ZMO0221	+	-1	ZMO1697 (HxlR)	TF homology
ZM4	226043	226044	ZMO1697	32.7675	226189	ZMO1_ZMO0229	+	-146	ZMO1697 (HxlR)	TF homology
ZM4	228412	228413	ZMO1697	38.0815	228222	ZMO1_ZMO0231	+	190	ZMO1697 (HxlR)	TF homology
ZM4	276794	276795	ZMO1697	374.082	276929	ZMO1_ZMO2001	-	135	ZMO1697 (HxlR)	TF homology
ZM4	284968	284969	ZMO1697	153.428	285023	ZMO1_ZMO0279	+	-55	ZMO1697 (HxlR)	TF homology
ZM4	295384	295385	ZMO1697	10.7121	295366	ZMO1_ZMO0290	+	18	ZMO1697 (HxlR)	TF homology
ZM4	300293	300294	ZMO1697	73.8781	300144	ZMO1_ZMO0294	-	-149	ZMO1697 (HxlR)	TF homology
ZM4	312522	312523	ZMO1697	95.1969	312600	ZMO1_ZMO0309	+	-78	ZMO1697 (HxlR)	TF homology
ZM4	332201	332202	ZMO1697	37.1115	332190	thiE1	-	-11	ZMO1697 (HxlR)	TF homology
ZM4	332381	332382	ZMO1697	10.5459	332190	thiE1	-	-191	ZMO1697 (HxlR)	TF homology
ZM4	334093	334094	ZMO1697	10.5118	334276	exoC	+	-183	ZMO1697 (HxlR)	TF homology
ZM4	334270	334271	ZMO1697	40.668	334276	exoC	+	-6	ZMO1697 (HxlR)	TF homology
ZM4	340719	340720	ZMO1697	15.0712	340713	ZMO1_ZMO0345	+	6	ZMO1697 (HxlR)	TF homology
ZM4	357237	357238	ZMO1697	9.8086	357118	mutL	-	-119	ZMO1697 (HxlR)	TF homology
ZM4	364016	364017	ZMO1697	40.0707	363839	ZMO1_ZMO0361	+	177	ZMO1697 (HxlR)	TF homology
ZM4	378537	378538	ZMO1697	32.8133	378392	ZMO1_ZMO0372	+	145	ZMO1697 (HxlR)	TF homology
ZM4	386773	386774	ZMO1697	50.8371	386832	ZMO1_ZMO0379	+	-59	ZMO1697 (HxlR)	TF homology
ZM4	396470	396471	ZMO1697	52.6286	396295	ZMO1_ZMO0393	+	175	ZMO1697 (HxlR)	TF homology
ZM4	399161	399162	ZMO1697	14.5748	399055	ZMO1_ZMO0399	+	106	ZMO1697 (HxlR)	TF homology
ZM4	405749	405750	ZMO1697	52.5929	405661	ftsJ	-	-88	ZMO1697 (HxlR)	TF homology
ZM4	415254	415255	ZMO1697	43.745	415312	gyrB1	+	-58	ZMO1697 (HxlR)	TF homology
ZM4	423863	423864	ZMO1697	11.6795	423848	tyrC	-	-15	ZMO1697 (HxlR)	TF homology
ZM4	459007	459008	ZMO1697	12.6844	459115	pyrG	-	108	ZMO1697 (HxlR)	TF homology
ZM4	464876	464877	ZMO1697	16.0312	464872	ZMO1_ZMO0469	-	-4	ZMO1697 (HxlR)	TF homology
ZM4	467266	467267	ZMO1697	16.2939	467433	ribH	-	167	ZMO1697 (HxlR)	TF homology
ZM4	472990	472991	ZMO1697	5.27634	472882	ZMO1_ZMO0480	+	108	ZMO1697 (HxlR)	TF homology
ZM4	479142	479143	ZMO1697	53.7146	479260	ZMO1_ZMO0485	+	-118	ZMO1697 (HxlR)	TF homology
ZM4	483505	483506	ZMO1697	14.2808	483539	ZMO1_ZMOt008	-	34	ZMO1697 (HxlR)	TF homology
ZM4	486011	486012	ZMO1697	40.6688	486064	pepP	+	-53	ZMO1697 (HxlR)	TF homology
ZM4	495660	495661	ZMO1697	7.59509	495558	ZMO1_ZMO0495	-	-102	ZMO1697 (HxlR)	TF homology
ZM4	498474	498475	ZMO1697	3.3089	498536	glmU	+	-62	ZMO1697 (HxlR)	TF homology
ZM4	498597	498598	ZMO1697	5.17781	498536	glmU	+	61	ZMO1697 (HxlR)	TF homology
ZM4	504542	504543	ZMO1697	38.3216	504401	ZMO1_ZMO0501	+	141	ZMO1697 (HxlR)	TF homology
ZM4	507949	507950	ZMO1697	393.265	507965	rluC_1	+	-16	ZMO1697 (HxlR)	TF homology
ZM4	509472	509473	ZMO1697	9.49936	509407	ZMO1_ZMO0507	+	65	ZMO1697 (HxlR)	TF homology
ZM4	514845	514846	ZMO1697	8.29924	514657	ZMO1_ZMO0513	+	188	ZMO1697 (HxlR)	TF homology
ZM4	516711	516712	ZMO1697	15.5078	516679	ZMO1_ZMO0515	+	32	ZMO1697 (HxlR)	TF homology
ZM4	524773	524774	ZMO1697	104.105	524699	rplP	+	74	ZMO1697 (HxlR)	TF homology
ZM4	526831	526832	ZMO1697	78.3107	526972	rpsN	+	-141	ZMO1697 (HxlR)	TF homology
ZM4	527836	527837	ZMO1697	11.693	527686	rplF	+	150	ZMO1697 (HxlR)	TF homology
ZM4	556426	556427	ZMO1697	23.6395	556453	ZMO1_ZMO0557	-	27	ZMO1697 (HxlR)	TF homology
ZM4	556610	556611	ZMO1697	26.844	556453	ZMO1_ZMO0557	-	-157	ZMO1697 (HxlR)	TF homology
ZM4	559133	559134	ZMO1697	10.7197	559252	hisC3	+	-119	ZMO1697 (HxlR)	TF homology
ZM4	571567	571568	ZMO1697	40.6969	571442	sdhD	-	-125	ZMO1697 (HxlR)	TF homology
ZM4	584297	584298	ZMO1697	71.7837	584103	ZMO1_ZMO0581	+	194	ZMO1697 (HxlR)	TF homology
ZM4	590326	590327	ZMO1697	199.347	590318	trpF	-	-8	ZMO1697 (HxlR)	TF homology
ZM4	613658	613659	ZMO1697	14.0965	613687	flgE	-	29	ZMO1697 (HxlR)	TF homology
ZM4	614603	614604	ZMO1697	50.5236	614420	flgD	-	-183	ZMO1697 (HxlR)	TF homology
ZM4	625818	625819	ZMO1697	86.6575	626011	ZMO1_ZMO0631	+	-193	ZMO1697 (HxlR)	TF homology
ZM4	627557	627558	ZMO1697	115.874	627410	fliE	+	147	ZMO1697 (HxlR)	TF homology
ZM4	627756	627757	ZMO1697	7.2028	627788	fliF	+	-32	ZMO1697 (HxlR)	TF homology
ZM4	637534	637535	ZMO1697	19.0275	637468	fliO	+	66	ZMO1697 (HxlR)	TF homology
ZM4	638849	638850	ZMO1697	6.27685	638731	fliQ	+	118	ZMO1697 (HxlR)	TF homology
ZM4	642633	642634	ZMO1697	62.5154	642786	fliS	+	-153	ZMO1697 (HxlR)	TF homology
ZM4	652683	652684	ZMO1697	19.5972	652783	ZMO1_ZMO0659	+	-100	ZMO1697 (HxlR)	TF homology
ZM4	655849	655850	ZMO1697	14.0965	655722	dnaJ	+	127	ZMO1697 (HxlR)	TF homology
ZM4	658954	658955	ZMO1697	6.0534	659078	radC	-	124	ZMO1697 (HxlR)	TF homology
ZM4	662298	662299	ZMO1697	61.5622	662428	ZMO1_ZMO0665	+	-130	ZMO1697 (HxlR)	TF homology
ZM4	662452	662453	ZMO1697	8.94848	662428	ZMO1_ZMO0665	+	24	ZMO1697 (HxlR)	TF homology
ZM4	685912	685913	ZMO1697	41.4366	685919	ZMO1_ZMO2052	+	-7	ZMO1697 (HxlR)	TF homology
ZM4	692142	692143	ZMO1697	19.7408	692237	gyrA	-	95	ZMO1697 (HxlR)	TF homology
ZM4	692665	692666	ZMO1697	6.8053	692731	ZMO1_ZMO0693	-	66	ZMO1697 (HxlR)	TF homology
ZM4	707599	707600	ZMO1697	37.6231	707596	purM	-	-3	ZMO1697 (HxlR)	TF homology
ZM4	744469	744470	ZMO1697	37.6231	744358	ZMO1_ZMO0744	+	111	ZMO1697 (HxlR)	TF homology
ZM4	784630	784631	ZMO1697	24.9864	784723	ZMO1_ZMO0786	+	-93	ZMO1697 (HxlR)	TF homology
ZM4	785166	785167	ZMO1697	157.823	785341	ZMO1_ZMO0787	+	-175	ZMO1697 (HxlR)	TF homology
ZM4	797192	797193	ZMO1697	81.2488	797171	ZMO1_ZMO0794	-	-21	ZMO1697 (HxlR)	TF homology
ZM4	800771	800772	ZMO1697	18.0296	800765	ZMO1_ZMO0797	-	-6	ZMO1697 (HxlR)	TF homology
ZM4	803623	803624	ZMO1697	28.9396	803535	ZMO1_ZMO0799	-	-88	ZMO1697 (HxlR)	TF homology
ZM4	806383	806384	ZMO1697	42.2429	806307	ZMO1_ZMO0800	-	-76	ZMO1697 (HxlR)	TF homology
ZM4	809463	809464	ZMO1697	46.5603	809415	ZMO1_ZMO0803	-	-48	ZMO1697 (HxlR)	TF homology
ZM4	814816	814817	ZMO1697	39.5245	814930	ZMO1_ZMO0809	-	114	ZMO1697 (HxlR)	TF homology
ZM4	818107	818108	ZMO1697	55.3541	817968	rmuC	+	139	ZMO1697 (HxlR)	TF homology
ZM4	824497	824498	ZMO1697	4.91413	824568	cysZ	+	-71	ZMO1697 (HxlR)	TF homology
ZM4	824692	824693	ZMO1697	235.899	824568	cysZ	+	124	ZMO1697 (HxlR)	TF homology
ZM4	825594	825595	ZMO1697	5.95238	825651	ZMO1_ZMO0822	+	-57	ZMO1697 (HxlR)	TF homology
ZM4	827307	827308	ZMO1697	36.1818	827223	mraW	+	84	ZMO1697 (HxlR)	TF homology
ZM4	828801	828802	ZMO1697	2.95125	828805	pbp2	+	-4	ZMO1697 (HxlR)	TF homology
ZM4	830417	830418	ZMO1697	15.365	830520	murE	+	-103	ZMO1697 (HxlR)	TF homology
ZM4	838229	838230	ZMO1697	22.9623	838140	murC	+	89	ZMO1697 (HxlR)	TF homology
ZM4	857537	857538	ZMO1697	18.5975	857720	kefB	-	183	ZMO1697 (HxlR)	TF homology
ZM4	866611	866612	ZMO1697	52.9887	866602	ZMO1_ZMO0853	-	-9	ZMO1697 (HxlR)	TF homology
ZM4	868509	868510	ZMO1697	57.7283	868610	xseB	-	101	ZMO1697 (HxlR)	TF homology
ZM4	868718	868719	ZMO1697	21.9532	868610	xseB	-	-108	ZMO1697 (HxlR)	TF homology
ZM4	870824	870825	ZMO1697	65.2614	870905	ZMO1_ZMO0860	+	-81	ZMO1697 (HxlR)	TF homology
ZM4	878010	878011	ZMO1697	51.5732	878092	hpnA	+	-82	ZMO1697 (HxlR)	TF homology
ZM4	883224	883225	ZMO1697	12.8723	883232	shc1	+	-8	ZMO1697 (HxlR)	TF homology
ZM4	897777	897778	ZMO1697	21.7172	897621	ZMO1_ZMO0888	-	-156	ZMO1697 (HxlR)	TF homology
ZM4	901215	901216	ZMO1697	12.8723	901105	lysK	-	-110	ZMO1697 (HxlR)	TF homology
ZM4	901564	901565	ZMO1697	3.82165	901477	ZMO1_ZMO0892	+	87	ZMO1697 (HxlR)	TF homology
ZM4	906405	906406	ZMO1697	29.0674	906602	ZMO1_ZMO0895	-	197	ZMO1697 (HxlR)	TF homology
ZM4	915883	915884	ZMO1697	16.8994	915734	leuA	-	-149	ZMO1697 (HxlR)	TF homology
ZM4	919345	919346	ZMO1697	58.6373	919450	mdoD	+	-105	ZMO1697 (HxlR)	TF homology
ZM4	931361	931362	ZMO1697	1.33579	931436	ilvE	-	75	ZMO1697 (HxlR)	TF homology
ZM4	932426	932427	ZMO1697	6.52972	932379	folD	-	-47	ZMO1697 (HxlR)	TF homology
ZM4	932627	932628	ZMO1697	51.567	932606	copA	+	21	ZMO1697 (HxlR)	TF homology
ZM4	945326	945327	ZMO1697	21.8557	945279	argJ	-	-47	ZMO1697 (HxlR)	TF homology
ZM4	954060	954061	ZMO1697	23.4512	954115	zliE	-	55	ZMO1697 (HxlR)	TF homology
ZM4	955235	955236	ZMO1697	24.2513	955259	ZMO1_ZMO0936	+	-24	ZMO1697 (HxlR)	TF homology
ZM4	963957	963958	ZMO1697	55.6748	964131	scrB	-	174	ZMO1697 (HxlR)	TF homology
ZM4	974900	974901	ZMO1697	10.8383	975074	cytB	+	-174	ZMO1697 (HxlR)	TF homology
ZM4	980329	980330	ZMO1697	3.9685	980336	ZMO1_ZMO0963	-	7	ZMO1697 (HxlR)	TF homology
ZM4	981718	981719	ZMO1697	24.599	981884	ZMO1_ZMO0965	+	-166	ZMO1697 (HxlR)	TF homology
ZM4	984772	984773	ZMO1697	21.9532	984762	ZMO1_ZMO0967	+	10	ZMO1697 (HxlR)	TF homology
ZM4	989797	989798	ZMO1697	24.599	989763	ZMO1_ZMO0972	+	34	ZMO1697 (HxlR)	TF homology
ZM4	1006893	1006894	ZMO1697	4.98633	1007042	surE	-	149	ZMO1697 (HxlR)	TF homology
ZM4	1013254	1013255	ZMO1697	12.951	1013187	ZMO1_ZMO0994	-	-67	ZMO1697 (HxlR)	TF homology
ZM4	1020307	1020308	ZMO1697	52.0084	1020112	ZMO1_ZMO1001	+	195	ZMO1697 (HxlR)	TF homology
ZM4	1033918	1033919	ZMO1697	50.5236	1034085	ZMO1_ZMO1015	-	167	ZMO1697 (HxlR)	TF homology
ZM4	1034061	1034062	ZMO1697	5.83289	1034085	ZMO1_ZMO1015	-	24	ZMO1697 (HxlR)	TF homology
ZM4	1042646	1042647	ZMO1697	10.3124	1042752	nrdD	+	-106	ZMO1697 (HxlR)	TF homology
ZM4	1048974	1048975	ZMO1697	17.3477	1048782	cfa	+	192	ZMO1697 (HxlR)	TF homology
ZM4	1050008	1050009	ZMO1697	16.3443	1050055	ZMO1_ZMOt022	-	47	ZMO1697 (HxlR)	TF homology
ZM4	1054798	1054799	ZMO1697	15.94	1054607	nrdA	-	-191	ZMO1697 (HxlR)	TF homology
ZM4	1063544	1063545	ZMO1697	20.2666	1063504	ZMO1_ZMO1045	-	-40	ZMO1697 (HxlR)	TF homology
ZM4	1063962	1063963	ZMO1697	21.5851	1063770	pstS	+	192	ZMO1697 (HxlR)	TF homology
ZM4	1083390	1083391	ZMO1697	760.106	1083291	ftsY	-	-99	ZMO1697 (HxlR)	TF homology
ZM4	1087719	1087720	ZMO1697	15.0437	1087605	rimM	+	114	ZMO1697 (HxlR)	TF homology
ZM4	1099964	1099965	ZMO1697	28.1666	1099955	mltA	+	9	ZMO1697 (HxlR)	TF homology
ZM4	1101176	1101177	ZMO1697	39.9084	1101024	rlpA	+	152	ZMO1697 (HxlR)	TF homology
ZM4	1127124	1127125	ZMO1697	43.819	1126990	ZMO1_ZMO1109	-	-134	ZMO1697 (HxlR)	TF homology
ZM4	1146095	1146096	ZMO1697	64.1655	1145912	ntrX	-	-183	ZMO1697 (HxlR)	TF homology
ZM4	1164442	1164443	ZMO1697	29.2078	1164558	ZMO1_ZMO1144	-	116	ZMO1697 (HxlR)	TF homology
ZM4	1173557	1173558	ZMO1697	26.1615	1173703	frr	-	146	ZMO1697 (HxlR)	TF homology
ZM4	1176324	1176325	ZMO1697	29.8094	1176351	rpsB	-	27	ZMO1697 (HxlR)	TF homology
ZM4	1178505	1178506	ZMO1697	19.5098	1178647	pssA	-	142	ZMO1697 (HxlR)	TF homology
ZM4	1180959	1180960	ZMO1697	38.7476	1181060	phoU	+	-101	ZMO1697 (HxlR)	TF homology
ZM4	1200647	1200648	ZMO1697	22.7435	1200732	ygcA	-	85	ZMO1697 (HxlR)	TF homology
ZM4	1202361	1202362	ZMO1697	9.73734	1202183	ZMO1_ZMO1180	-	-178	ZMO1697 (HxlR)	TF homology
ZM4	1208024	1208025	ZMO1697	28.2372	1207990	fixC	-	-34	ZMO1697 (HxlR)	TF homology
ZM4	1208948	1208949	ZMO1697	10.5404	1209063	mltB	+	-115	ZMO1697 (HxlR)	TF homology
ZM4	1212846	1212847	ZMO1697	9.52133	1212869	ubiB1	+	-23	ZMO1697 (HxlR)	TF homology
ZM4	1213044	1213045	ZMO1697	457.066	1212869	ubiB1	+	175	ZMO1697 (HxlR)	TF homology
ZM4	1224606	1224607	ZMO1697	34.1921	1224689	murI	+	-83	ZMO1697 (HxlR)	TF homology
ZM4	1232310	1232311	ZMO1697	12.0163	1232276	ZMO1_ZMO1207	+	34	ZMO1697 (HxlR)	TF homology
ZM4	1247603	1247604	ZMO1697	4.80325	1247547	tatA	-	-56	ZMO1697 (HxlR)	TF homology
ZM4	1247712	1247713	ZMO1697	15.6888	1247547	tatA	-	-165	ZMO1697 (HxlR)	TF homology
ZM4	1253227	1253228	ZMO1697	78.8953	1253115	ykfB	-	-112	ZMO1697 (HxlR)	TF homology
ZM4	1261556	1261557	ZMO1697	63.6195	1261520	ZMO1_ZMO1235	-	-36	ZMO1697 (HxlR)	TF homology
ZM4	1267908	1267909	ZMO1697	28.2002	1267819	ZMO1_ZMO1243	-	-89	ZMO1697 (HxlR)	TF homology
ZM4	1269416	1269417	ZMO1697	21.475	1269437	ZMO1_ZMO1248	-	21	ZMO1697 (HxlR)	TF homology
ZM4	1269987	1269988	ZMO1697	52.5666	1270170	ZMO1_ZMO1249	-	183	ZMO1697 (HxlR)	TF homology
ZM4	1282662	1282663	ZMO1697	2.70493	1282624	ZMO1_ZMO1265	+	38	ZMO1697 (HxlR)	TF homology
ZM4	1283619	1283620	ZMO1697	20.2925	1283501	guaA	+	118	ZMO1697 (HxlR)	TF homology
ZM4	1286189	1286190	ZMO1697	78.8953	1286177	ZMO1_ZMO1268	-	-12	ZMO1697 (HxlR)	TF homology
ZM4	1286872	1286873	ZMO1697	4.98633	1286753	ZMO1_ZMO1270	+	119	ZMO1697 (HxlR)	TF homology
ZM4	1300137	1300138	ZMO1697	5.61623	1300144	sldC	-	7	ZMO1697 (HxlR)	TF homology
ZM4	1310448	1310449	ZMO1697	101.505	1310622	ZMO1_ZMO2014	-	174	ZMO1697 (HxlR)	TF homology
ZM4	1310790	1310791	ZMO1697	165.648	1310622	ZMO1_ZMO2014	-	-168	ZMO1697 (HxlR)	TF homology
ZM4	1313194	1313195	ZMO1697	24.0411	1313079	ZMO1_ZMO1298	+	115	ZMO1697 (HxlR)	TF homology
ZM4	1315595	1315596	ZMO1697	16.9293	1315744	ZMO1_ZMO2016	+	-149	ZMO1697 (HxlR)	TF homology
ZM4	1316409	1316410	ZMO1697	3.80414	1316386	bcbG	+	23	ZMO1697 (HxlR)	TF homology
ZM4	1320044	1320045	ZMO1697	50.2277	1320086	lipB	+	-42	ZMO1697 (HxlR)	TF homology
ZM4	1322317	1322318	ZMO1697	86.5695	1322277	ZMO1_ZMO1304	-	-40	ZMO1697 (HxlR)	TF homology
ZM4	1327357	1327358	ZMO1697	161.784	1327427	pepA2	-	70	ZMO1697 (HxlR)	TF homology
ZM4	1327694	1327695	ZMO1697	19.6754	1327812	ostA	+	-118	ZMO1697 (HxlR)	TF homology
ZM4	1334598	1334599	ZMO1697	40.3249	1334447	ZMO1_ZMO1315	-	-151	ZMO1697 (HxlR)	TF homology
ZM4	1345432	1345433	ZMO1697	15.3058	1345629	nagE	+	-197	ZMO1697 (HxlR)	TF homology
ZM4	1370753	1370754	ZMO1697	29.8094	1370666	motB3	-	-87	ZMO1697 (HxlR)	TF homology
ZM4	1389884	1389885	ZMO1697	21.1465	1389897	ZMO1_ZMO1374	-	13	ZMO1697 (HxlR)	TF homology
ZM4	1407403	1407404	ZMO1697	46.7382	1407392	ZMO1_ZMO1390	-	-11	ZMO1697 (HxlR)	TF homology
ZM4	1412971	1412972	ZMO1697	4.13586	1412930	ZMO1_ZMO1396	-	-41	ZMO1697 (HxlR)	TF homology
ZM4	1418085	1418086	ZMO1697	145.349	1418092	ZMO1_ZMO1403	-	7	ZMO1697 (HxlR)	TF homology
ZM4	1419119	1419120	ZMO1697	17.0105	1419004	rpoE	-	-115	ZMO1697 (HxlR)	TF homology
ZM4	1420906	1420907	ZMO1697	9.47395	1420848	ZMO1_ZMO1406	-	-58	ZMO1697 (HxlR)	TF homology
ZM4	1425930	1425931	ZMO1697	11.9257	1425926	bfr1	+	4	ZMO1697 (HxlR)	TF homology
ZM4	1428130	1428131	ZMO1697	18.3587	1428281	ZMO1_ZMO1413	-	151	ZMO1697 (HxlR)	TF homology
ZM4	1433198	1433199	ZMO1697	240.864	1433034	purE	+	164	ZMO1697 (HxlR)	TF homology
ZM4	1448795	1448796	ZMO1697	5.51292	1448762	ZMO1_ZMO1430	-	-33	ZMO1697 (HxlR)	TF homology
ZM4	1448959	1448960	ZMO1697	27.085	1449004	ZMO1_ZMO1431	-	45	ZMO1697 (HxlR)	TF homology
ZM4	1451096	1451097	ZMO1697	33.0544	1451031	ZMO1_ZMO1432	-	-65	ZMO1697 (HxlR)	TF homology
ZM4	1452692	1452693	ZMO1697	203.027	1452493	holA	-	-199	ZMO1697 (HxlR)	TF homology
ZM4	1455487	1455488	ZMO1697	30.2591	1455654	leuS	-	167	ZMO1697 (HxlR)	TF homology
ZM4	1456269	1456270	ZMO1697	206.022	1456112	ZMO1_ZMO1436	-	-157	ZMO1697 (HxlR)	TF homology
ZM4	1458715	1458716	ZMO1697	5.93801	1458600	ZMO1_ZMO1439	-	-115	ZMO1697 (HxlR)	TF homology
ZM4	1462065	1462066	ZMO1697	21.2429	1462017	ZMO1_ZMO1442	-	-48	ZMO1697 (HxlR)	TF homology
ZM4	1466889	1466890	ZMO1697	22.2009	1466827	glyQ	-	-62	ZMO1697 (HxlR)	TF homology
ZM4	1467186	1467187	ZMO1697	57.8116	1467158	ZMO1_ZMO1447	+	28	ZMO1697 (HxlR)	TF homology
ZM4	1468856	1468857	ZMO1697	39.9997	1468857	ZMO1_ZMO2070	+	-1	ZMO1697 (HxlR)	TF homology
ZM4	1473419	1473420	ZMO1697	1.40266	1473528	ZMO1_ZMO1451	-	109	ZMO1697 (HxlR)	TF homology
ZM4	1473495	1473496	ZMO1697	4.06049	1473528	ZMO1_ZMO1451	-	33	ZMO1697 (HxlR)	TF homology
ZM4	1482512	1482513	ZMO1697	12.7549	1482632	ZMO1_ZMO1461	-	120	ZMO1697 (HxlR)	TF homology
ZM4	1486332	1486333	ZMO1697	10.9482	1486337	ZMO1_ZMO1464	-	5	ZMO1697 (HxlR)	TF homology
ZM4	1500279	1500280	ZMO1697	14.5338	1500173	ZMO1_ZMO1476	+	106	ZMO1697 (HxlR)	TF homology
ZM4	1517266	1517267	ZMO1697	105.72	1517389	ZMO1_ZMO1490	+	-123	ZMO1697 (HxlR)	TF homology
ZM4	1518160	1518161	ZMO1697	10.4184	1518298	ZMO1_ZMO1491	+	-138	ZMO1697 (HxlR)	TF homology
ZM4	1518366	1518367	ZMO1697	65.1927	1518298	ZMO1_ZMO1491	+	68	ZMO1697 (HxlR)	TF homology
ZM4	1530581	1530582	ZMO1697	39.9084	1530474	hisH	-	-107	ZMO1697 (HxlR)	TF homology
ZM4	1531061	1531062	ZMO1697	51.5324	1531096	hisB	-	35	ZMO1697 (HxlR)	TF homology
ZM4	1531236	1531237	ZMO1697	5.50276	1531154	ZMO1_ZMO1504	+	82	ZMO1697 (HxlR)	TF homology
ZM4	1539262	1539263	ZMO1697	25.8927	1539434	ZMO1_ZMO1512	-	172	ZMO1697 (HxlR)	TF homology
ZM4	1543170	1543171	ZMO1697	71.7935	1543191	ZMO1_ZMO2020	-	21	ZMO1697 (HxlR)	TF homology
ZM4	1543490	1543491	ZMO1697	11.3646	1543643	rplT	-	153	ZMO1697 (HxlR)	TF homology
ZM4	1547563	1547564	ZMO1697	16.9989	1547434	ZMO1_ZMO1522	+	129	ZMO1697 (HxlR)	TF homology
ZM4	1565798	1565799	ZMO1697	43.6695	1565858	ZMO1_ZMO1533	+	-60	ZMO1697 (HxlR)	TF homology
ZM4	1597399	1597400	ZMO1697	73.434	1597231	ZMO1_ZMO1566	+	168	ZMO1697 (HxlR)	TF homology
ZM4	1632148	1632149	ZMO1697	9.1595	1631956	ZMO1_ZMO1590	-	-192	ZMO1697 (HxlR)	TF homology
ZM4	1643505	1643506	ZMO1697	18.7747	1643501	thrB	+	4	ZMO1697 (HxlR)	TF homology
ZM4	1648638	1648639	ZMO1697	26.8285	1648591	ZMO1_ZMO1604	-	-47	ZMO1697 (HxlR)	TF homology
ZM4	1653088	1653089	ZMO1697	6.96615	1653225	eno	-	137	ZMO1697 (HxlR)	TF homology
ZM4	1655029	1655030	ZMO1697	26.9948	1655228	ZMO1_ZMO1612	+	-199	ZMO1697 (HxlR)	TF homology
ZM4	1674702	1674703	ZMO1697	23.8637	1674624	ZMO1_ZMO1630	-	-78	ZMO1697 (HxlR)	TF homology
ZM4	1680993	1680994	ZMO1697	7.71599	1681049	ZMO1_ZMO1635	-	56	ZMO1697 (HxlR)	TF homology
ZM4	1681732	1681733	ZMO1697	17.3633	1681744	ZMO1_ZMO1636	-	12	ZMO1697 (HxlR)	TF homology
ZM4	1685512	1685513	ZMO1697	16.9396	1685568	ZMO1_ZMO1641	+	-56	ZMO1697 (HxlR)	TF homology
ZM4	1687554	1687555	ZMO1697	20.4932	1687564	tyrS	+	-10	ZMO1697 (HxlR)	TF homology
ZM4	1691283	1691284	ZMO1697	23.3067	1691140	ZMO1_ZMO1646	+	143	ZMO1697 (HxlR)	TF homology
ZM4	1696665	1696666	ZMO1697	60.7191	1696607	gnl	+	58	ZMO1697 (HxlR)	TF homology
ZM4	1708856	1708857	ZMO1697	35.759	1708827	ftsH	+	29	ZMO1697 (HxlR)	TF homology
ZM4	1717200	1717201	ZMO1697	36.0134	1717034	dsbB	+	166	ZMO1697 (HxlR)	TF homology
ZM4	1717602	1717603	ZMO1697	21.9515	1717609	ubiB2	+	-7	ZMO1697 (HxlR)	TF homology
ZM4	1720653	1720654	ZMO1697	57.2913	1720676	ZMO1_ZMO1673	-	23	ZMO1697 (HxlR)	TF homology
ZM4	1725595	1725596	ZMO1697	3.23995	1725579	ZMO1_ZMO1679	-	-16	ZMO1697 (HxlR)	TF homology
ZM4	1730241	1730242	ZMO1697	24.6072	1730156	ansA	+	85	ZMO1697 (HxlR)	TF homology
ZM4	1746610	1746611	ZMO1697	39.0366	1746651	ZMO1_ZMO1694	-	41	ZMO1697 (HxlR)	TF homology
ZM4	1748711	1748712	ZMO1697	1792.38	1748743	ZMO1_ZMO1697	+	-32	ZMO1697 (HxlR)	TF homology
ZM4	1755698	1755699	ZMO1697	27.7214	1755612	ZMO1_ZMO1703	+	86	ZMO1697 (HxlR)	TF homology
ZM4	1763724	1763725	ZMO1697	223.793	1763628	rpsU	-	-96	ZMO1697 (HxlR)	TF homology
ZM4	1765749	1765750	ZMO1697	33.1661	1765793	exbB	-	44	ZMO1697 (HxlR)	TF homology
ZM4	1772918	1772919	ZMO1697	61.6822	1773101	ZMO1_ZMO2026	-	183	ZMO1697 (HxlR)	TF homology
ZM4	1773021	1773022	ZMO1697	41.4262	1773101	ZMO1_ZMO2026	-	80	ZMO1697 (HxlR)	TF homology
ZM4	1774806	1774807	ZMO1697	56.7091	1774906	ZMO1_ZMO1725	-	100	ZMO1697 (HxlR)	TF homology
ZM4	1776902	1776903	ZMO1697	2.98401	1776944	ZMO1_ZMO1728	-	42	ZMO1697 (HxlR)	TF homology
ZM4	1777392	1777393	ZMO1697	63.2981	1777409	ZMO1_ZMO1729	-	17	ZMO1697 (HxlR)	TF homology
ZM4	1779159	1779160	ZMO1697	9.86709	1779066	ahpC	-	-93	ZMO1697 (HxlR)	TF homology
ZM4	1782643	1782644	ZMO1697	78.6782	1782835	ZMO1_ZMO1735	-	192	ZMO1697 (HxlR)	TF homology
ZM4	1782820	1782821	ZMO1697	9.41636	1782835	ZMO1_ZMO1735	-	15	ZMO1697 (HxlR)	TF homology
ZM4	1783906	1783907	ZMO1697	21.9921	1783891	ZMO1_ZMO1738	-	-15	ZMO1697 (HxlR)	TF homology
ZM4	1794603	1794604	ZMO1697	23.8909	1794544	mlaA	+	59	ZMO1697 (HxlR)	TF homology
ZM4	1796263	1796264	ZMO1697	139.102	1796148	ZMO1_ZMO1750	-	-115	ZMO1697 (HxlR)	TF homology
ZM4	1796954	1796955	ZMO1697	93.7783	1797110	ZMO1_ZMO1751	+	-156	ZMO1697 (HxlR)	TF homology
ZM4	1806381	1806382	ZMO1697	34.925	1806252	ZMO1_ZMO1759	-	-129	ZMO1697 (HxlR)	TF homology
ZM4	1807593	1807594	ZMO1697	40.2807	1807576	ZMO1_ZMO1760	-	-17	ZMO1697 (HxlR)	TF homology
ZM4	1816465	1816466	ZMO1697	41.3182	1816325	argH	-	-140	ZMO1697 (HxlR)	TF homology
ZM4	1820039	1820040	ZMO1697	31.6223	1819920	ZMO1_ZMO1773	-	-119	ZMO1697 (HxlR)	TF homology
ZM4	1820736	1820737	ZMO1697	33.8772	1820724	ZMO1_ZMO1775	-	-12	ZMO1697 (HxlR)	TF homology
ZM4	1823961	1823962	ZMO1697	59.8151	1824074	ZMO1_ZMO1777	+	-113	ZMO1697 (HxlR)	TF homology
ZM4	1826698	1826699	ZMO1697	6.22593	1826834	ZMO1_ZMO1779	-	136	ZMO1697 (HxlR)	TF homology
ZM4	1842920	1842921	ZMO1697	37.3806	1843003	rpsA	+	-83	ZMO1697 (HxlR)	TF homology
ZM4	1852494	1852495	ZMO1697	38.5271	1852587	rfnH	-	93	ZMO1697 (HxlR)	TF homology
ZM4	1855023	1855024	ZMO1697	24.1004	1855047	rnfD	-	24	ZMO1697 (HxlR)	TF homology
ZM4	1857695	1857696	ZMO1697	316.609	1857781	rnfA	-	86	ZMO1697 (HxlR)	TF homology
ZM4	1864963	1864964	ZMO1697	27.2358	1865094	fixU	+	-131	ZMO1697 (HxlR)	TF homology
ZM4	1876747	1876748	ZMO1697	4.04975	1876822	nifQ	+	-75	ZMO1697 (HxlR)	TF homology
ZM4	1898344	1898345	ZMO1697	60.4687	1898359	ZMO1_ZMO1857	+	-15	ZMO1697 (HxlR)	TF homology
ZM4	1911376	1911377	ZMO1697	13.5169	1911456	ZMO1_ZMO1862	-	80	ZMO1697 (HxlR)	TF homology
ZM4	1922335	1922336	ZMO1697	435.921	1922508	ZMO1_ZMO1867	-	173	ZMO1697 (HxlR)	TF homology
ZM4	1923479	1923480	ZMO1697	14.7175	1923340	birA	-	-139	ZMO1697 (HxlR)	TF homology
ZM4	1929862	1929863	ZMO1697	45.3158	1929860	valS	+	2	ZMO1697 (HxlR)	TF homology
ZM4	1933486	1933487	ZMO1697	2.77071	1933641	ZMO1_ZMO1880	+	-155	ZMO1697 (HxlR)	TF homology
ZM4	1934724	1934725	ZMO1697	116.42	1934572	ZMO1_ZMOt049	+	152	ZMO1697 (HxlR)	TF homology
ZM4	1935146	1935147	ZMO1697	11.7668	1935003	ZMO1_ZMO1882	+	143	ZMO1697 (HxlR)	TF homology
ZM4	1937860	1937861	ZMO1697	126.987	1937863	ZMO1_ZMO1884	-	3	ZMO1697 (HxlR)	TF homology
ZM4	1952725	1952726	ZMO1697	131.669	1952869	plsX	-	144	ZMO1697 (HxlR)	TF homology
ZM4	1956090	1956091	ZMO1697	33.5155	1956053	hemC	-	-37	ZMO1697 (HxlR)	TF homology
ZM4	1956219	1956220	ZMO1697	16.8764	1956053	hemC	-	-166	ZMO1697 (HxlR)	TF homology
ZM4	1961683	1961684	ZMO1697	30.1419	1961504	mutS	-	-179	ZMO1697 (HxlR)	TF homology
ZM4	1962027	1962028	ZMO1697	20.4622	1962126	ZMO1_ZMO1908	-	99	ZMO1697 (HxlR)	TF homology
ZM4	1963185	1963186	ZMO1697	25.2762	1963046	rplY	+	139	ZMO1697 (HxlR)	TF homology
ZM4	1971141	1971142	ZMO1697	14.3154	1971065	bioA	+	76	ZMO1697 (HxlR)	TF homology
ZM4	1977758	1977759	ZMO1697	24.7324	1977631	ZMO1_ZMO1923	+	127	ZMO1697 (HxlR)	TF homology
ZM4	1980036	1980037	ZMO1697	10.498	1980071	ZMO1_ZMO1924	-	35	ZMO1697 (HxlR)	TF homology
ZM4	1994262	1994263	ZMO1697	6.1522	1994383	ZMO1_ZMO2033	-	121	ZMO1697 (HxlR)	TF homology
ZM4	1994510	1994511	ZMO1697	47.7697	1994546	ZMO1_ZMO2034	+	-36	ZMO1697 (HxlR)	TF homology
ZM4	2008067	2008068	ZMO1697	23.4112	2008129	ZMO1_ZMO2039	+	-62	ZMO1697 (HxlR)	TF homology
ZM4	2009439	2009440	ZMO1697	31.6028	2009354	panB1	+	85	ZMO1697 (HxlR)	TF homology
ZM4	2010202	2010203	ZMO1697	122.264	2010274	panC2	+	-72	ZMO1697 (HxlR)	TF homology
ZM4	2017216	2017217	ZMO1697	10.4047	2017113	ZMO1_ZMO1958	-	-103	ZMO1697 (HxlR)	TF homology
ZM4	2027259	2027260	ZMO1697	39.1524	2027344	gltX2	-	85	ZMO1697 (HxlR)	TF homology
ZM4	2046989	2046990	ZMO1697	32.0427	2046934	ZMO1_ZMO1984	+	55	ZMO1697 (HxlR)	TF homology
ZM4	2053880	2053881	ZMO1697	26.3235	2053717	qor	+	163	ZMO1697 (HxlR)	TF homology
pZM32	5022	5023	ZMO1697	23.0734	5045	ZMO1_ZMOp32x004	+	-23	ZMO1697 (HxlR)	TF homology
pZM32	19829	19830	ZMO1697	25.3756	19760	ZMO1_ZMOp32x030	-	-69	ZMO1697 (HxlR)	TF homology
pZM32	28921	28922	ZMO1697	17.6874	28902	ZMO1_ZMOp32x034	+	19	ZMO1697 (HxlR)	TF homology
pZM33	4816	4817	ZMO1697	19.0712	4762	ZMO1_ZMOp33x009	+	54	ZMO1697 (HxlR)	TF homology
pZM33	14985	14986	ZMO1697	36.7237	15161	ZMO1_ZMOp33x019	-	176	ZMO1697 (HxlR)	TF homology
pZM33	24989	24990	ZMO1697	50.0232	24835	ZMO1_ZMOp33x027	-	-154	ZMO1697 (HxlR)	TF homology
pZM33	28731	28732	ZMO1697	83.629	28862	ZMO1_ZMOp33x032	-	131	ZMO1697 (HxlR)	TF homology
pZM36	1465	1466	ZMO1697	92.1339	1362	ZMO1_ZMOp36x004	+	103	ZMO1697 (HxlR)	TF homology
pZM36	15232	15233	ZMO1697	26.9565	15080	ZMO1_ZMOp36x018	-	-152	ZMO1697 (HxlR)	TF homology
pZM36	22574	22575	ZMO1697	4.00656	22436	ZMO1_ZMOp36x029	-	-138	ZMO1697 (HxlR)	TF homology
pZM36	24392	24393	ZMO1697	22.3243	24267	ZMO1_ZMOp36x033	+	125	ZMO1697 (HxlR)	TF homology
pZM36	35748	35749	ZMO1697	60.9169	35741	ZMO1_ZMOp36x046	+	7	ZMO1697 (HxlR)	TF homology
pZM39	34763	34764	ZMO1697	64.7129	34876	ZMO1_ZMOp39x031	+	-113	ZMO1697 (HxlR)	TF homology
ZM4	59719	59720	ZMO1733	26.8913	59626	ZMO1_ZMO0066	+	93	ZMO1733 (OxyR)	TF homology
ZM4	997152	997153	ZMO1733	24.8657	997005	ZMO1_ZMO0979	+	147	ZMO1733 (OxyR)	TF homology
ZM4	1779225	1779226	ZMO1733	18.9676	1779258	oxyR	+	-33	ZMO1733 (OxyR)	TF homology
ZM4	6833	6834	ZMO1787	244.998	6688	cysD	-	-145	ZMO1787 (0.93)	Predicted DBD
ZM4	17384	17385	ZMO1787	333.626	17332	hrcA	+	52	ZMO1787 (0.93)	Predicted DBD
ZM4	19001	19002	ZMO1787	82.0901	18994	ZMO1_ZMO0017	+	7	ZMO1787 (0.93)	Predicted DBD
ZM4	20686	20687	ZMO1787	39.544	20552	rpe	+	134	ZMO1787 (0.93)	Predicted DBD
ZM4	23875	23876	ZMO1787	39.8801	23799	ZMO1_ZMO0020	-	-76	ZMO1787 (0.93)	Predicted DBD
ZM4	25088	25089	ZMO1787	123.93	25238	ykgF	-	150	ZMO1787 (0.93)	Predicted DBD
ZM4	25214	25215	ZMO1787	69.8371	25238	ykgF	-	24	ZMO1787 (0.93)	Predicted DBD
ZM4	37884	37885	ZMO1787	105.469	37836	ZMO1_ZMO0033	-	-48	ZMO1787 (0.93)	Predicted DBD
ZM4	39109	39110	ZMO1787	981.918	38960	ZMO1_ZMO0036	-	-149	ZMO1787 (0.93)	Predicted DBD
ZM4	46111	46112	ZMO1787	792.91	46170	ZMO1_ZMO0050	+	-59	ZMO1787 (0.93)	Predicted DBD
ZM4	48306	48307	ZMO1787	160.051	48424	cynX	-	118	ZMO1787 (0.93)	Predicted DBD
ZM4	57420	57421	ZMO1787	321.859	57528	ZMO1_ZMO0062	-	108	ZMO1787 (0.93)	Predicted DBD
ZM4	70389	70390	ZMO1787	23.8527	70326	cheD	-	-63	ZMO1787 (0.93)	Predicted DBD
ZM4	71462	71463	ZMO1787	191.076	71406	cheB1	-	-56	ZMO1787 (0.93)	Predicted DBD
ZM4	74878	74879	ZMO1787	101.158	74882	cheX	-	4	ZMO1787 (0.93)	Predicted DBD
ZM4	76202	76203	ZMO1787	271.804	76369	mcp	-	167	ZMO1787 (0.93)	Predicted DBD
ZM4	79604	79605	ZMO1787	614.6	79592	ZMO1_ZMO0087	-	-12	ZMO1787 (0.93)	Predicted DBD
ZM4	80327	80328	ZMO1787	258.9	80422	ZMO1_ZMO0088	-	95	ZMO1787 (0.93)	Predicted DBD
ZM4	82373	82374	ZMO1787	52.606	82557	ZMO1_ZMO0090	-	184	ZMO1787 (0.93)	Predicted DBD
ZM4	83962	83963	ZMO1787	225.783	83860	bioB	+	102	ZMO1787 (0.93)	Predicted DBD
ZM4	95325	95326	ZMO1787	198.675	95276	ZMO1_ZMO0109	+	49	ZMO1787 (0.93)	Predicted DBD
ZM4	104425	104426	ZMO1787	155.533	104520	hcp	+	-95	ZMO1787 (0.93)	Predicted DBD
ZM4	106401	106402	ZMO1787	466.172	106316	nhaA	+	85	ZMO1787 (0.93)	Predicted DBD
ZM4	112510	112511	ZMO1787	36.3414	112699	ZMO1_ZMO0124	-	189	ZMO1787 (0.93)	Predicted DBD
ZM4	115724	115725	ZMO1787	1215.84	115551	ZMO1_ZMO0127	-	-173	ZMO1787 (0.93)	Predicted DBD
ZM4	121934	121935	ZMO1787	45.6905	121837	ZMO1_ZMO0133	+	97	ZMO1787 (0.93)	Predicted DBD
ZM4	125126	125127	ZMO1787	64.5342	125250	ZMO1_ZMO0134	+	-124	ZMO1787 (0.93)	Predicted DBD
ZM4	130499	130500	ZMO1787	10.8898	130360	ptpA	-	-139	ZMO1787 (0.93)	Predicted DBD
ZM4	130684	130685	ZMO1787	111.788	130699	ZMO1_ZMO0142	+	-15	ZMO1787 (0.93)	Predicted DBD
ZM4	130843	130844	ZMO1787	39.7737	130699	ZMO1_ZMO0142	+	144	ZMO1787 (0.93)	Predicted DBD
ZM4	134199	134200	ZMO1787	32.951	134054	ZMO1_ZMO0145	+	145	ZMO1787 (0.93)	Predicted DBD
ZM4	137184	137185	ZMO1787	1153.3	137198	ZMO1_ZMO0148	-	14	ZMO1787 (0.93)	Predicted DBD
ZM4	138222	138223	ZMO1787	51.9125	138078	trmB	-	-144	ZMO1787 (0.93)	Predicted DBD
ZM4	140465	140466	ZMO1787	1226.64	140478	pyk	-	13	ZMO1787 (0.93)	Predicted DBD
ZM4	146918	146919	ZMO1787	56.8525	146899	tolQ	+	19	ZMO1787 (0.93)	Predicted DBD
ZM4	147704	147705	ZMO1787	41.7496	147609	tolR	+	95	ZMO1787 (0.93)	Predicted DBD
ZM4	149265	149266	ZMO1787	96.3396	149279	tolB	+	-14	ZMO1787 (0.93)	Predicted DBD
ZM4	150606	150607	ZMO1787	179.122	150782	ZMO1_ZMO0166	+	-176	ZMO1787 (0.93)	Predicted DBD
ZM4	152928	152929	ZMO1787	59.8011	152938	ZMO1_ZMO2000	-	10	ZMO1787 (0.93)	Predicted DBD
ZM4	161174	161175	ZMO1787	223.544	161129	ZMO1_ZMO0174	-	-45	ZMO1787 (0.93)	Predicted DBD
ZM4	169367	169368	ZMO1787	172.836	169279	ispG	-	-88	ZMO1787 (0.93)	Predicted DBD
ZM4	194463	194464	ZMO1787	1841.41	194368	lexA	-	-95	ZMO1787 (0.93)	Predicted DBD
ZM4	196116	196117	ZMO1787	125.915	196170	trpG	-	54	ZMO1787 (0.93)	Predicted DBD
ZM4	196258	196259	ZMO1787	6.27606	196170	trpG	-	-88	ZMO1787 (0.93)	Predicted DBD
ZM4	197248	197249	ZMO1787	193.806	197163	mcpA1	+	85	ZMO1787 (0.93)	Predicted DBD
ZM4	199621	199622	ZMO1787	154.259	199613	czcD	+	8	ZMO1787 (0.93)	Predicted DBD
ZM4	204654	204655	ZMO1787	7.3293	204552	rpmA	-	-102	ZMO1787 (0.93)	Predicted DBD
ZM4	210848	210849	ZMO1787	77.9197	210662	ZMO1_ZMO0215	+	186	ZMO1787 (0.93)	Predicted DBD
ZM4	213416	213417	ZMO1787	55.0856	213316	helY	+	100	ZMO1787 (0.93)	Predicted DBD
ZM4	219671	219672	ZMO1787	310.687	219610	metW	-	-61	ZMO1787 (0.93)	Predicted DBD
ZM4	226386	226387	ZMO1787	548.469	226189	ZMO1_ZMO0229	+	197	ZMO1787 (0.93)	Predicted DBD
ZM4	234144	234145	ZMO1787	12.235900000000001	234261	atpH	+	-117	ZMO1787 (0.93)	Predicted DBD
ZM4	234263	234264	ZMO1787	19.6165	234262	ZMO1_ZMO2046	-	-1	ZMO1787 (0.93)	Predicted DBD
ZM4	237181	237182	ZMO1787	21.7572	237306	atpD	+	-125	ZMO1787 (0.93)	Predicted DBD
ZM4	241235	241236	ZMO1787	66.9729	241393	hslV	+	-158	ZMO1787 (0.93)	Predicted DBD
ZM4	244444	244445	ZMO1787	162.811	244367	ZMO1_ZMO0251	+	77	ZMO1787 (0.93)	Predicted DBD
ZM4	267406	267407	ZMO1787	369.36	267535	ZMO1_ZMO0264	-	129	ZMO1787 (0.93)	Predicted DBD
ZM4	271784	271785	ZMO1787	86.132	271984	ZMO1_ZMO0267	-	200	ZMO1787 (0.93)	Predicted DBD
ZM4	273266	273267	ZMO1787	88.7655	273463	ZMO1_ZMO0268	-	197	ZMO1787 (0.93)	Predicted DBD
ZM4	276839	276840	ZMO1787	299.556	276929	ZMO1_ZMO2001	-	90	ZMO1787 (0.93)	Predicted DBD
ZM4	276998	276999	ZMO1787	384.526	276929	ZMO1_ZMO2001	-	-69	ZMO1787 (0.93)	Predicted DBD
ZM4	282530	282531	ZMO1787	284.895	282634	ZMO1_ZMO0275	-	104	ZMO1787 (0.93)	Predicted DBD
ZM4	282791	282792	ZMO1787	154.768	282634	ZMO1_ZMO0275	-	-157	ZMO1787 (0.93)	Predicted DBD
ZM4	284049	284050	ZMO1787	203.401	284089	lptC	-	40	ZMO1787 (0.93)	Predicted DBD
ZM4	285079	285080	ZMO1787	18.129	285023	ZMO1_ZMO0279	+	56	ZMO1787 (0.93)	Predicted DBD
ZM4	293580	293581	ZMO1787	401.29	293738	ZMO1_ZMO0286	-	158	ZMO1787 (0.93)	Predicted DBD
ZM4	297364	297365	ZMO1787	332.758	297469	lgt	-	105	ZMO1787 (0.93)	Predicted DBD
ZM4	300630	300631	ZMO1787	442.251	300450	ZMO1_ZMO0296	+	180	ZMO1787 (0.93)	Predicted DBD
ZM4	301009	301010	ZMO1787	26.429	301181	ZMO1_ZMO0297	+	-172	ZMO1787 (0.93)	Predicted DBD
ZM4	303411	303412	ZMO1787	769.788	303302	ZMO1_ZMO0298	-	-109	ZMO1787 (0.93)	Predicted DBD
ZM4	312565	312566	ZMO1787	52.8653	312600	ZMO1_ZMO0309	+	-35	ZMO1787 (0.93)	Predicted DBD
ZM4	320074	320075	ZMO1787	115.085	319950	ZMO1_ZMOt004	-	-124	ZMO1787 (0.93)	Predicted DBD
ZM4	325003	325004	ZMO1787	29.8066	325021	lspA	+	-18	ZMO1787 (0.93)	Predicted DBD
ZM4	325732	325733	ZMO1787	49.8537	325630	ZMO1_ZMO0325	+	102	ZMO1787 (0.93)	Predicted DBD
ZM4	334267	334268	ZMO1787	71.7382	334276	exoC	+	-9	ZMO1787 (0.93)	Predicted DBD
ZM4	344007	344008	ZMO1787	93.0842	343859	hflX	+	148	ZMO1787 (0.93)	Predicted DBD
ZM4	346770	346771	ZMO1787	36.1901	346817	ZMO1_ZMO0351	+	-47	ZMO1787 (0.93)	Predicted DBD
ZM4	346978	346979	ZMO1787	786.234	346817	ZMO1_ZMO0351	+	161	ZMO1787 (0.93)	Predicted DBD
ZM4	352049	352050	ZMO1787	21.9873	352177	ZMO1_ZMO0352	+	-128	ZMO1787 (0.93)	Predicted DBD
ZM4	352281	352282	ZMO1787	332.15	352177	ZMO1_ZMO0352	+	104	ZMO1787 (0.93)	Predicted DBD
ZM4	359377	359378	ZMO1787	45.9507	359486	ZMO1_ZMO0357	+	-109	ZMO1787 (0.93)	Predicted DBD
ZM4	359619	359620	ZMO1787	145.079	359486	ZMO1_ZMO0357	+	133	ZMO1787 (0.93)	Predicted DBD
ZM4	360104	360105	ZMO1787	666.294	360165	mrdA	+	-61	ZMO1787 (0.93)	Predicted DBD
ZM4	362166	362167	ZMO1787	43.377	362108	mrdB	+	58	ZMO1787 (0.93)	Predicted DBD
ZM4	363874	363875	ZMO1787	70.5398	363839	ZMO1_ZMO0361	+	35	ZMO1787 (0.93)	Predicted DBD
ZM4	367387	367388	ZMO1787	9.55715	367279	tgt	+	108	ZMO1787 (0.93)	Predicted DBD
ZM4	370947	370948	ZMO1787	36.5955	371081	glf	+	-134	ZMO1787 (0.93)	Predicted DBD
ZM4	374006	374007	ZMO1787	598.813	374098	edd	+	-92	ZMO1787 (0.93)	Predicted DBD
ZM4	376013	376014	ZMO1787	37.8182	376054	glk	+	-41	ZMO1787 (0.93)	Predicted DBD
ZM4	379302	379303	ZMO1787	136.615	379203	ZMO1_ZMO0373	-	-99	ZMO1787 (0.93)	Predicted DBD
ZM4	385681	385682	ZMO1787	64.3344	385622	alkA	+	59	ZMO1787 (0.93)	Predicted DBD
ZM4	386305	386306	ZMO1787	302.853	386326	ZMO1_ZMO0378	+	-21	ZMO1787 (0.93)	Predicted DBD
ZM4	387021	387022	ZMO1787	41.5738	386832	ZMO1_ZMO0379	+	189	ZMO1787 (0.93)	Predicted DBD
ZM4	390379	390380	ZMO1787	27.7669	390350	ZMO1_ZMO0381	+	29	ZMO1787 (0.93)	Predicted DBD
ZM4	393212	393213	ZMO1787	139.326	393157	ZMO1_ZMO0388	+	55	ZMO1787 (0.93)	Predicted DBD
ZM4	393359	393360	ZMO1787	17.0624	393493	ZMO1_ZMO0389	+	-134	ZMO1787 (0.93)	Predicted DBD
ZM4	395799	395800	ZMO1787	85.179	395791	ZMO1_ZMO0392	+	8	ZMO1787 (0.93)	Predicted DBD
ZM4	397700	397701	ZMO1787	726.552	397833	ZMO1_ZMO0395	+	-133	ZMO1787 (0.93)	Predicted DBD
ZM4	407065	407066	ZMO1787	119.059	406965	ZMO1_ZMOt006	+	100	ZMO1787 (0.93)	Predicted DBD
ZM4	407715	407716	ZMO1787	138.238	407712	clpA	+	3	ZMO1787 (0.93)	Predicted DBD
ZM4	410979	410980	ZMO1787	272.813	410944	ZMO1_ZMO0406	-	-35	ZMO1787 (0.93)	Predicted DBD
ZM4	411056	411057	ZMO1787	229.212	411096	ZMO1_ZMO0407	+	-40	ZMO1787 (0.93)	Predicted DBD
ZM4	412211	412212	ZMO1787	24.7885	412023	argD	+	188	ZMO1787 (0.93)	Predicted DBD
ZM4	415452	415453	ZMO1787	51.5812	415312	gyrB1	+	140	ZMO1787 (0.93)	Predicted DBD
ZM4	420505	420506	ZMO1787	563.486	420599	ftsX	+	-94	ZMO1787 (0.93)	Predicted DBD
ZM4	421693	421694	ZMO1787	33.7377	421506	ZMO1_ZMO0418	+	187	ZMO1787 (0.93)	Predicted DBD
ZM4	427449	427450	ZMO1787	977.736	427419	sufC	+	30	ZMO1787 (0.93)	Predicted DBD
ZM4	428054	428055	ZMO1787	458.38	428168	sufD	+	-114	ZMO1787 (0.93)	Predicted DBD
ZM4	430902	430903	ZMO1787	31.3837	430973	ZMO1_ZMO0429	+	-71	ZMO1787 (0.93)	Predicted DBD
ZM4	433764	433765	ZMO1787	476.385	433911	rocF	-	147	ZMO1787 (0.93)	Predicted DBD
ZM4	435987	435988	ZMO1787	145.407	436033	ZMO1_ZMO0436	-	46	ZMO1787 (0.93)	Predicted DBD
ZM4	436861	436862	ZMO1787	7.02816	436667	rluC	+	194	ZMO1787 (0.93)	Predicted DBD
ZM4	437913	437914	ZMO1787	310.126	437901	ZMO1_ZMO0440	+	12	ZMO1787 (0.93)	Predicted DBD
ZM4	441078	441079	ZMO1787	361.916	441045	ZMO1_ZMO0444	+	33	ZMO1787 (0.93)	Predicted DBD
ZM4	442099	442100	ZMO1787	56.5002	442088	ZMO1_ZMO0445	+	11	ZMO1787 (0.93)	Predicted DBD
ZM4	445263	445264	ZMO1787	156.264	445109	ZMO1_ZMO0447	+	154	ZMO1787 (0.93)	Predicted DBD
ZM4	446924	446925	ZMO1787	507.276	446919	ZMO1_ZMO0449	+	5	ZMO1787 (0.93)	Predicted DBD
ZM4	447098	447099	ZMO1787	322.853	446919	ZMO1_ZMO0449	+	179	ZMO1787 (0.93)	Predicted DBD
ZM4	449303	449304	ZMO1787	17.0624	449257	engA	+	46	ZMO1787 (0.93)	Predicted DBD
ZM4	452624	452625	ZMO1787	229.198	452788	ZMO1_ZMO0456	+	-164	ZMO1787 (0.93)	Predicted DBD
ZM4	452795	452796	ZMO1787	632.222	452788	ZMO1_ZMO0456	+	7	ZMO1787 (0.93)	Predicted DBD
ZM4	460639	460640	ZMO1787	168.241	460611	tpiA	-	-28	ZMO1787 (0.93)	Predicted DBD
ZM4	466806	466807	ZMO1787	163.853	466804	ZMO1_ZMO0472	-	-2	ZMO1787 (0.93)	Predicted DBD
ZM4	469100	469101	ZMO1787	4.68337	469191	ribC	-	91	ZMO1787 (0.93)	Predicted DBD
ZM4	469274	469275	ZMO1787	444.941	469191	ribC	-	-83	ZMO1787 (0.93)	Predicted DBD
ZM4	470732	470733	ZMO1787	172.802	470814	ZMO1_ZMO0478	+	-82	ZMO1787 (0.93)	Predicted DBD
ZM4	480536	480537	ZMO1787	78.431	480502	ZMO1_ZMO0486	+	34	ZMO1787 (0.93)	Predicted DBD
ZM4	483510	483511	ZMO1787	37.0065	483539	ZMO1_ZMOt008	-	29	ZMO1787 (0.93)	Predicted DBD
ZM4	488285	488286	ZMO1787	146.766	488429	glnA	+	-144	ZMO1787 (0.93)	Predicted DBD
ZM4	488595	488596	ZMO1787	23.2675	488429	glnA	+	166	ZMO1787 (0.93)	Predicted DBD
ZM4	490217	490218	ZMO1787	260.176	490037	ZMO1_ZMO0494	+	180	ZMO1787 (0.93)	Predicted DBD
ZM4	497678	497679	ZMO1787	73.1495	497630	ZMO1_ZMO0496	-	-48	ZMO1787 (0.93)	Predicted DBD
ZM4	506841	506842	ZMO1787	9.25447	506689	ZMO1_ZMO0503	+	152	ZMO1787 (0.93)	Predicted DBD
ZM4	510632	510633	ZMO1787	13.9108	510432	ZMO1_ZMO0509	+	200	ZMO1787 (0.93)	Predicted DBD
ZM4	512890	512891	ZMO1787	524.899	512750	ZMO1_ZMO0511	+	140	ZMO1787 (0.93)	Predicted DBD
ZM4	515980	515981	ZMO1787	226.921	516150	rpsG	+	-170	ZMO1787 (0.93)	Predicted DBD
ZM4	516792	516793	ZMO1787	612.017	516679	ZMO1_ZMO0515	+	113	ZMO1787 (0.93)	Predicted DBD
ZM4	518998	518999	ZMO1787	60.2304	518855	ZMO1_ZMO0516	+	143	ZMO1787 (0.93)	Predicted DBD
ZM4	521628	521629	ZMO1787	84.442	521512	rplD	+	116	ZMO1787 (0.93)	Predicted DBD
ZM4	523405	523406	ZMO1787	71.4163	523283	ZMO1_ZMO2004	+	122	ZMO1787 (0.93)	Predicted DBD
ZM4	525774	525775	ZMO1787	189.047	525669	rplN	+	105	ZMO1787 (0.93)	Predicted DBD
ZM4	526036	526037	ZMO1787	335.336	526040	rplX	+	-4	ZMO1787 (0.93)	Predicted DBD
ZM4	527138	527139	ZMO1787	117.935	527291	rpsH	+	-153	ZMO1787 (0.93)	Predicted DBD
ZM4	529380	529381	ZMO1787	15.7198	529285	rpmD	+	95	ZMO1787 (0.93)	Predicted DBD
ZM4	533061	533062	ZMO1787	283.342	533249	rpsK	+	-188	ZMO1787 (0.93)	Predicted DBD
ZM4	535531	535532	ZMO1787	29.2331	535479	ZMO1_ZMOt009	+	52	ZMO1787 (0.93)	Predicted DBD
ZM4	540754	540755	ZMO1787	36.9015	540603	trpC	-	-151	ZMO1787 (0.93)	Predicted DBD
ZM4	545502	545503	ZMO1787	233.063	545618	ZMO1_ZMO0548	-	116	ZMO1787 (0.93)	Predicted DBD
ZM4	550293	550294	ZMO1787	172.039	550356	rbfA	-	63	ZMO1787 (0.93)	Predicted DBD
ZM4	553648	553649	ZMO1787	50.2281	553472	infB	-	-176	ZMO1787 (0.93)	Predicted DBD
ZM4	556428	556429	ZMO1787	1.7855	556453	ZMO1_ZMO0557	-	25	ZMO1787 (0.93)	Predicted DBD
ZM4	575497	575498	ZMO1787	30.9545	575639	ZMO1_ZMO0572	+	-142	ZMO1787 (0.93)	Predicted DBD
ZM4	588354	588355	ZMO1787	608.772	588463	trpA	-	109	ZMO1787 (0.93)	Predicted DBD
ZM4	589709	589710	ZMO1787	61.8663	589686	trpB	-	-23	ZMO1787 (0.93)	Predicted DBD
ZM4	591269	591270	ZMO1787	178.13	591141	pyrF	-	-128	ZMO1787 (0.93)	Predicted DBD
ZM4	593094	593095	ZMO1787	30.1127	592926	ZMO1_ZMO0590	+	168	ZMO1787 (0.93)	Predicted DBD
ZM4	593944	593945	ZMO1787	263.713	593866	ZMO1_ZMO0591	+	78	ZMO1787 (0.93)	Predicted DBD
ZM4	598569	598570	ZMO1787	245.327	598444	xerD	+	125	ZMO1787 (0.93)	Predicted DBD
ZM4	605117	605118	ZMO1787	36.699	605049	motB1	-	-68	ZMO1787 (0.93)	Predicted DBD
ZM4	605880	605881	ZMO1787	207.752	605964	motA1	-	84	ZMO1787 (0.93)	Predicted DBD
ZM4	607115	607116	ZMO1787	63.5173	607024	flgL	-	-91	ZMO1787 (0.93)	Predicted DBD
ZM4	610948	610949	ZMO1787	39.5536	610817	flgH	-	-131	ZMO1787 (0.93)	Predicted DBD
ZM4	611674	611675	ZMO1787	108.567	611610	flgG	-	-64	ZMO1787 (0.93)	Predicted DBD
ZM4	612331	612332	ZMO1787	345.929	612412	flgF	-	81	ZMO1787 (0.93)	Predicted DBD
ZM4	616029	616030	ZMO1787	98.5205	616162	motB2	+	-133	ZMO1787 (0.93)	Predicted DBD
ZM4	618196	618197	ZMO1787	30.9621	618042	flgM	+	154	ZMO1787 (0.93)	Predicted DBD
ZM4	619318	619319	ZMO1787	1052.27	619200	flhA	+	118	ZMO1787 (0.93)	Predicted DBD
ZM4	621378	621379	ZMO1787	94.9911	621324	flhG	+	54	ZMO1787 (0.93)	Predicted DBD
ZM4	623803	623804	ZMO1787	176.998	623756	ZMO1_ZMO0628	+	47	ZMO1787 (0.93)	Predicted DBD
ZM4	625297	625298	ZMO1787	155.993	625309	fliC	-	12	ZMO1787 (0.93)	Predicted DBD
ZM4	625951	625952	ZMO1787	806.56	626011	ZMO1_ZMO0631	+	-60	ZMO1787 (0.93)	Predicted DBD
ZM4	626154	626155	ZMO1787	26.3825	626011	ZMO1_ZMO0631	+	143	ZMO1787 (0.93)	Predicted DBD
ZM4	627617	627618	ZMO1787	520.738	627788	fliF	+	-171	ZMO1787 (0.93)	Predicted DBD
ZM4	627802	627803	ZMO1787	215.428	627788	fliF	+	14	ZMO1787 (0.93)	Predicted DBD
ZM4	631625	631626	ZMO1787	77.6728	631425	fliI	+	200	ZMO1787 (0.93)	Predicted DBD
ZM4	632798	632799	ZMO1787	521.727	632753	ZMO1_ZMO0638	+	45	ZMO1787 (0.93)	Predicted DBD
ZM4	636324	636325	ZMO1787	5.73866	636156	fliM	+	168	ZMO1787 (0.93)	Predicted DBD
ZM4	637451	637452	ZMO1787	13.3075	637468	fliO	+	-17	ZMO1787 (0.93)	Predicted DBD
ZM4	638768	638769	ZMO1787	234.823	638731	fliQ	+	37	ZMO1787 (0.93)	Predicted DBD
ZM4	639897	639898	ZMO1787	205.548	639807	flhB	+	90	ZMO1787 (0.93)	Predicted DBD
ZM4	641237	641238	ZMO1787	1173.85	641051	fliD	+	186	ZMO1787 (0.93)	Predicted DBD
ZM4	647845	647846	ZMO1787	195.098	647919	add1	+	-74	ZMO1787 (0.93)	Predicted DBD
ZM4	650207	650208	ZMO1787	90.343	650148	gpt	-	-59	ZMO1787 (0.93)	Predicted DBD
ZM4	658269	658270	ZMO1787	54.8873	658255	purB	-	-14	ZMO1787 (0.93)	Predicted DBD
ZM4	659424	659425	ZMO1787	83.0676	659233	ZMO1_ZMO0664	+	191	ZMO1787 (0.93)	Predicted DBD
ZM4	663248	663249	ZMO1787	269.339	663271	ZMO1_ZMO2005	+	-23	ZMO1787 (0.93)	Predicted DBD
ZM4	663718	663719	ZMO1787	608.772	663633	atpB	+	85	ZMO1787 (0.93)	Predicted DBD
ZM4	665340	665341	ZMO1787	359.041	665344	atpF	+	-4	ZMO1787 (0.93)	Predicted DBD
ZM4	671422	671423	ZMO1787	15.0647	671578	ZMO1_ZMO0676	-	156	ZMO1787 (0.93)	Predicted DBD
ZM4	673577	673578	ZMO1787	435.286	673450	tdsD	-	-127	ZMO1787 (0.93)	Predicted DBD
ZM4	673818	673819	ZMO1787	20.2033	673864	ZMO1_ZMO0680	+	-46	ZMO1787 (0.93)	Predicted DBD
ZM4	674013	674014	ZMO1787	275.837	673864	ZMO1_ZMO0680	+	149	ZMO1787 (0.93)	Predicted DBD
ZM4	680862	680863	ZMO1787	53.9932	680698	ZMO1_ZMO0684	+	164	ZMO1787 (0.93)	Predicted DBD
ZM4	687331	687332	ZMO1787	597.981	687443	gfo	-	112	ZMO1787 (0.93)	Predicted DBD
ZM4	689235	689236	ZMO1787	143.84	689411	gid	-	176	ZMO1787 (0.93)	Predicted DBD
ZM4	692880	692881	ZMO1787	79.3078	692731	ZMO1_ZMO0693	-	-149	ZMO1787 (0.93)	Predicted DBD
ZM4	693653	693654	ZMO1787	251.271	693720	ZMO1_ZMO0694	-	67	ZMO1787 (0.93)	Predicted DBD
ZM4	693807	693808	ZMO1787	17.7157	693720	ZMO1_ZMO0694	-	-87	ZMO1787 (0.93)	Predicted DBD
ZM4	693995	693996	ZMO1787	29.7265	694165	ZMO1_ZMOt011	+	-170	ZMO1787 (0.93)	Predicted DBD
ZM4	698723	698724	ZMO1787	86.087	698813	sugE	-	90	ZMO1787 (0.93)	Predicted DBD
ZM4	698949	698950	ZMO1787	25.9726	698813	sugE	-	-136	ZMO1787 (0.93)	Predicted DBD
ZM4	703998	703999	ZMO1787	158.252	703910	ZMO1_ZMO0705	+	88	ZMO1787 (0.93)	Predicted DBD
ZM4	707628	707629	ZMO1787	67.4276	707657	ZMO1_ZMO0710	+	-29	ZMO1787 (0.93)	Predicted DBD
ZM4	707815	707816	ZMO1787	13.7881	707657	ZMO1_ZMO0710	+	158	ZMO1787 (0.93)	Predicted DBD
ZM4	711772	711773	ZMO1787	32.7789	711898	ppx	+	-126	ZMO1787 (0.93)	Predicted DBD
ZM4	716579	716580	ZMO1787	88.1183	716599	ZMO1_ZMO0716	+	-20	ZMO1787 (0.93)	Predicted DBD
ZM4	723827	723828	ZMO1787	295.758	724005	ZMO1_ZMOt013	+	-178	ZMO1787 (0.93)	Predicted DBD
ZM4	725347	725348	ZMO1787	69.6974	725455	rplA	+	-108	ZMO1787 (0.93)	Predicted DBD
ZM4	727071	727072	ZMO1787	259.829	726994	rplL	+	77	ZMO1787 (0.93)	Predicted DBD
ZM4	727563	727564	ZMO1787	742.921	727750	ZMO1_ZMO2053	-	187	ZMO1787 (0.93)	Predicted DBD
ZM4	741822	741823	ZMO1787	14.6739	741785	ZMO1_ZMO0739	-	-37	ZMO1787 (0.93)	Predicted DBD
ZM4	742579	742580	ZMO1787	1314.11	742610	prfC	+	-31	ZMO1787 (0.93)	Predicted DBD
ZM4	745189	745190	ZMO1787	366.327	745276	ZMO1_ZMO0745	+	-87	ZMO1787 (0.93)	Predicted DBD
ZM4	747120	747121	ZMO1787	235.236	747007	ZMO1_ZMO0747	+	113	ZMO1787 (0.93)	Predicted DBD
ZM4	751876	751877	ZMO1787	106.592	751932	ZMO1_ZMO0753	+	-56	ZMO1787 (0.93)	Predicted DBD
ZM4	752329	752330	ZMO1787	305.615	752224	ZMO1_ZMO0754	+	105	ZMO1787 (0.93)	Predicted DBD
ZM4	753910	753911	ZMO1787	195.348	754022	ZMO1_ZMO0756	-	112	ZMO1787 (0.93)	Predicted DBD
ZM4	755776	755777	ZMO1787	903.767	755897	dhbB	-	121	ZMO1787 (0.93)	Predicted DBD
ZM4	759056	759057	ZMO1787	16.3858	759111	ZMO1_ZMO0764	-	55	ZMO1787 (0.93)	Predicted DBD
ZM4	759552	759553	ZMO1787	70.8418	759375	thrS	+	177	ZMO1787 (0.93)	Predicted DBD
ZM4	761325	761326	ZMO1787	98.17	761368	glnD	+	-43	ZMO1787 (0.93)	Predicted DBD
ZM4	773288	773289	ZMO1787	137.392	773351	ZMO1_ZMO0778	+	-63	ZMO1787 (0.93)	Predicted DBD
ZM4	785258	785259	ZMO1787	30.1032	785341	ZMO1_ZMO0787	+	-83	ZMO1787 (0.93)	Predicted DBD
ZM4	800786	800787	ZMO1787	648.018	800765	ZMO1_ZMO0797	-	-21	ZMO1787 (0.93)	Predicted DBD
ZM4	802580	802581	ZMO1787	277.139	802408	ZMO1_ZMO0798	-	-172	ZMO1787 (0.93)	Predicted DBD
ZM4	803702	803703	ZMO1787	407.9	803535	ZMO1_ZMO0799	-	-167	ZMO1787 (0.93)	Predicted DBD
ZM4	811204	811205	ZMO1787	165.222	811391	ZMO1_ZMO0805	-	187	ZMO1787 (0.93)	Predicted DBD
ZM4	811396	811397	ZMO1787	28.2	811391	ZMO1_ZMO0805	-	-5	ZMO1787 (0.93)	Predicted DBD
ZM4	815814	815815	ZMO1787	42.3117	815682	truA	-	-132	ZMO1787 (0.93)	Predicted DBD
ZM4	817249	817250	ZMO1787	39.4693	817350	defA	+	-101	ZMO1787 (0.93)	Predicted DBD
ZM4	817867	817868	ZMO1787	64.6264	817968	rmuC	+	-101	ZMO1787 (0.93)	Predicted DBD
ZM4	819813	819814	ZMO1787	84.7722	820002	ZMO1_ZMO2056	-	189	ZMO1787 (0.93)	Predicted DBD
ZM4	821025	821026	ZMO1787	50.858	820826	ugd	+	199	ZMO1787 (0.93)	Predicted DBD
ZM4	830334	830335	ZMO1787	433.44	830520	murE	+	-186	ZMO1787 (0.93)	Predicted DBD
ZM4	850179	850180	ZMO1787	64.859	850198	argS	+	-19	ZMO1787 (0.93)	Predicted DBD
ZM4	851912	851913	ZMO1787	265.004	851926	ZMO1_ZMO0844	+	-14	ZMO1787 (0.93)	Predicted DBD
ZM4	865924	865925	ZMO1787	8.88017	865732	queA	-	-192	ZMO1787 (0.93)	Predicted DBD
ZM4	867383	867384	ZMO1787	203.31	867375	coaD	-	-8	ZMO1787 (0.93)	Predicted DBD
ZM4	871196	871197	ZMO1787	51.2509	871325	ffs	+	-129	ZMO1787 (0.93)	Predicted DBD
ZM4	875030	875031	ZMO1787	602.292	875098	cdd	-	68	ZMO1787 (0.93)	Predicted DBD
ZM4	879112	879113	ZMO1787	32.8056	879105	hpnB	+	7	ZMO1787 (0.93)	Predicted DBD
ZM4	880968	880969	ZMO1787	40.4089	881101	hpnD	+	-133	ZMO1787 (0.93)	Predicted DBD
ZM4	881250	881251	ZMO1787	332.952	881101	hpnD	+	149	ZMO1787 (0.93)	Predicted DBD
ZM4	881900	881901	ZMO1787	67.4276	881973	hpnE	+	-73	ZMO1787 (0.93)	Predicted DBD
ZM4	888618	888619	ZMO1787	78.0443	888637	hpnM	+	-19	ZMO1787 (0.93)	Predicted DBD
ZM4	895348	895349	ZMO1787	38.5379	895529	rplM	-	181	ZMO1787 (0.93)	Predicted DBD
ZM4	895905	895906	ZMO1787	6.77201	895859	ZMO1_ZMO0885	+	46	ZMO1787 (0.93)	Predicted DBD
ZM4	896640	896641	ZMO1787	5.30608	896838	ZMO1_ZMO0886	-	198	ZMO1787 (0.93)	Predicted DBD
ZM4	896799	896800	ZMO1787	4.54982	896838	ZMO1_ZMO0886	-	39	ZMO1787 (0.93)	Predicted DBD
ZM4	900995	900996	ZMO1787	96.8946	901105	lysK	-	110	ZMO1787 (0.93)	Predicted DBD
ZM4	909763	909764	ZMO1787	131.739	909963	gltX1	+	-200	ZMO1787 (0.93)	Predicted DBD
ZM4	915550	915551	ZMO1787	127.547	915734	leuA	-	184	ZMO1787 (0.93)	Predicted DBD
ZM4	927056	927057	ZMO1787	217.876	926957	ZMO1_ZMO0911	+	99	ZMO1787 (0.93)	Predicted DBD
ZM4	932187	932188	ZMO1787	50.7386	932379	folD	-	192	ZMO1787 (0.93)	Predicted DBD
ZM4	934696	934697	ZMO1787	191.423	934825	ZMO1_ZMO0916	+	-129	ZMO1787 (0.93)	Predicted DBD
ZM4	937246	937247	ZMO1787	470.482	937203	katE	+	43	ZMO1787 (0.93)	Predicted DBD
ZM4	938808	938809	ZMO1787	122.295	938805	ZMO1_ZMO0919	+	3	ZMO1787 (0.93)	Predicted DBD
ZM4	942382	942383	ZMO1787	803.716	942388	ZMO1_ZMO0921	+	-6	ZMO1787 (0.93)	Predicted DBD
ZM4	943525	943526	ZMO1787	634.867	943564	ZMO1_ZMO0922	+	-39	ZMO1787 (0.93)	Predicted DBD
ZM4	951154	951155	ZMO1787	262.413	951120	aat	-	-34	ZMO1787 (0.93)	Predicted DBD
ZM4	953675	953676	ZMO1787	3.90376	953651	zliS	-	-24	ZMO1787 (0.93)	Predicted DBD
ZM4	953995	953996	ZMO1787	18.6284	954115	zliE	-	120	ZMO1787 (0.93)	Predicted DBD
ZM4	954188	954189	ZMO1787	1022.6	954115	zliE	-	-73	ZMO1787 (0.93)	Predicted DBD
ZM4	970804	970805	ZMO1787	95.2164	970956	ZMO1_ZMO0950	-	152	ZMO1787 (0.93)	Predicted DBD
ZM4	972229	972230	ZMO1787	900.196	972262	ZMO1_ZMO0952	-	33	ZMO1787 (0.93)	Predicted DBD
ZM4	972389	972390	ZMO1787	149.647	972262	ZMO1_ZMO0952	-	-127	ZMO1787 (0.93)	Predicted DBD
ZM4	979503	979504	ZMO1787	42.3117	979631	nagA	-	128	ZMO1787 (0.93)	Predicted DBD
ZM4	980147	980148	ZMO1787	27.1933	980336	ZMO1_ZMO0963	-	189	ZMO1787 (0.93)	Predicted DBD
ZM4	996674	996675	ZMO1787	859.204	996676	ZMO1_ZMO0978	-	2	ZMO1787 (0.93)	Predicted DBD
ZM4	1001805	1001806	ZMO1787	15.7198	1001989	ZMO1_ZMO0981	-	184	ZMO1787 (0.93)	Predicted DBD
ZM4	1001893	1001894	ZMO1787	10.5131	1001989	ZMO1_ZMO0981	-	96	ZMO1787 (0.93)	Predicted DBD
ZM4	1005355	1005356	ZMO1787	582.958	1005272	ZMO1_ZMO0983	-	-83	ZMO1787 (0.93)	Predicted DBD
ZM4	1021511	1021512	ZMO1787	118.017	1021678	glmM	+	-167	ZMO1787 (0.93)	Predicted DBD
ZM4	1025706	1025707	ZMO1787	755.564	1025821	folP	+	-115	ZMO1787 (0.93)	Predicted DBD
ZM4	1029738	1029739	ZMO1787	23.8936	1029622	ZMO1_ZMO1009	+	116	ZMO1787 (0.93)	Predicted DBD
ZM4	1035000	1035001	ZMO1787	391.428	1035038	ZMO1_ZMO1016	-	38	ZMO1787 (0.93)	Predicted DBD
ZM4	1035973	1035974	ZMO1787	49.3487	1035840	ZMO1_ZMO1017	-	-133	ZMO1787 (0.93)	Predicted DBD
ZM4	1037032	1037033	ZMO1787	157.548	1036937	ZMO1_ZMO1018	-	-95	ZMO1787 (0.93)	Predicted DBD
ZM4	1042625	1042626	ZMO1787	155.525	1042752	nrdD	+	-127	ZMO1787 (0.93)	Predicted DBD
ZM4	1045793	1045794	ZMO1787	28.8425	1045665	ZMO1_ZMO1029	+	128	ZMO1787 (0.93)	Predicted DBD
ZM4	1046693	1046694	ZMO1787	8.88017	1046627	ZMO1_ZMO1030	+	66	ZMO1787 (0.93)	Predicted DBD
ZM4	1058521	1058522	ZMO1787	57.0037	1058719	ZMO1_ZMOt023	+	-198	ZMO1787 (0.93)	Predicted DBD
ZM4	1060521	1060522	ZMO1787	90.5978	1060502	ZMO1_ZMO1042	-	-19	ZMO1787 (0.93)	Predicted DBD
ZM4	1063820	1063821	ZMO1787	82.6231	1063770	pstS	+	50	ZMO1787 (0.93)	Predicted DBD
ZM4	1064838	1064839	ZMO1787	505.213	1064905	pstC	+	-67	ZMO1787 (0.93)	Predicted DBD
ZM4	1071667	1071668	ZMO1787	129.638	1071594	ZMO1_ZMO1055	+	73	ZMO1787 (0.93)	Predicted DBD
ZM4	1075428	1075429	ZMO1787	198.521	1075485	ZMO1_ZMO1059	+	-57	ZMO1787 (0.93)	Predicted DBD
ZM4	1076605	1076606	ZMO1787	5.96036	1076596	sod	-	-9	ZMO1787 (0.93)	Predicted DBD
ZM4	1076793	1076794	ZMO1787	302.918	1076596	sod	-	-197	ZMO1787 (0.93)	Predicted DBD
ZM4	1077948	1077949	ZMO1787	12.1657	1077887	pspF	-	-61	ZMO1787 (0.93)	Predicted DBD
ZM4	1078479	1078480	ZMO1787	468.459	1078584	pspA	+	-105	ZMO1787 (0.93)	Predicted DBD
ZM4	1098803	1098804	ZMO1787	19.8743	1098857	celA	+	-54	ZMO1787 (0.93)	Predicted DBD
ZM4	1107673	1107674	ZMO1787	176.388	1107844	mazG	+	-171	ZMO1787 (0.93)	Predicted DBD
ZM4	1115441	1115442	ZMO1787	223.62	1115389	addA	-	-52	ZMO1787 (0.93)	Predicted DBD
ZM4	1132120	1132121	ZMO1787	232.732	1131971	bacA	+	149	ZMO1787 (0.93)	Predicted DBD
ZM4	1132918	1132919	ZMO1787	66.8642	1132932	gltD	+	-14	ZMO1787 (0.93)	Predicted DBD
ZM4	1139010	1139011	ZMO1787	119.267	1139181	ZMO1_ZMO1118	+	-171	ZMO1787 (0.93)	Predicted DBD
ZM4	1145471	1145472	ZMO1787	35.3415	1145467	ntrY	-	-4	ZMO1787 (0.93)	Predicted DBD
ZM4	1146815	1146816	ZMO1787	5.96036	1146950	nifR3	-	135	ZMO1787 (0.93)	Predicted DBD
ZM4	1146921	1146922	ZMO1787	33.1657	1146950	nifR3	-	29	ZMO1787 (0.93)	Predicted DBD
ZM4	1148411	1148412	ZMO1787	146.009	1148256	ZMO1_ZMO1129	+	155	ZMO1787 (0.93)	Predicted DBD
ZM4	1150170	1150171	ZMO1787	80.763	1150134	ZMO1_ZMO1131	-	-36	ZMO1787 (0.93)	Predicted DBD
ZM4	1154060	1154061	ZMO1787	188.264	1154148	ZMO1_ZMO1135	-	88	ZMO1787 (0.93)	Predicted DBD
ZM4	1157056	1157057	ZMO1787	44.7339	1157023	serB	-	-33	ZMO1787 (0.93)	Predicted DBD
ZM4	1163317	1163318	ZMO1787	61.6858	1163164	trxB	-	-153	ZMO1787 (0.93)	Predicted DBD
ZM4	1164532	1164533	ZMO1787	445.651	1164558	ZMO1_ZMO1144	-	26	ZMO1787 (0.93)	Predicted DBD
ZM4	1172374	1172375	ZMO1787	413.561	1172406	cdsA	-	32	ZMO1787 (0.93)	Predicted DBD
ZM4	1175433	1175434	ZMO1787	87.5022	1175491	tsf	-	58	ZMO1787 (0.93)	Predicted DBD
ZM4	1176311	1176312	ZMO1787	516.587	1176351	rpsB	-	40	ZMO1787 (0.93)	Predicted DBD
ZM4	1176819	1176820	ZMO1787	251.268	1176994	asr	+	-175	ZMO1787 (0.93)	Predicted DBD
ZM4	1179331	1179332	ZMO1787	420.817	1179384	psd	-	53	ZMO1787 (0.93)	Predicted DBD
ZM4	1181157	1181158	ZMO1787	157.343	1181060	phoU	+	97	ZMO1787 (0.93)	Predicted DBD
ZM4	1183253	1183254	ZMO1787	82.4657	1183399	comF	-	146	ZMO1787 (0.93)	Predicted DBD
ZM4	1187841	1187842	ZMO1787	77.2466	1187827	ZMO1_ZMO1170	+	14	ZMO1787 (0.93)	Predicted DBD
ZM4	1189003	1189004	ZMO1787	88.7361	1189160	ZMO1_ZMO1171	-	157	ZMO1787 (0.93)	Predicted DBD
ZM4	1189443	1189444	ZMO1787	115.907	1189286	astB	+	157	ZMO1787 (0.93)	Predicted DBD
ZM4	1196896	1196897	ZMO1787	212.176	1196942	ZMO1_ZMO1174	-	46	ZMO1787 (0.93)	Predicted DBD
ZM4	1198890	1198891	ZMO1787	35.3415	1199082	ZMO1_ZMO1177	-	192	ZMO1787 (0.93)	Predicted DBD
ZM4	1208039	1208040	ZMO1787	34.8214	1207990	fixC	-	-49	ZMO1787 (0.93)	Predicted DBD
ZM4	1209001	1209002	ZMO1787	856.707	1209063	mltB	+	-62	ZMO1787 (0.93)	Predicted DBD
ZM4	1209172	1209173	ZMO1787	43.5363	1209063	mltB	+	109	ZMO1787 (0.93)	Predicted DBD
ZM4	1212201	1212202	ZMO1787	57.5811	1212137	ubiE	+	64	ZMO1787 (0.93)	Predicted DBD
ZM4	1212837	1212838	ZMO1787	66.6852	1212869	ubiB1	+	-32	ZMO1787 (0.93)	Predicted DBD
ZM4	1216269	1216270	ZMO1787	37.1554	1216156	thiF	+	113	ZMO1787 (0.93)	Predicted DBD
ZM4	1222912	1222913	ZMO1787	115.712	1222958	plsY	-	46	ZMO1787 (0.93)	Predicted DBD
ZM4	1223244	1223245	ZMO1787	32.717	1223252	ZMO1_ZMO1196	+	-8	ZMO1787 (0.93)	Predicted DBD
ZM4	1228727	1228728	ZMO1787	77.8381	1228875	nrdR	+	-148	ZMO1787 (0.93)	Predicted DBD
ZM4	1229150	1229151	ZMO1787	456.372	1229342	trmH	+	-192	ZMO1787 (0.93)	Predicted DBD
ZM4	1229519	1229520	ZMO1787	913.311	1229342	trmH	+	177	ZMO1787 (0.93)	Predicted DBD
ZM4	1232269	1232270	ZMO1787	28.915	1232276	ZMO1_ZMO1207	+	-7	ZMO1787 (0.93)	Predicted DBD
ZM4	1233913	1233914	ZMO1787	437.641	1233938	ZMO1_ZMO2062	-	25	ZMO1787 (0.93)	Predicted DBD
ZM4	1239790	1239791	ZMO1787	246.174	1239653	pgi	-	-137	ZMO1787 (0.93)	Predicted DBD
ZM4	1240016	1240017	ZMO1787	236.072	1239985	ZMO1_ZMO1213	+	31	ZMO1787 (0.93)	Predicted DBD
ZM4	1240462	1240463	ZMO1787	46.4596	1240538	ZMO1_ZMO1214	+	-76	ZMO1787 (0.93)	Predicted DBD
ZM4	1242750	1242751	ZMO1787	23.2326	1242642	ZMO1_ZMO1216	+	108	ZMO1787 (0.93)	Predicted DBD
ZM4	1249228	1249229	ZMO1787	55.4138	1249251	ZMO1_ZMO1222	-	23	ZMO1787 (0.93)	Predicted DBD
ZM4	1250962	1250963	ZMO1787	33.1215	1250777	rpsF	+	185	ZMO1787 (0.93)	Predicted DBD
ZM4	1261370	1261371	ZMO1787	223.62	1261520	ZMO1_ZMO1235	-	150	ZMO1787 (0.93)	Predicted DBD
ZM4	1266984	1266985	ZMO1787	24.7885	1267025	ZMO1_ZMO1242	-	41	ZMO1787 (0.93)	Predicted DBD
ZM4	1270697	1270698	ZMO1787	376.093	1270888	ZMO1_ZMO1251	-	191	ZMO1787 (0.93)	Predicted DBD
ZM4	1271510	1271511	ZMO1787	356.22	1271561	ccmI	-	51	ZMO1787 (0.93)	Predicted DBD
ZM4	1272620	1272621	ZMO1787	189.831	1272513	ccmG	-	-107	ZMO1787 (0.93)	Predicted DBD
ZM4	1275981	1275982	ZMO1787	238.974	1275799	ccmC	-	-182	ZMO1787 (0.93)	Predicted DBD
ZM4	1276350	1276351	ZMO1787	299.71	1276397	ZMO1_ZMO1260	+	-47	ZMO1787 (0.93)	Predicted DBD
ZM4	1279709	1279710	ZMO1787	71.5369	1279838	ssuC	+	-129	ZMO1787 (0.93)	Predicted DBD
ZM4	1279948	1279949	ZMO1787	46.6389	1279838	ssuC	+	110	ZMO1787 (0.93)	Predicted DBD
ZM4	1280682	1280683	ZMO1787	451.359	1280672	ssuB	+	10	ZMO1787 (0.93)	Predicted DBD
ZM4	1286242	1286243	ZMO1787	112.551	1286177	ZMO1_ZMO1268	-	-65	ZMO1787 (0.93)	Predicted DBD
ZM4	1286847	1286848	ZMO1787	172.802	1286753	ZMO1_ZMO1270	+	94	ZMO1787 (0.93)	Predicted DBD
ZM4	1288787	1288788	ZMO1787	65.3684	1288961	cysG2	-	174	ZMO1787 (0.93)	Predicted DBD
ZM4	1302489	1302490	ZMO1787	114.089	1302389	sldS	-	-100	ZMO1787 (0.93)	Predicted DBD
ZM4	1312309	1312310	ZMO1787	118	1312442	ZMO1_ZMO1296	-	133	ZMO1787 (0.93)	Predicted DBD
ZM4	1315629	1315630	ZMO1787	390.362	1315744	ZMO1_ZMO2016	+	-115	ZMO1787 (0.93)	Predicted DBD
ZM4	1316020	1316021	ZMO1787	80.8021	1316015	ZMO1_ZMO2017	+	5	ZMO1787 (0.93)	Predicted DBD
ZM4	1316281	1316282	ZMO1787	77.5283	1316386	bcbG	+	-105	ZMO1787 (0.93)	Predicted DBD
ZM4	1319729	1319730	ZMO1787	75.2107	1319849	ZMO1_ZMO1301	-	120	ZMO1787 (0.93)	Predicted DBD
ZM4	1320178	1320179	ZMO1787	32.6078	1320086	lipB	+	92	ZMO1787 (0.93)	Predicted DBD
ZM4	1322084	1322085	ZMO1787	69.1276	1322277	ZMO1_ZMO1304	-	193	ZMO1787 (0.93)	Predicted DBD
ZM4	1334479	1334480	ZMO1787	62.443600000000004	1334447	ZMO1_ZMO1315	-	-32	ZMO1787 (0.93)	Predicted DBD
ZM4	1339969	1339970	ZMO1787	204.913	1339910	ZMO1_ZMO1320	-	-59	ZMO1787 (0.93)	Predicted DBD
ZM4	1341525	1341526	ZMO1787	60.3543	1341403	guaB	-	-122	ZMO1787 (0.93)	Predicted DBD
ZM4	1341807	1341808	ZMO1787	54.5157	1341680	chvI	+	127	ZMO1787 (0.93)	Predicted DBD
ZM4	1342223	1342224	ZMO1787	344.067	1342356	chvG	+	-133	ZMO1787 (0.93)	Predicted DBD
ZM4	1344805	1344806	ZMO1787	115.907	1344650	ZMO1_ZMO1325	+	155	ZMO1787 (0.93)	Predicted DBD
ZM4	1345693	1345694	ZMO1787	51.2509	1345629	nagE	+	64	ZMO1787 (0.93)	Predicted DBD
ZM4	1358664	1358665	ZMO1787	111.798	1358609	ZMO1_ZMOt031	+	55	ZMO1787 (0.93)	Predicted DBD
ZM4	1359326	1359327	ZMO1787	46.6833	1359336	dkgA	+	-10	ZMO1787 (0.93)	Predicted DBD
ZM4	1366006	1366007	ZMO1787	355.153	1365992	ZMO1_ZMO1350	+	14	ZMO1787 (0.93)	Predicted DBD
ZM4	1368613	1368614	ZMO1787	7.60602	1368590	ZMO1_ZMO1352	-	-23	ZMO1787 (0.93)	Predicted DBD
ZM4	1375106	1375107	ZMO1787	26.3825	1374914	ZMO1_ZMO2065	+	192	ZMO1787 (0.93)	Predicted DBD
ZM4	1377722	1377723	ZMO1787	504.183	1377727	ZMO1_ZMO2066	-	5	ZMO1787 (0.93)	Predicted DBD
ZM4	1377899	1377900	ZMO1787	133.428	1377974	ZMO1_ZMO2067	-	75	ZMO1787 (0.93)	Predicted DBD
ZM4	1384418	1384419	ZMO1787	143.717	1384553	ZMO1_ZMO1369	+	-135	ZMO1787 (0.93)	Predicted DBD
ZM4	1385535	1385536	ZMO1787	86.887200000000007	1385545	ZMO1_ZMO1370	+	-10	ZMO1787 (0.93)	Predicted DBD
ZM4	1387730	1387731	ZMO1787	283.342	1387826	ZMO1_ZMO1372	-	96	ZMO1787 (0.93)	Predicted DBD
ZM4	1387854	1387855	ZMO1787	27.7557	1387826	ZMO1_ZMO1372	-	-28	ZMO1787 (0.93)	Predicted DBD
ZM4	1390813	1390814	ZMO1787	49.1858	1390769	rnc	-	-44	ZMO1787 (0.93)	Predicted DBD
ZM4	1395151	1395152	ZMO1787	92.4721	1395344	ZMO1_ZMO1380	-	193	ZMO1787 (0.93)	Predicted DBD
ZM4	1395291	1395292	ZMO1787	67.4276	1395344	ZMO1_ZMO1380	-	53	ZMO1787 (0.93)	Predicted DBD
ZM4	1399155	1399156	ZMO1787	43.4491	1399318	ZMO1_ZMO1385	+	-163	ZMO1787 (0.93)	Predicted DBD
ZM4	1399303	1399304	ZMO1787	17.1705	1399318	ZMO1_ZMO1385	+	-15	ZMO1787 (0.93)	Predicted DBD
ZM4	1400773	1400774	ZMO1787	168.241	1400602	ZMO1_ZMO1386	+	171	ZMO1787 (0.93)	Predicted DBD
ZM4	1408605	1408606	ZMO1787	64.6264	1408440	ZMO1_ZMO1391	-	-165	ZMO1787 (0.93)	Predicted DBD
ZM4	1410172	1410173	ZMO1787	71.1629	1410312	lptG	+	-140	ZMO1787 (0.93)	Predicted DBD
ZM4	1412303	1412304	ZMO1787	5.52081	1412253	hutG2	-	-50	ZMO1787 (0.93)	Predicted DBD
ZM4	1412395	1412396	ZMO1787	1.39065	1412253	hutG2	-	-142	ZMO1787 (0.93)	Predicted DBD
ZM4	1417099	1417100	ZMO1787	367.473	1416987	ZMO1_ZMO1402	-	-112	ZMO1787 (0.93)	Predicted DBD
ZM4	1421932	1421933	ZMO1787	337.57	1422091	asd	-	159	ZMO1787 (0.93)	Predicted DBD
ZM4	1432825	1432826	ZMO1787	208.939	1432797	ubiA	-	-28	ZMO1787 (0.93)	Predicted DBD
ZM4	1440731	1440732	ZMO1787	36.1902	1440813	clpB	+	-82	ZMO1787 (0.93)	Predicted DBD
ZM4	1440930	1440931	ZMO1787	271.949	1440813	clpB	+	117	ZMO1787 (0.93)	Predicted DBD
ZM4	1444978	1444979	ZMO1787	58.0724	1444946	ZMO1_ZMO1428	+	32	ZMO1787 (0.93)	Predicted DBD
ZM4	1453171	1453172	ZMO1787	96.8946	1453102	ZMO1_ZMO1434	-	-69	ZMO1787 (0.93)	Predicted DBD
ZM4	1456251	1456252	ZMO1787	115.233	1456112	ZMO1_ZMO1436	-	-139	ZMO1787 (0.93)	Predicted DBD
ZM4	1457080	1457081	ZMO1787	164.29	1457144	ZMO1_ZMO1437	-	64	ZMO1787 (0.93)	Predicted DBD
ZM4	1470608	1470609	ZMO1787	65.987	1470562	mtlD	-	-46	ZMO1787 (0.93)	Predicted DBD
ZM4	1478204	1478205	ZMO1787	58.4728	1478223	ZMO1_ZMO1458	+	-19	ZMO1787 (0.93)	Predicted DBD
ZM4	1478391	1478392	ZMO1787	68.5428	1478223	ZMO1_ZMO1458	+	168	ZMO1787 (0.93)	Predicted DBD
ZM4	1483752	1483753	ZMO1787	383.46	1483557	ZMO1_ZMO1462	-	-195	ZMO1787 (0.93)	Predicted DBD
ZM4	1486026	1486027	ZMO1787	299.942	1485986	ZMO1_ZMO1463	-	-40	ZMO1787 (0.93)	Predicted DBD
ZM4	1486515	1486516	ZMO1787	30.9648	1486337	ZMO1_ZMO1464	-	-178	ZMO1787 (0.93)	Predicted DBD
ZM4	1488789	1488790	ZMO1787	28.6159	1488917	ZMO1_ZMO1466	-	128	ZMO1787 (0.93)	Predicted DBD
ZM4	1489016	1489017	ZMO1787	14.2101	1488917	ZMO1_ZMO1466	-	-99	ZMO1787 (0.93)	Predicted DBD
ZM4	1489147	1489148	ZMO1787	45.8095	1489121	ZMO1_ZMO1467	+	26	ZMO1787 (0.93)	Predicted DBD
ZM4	1493850	1493851	ZMO1787	67.8555	1493756	ZMO1_ZMO1470	-	-94	ZMO1787 (0.93)	Predicted DBD
ZM4	1516332	1516333	ZMO1787	290.262	1516179	kdsA	-	-153	ZMO1787 (0.93)	Predicted DBD
ZM4	1519636	1519637	ZMO1787	106.751	1519568	ZMO1_ZMO2071	-	-68	ZMO1787 (0.93)	Predicted DBD
ZM4	1529732	1529733	ZMO1787	67.1287	1529728	hisA	-	-4	ZMO1787 (0.93)	Predicted DBD
ZM4	1530616	1530617	ZMO1787	200.911	1530474	hisH	-	-142	ZMO1787 (0.93)	Predicted DBD
ZM4	1531020	1531021	ZMO1787	159.978	1531096	hisB	-	76	ZMO1787 (0.93)	Predicted DBD
ZM4	1542995	1542996	ZMO1787	73.1495	1543001	pheS	-	6	ZMO1787 (0.93)	Predicted DBD
ZM4	1547390	1547391	ZMO1787	337.839	1547434	ZMO1_ZMO1522	+	-44	ZMO1787 (0.93)	Predicted DBD
ZM4	1547610	1547611	ZMO1787	556.026	1547434	ZMO1_ZMO1522	+	176	ZMO1787 (0.93)	Predicted DBD
ZM4	1555060	1555061	ZMO1787	669.16	1554932	ZMO1_ZMO1525	-	-128	ZMO1787 (0.93)	Predicted DBD
ZM4	1564556	1564557	ZMO1787	15.3611	1564481	purS	+	75	ZMO1787 (0.93)	Predicted DBD
ZM4	1564659	1564660	ZMO1787	17.3796	1564714	purQ	+	-55	ZMO1787 (0.93)	Predicted DBD
ZM4	1565898	1565899	ZMO1787	697.094	1565858	ZMO1_ZMO1533	+	40	ZMO1787 (0.93)	Predicted DBD
ZM4	1573590	1573591	ZMO1787	223.884	1573656	dnaE	-	66	ZMO1787 (0.93)	Predicted DBD
ZM4	1574314	1574315	ZMO1787	219.513	1574317	feoB	+	-3	ZMO1787 (0.93)	Predicted DBD
ZM4	1576148	1576149	ZMO1787	204.913	1576338	ssb	+	-190	ZMO1787 (0.93)	Predicted DBD
ZM4	1584182	1584183	ZMO1787	197.814	1584150	hisG	+	32	ZMO1787 (0.93)	Predicted DBD
ZM4	1586219	1586220	ZMO1787	868.193	1586100	nusB	+	119	ZMO1787 (0.93)	Predicted DBD
ZM4	1601265	1601266	ZMO1787	60.7687	1601154	ZMO1_ZMO1568	-	-111	ZMO1787 (0.93)	Predicted DBD
ZM4	1606704	1606705	ZMO1787	139.255	1606619	cydB	+	85	ZMO1787 (0.93)	Predicted DBD
ZM4	1613213	1613214	ZMO1787	172.246	1613206	ZMO1_ZMO1579	+	7	ZMO1787 (0.93)	Predicted DBD
ZM4	1615159	1615160	ZMO1787	20.8115	1615231	ZMO1_ZMOt037	-	72	ZMO1787 (0.93)	Predicted DBD
ZM4	1618129	1618130	ZMO1787	98.958	1618304	ZMO1_ZMOr002	-	175	ZMO1787 (0.93)	Predicted DBD
ZM4	1618545	1618546	ZMO1787	3.39765	1618659	ZMO1_ZMOt038	-	114	ZMO1787 (0.93)	Predicted DBD
ZM4	1620909	1620910	ZMO1787	39.0852	1621028	ZMO1_ZMO1581	+	-119	ZMO1787 (0.93)	Predicted DBD
ZM4	1627071	1627072	ZMO1787	303.398	1627144	uvrA	+	-73	ZMO1787 (0.93)	Predicted DBD
ZM4	1632053	1632054	ZMO1787	262.304	1631956	ZMO1_ZMO1590	-	-97	ZMO1787 (0.93)	Predicted DBD
ZM4	1635912	1635913	ZMO1787	41.0032	1635854	ZMO1_ZMO1593	-	-58	ZMO1787 (0.93)	Predicted DBD
ZM4	1637184	1637185	ZMO1787	85.051	1637038	adhB	+	146	ZMO1787 (0.93)	Predicted DBD
ZM4	1644619	1644620	ZMO1787	198.521	1644468	rnhA	+	151	ZMO1787 (0.93)	Predicted DBD
ZM4	1646943	1646944	ZMO1787	99.4367	1646820	ZMO1_ZMO1603	+	123	ZMO1787 (0.93)	Predicted DBD
ZM4	1650043	1650044	ZMO1787	121.341	1650094	pdhB	-	51	ZMO1787 (0.93)	Predicted DBD
ZM4	1654472	1654473	ZMO1787	45.4228	1654635	ZMO1_ZMO1611	+	-163	ZMO1787 (0.93)	Predicted DBD
ZM4	1657304	1657305	ZMO1787	9.9565	1657283	greA	-	-21	ZMO1787 (0.93)	Predicted DBD
ZM4	1678594	1678595	ZMO1787	347.159	1678716	ZMO1_ZMO1633	-	122	ZMO1787 (0.93)	Predicted DBD
ZM4	1681126	1681127	ZMO1787	310.293	1681049	ZMO1_ZMO1635	-	-77	ZMO1787 (0.93)	Predicted DBD
ZM4	1681727	1681728	ZMO1787	32.8835	1681744	ZMO1_ZMO1636	-	17	ZMO1787 (0.93)	Predicted DBD
ZM4	1687617	1687618	ZMO1787	508.309	1687564	tyrS	+	53	ZMO1787 (0.93)	Predicted DBD
ZM4	1697981	1697982	ZMO1787	28.3492	1697899	ZMO1_ZMO1650	+	82	ZMO1787 (0.93)	Predicted DBD
ZM4	1703839	1703840	ZMO1787	48.2043	1703856	ubiG	+	-17	ZMO1787 (0.93)	Predicted DBD
ZM4	1703999	1704000	ZMO1787	19.5972	1703856	ubiG	+	143	ZMO1787 (0.93)	Predicted DBD
ZM4	1707550	1707551	ZMO1787	450.359	1707691	ZMO1_ZMO1658	+	-141	ZMO1787 (0.93)	Predicted DBD
ZM4	1713673	1713674	ZMO1787	587.24	1713867	rlmH	+	-194	ZMO1787 (0.93)	Predicted DBD
ZM4	1714295	1714296	ZMO1787	51.1621	1714295	ZMO1_ZMO1665	+	0	ZMO1787 (0.93)	Predicted DBD
ZM4	1720611	1720612	ZMO1787	42.0935	1720676	ZMO1_ZMO1673	-	65	ZMO1787 (0.93)	Predicted DBD
ZM4	1721494	1721495	ZMO1787	115.9	1721630	ZMO1_ZMO1675	-	136	ZMO1787 (0.93)	Predicted DBD
ZM4	1726145	1726146	ZMO1787	379.812	1726284	ZMO1_ZMO1680	-	139	ZMO1787 (0.93)	Predicted DBD
ZM4	1726840	1726841	ZMO1787	299.256	1726753	ZMO1_ZMO1681	+	87	ZMO1787 (0.93)	Predicted DBD
ZM4	1731856	1731857	ZMO1787	293.347	1731718	serC	+	138	ZMO1787 (0.93)	Predicted DBD
ZM4	1737980	1737981	ZMO1787	32.1976	1738113	ygfZ	-	133	ZMO1787 (0.93)	Predicted DBD
ZM4	1740047	1740048	ZMO1787	55.7728	1739946	ZMO1_ZMO1690	+	101	ZMO1787 (0.93)	Predicted DBD
ZM4	1742035	1742036	ZMO1787	1385.61	1742213	fabI	+	-178	ZMO1787 (0.93)	Predicted DBD
ZM4	1742213	1742214	ZMO1787	10.7088	1742213	fabI	+	0	ZMO1787 (0.93)	Predicted DBD
ZM4	1748847	1748848	ZMO1787	8.25208	1748743	ZMO1_ZMO1697	+	104	ZMO1787 (0.93)	Predicted DBD
ZM4	1750421	1750422	ZMO1787	83.8857	1750360	ribA	-	-61	ZMO1787 (0.93)	Predicted DBD
ZM4	1752932	1752933	ZMO1787	481.712	1752921	ZMO1_ZMO1701	-	-11	ZMO1787 (0.93)	Predicted DBD
ZM4	1755741	1755742	ZMO1787	934.748	1755612	ZMO1_ZMO1703	+	129	ZMO1787 (0.93)	Predicted DBD
ZM4	1757362	1757363	ZMO1787	235.322	1757514	lon2	-	152	ZMO1787 (0.93)	Predicted DBD
ZM4	1757574	1757575	ZMO1787	63.1735	1757514	lon2	-	-60	ZMO1787 (0.93)	Predicted DBD
ZM4	1758711	1758712	ZMO1787	210.283	1758664	pyrE	+	47	ZMO1787 (0.93)	Predicted DBD
ZM4	1761516	1761517	ZMO1787	95.3721	1761388	ZMO1_ZMO1711	+	128	ZMO1787 (0.93)	Predicted DBD
ZM4	1763210	1763211	ZMO1787	40.1339	1763142	ZMO1_ZMO1712	-	-68	ZMO1787 (0.93)	Predicted DBD
ZM4	1764319	1764320	ZMO1787	207.135	1764379	exbD	-	60	ZMO1787 (0.93)	Predicted DBD
ZM4	1768478	1768479	ZMO1787	79.2183	1768624	frk	+	-146	ZMO1787 (0.93)	Predicted DBD
ZM4	1770143	1770144	ZMO1787	83.6409	1770111	rpoZ	-	-32	ZMO1787 (0.93)	Predicted DBD
ZM4	1770730	1770731	ZMO1787	57.0592	1770678	gloA3	-	-52	ZMO1787 (0.93)	Predicted DBD
ZM4	1772988	1772989	ZMO1787	51.6671	1773101	ZMO1_ZMO2026	-	113	ZMO1787 (0.93)	Predicted DBD
ZM4	1773191	1773192	ZMO1787	38.6955	1773101	ZMO1_ZMO2026	-	-90	ZMO1787 (0.93)	Predicted DBD
ZM4	1774826	1774827	ZMO1787	37.4552	1774906	ZMO1_ZMO1725	-	80	ZMO1787 (0.93)	Predicted DBD
ZM4	1776943	1776944	ZMO1787	80.2871	1776944	ZMO1_ZMO1728	-	1	ZMO1787 (0.93)	Predicted DBD
ZM4	1777329	1777330	ZMO1787	42.692	1777409	ZMO1_ZMO1729	-	80	ZMO1787 (0.93)	Predicted DBD
ZM4	1778928	1778929	ZMO1787	6.70803	1779066	ahpC	-	138	ZMO1787 (0.93)	Predicted DBD
ZM4	1779156	1779157	ZMO1787	55.2875	1779066	ahpC	-	-90	ZMO1787 (0.93)	Predicted DBD
ZM4	1782684	1782685	ZMO1787	1164.51	1782835	ZMO1_ZMO1735	-	151	ZMO1787 (0.93)	Predicted DBD
ZM4	1783728	1783729	ZMO1787	86.0296	1783891	ZMO1_ZMO1738	-	163	ZMO1787 (0.93)	Predicted DBD
ZM4	1784037	1784038	ZMO1787	39.8763	1783891	ZMO1_ZMO1738	-	-146	ZMO1787 (0.93)	Predicted DBD
ZM4	1785466	1785467	ZMO1787	64.3078	1785548	ZMO1_ZMO1740	-	82	ZMO1787 (0.93)	Predicted DBD
ZM4	1791432	1791433	ZMO1787	32.457	1791261	metH2	-	-171	ZMO1787 (0.93)	Predicted DBD
ZM4	1794176	1794177	ZMO1787	602.312	1794289	ZMO1_ZMO1748	-	113	ZMO1787 (0.93)	Predicted DBD
ZM4	1794700	1794701	ZMO1787	3.43307	1794544	mlaA	+	156	ZMO1787 (0.93)	Predicted DBD
ZM4	1796109	1796110	ZMO1787	48.9426	1796148	ZMO1_ZMO1750	-	39	ZMO1787 (0.93)	Predicted DBD
ZM4	1796277	1796278	ZMO1787	24.9027	1796148	ZMO1_ZMO1750	-	-129	ZMO1787 (0.93)	Predicted DBD
ZM4	1797460	1797461	ZMO1787	275.416	1797542	ZMO1_ZMO1752	+	-82	ZMO1787 (0.93)	Predicted DBD
ZM4	1800553	1800554	ZMO1787	22.8353	1800500	ssdA	-	-53	ZMO1787 (0.93)	Predicted DBD
ZM4	1803652	1803653	ZMO1787	32.7449	1803532	gntK	+	120	ZMO1787 (0.93)	Predicted DBD
ZM4	1806065	1806066	ZMO1787	216.352	1806252	ZMO1_ZMO1759	-	187	ZMO1787 (0.93)	Predicted DBD
ZM4	1807510	1807511	ZMO1787	54.1797	1807576	ZMO1_ZMO1760	-	66	ZMO1787 (0.93)	Predicted DBD
ZM4	1809450	1809451	ZMO1787	780.457	1809546	ZMO1_ZMO1763	-	96	ZMO1787 (0.93)	Predicted DBD
ZM4	1809635	1809636	ZMO1787	592.927	1809546	ZMO1_ZMO1763	-	-89	ZMO1787 (0.93)	Predicted DBD
ZM4	1812343	1812344	ZMO1787	17.9694	1812362	ZMO1_ZMO1766	-	19	ZMO1787 (0.93)	Predicted DBD
ZM4	1827386	1827387	ZMO1787	3.8111	1827190	ZMO1_ZMO1780	-	-196	ZMO1787 (0.93)	Predicted DBD
ZM4	1832662	1832663	ZMO1787	415.629	1832586	ZMO1_ZMO1787	-	-76	ZMO1787 (0.93)	Predicted DBD
ZM4	1835110	1835111	ZMO1787	254.837	1834999	ZMO1_ZMO1790	+	111	ZMO1787 (0.93)	Predicted DBD
ZM4	1838630	1838631	ZMO1787	56.1514	1838757	ilvD	-	127	ZMO1787 (0.93)	Predicted DBD
ZM4	1840566	1840567	ZMO1787	768.943	1840465	ZMO1_ZMO1794	-	-101	ZMO1787 (0.93)	Predicted DBD
ZM4	1840892	1840893	ZMO1787	284.441	1840746	aroA	+	146	ZMO1787 (0.93)	Predicted DBD
ZM4	1843036	1843037	ZMO1787	477.836	1843003	rpsA	+	33	ZMO1787 (0.93)	Predicted DBD
ZM4	1846053	1846054	ZMO1787	87.5491	1845952	ihfB	+	101	ZMO1787 (0.93)	Predicted DBD
ZM4	1846476	1846477	ZMO1787	66.7719	1846586	ZMO1_ZMO1802	-	110	ZMO1787 (0.93)	Predicted DBD
ZM4	1846928	1846929	ZMO1787	34.1115	1846732	ZMO1_ZMO1804	+	196	ZMO1787 (0.93)	Predicted DBD
ZM4	1848897	1848898	ZMO1787	165.51	1848878	cbbZ	-	-19	ZMO1787 (0.93)	Predicted DBD
ZM4	1849680	1849681	ZMO1787	34.4398	1849698	ZMO1_ZMO1806	-	18	ZMO1787 (0.93)	Predicted DBD
ZM4	1853281	1853282	ZMO1787	844.244	1853274	rfnE	-	-7	ZMO1787 (0.93)	Predicted DBD
ZM4	1856483	1856484	ZMO1787	13.9293	1856510	rnfC	-	27	ZMO1787 (0.93)	Predicted DBD
ZM4	1856673	1856674	ZMO1787	43.0574	1856510	rnfC	-	-163	ZMO1787 (0.93)	Predicted DBD
ZM4	1857378	1857379	ZMO1787	121.003	1857183	rnfB	-	-195	ZMO1787 (0.93)	Predicted DBD
ZM4	1857787	1857788	ZMO1787	37.1423	1857781	rnfA	-	-6	ZMO1787 (0.93)	Predicted DBD
ZM4	1861067	1861068	ZMO1787	64.0509	1861167	nifA	+	-100	ZMO1787 (0.93)	Predicted DBD
ZM4	1863123	1863124	ZMO1787	17.7552	1863082	nifB	+	41	ZMO1787 (0.93)	Predicted DBD
ZM4	1865302	1865303	ZMO1787	105.692	1865306	ZMO1_ZMO1821	+	-4	ZMO1787 (0.93)	Predicted DBD
ZM4	1874214	1874215	ZMO1787	344.287	1874174	nifN	+	40	ZMO1787 (0.93)	Predicted DBD
ZM4	1875358	1875359	ZMO1787	276.117	1875537	nifX	+	-179	ZMO1787 (0.93)	Predicted DBD
ZM4	1875526	1875527	ZMO1787	16.5474	1875537	nifX	+	-11	ZMO1787 (0.93)	Predicted DBD
ZM4	1877459	1877460	ZMO1787	185.63	1877585	iscA	+	-126	ZMO1787 (0.93)	Predicted DBD
ZM4	1879645	1879646	ZMO1787	729.546	1879445	nifV	+	200	ZMO1787 (0.93)	Predicted DBD
ZM4	1880553	1880554	ZMO1787	390.461	1880656	nifW	+	-103	ZMO1787 (0.93)	Predicted DBD
ZM4	1882736	1882737	ZMO1787	46.7483	1882624	ZMO1_ZMO2029	-	-112	ZMO1787 (0.93)	Predicted DBD
ZM4	1883377	1883378	ZMO1787	20.8046	1883186	ZMO1_ZMO1840	-	-191	ZMO1787 (0.93)	Predicted DBD
ZM4	1886205	1886206	ZMO1787	112.888	1886262	ZMO1_ZMO1844	-	57	ZMO1787 (0.93)	Predicted DBD
ZM4	1886712	1886713	ZMO1787	242.898	1886693	ZMO1_ZMO1845	-	-19	ZMO1787 (0.93)	Predicted DBD
ZM4	1888466	1888467	ZMO1787	63.3386	1888588	ZMO1_ZMO1847	-	122	ZMO1787 (0.93)	Predicted DBD
ZM4	1888729	1888730	ZMO1787	27.7127	1888588	ZMO1_ZMO1847	-	-141	ZMO1787 (0.93)	Predicted DBD
ZM4	1889809	1889810	ZMO1787	315.282	1889644	ZMO1_ZMO1848	-	-165	ZMO1787 (0.93)	Predicted DBD
ZM4	1892737	1892738	ZMO1787	54.5928	1892657	ZMO1_ZMO1850	-	-80	ZMO1787 (0.93)	Predicted DBD
ZM4	1893265	1893266	ZMO1787	172.67	1893241	fldA	-	-24	ZMO1787 (0.93)	Predicted DBD
ZM4	1903278	1903279	ZMO1787	90.9212	1903453	ZMO1_ZMOr005	-	175	ZMO1787 (0.93)	Predicted DBD
ZM4	1911528	1911529	ZMO1787	46.2831	1911456	ZMO1_ZMO1862	-	-72	ZMO1787 (0.93)	Predicted DBD
ZM4	1912147	1912148	ZMO1787	57.1921	1912061	ZMO1_ZMO1863	-	-86	ZMO1787 (0.93)	Predicted DBD
ZM4	1917130	1917131	ZMO1787	90.9379	1917305	ZMO1_ZMOr008	-	175	ZMO1787 (0.93)	Predicted DBD
ZM4	1924212	1924213	ZMO1787	78.4968	1924083	ZMO1_ZMO1869	-	-129	ZMO1787 (0.93)	Predicted DBD
ZM4	1927872	1927873	ZMO1787	352.049	1927852	ZMO1_ZMO1875	-	-20	ZMO1787 (0.93)	Predicted DBD
ZM4	1929785	1929786	ZMO1787	81.4947	1929717	ZMO1_ZMO1877	-	-68	ZMO1787 (0.93)	Predicted DBD
ZM4	1929931	1929932	ZMO1787	136.285	1929860	valS	+	71	ZMO1787 (0.93)	Predicted DBD
ZM4	1932620	1932621	ZMO1787	734.233	1932647	hemB	+	-27	ZMO1787 (0.93)	Predicted DBD
ZM4	1940879	1940880	ZMO1787	113.412	1940987	entB	-	108	ZMO1787 (0.93)	Predicted DBD
ZM4	1949598	1949599	ZMO1787	76.5694	1949612	secD	-	14	ZMO1787 (0.93)	Predicted DBD
ZM4	1958903	1958904	ZMO1787	48.611	1958783	infC	-	-120	ZMO1787 (0.93)	Predicted DBD
ZM4	1961697	1961698	ZMO1787	140.65	1961504	mutS	-	-193	ZMO1787 (0.93)	Predicted DBD
ZM4	1962207	1962208	ZMO1787	153.604	1962126	ZMO1_ZMO1908	-	-81	ZMO1787 (0.93)	Predicted DBD
ZM4	1963853	1963854	ZMO1787	57.7985	1963783	ZMO1_ZMO1911	+	70	ZMO1787 (0.93)	Predicted DBD
ZM4	1969244	1969245	ZMO1787	383.655	1969149	bioD	-	-95	ZMO1787 (0.93)	Predicted DBD
ZM4	1973792	1973793	ZMO1787	13.4057	1973661	priA	+	131	ZMO1787 (0.93)	Predicted DBD
ZM4	1977725	1977726	ZMO1787	25.104	1977631	ZMO1_ZMO1923	+	94	ZMO1787 (0.93)	Predicted DBD
ZM4	1979900	1979901	ZMO1787	51.6138	1980071	ZMO1_ZMO1924	-	171	ZMO1787 (0.93)	Predicted DBD
ZM4	1983855	1983856	ZMO1787	325.602	1983957	sppA	-	102	ZMO1787 (0.93)	Predicted DBD
ZM4	1984224	1984225	ZMO1787	37.6644	1984252	groES	+	-28	ZMO1787 (0.93)	Predicted DBD
ZM4	1984574	1984575	ZMO1787	285.033	1984724	groEL	+	-150	ZMO1787 (0.93)	Predicted DBD
ZM4	1984847	1984848	ZMO1787	6.36351	1984724	groEL	+	123	ZMO1787 (0.93)	Predicted DBD
ZM4	1987626	1987627	ZMO1787	37.6143	1987817	ZMO1_ZMO1931	+	-191	ZMO1787 (0.93)	Predicted DBD
ZM4	1994115	1994116	ZMO1787	243.327	1994084	ZMO1_ZMO1934	-	-31	ZMO1787 (0.93)	Predicted DBD
ZM4	2003891	2003892	ZMO1787	135.972	2004015	ZMO1_ZMO1946	+	-124	ZMO1787 (0.93)	Predicted DBD
ZM4	2005075	2005076	ZMO1787	72.3593	2005274	ZMO1_ZMO1948	+	-199	ZMO1787 (0.93)	Predicted DBD
ZM4	2006505	2006506	ZMO1787	969.765	2006460	ZMO1_ZMO1950	+	45	ZMO1787 (0.93)	Predicted DBD
ZM4	2007723	2007724	ZMO1787	317.38	2007672	ZMO1_ZMO2038	+	51	ZMO1787 (0.93)	Predicted DBD
ZM4	2008129	2008130	ZMO1787	173.565	2008129	ZMO1_ZMO2039	+	0	ZMO1787 (0.93)	Predicted DBD
ZM4	2010271	2010272	ZMO1787	4.50057	2010274	panC2	+	-3	ZMO1787 (0.93)	Predicted DBD
ZM4	2015243	2015244	ZMO1787	19.8366	2015316	recN	-	73	ZMO1787 (0.93)	Predicted DBD
ZM4	2025665	2025666	ZMO1787	61.2855	2025753	gltA	-	88	ZMO1787 (0.93)	Predicted DBD
ZM4	2033913	2033914	ZMO1787	430.859	2033903	ZMO1_ZMO1969	-	-10	ZMO1787 (0.93)	Predicted DBD
ZM4	2035830	2035831	ZMO1787	37.3225	2035783	panC1	-	-47	ZMO1787 (0.93)	Predicted DBD
ZM4	2046779	2046780	ZMO1787	21.2518	2046934	ZMO1_ZMO1984	+	-155	ZMO1787 (0.93)	Predicted DBD
ZM4	2053064	2053065	ZMO1787	31.8719	2053016	clcD2	+	48	ZMO1787 (0.93)	Predicted DBD
ZM4	2058109	2058110	ZMO1787	59.3665	2058037	hemE	-	-72	ZMO1787 (0.93)	Predicted DBD
pZM32	4351	4352	ZMO1787	86.887200000000007	4406	ZMO1_ZMOp32x002	+	-55	ZMO1787 (0.93)	Predicted DBD
pZM32	5628	5629	ZMO1787	109.228	5689	ZMO1_ZMOp32x005	+	-61	ZMO1787 (0.93)	Predicted DBD
pZM32	14978	14979	ZMO1787	35.3415	14940	ZMO1_ZMOp32x014	+	38	ZMO1787 (0.93)	Predicted DBD
pZM32	19654	19655	ZMO1787	432.45	19760	ZMO1_ZMOp32x030	-	106	ZMO1787 (0.93)	Predicted DBD
pZM32	24668	24669	ZMO1787	26.3825	24739	ZMO1_ZMOp32x033	-	71	ZMO1787 (0.93)	Predicted DBD
pZM33	3298	3299	ZMO1787	327.432	3496	ZMO1_ZMOp33x007	-	198	ZMO1787 (0.93)	Predicted DBD
pZM33	8895	8896	ZMO1787	2.68227	8957	ZMO1_ZMOp33x012	+	-62	ZMO1787 (0.93)	Predicted DBD
pZM33	16660	16661	ZMO1787	8.36092	16573	ZMO1_ZMOp33x020	-	-87	ZMO1787 (0.93)	Predicted DBD
pZM33	17600	17601	ZMO1787	306.516	17730	ZMO1_ZMOp33x021	-	130	ZMO1787 (0.93)	Predicted DBD
pZM33	27128	27129	ZMO1787	53.8396	27041	ZMO1_ZMOp33x029	-	-87	ZMO1787 (0.93)	Predicted DBD
pZM33	28909	28910	ZMO1787	461.399	28862	ZMO1_ZMOp33x032	-	-47	ZMO1787 (0.93)	Predicted DBD
pZM33	30808	30809	ZMO1787	52.7987	30901	ZMO1_ZMOp33x037	+	-93	ZMO1787 (0.93)	Predicted DBD
pZM36	2875	2876	ZMO1787	206.521	2696	ZMO1_ZMOp36x006	+	179	ZMO1787 (0.93)	Predicted DBD
pZM36	4351	4352	ZMO1787	26.3825	4161	ZMO1_ZMOp36x008	+	190	ZMO1787 (0.93)	Predicted DBD
pZM36	13751	13752	ZMO1787	94.3594	13784	ZMO1_ZMOp36x017	+	-33	ZMO1787 (0.93)	Predicted DBD
pZM36	16605	16606	ZMO1787	1.6498	16427	ZMO1_ZMOp36x050	-	-178	ZMO1787 (0.93)	Predicted DBD
pZM36	16660	16661	ZMO1787	7.1192	16860	ZMO1_ZMOp36x020	-	200	ZMO1787 (0.93)	Predicted DBD
pZM36	22854	22855	ZMO1787	62.415	22785	ZMO1_ZMOp36x030	-	-69	ZMO1787 (0.93)	Predicted DBD
pZM36	22963	22964	ZMO1787	396.254	22785	ZMO1_ZMOp36x030	-	-178	ZMO1787 (0.93)	Predicted DBD
pZM36	23537	23538	ZMO1787	512.443	23502	ZMO1_ZMOp36x031	-	-35	ZMO1787 (0.93)	Predicted DBD
pZM36	27649	27650	ZMO1787	96.2586	27597	ZMO1_ZMOp36x037	-	-52	ZMO1787 (0.93)	Predicted DBD
pZM36	28695	28696	ZMO1787	45.716	28793	ZMO1_ZMOp36x039	+	-98	ZMO1787 (0.93)	Predicted DBD
pZM36	29258	29259	ZMO1787	10.5131	29436	ZMO1_ZMOp36x040	+	-178	ZMO1787 (0.93)	Predicted DBD
pZM39	272	273	ZMO1787	54.3626	352	ZMO1_ZMOp39x002	+	-80	ZMO1787 (0.93)	Predicted DBD
pZM39	616	617	ZMO1787	208.939	652	ZMO1_ZMOp39x003	+	-36	ZMO1787 (0.93)	Predicted DBD
pZM39	6932	6933	ZMO1787	151.11	6881	ZMO1_ZMOp39x009	+	51	ZMO1787 (0.93)	Predicted DBD
pZM39	12862	12863	ZMO1787	101.383	12984	ZMO1_ZMOp39x014	+	-122	ZMO1787 (0.93)	Predicted DBD
pZM39	20046	20047	ZMO1787	16.7229	20166	ZMO1_ZMOp39x018	-	120	ZMO1787 (0.93)	Predicted DBD
pZM39	22367	22368	ZMO1787	113.89	22275	ZMO1_ZMOp39x022	+	92	ZMO1787 (0.93)	Predicted DBD
ZM4	68	69	ZMO1793	140.695	146	ZMO1_ZMO0001	+	-78	ZMO1793 (LysR)	TF homology
ZM4	7985	7986	ZMO1793	158.118	8114	cysG1	-	129	ZMO1793 (LysR)	TF homology
ZM4	26169	26170	ZMO1793	507.043	25981	ZMO1_ZMO0022	-	-188	ZMO1793 (LysR)	TF homology
ZM4	33985	33986	ZMO1793	751.68	33933	ZMO1_ZMO0029	-	-52	ZMO1793 (LysR)	TF homology
ZM4	37177	37178	ZMO1793	97.3884	37054	ZMO1_ZMO0031	-	-123	ZMO1793 (LysR)	TF homology
ZM4	43320	43321	ZMO1793	332.992	43129	ZMO1_ZMO0043	-	-191	ZMO1793 (LysR)	TF homology
ZM4	43515	43516	ZMO1793	158.175	43593	ZMO1_ZMO0044	+	-78	ZMO1793 (LysR)	TF homology
ZM4	76559	76560	ZMO1793	1464.8	76369	mcp	-	-190	ZMO1793 (LysR)	TF homology
ZM4	85220	85221	ZMO1793	216.818	85171	ZMO1_ZMO0095	-	-49	ZMO1793 (LysR)	TF homology
ZM4	95178	95179	ZMO1793	4496.03	95276	ZMO1_ZMO0109	+	-98	ZMO1793 (LysR)	TF homology
ZM4	119291	119292	ZMO1793	73.4236	119178	phoC	-	-113	ZMO1793 (LysR)	TF homology
ZM4	127511	127512	ZMO1793	419.333	127569	ZMO1_ZMO0137	+	-58	ZMO1793 (LysR)	TF homology
ZM4	150732	150733	ZMO1793	11.3383	150782	ZMO1_ZMO0166	+	-50	ZMO1793 (LysR)	TF homology
ZM4	182686	182687	ZMO1793	150.772	182507	ZMO1_ZMO0190	-	-179	ZMO1793 (LysR)	TF homology
ZM4	185163	185164	ZMO1793	31.3817	185009	ZMO1_ZMO0192	-	-154	ZMO1793 (LysR)	TF homology
ZM4	232699	232700	ZMO1793	14.5701	232799	ZMO1_ZMO0236	+	-100	ZMO1793 (LysR)	TF homology
ZM4	245008	245009	ZMO1793	271.731	245174	ZMO1_ZMO0252	+	-166	ZMO1793 (LysR)	TF homology
ZM4	278858	278859	ZMO1793	28.1201	279055	metK	+	-197	ZMO1793 (LysR)	TF homology
ZM4	279110	279111	ZMO1793	61.3209	279065	ZMO1_ZMO2047	-	-45	ZMO1793 (LysR)	TF homology
ZM4	299297	299298	ZMO1793	863.115	299172	ZMO1_ZMO0293	-	-125	ZMO1793 (LysR)	TF homology
ZM4	301139	301140	ZMO1793	1550.28	301181	ZMO1_ZMO0297	+	-42	ZMO1793 (LysR)	TF homology
ZM4	303228	303229	ZMO1793	32.6326	303302	ZMO1_ZMO0298	-	74	ZMO1793 (LysR)	TF homology
ZM4	330639	330640	ZMO1793	243.132	330535	ZMO1_ZMO2048	-	-104	ZMO1793 (LysR)	TF homology
ZM4	338772	338773	ZMO1793	55.9321	338679	ZMO1_ZMO0343	-	-93	ZMO1793 (LysR)	TF homology
ZM4	340584	340585	ZMO1793	209.627	340713	ZMO1_ZMO0345	+	-129	ZMO1793 (LysR)	TF homology
ZM4	363781	363782	ZMO1793	11.7399	363839	ZMO1_ZMO0361	+	-58	ZMO1793 (LysR)	TF homology
ZM4	379297	379298	ZMO1793	24.5257	379203	ZMO1_ZMO0373	-	-94	ZMO1793 (LysR)	TF homology
ZM4	385544	385545	ZMO1793	194.102	385622	alkA	+	-78	ZMO1793 (LysR)	TF homology
ZM4	397690	397691	ZMO1793	102.351	397833	ZMO1_ZMO0395	+	-143	ZMO1793 (LysR)	TF homology
ZM4	404878	404879	ZMO1793	33.5497	404776	ZMO1_ZMO0401	-	-102	ZMO1793 (LysR)	TF homology
ZM4	407159	407160	ZMO1793	102.22	406965	ZMO1_ZMOt006	+	194	ZMO1793 (LysR)	TF homology
ZM4	441010	441011	ZMO1793	5.94194	441045	ZMO1_ZMO0444	+	-35	ZMO1793 (LysR)	TF homology
ZM4	452485	452486	ZMO1793	258.188	452358	fhs	-	-127	ZMO1793 (LysR)	TF homology
ZM4	469241	469242	ZMO1793	20.4702	469191	ribC	-	-50	ZMO1793 (LysR)	TF homology
ZM4	470774	470775	ZMO1793	181.998	470814	ZMO1_ZMO0478	+	-40	ZMO1793 (LysR)	TF homology
ZM4	475775	475776	ZMO1793	12.6885	475717	ZMO1_ZMO0481	-	-58	ZMO1793 (LysR)	TF homology
ZM4	487905	487906	ZMO1793	19.3463	487997	glnB	+	-92	ZMO1793 (LysR)	TF homology
ZM4	529607	529608	ZMO1793	65.5253	529612	rplO	+	-5	ZMO1793 (LysR)	TF homology
ZM4	535991	535992	ZMO1793	739.375	536102	acnA	+	-111	ZMO1793 (LysR)	TF homology
ZM4	559176	559177	ZMO1793	28.802	559252	hisC3	+	-76	ZMO1793 (LysR)	TF homology
ZM4	563034	563035	ZMO1793	81.0094	562952	ZMO1_ZMO0561	-	-82	ZMO1793 (LysR)	TF homology
ZM4	573761	573762	ZMO1793	8.14447	573858	ZMO1_ZMO0571	+	-97	ZMO1793 (LysR)	TF homology
ZM4	583813	583814	ZMO1793	4.14543	583717	ZMO1_ZMO0578	-	-96	ZMO1793 (LysR)	TF homology
ZM4	622912	622913	ZMO1793	41.4448	623011	ZMO1_ZMO0627	+	-99	ZMO1793 (LysR)	TF homology
ZM4	644361	644362	ZMO1793	116.999	644326	ZMO1_ZMO0653	-	-35	ZMO1793 (LysR)	TF homology
ZM4	673742	673743	ZMO1793	1981.41	673864	ZMO1_ZMO0680	+	-122	ZMO1793 (LysR)	TF homology
ZM4	678214	678215	ZMO1793	9.95888	678305	ZMO1_ZMO0682	+	-91	ZMO1793 (LysR)	TF homology
ZM4	682667	682668	ZMO1793	760.126	682751	ZMO1_ZMO0686	+	-84	ZMO1793 (LysR)	TF homology
ZM4	693804	693805	ZMO1793	486.074	693720	ZMO1_ZMO0694	-	-84	ZMO1793 (LysR)	TF homology
ZM4	751069	751070	ZMO1793	125.807	751134	ZMO1_ZMO0752	+	-65	ZMO1793 (LysR)	TF homology
ZM4	751786	751787	ZMO1793	105.603	751932	ZMO1_ZMO0753	+	-146	ZMO1793 (LysR)	TF homology
ZM4	788587	788588	ZMO1793	901.406	788772	ZMO1_ZMO0789	+	-185	ZMO1793 (LysR)	TF homology
ZM4	791524	791525	ZMO1793	480.686	791564	ZMO1_ZMO2054	+	-40	ZMO1793 (LysR)	TF homology
ZM4	799790	799791	ZMO1793	15.8139	799724	ZMO1_ZMO0796	-	-66	ZMO1793 (LysR)	TF homology
ZM4	807454	807455	ZMO1793	700.87	807358	ZMO1_ZMO0801	-	-96	ZMO1793 (LysR)	TF homology
ZM4	817223	817224	ZMO1793	44.7082	817350	defA	+	-127	ZMO1793 (LysR)	TF homology
ZM4	820135	820136	ZMO1793	8.43208	820257	queD	+	-122	ZMO1793 (LysR)	TF homology
ZM4	843701	843702	ZMO1793	142.328	843901	ftsZ	+	-200	ZMO1793 (LysR)	TF homology
ZM4	862219	862220	ZMO1793	39.7986	862117	ZMO1_ZMO0849	-	-102	ZMO1793 (LysR)	TF homology
ZM4	862705	862706	ZMO1793	65.6327	862902	ntrC	+	-197	ZMO1793 (LysR)	TF homology
ZM4	862828	862829	ZMO1793	44.3606	862902	ntrC	+	-74	ZMO1793 (LysR)	TF homology
ZM4	869608	869609	ZMO1793	34.6143	869780	ZMO1_ZMO0859	+	-172	ZMO1793 (LysR)	TF homology
ZM4	876781	876782	ZMO1793	74.6269	876845	ZMO1_ZMO0866	+	-64	ZMO1793 (LysR)	TF homology
ZM4	877903	877904	ZMO1793	15.8278	878092	hpnA	+	-189	ZMO1793 (LysR)	TF homology
ZM4	897713	897714	ZMO1793	51.2353	897621	ZMO1_ZMO0888	-	-92	ZMO1793 (LysR)	TF homology
ZM4	899142	899143	ZMO1793	1174.69	899000	mro	-	-142	ZMO1793 (LysR)	TF homology
ZM4	906789	906790	ZMO1793	22.9111	906602	ZMO1_ZMO0895	-	-187	ZMO1793 (LysR)	TF homology
ZM4	924621	924622	ZMO1793	8.45969	924715	ZMO1_ZMO0908	-	94	ZMO1793 (LysR)	TF homology
ZM4	926675	926676	ZMO1793	41.9888	926677	ZMO1_ZMO0910	-	2	ZMO1793 (LysR)	TF homology
ZM4	937066	937067	ZMO1793	132.905	937203	katE	+	-137	ZMO1793 (LysR)	TF homology
ZM4	938778	938779	ZMO1793	396.414	938805	ZMO1_ZMO0919	+	-27	ZMO1793 (LysR)	TF homology
ZM4	949801	949802	ZMO1793	21.0254	949808	ZMO1_ZMO2007	+	-7	ZMO1793 (LysR)	TF homology
ZM4	955190	955191	ZMO1793	171.384	955259	ZMO1_ZMO0936	+	-69	ZMO1793 (LysR)	TF homology
ZM4	957580	957581	ZMO1793	31.609	957727	phoD	+	-147	ZMO1793 (LysR)	TF homology
ZM4	986043	986044	ZMO1793	42.7394	985962	ZMO1_ZMO0968	+	81	ZMO1793 (LysR)	TF homology
ZM4	1013384	1013385	ZMO1793	39.4415	1013481	mscS1	+	-97	ZMO1793 (LysR)	TF homology
ZM4	1029485	1029486	ZMO1793	37.4146	1029622	ZMO1_ZMO1009	+	-137	ZMO1793 (LysR)	TF homology
ZM4	1055193	1055194	ZMO1793	5896.75	1055355	ZMO1_ZMO1040	+	-162	ZMO1793 (LysR)	TF homology
ZM4	1059420	1059421	ZMO1793	233.171	1059362	ZMO1_ZMO1041	-	-58	ZMO1793 (LysR)	TF homology
ZM4	1061198	1061199	ZMO1793	19.7137	1061136	ZMO1_ZMO1043	-	-62	ZMO1793 (LysR)	TF homology
ZM4	1071449	1071450	ZMO1793	15.0272	1071594	ZMO1_ZMO1055	+	-145	ZMO1793 (LysR)	TF homology
ZM4	1077930	1077931	ZMO1793	7.37934	1077887	pspF	-	-43	ZMO1793 (LysR)	TF homology
ZM4	1089284	1089285	ZMO1793	46.4369	1089356	ZMO1_ZMO1080	+	-72	ZMO1793 (LysR)	TF homology
ZM4	1107831	1107832	ZMO1793	18.6496	1107844	mazG	+	-13	ZMO1793 (LysR)	TF homology
ZM4	1127139	1127140	ZMO1793	40.4495	1126990	ZMO1_ZMO1109	-	-149	ZMO1793 (LysR)	TF homology
ZM4	1127330	1127331	ZMO1793	4.22157	1127354	ZMO1_ZMO1111	+	-24	ZMO1793 (LysR)	TF homology
ZM4	1160436	1160437	ZMO1793	35.7904	1160475	ilvC	+	-39	ZMO1793 (LysR)	TF homology
ZM4	1164437	1164438	ZMO1793	32.6966	1164558	ZMO1_ZMO1144	-	121	ZMO1793 (LysR)	TF homology
ZM4	1203375	1203376	ZMO1793	18.9694	1203279	hutG1	-	-96	ZMO1793 (LysR)	TF homology
ZM4	1211912	1211913	ZMO1793	22.0863	1211977	ZMO1_ZMOt027	+	-65	ZMO1793 (LysR)	TF homology
ZM4	1232198	1232199	ZMO1793	28.397	1232206	ZMO1_ZMO1206	-	8	ZMO1793 (LysR)	TF homology
ZM4	1236226	1236227	ZMO1793	21.1391	1236154	kup	-	-72	ZMO1793 (LysR)	TF homology
ZM4	1239762	1239763	ZMO1793	295.669	1239653	pgi	-	-109	ZMO1793 (LysR)	TF homology
ZM4	1262923	1262924	ZMO1793	32.2989	1262780	adhA	-	-143	ZMO1793 (LysR)	TF homology
ZM4	1264455	1264456	ZMO1793	14.1242	1264477	ldhA	-	22	ZMO1793 (LysR)	TF homology
ZM4	1278734	1278735	ZMO1793	182.693	1278835	ssuA	+	-101	ZMO1793 (LysR)	TF homology
ZM4	1304048	1304049	ZMO1793	19.4242	1303926	ZMO1_ZMO1287	-	-122	ZMO1793 (LysR)	TF homology
ZM4	1311306	1311307	ZMO1793	106.161	1311194	ZMO1_ZMO2015	-	-112	ZMO1793 (LysR)	TF homology
ZM4	1313003	1313004	ZMO1793	42.3292	1313079	ZMO1_ZMO1298	+	-76	ZMO1793 (LysR)	TF homology
ZM4	1315597	1315598	ZMO1793	120.645	1315744	ZMO1_ZMO2016	+	-147	ZMO1793 (LysR)	TF homology
ZM4	1315983	1315984	ZMO1793	1276.35	1316015	ZMO1_ZMO2017	+	-32	ZMO1793 (LysR)	TF homology
ZM4	1319901	1319902	ZMO1793	33.2148	1319849	ZMO1_ZMO1301	-	-52	ZMO1793 (LysR)	TF homology
ZM4	1346165	1346166	ZMO1793	15.7223	1346030	ZMO1_ZMO1327	+	135	ZMO1793 (LysR)	TF homology
ZM4	1354405	1354406	ZMO1793	266.19	1354361	ZMO1_ZMO1336	-	-44	ZMO1793 (LysR)	TF homology
ZM4	1368718	1368719	ZMO1793	668.64	1368590	ZMO1_ZMO1352	-	-128	ZMO1793 (LysR)	TF homology
ZM4	1377712	1377713	ZMO1793	54.3365	1377727	ZMO1_ZMO2066	-	15	ZMO1793 (LysR)	TF homology
ZM4	1379935	1379936	ZMO1793	412.011	1380113	ZMO1_ZMO1365	+	-178	ZMO1793 (LysR)	TF homology
ZM4	1395417	1395418	ZMO1793	35.0424	1395344	ZMO1_ZMO1380	-	-73	ZMO1793 (LysR)	TF homology
ZM4	1407410	1407411	ZMO1793	35.7454	1407392	ZMO1_ZMO1390	-	-18	ZMO1793 (LysR)	TF homology
ZM4	1410370	1410371	ZMO1793	50.2297	1410312	lptG	+	58	ZMO1793 (LysR)	TF homology
ZM4	1420922	1420923	ZMO1793	23.9077	1420848	ZMO1_ZMO1406	-	-74	ZMO1793 (LysR)	TF homology
ZM4	1422154	1422155	ZMO1793	7.76076	1422091	asd	-	-63	ZMO1793 (LysR)	TF homology
ZM4	1427810	1427811	ZMO1793	20.8756	1427629	ZMO1_ZMO1412	-	-181	ZMO1793 (LysR)	TF homology
ZM4	1429563	1429564	ZMO1793	12.8957	1429455	ZMO1_ZMO1415	-	-108	ZMO1793 (LysR)	TF homology
ZM4	1459543	1459544	ZMO1793	9187.43	1459483	ZMO1_ZMO1440	-	-60	ZMO1793 (LysR)	TF homology
ZM4	1462044	1462045	ZMO1793	11.9361	1462017	ZMO1_ZMO1442	-	-27	ZMO1793 (LysR)	TF homology
ZM4	1470804	1470805	ZMO1793	3087.52	1470981	phrB	+	-177	ZMO1793 (LysR)	TF homology
ZM4	1485999	1486000	ZMO1793	72.7569	1485986	ZMO1_ZMO1463	-	-13	ZMO1793 (LysR)	TF homology
ZM4	1486398	1486399	ZMO1793	209.244	1486337	ZMO1_ZMO1464	-	-61	ZMO1793 (LysR)	TF homology
ZM4	1492269	1492270	ZMO1793	257.795	1492410	ZMO1_ZMO1468	-	141	ZMO1793 (LysR)	TF homology
ZM4	1492485	1492486	ZMO1793	1384.33	1492410	ZMO1_ZMO1468	-	-75	ZMO1793 (LysR)	TF homology
ZM4	1496159	1496160	ZMO1793	94.9475	1496295	ZMO1_ZMO1473	+	-136	ZMO1793 (LysR)	TF homology
ZM4	1497285	1497286	ZMO1793	34.1204	1497475	ZMO1_ZMO1475	+	-190	ZMO1793 (LysR)	TF homology
ZM4	1501291	1501292	ZMO1793	797.703	1501411	ZMO1_ZMO1477	-	120	ZMO1793 (LysR)	TF homology
ZM4	1509328	1509329	ZMO1793	203.481	1509453	ZMO1_ZMO1483	-	125	ZMO1793 (LysR)	TF homology
ZM4	1517248	1517249	ZMO1793	36.0251	1517389	ZMO1_ZMO1490	+	-141	ZMO1793 (LysR)	TF homology
ZM4	1517339	1517340	ZMO1793	34.6961	1517389	ZMO1_ZMO1490	+	-50	ZMO1793 (LysR)	TF homology
ZM4	1522289	1522290	ZMO1793	125.777	1522124	ZMO1_ZMO1495	-	-165	ZMO1793 (LysR)	TF homology
ZM4	1522454	1522455	ZMO1793	70.8503	1522632	ppc	+	-178	ZMO1793 (LysR)	TF homology
ZM4	1547065	1547066	ZMO1793	1396.59	1546928	ZMO1_ZMO1521	-	-137	ZMO1793 (LysR)	TF homology
ZM4	1563231	1563232	ZMO1793	138.727	1563298	ZMO1_ZMO1530	+	-67	ZMO1793 (LysR)	TF homology
ZM4	1569232	1569233	ZMO1793	3128.84	1569199	ZMO1_ZMO1536	-	-33	ZMO1793 (LysR)	TF homology
ZM4	1593866	1593867	ZMO1793	1049.53	1593724	ZMO1_ZMO1561	+	142	ZMO1793 (LysR)	TF homology
ZM4	1620835	1620836	ZMO1793	320.301	1621028	ZMO1_ZMO1581	+	-193	ZMO1793 (LysR)	TF homology
ZM4	1630091	1630092	ZMO1793	38.8046	1630155	ZMO1_ZMO1589	+	-64	ZMO1793 (LysR)	TF homology
ZM4	1630321	1630322	ZMO1793	26.8544	1630155	ZMO1_ZMO1589	+	166	ZMO1793 (LysR)	TF homology
ZM4	1669149	1669150	ZMO1793	378.626	1669076	ZMO1_ZMO1624	-	-73	ZMO1793 (LysR)	TF homology
ZM4	1671662	1671663	ZMO1793	306.058	1671786	engB	+	-124	ZMO1793 (LysR)	TF homology
ZM4	1677086	1677087	ZMO1793	198.188	1677204	dapE	+	-118	ZMO1793 (LysR)	TF homology
ZM4	1695527	1695528	ZMO1793	242.595	1695450	folK	-	-77	ZMO1793 (LysR)	TF homology
ZM4	1696530	1696531	ZMO1793	21.5127	1696607	gnl	+	-77	ZMO1793 (LysR)	TF homology
ZM4	1705429	1705430	ZMO1793	66.5837	1705476	ZMO1_ZMO1656	+	-47	ZMO1793 (LysR)	TF homology
ZM4	1718579	1718580	ZMO1793	334.128	1718729	ZMO1_ZMO1671	+	-150	ZMO1793 (LysR)	TF homology
ZM4	1719167	1719168	ZMO1793	7.46394	1719268	ZMO1_ZMO1672	+	-101	ZMO1793 (LysR)	TF homology
ZM4	1726612	1726613	ZMO1793	27.886	1726753	ZMO1_ZMO1681	+	-141	ZMO1793 (LysR)	TF homology
ZM4	1739803	1739804	ZMO1793	26.336	1739946	ZMO1_ZMO1690	+	-143	ZMO1793 (LysR)	TF homology
ZM4	1751737	1751738	ZMO1793	822.254	1751819	ZMO1_ZMO1700	+	-82	ZMO1793 (LysR)	TF homology
ZM4	1767007	1767008	ZMO1793	15.5611	1767058	ZMO1_ZMO1718	+	-51	ZMO1793 (LysR)	TF homology
ZM4	1798097	1798098	ZMO1793	109.01	1798158	fpr	+	-61	ZMO1793 (LysR)	TF homology
ZM4	1801772	1801773	ZMO1793	11350	1801692	thyB	-	-80	ZMO1793 (LysR)	TF homology
ZM4	1820764	1820765	ZMO1793	12.9987	1820724	ZMO1_ZMO1775	-	-40	ZMO1793 (LysR)	TF homology
ZM4	1838839	1838840	ZMO1793	36858	1838859	ZMO1_ZMO1793	+	-20	ZMO1793 (LysR)	TF homology
ZM4	1849880	1849881	ZMO1793	4.53909	1849886	ZMO1_ZMO1807	+	-6	ZMO1793 (LysR)	TF homology
ZM4	1860626	1860627	ZMO1793	50.3468	1860457	ZMO1_ZMO1815	-	-169	ZMO1793 (LysR)	TF homology
ZM4	1861041	1861042	ZMO1793	3.82277	1861167	nifA	+	-126	ZMO1793 (LysR)	TF homology
ZM4	1868465	1868466	ZMO1793	704.523	1868308	ZMO1_ZMO1822	-	-157	ZMO1793 (LysR)	TF homology
ZM4	1879382	1879383	ZMO1793	66.06	1879445	nifV	+	-63	ZMO1793 (LysR)	TF homology
ZM4	1882324	1882325	ZMO1793	198.484	1882259	ZMO1_ZMO1838	-	-65	ZMO1793 (LysR)	TF homology
ZM4	1885015	1885016	ZMO1793	53.3535	1884850	apbE	-	-165	ZMO1793 (LysR)	TF homology
ZM4	1889762	1889763	ZMO1793	120.473	1889644	ZMO1_ZMO1848	-	-118	ZMO1793 (LysR)	TF homology
ZM4	1890350	1890351	ZMO1793	22.809	1890435	ZMO1_ZMO1849	+	-85	ZMO1793 (LysR)	TF homology
ZM4	1893325	1893326	ZMO1793	20.0918	1893241	fldA	-	-84	ZMO1793 (LysR)	TF homology
ZM4	1939265	1939266	ZMO1793	3104	1939120	ZMO1_ZMO1885	-	-145	ZMO1793 (LysR)	TF homology
ZM4	1946041	1946042	ZMO1793	14.5414	1945967	ZMO1_ZMO1895	+	74	ZMO1793 (LysR)	TF homology
ZM4	1965656	1965657	ZMO1793	13.1794	1965833	gshB	+	-177	ZMO1793 (LysR)	TF homology
ZM4	1965831	1965832	ZMO1793	47.8217	1965833	gshB	+	-2	ZMO1793 (LysR)	TF homology
ZM4	1972962	1972963	ZMO1793	2055.13	1972836	ZMO1_ZMO1919	-	-126	ZMO1793 (LysR)	TF homology
ZM4	2013521	2013522	ZMO1793	19.4402	2013483	mdh	-	-38	ZMO1793 (LysR)	TF homology
ZM4	2016662	2016663	ZMO1793	56.3052	2016553	ZMO1_ZMO1957	-	-109	ZMO1793 (LysR)	TF homology
ZM4	2038633	2038634	ZMO1793	48.7193	2038747	ZMO1_ZMO1976	+	-114	ZMO1793 (LysR)	TF homology
ZM4	2045841	2045842	ZMO1793	119.754	2045915	ZMO1_ZMO1983	+	-74	ZMO1793 (LysR)	TF homology
ZM4	2048363	2048364	ZMO1793	782.22	2048504	ZMO1_ZMO1986	+	-141	ZMO1793 (LysR)	TF homology
pZM32	3779	3780	ZMO1793	24.3715	3731	ZMO1_ZMOp32x001	-	-48	ZMO1793 (LysR)	TF homology
pZM32	8594	8595	ZMO1793	359.139	8719	ZMO1_ZMOp32x007	+	-125	ZMO1793 (LysR)	TF homology
pZM32	14321	14322	ZMO1793	16.1219	14430	ZMO1_ZMOp32x012	+	-109	ZMO1793 (LysR)	TF homology
pZM33	2363	2364	ZMO1793	815.337	2297	ZMO1_ZMOp33x004	-	-66	ZMO1793 (LysR)	TF homology
pZM33	3443	3444	ZMO1793	13.031	3496	ZMO1_ZMOp33x007	-	53	ZMO1793 (LysR)	TF homology
pZM33	3586	3587	ZMO1793	22.5346	3496	ZMO1_ZMOp33x007	-	-90	ZMO1793 (LysR)	TF homology
pZM33	6121	6122	ZMO1793	103.353	6212	ZMO1_ZMOp33x010	+	-91	ZMO1793 (LysR)	TF homology
pZM33	10623	10624	ZMO1793	11.2246	10597	ZMO1_ZMOp33x014	+	26	ZMO1793 (LysR)	TF homology
pZM33	12170	12171	ZMO1793	2570.79	12297	ZMO1_ZMOp33x016	+	-127	ZMO1793 (LysR)	TF homology
pZM33	15214	15215	ZMO1793	25.7826	15161	ZMO1_ZMOp33x019	-	-53	ZMO1793 (LysR)	TF homology
pZM33	30248	30249	ZMO1793	2620.96	30068	ZMO1_ZMOp33x034	-	-180	ZMO1793 (LysR)	TF homology
pZM36	7206	7207	ZMO1793	44.7082	7376	ZMO1_ZMOp36x010	+	-170	ZMO1793 (LysR)	TF homology
pZM36	10061	10062	ZMO1793	125.709	10111	ZMO1_ZMOp36x013	+	-50	ZMO1793 (LysR)	TF homology
pZM36	15932	15933	ZMO1793	179.299	15884	ZMO1_ZMOp36x049	-	-48	ZMO1793 (LysR)	TF homology
pZM36	16468	16469	ZMO1793	18.1735	16427	ZMO1_ZMOp36x050	-	-41	ZMO1793 (LysR)	TF homology
pZM36	27627	27628	ZMO1793	22.0836	27597	ZMO1_ZMOp36x037	-	-30	ZMO1793 (LysR)	TF homology
pZM39	1728	1729	ZMO1793	3660.42	1825	ZMO1_ZMOp39x004	+	-97	ZMO1793 (LysR)	TF homology
pZM39	2663	2664	ZMO1793	235.993	2714	ZMO1_ZMOp39x005	+	-51	ZMO1793 (LysR)	TF homology
pZM39	7841	7842	ZMO1793	69.4571	7987	ZMO1_ZMOp39x011	+	-146	ZMO1793 (LysR)	TF homology
pZM39	8889	8890	ZMO1793	1158.86	8987	ZMO1_ZMOp39x012	+	-98	ZMO1793 (LysR)	TF homology
pZM39	20258	20259	ZMO1793	3876.65	20166	ZMO1_ZMOp39x018	-	-92	ZMO1793 (LysR)	TF homology
pZM39	26048	26049	ZMO1793	120.192	26114	ZMO1_ZMOp39x027	+	-66	ZMO1793 (LysR)	TF homology
ZM4	1894371	1894372	ZMO1854	32677.7	1894297	dapA2	-	-74	ZMO1854 (GntR)	TF homology
ZM4	1895910	1895911	ZMO1854	27019.8	1895887	ZMO1_ZMO1854	-	-23	ZMO1854 (GntR)	TF homology
pZM36	32706	32707	ZMO1854	33.9485	32815	ZMO1_ZMOp36x042	-	109	ZMO1854 (GntR)	TF homology
ZM4	12645	12646	ZMO1857	7.95767	12662	cysJ	-	17	ZMO1857 (LysR)	TF homology
ZM4	14342	14343	ZMO1857	40.7134	14370	ZMO1_ZMO0011	-	28	ZMO1857 (LysR)	TF homology
ZM4	15563	15564	ZMO1857	24.0619	15728	hemN1	-	165	ZMO1857 (LysR)	TF homology
ZM4	16396	16397	ZMO1857	31.264	16364	ZMO1_ZMO0013	-	-32	ZMO1857 (LysR)	TF homology
ZM4	29234	29235	ZMO1857	16.8859	29292	purH	+	-58	ZMO1857 (LysR)	TF homology
ZM4	39431	39432	ZMO1857	24.8301	39421	nagE1	-	-10	ZMO1857 (LysR)	TF homology
ZM4	49331	49332	ZMO1857	3.41095	49347	marR	+	-16	ZMO1857 (LysR)	TF homology
ZM4	60332	60333	ZMO1857	64.8588	60236	ZMO1_ZMO0068	+	96	ZMO1857 (LysR)	TF homology
ZM4	69456	69457	ZMO1857	19.9991	69630	cheY	-	174	ZMO1857 (LysR)	TF homology
ZM4	69594	69595	ZMO1857	60.3175	69630	cheY	-	36	ZMO1857 (LysR)	TF homology
ZM4	84986	84987	ZMO1857	15.9538	85171	ZMO1_ZMO0095	-	185	ZMO1857 (LysR)	TF homology
ZM4	88349	88350	ZMO1857	31.3839	88383	ZMO1_ZMO0100	-	34	ZMO1857 (LysR)	TF homology
ZM4	88441	88442	ZMO1857	66.3135	88490	ZMO1_ZMO0101	+	-49	ZMO1857 (LysR)	TF homology
ZM4	89565	89566	ZMO1857	23.0054	89581	ZMO1_ZMO0102	+	-16	ZMO1857 (LysR)	TF homology
ZM4	102206	102207	ZMO1857	10.4629	102403	trpGD	+	-197	ZMO1857 (LysR)	TF homology
ZM4	103987	103988	ZMO1857	78.3893	104016	ZMO1_ZMO0116	+	-29	ZMO1857 (LysR)	TF homology
ZM4	109064	109065	ZMO1857	27.3677	108978	ZMO1_ZMO0121	+	86	ZMO1857 (LysR)	TF homology
ZM4	112825	112826	ZMO1857	29.916	112699	ZMO1_ZMO0124	-	-126	ZMO1857 (LysR)	TF homology
ZM4	115390	115391	ZMO1857	3.53481	115551	ZMO1_ZMO0127	-	161	ZMO1857 (LysR)	TF homology
ZM4	118131	118132	ZMO1857	281.657	118061	ZMO1_ZMO0128	-	-70	ZMO1857 (LysR)	TF homology
ZM4	120616	120617	ZMO1857	10.6009	120788	ZMO1_ZMO0132	+	-172	ZMO1857 (LysR)	TF homology
ZM4	121785	121786	ZMO1857	6.17987	121837	ZMO1_ZMO0133	+	-52	ZMO1857 (LysR)	TF homology
ZM4	130858	130859	ZMO1857	95.2563	130699	ZMO1_ZMO0142	+	159	ZMO1857 (LysR)	TF homology
ZM4	160564	160565	ZMO1857	3.50465	160544	zapA	-	-20	ZMO1857 (LysR)	TF homology
ZM4	163985	163986	ZMO1857	6.37087	163877	gap	+	108	ZMO1857 (LysR)	TF homology
ZM4	173838	173839	ZMO1857	25.2909	173736	ZMO1_ZMO0184	+	102	ZMO1857 (LysR)	TF homology
ZM4	210375	210376	ZMO1857	27.6599	210437	dinF	-	62	ZMO1857 (LysR)	TF homology
ZM4	216499	216500	ZMO1857	98.9704	216379	fdxA	+	120	ZMO1857 (LysR)	TF homology
ZM4	228269	228270	ZMO1857	24.9374	228222	ZMO1_ZMO0231	+	47	ZMO1857 (LysR)	TF homology
ZM4	234718	234719	ZMO1857	15.9303	234818	atpA	+	-100	ZMO1857 (LysR)	TF homology
ZM4	244420	244421	ZMO1857	2.877	244367	ZMO1_ZMO0251	+	53	ZMO1857 (LysR)	TF homology
ZM4	254262	254263	ZMO1857	2.58756	254133	tolC	+	129	ZMO1857 (LysR)	TF homology
ZM4	297294	297295	ZMO1857	65.9234	297469	lgt	-	175	ZMO1857 (LysR)	TF homology
ZM4	299008	299009	ZMO1857	43.141	299172	ZMO1_ZMO0293	-	164	ZMO1857 (LysR)	TF homology
ZM4	309068	309069	ZMO1857	121.567	309144	ZMO1_ZMO0305	-	76	ZMO1857 (LysR)	TF homology
ZM4	309317	309318	ZMO1857	40.418	309144	ZMO1_ZMO0305	-	-173	ZMO1857 (LysR)	TF homology
ZM4	316015	316016	ZMO1857	78.7918	315872	ZMO1_ZMO0313	+	143	ZMO1857 (LysR)	TF homology
ZM4	322094	322095	ZMO1857	608.968	322192	ileS	+	-98	ZMO1857 (LysR)	TF homology
ZM4	330806	330807	ZMO1857	6.86276	330813	ZMO1_ZMO0331	+	-7	ZMO1857 (LysR)	TF homology
ZM4	333579	333580	ZMO1857	5.41006	333461	ZMO1_ZMO0336	+	118	ZMO1857 (LysR)	TF homology
ZM4	338970	338971	ZMO1857	62.7657	338982	ZMO1_ZMO0344	+	-12	ZMO1857 (LysR)	TF homology
ZM4	343810	343811	ZMO1857	10.4277	343859	hflX	+	-49	ZMO1857 (LysR)	TF homology
ZM4	358583	358584	ZMO1857	3.76616	358453	mreC	+	130	ZMO1857 (LysR)	TF homology
ZM4	378534	378535	ZMO1857	33.5077	378392	ZMO1_ZMO0372	+	142	ZMO1857 (LysR)	TF homology
ZM4	380123	380124	ZMO1857	4.22517	380041	sacB	+	82	ZMO1857 (LysR)	TF homology
ZM4	405793	405794	ZMO1857	34.3127	405661	ftsJ	-	-132	ZMO1857 (LysR)	TF homology
ZM4	413180	413181	ZMO1857	16.7983	413244	argF	+	-64	ZMO1857 (LysR)	TF homology
ZM4	427984	427985	ZMO1857	16.9571	428168	sufD	+	-184	ZMO1857 (LysR)	TF homology
ZM4	430427	430428	ZMO1857	26.1725	430500	ZMO1_ZMO0428	+	-73	ZMO1857 (LysR)	TF homology
ZM4	430865	430866	ZMO1857	12.9242	430973	ZMO1_ZMO0429	+	-108	ZMO1857 (LysR)	TF homology
ZM4	434006	434007	ZMO1857	37.3434	433911	rocF	-	-95	ZMO1857 (LysR)	TF homology
ZM4	438765	438766	ZMO1857	15.7986	438960	ZMO1_ZMO0442	+	-195	ZMO1857 (LysR)	TF homology
ZM4	449126	449127	ZMO1857	10.4205	449257	engA	+	-131	ZMO1857 (LysR)	TF homology
ZM4	459782	459783	ZMO1857	34.9507	459613	secG	-	-169	ZMO1857 (LysR)	TF homology
ZM4	460818	460819	ZMO1857	31.6276	460927	ZMO1_ZMO0467	+	-109	ZMO1857 (LysR)	TF homology
ZM4	470923	470924	ZMO1857	32.031	470814	ZMO1_ZMO0478	+	109	ZMO1857 (LysR)	TF homology
ZM4	472895	472896	ZMO1857	9.9799	472882	ZMO1_ZMO0480	+	13	ZMO1857 (LysR)	TF homology
ZM4	478289	478290	ZMO1857	5.09131	478302	ZMO1_ZMO0484	+	-13	ZMO1857 (LysR)	TF homology
ZM4	483281	483282	ZMO1857	22.7625	483304	ZMO1_ZMO0488	-	23	ZMO1857 (LysR)	TF homology
ZM4	507962	507963	ZMO1857	42.9431	507965	rluC_1	+	-3	ZMO1857 (LysR)	TF homology
ZM4	511589	511590	ZMO1857	6.83487	511431	pdhC	+	158	ZMO1857 (LysR)	TF homology
ZM4	512631	512632	ZMO1857	372.337	512750	ZMO1_ZMO0511	+	-119	ZMO1857 (LysR)	TF homology
ZM4	515644	515645	ZMO1857	8.92146	515763	ZMO1_ZMO2002	+	-119	ZMO1857 (LysR)	TF homology
ZM4	519941	519942	ZMO1857	31.5583	520095	ZMO1_ZMO2003	+	-154	ZMO1857 (LysR)	TF homology
ZM4	525429	525430	ZMO1857	3.61399	525349	rpsQ	+	80	ZMO1857 (LysR)	TF homology
ZM4	525549	525550	ZMO1857	2.1303	525669	rplN	+	-120	ZMO1857 (LysR)	TF homology
ZM4	527073	527074	ZMO1857	23.1255	526972	rpsN	+	101	ZMO1857 (LysR)	TF homology
ZM4	529649	529650	ZMO1857	16.9092	529612	rplO	+	37	ZMO1857 (LysR)	TF homology
ZM4	529783	529784	ZMO1857	13.5265	529612	rplO	+	171	ZMO1857 (LysR)	TF homology
ZM4	538476	538477	ZMO1857	3.07687	538438	citC	+	38	ZMO1857 (LysR)	TF homology
ZM4	549828	549829	ZMO1857	7.31087	549907	tdk	-	79	ZMO1857 (LysR)	TF homology
ZM4	550274	550275	ZMO1857	19.1375	550356	rbfA	-	82	ZMO1857 (LysR)	TF homology
ZM4	553618	553619	ZMO1857	33.6239	553472	infB	-	-146	ZMO1857 (LysR)	TF homology
ZM4	555717	555718	ZMO1857	19.5548	555893	nusA	-	176	ZMO1857 (LysR)	TF homology
ZM4	555997	555998	ZMO1857	17.232	555893	nusA	-	-104	ZMO1857 (LysR)	TF homology
ZM4	562871	562872	ZMO1857	118.386	562952	ZMO1_ZMO0561	-	81	ZMO1857 (LysR)	TF homology
ZM4	564792	564793	ZMO1857	17.7867	564838	idsA	+	-46	ZMO1857 (LysR)	TF homology
ZM4	586877	586878	ZMO1857	18.7368	586759	folC	-	-118	ZMO1857 (LysR)	TF homology
ZM4	610804	610805	ZMO1857	46.0371	610817	flgH	-	13	ZMO1857 (LysR)	TF homology
ZM4	613594	613595	ZMO1857	2.55506	613687	flgE	-	93	ZMO1857 (LysR)	TF homology
ZM4	613793	613794	ZMO1857	4.3755	613687	flgE	-	-106	ZMO1857 (LysR)	TF homology
ZM4	623057	623058	ZMO1857	265.215	623011	ZMO1_ZMO0627	+	46	ZMO1857 (LysR)	TF homology
ZM4	623871	623872	ZMO1857	36.8593	623756	ZMO1_ZMO0628	+	115	ZMO1857 (LysR)	TF homology
ZM4	631600	631601	ZMO1857	3.62415	631425	fliI	+	175	ZMO1857 (LysR)	TF homology
ZM4	647655	647656	ZMO1857	30.315	647767	ZMO1_ZMO0654	-	112	ZMO1857 (LysR)	TF homology
ZM4	652789	652790	ZMO1857	19.338	652783	ZMO1_ZMO0659	+	6	ZMO1857 (LysR)	TF homology
ZM4	658171	658172	ZMO1857	6.80868	658255	purB	-	84	ZMO1857 (LysR)	TF homology
ZM4	663684	663685	ZMO1857	10.5544	663633	atpB	+	51	ZMO1857 (LysR)	TF homology
ZM4	689218	689219	ZMO1857	71.5935	689411	gid	-	193	ZMO1857 (LysR)	TF homology
ZM4	693795	693796	ZMO1857	15.5661	693720	ZMO1_ZMO0694	-	-75	ZMO1857 (LysR)	TF homology
ZM4	703619	703620	ZMO1857	31.9574	703811	ZMO1_ZMO0704	-	192	ZMO1857 (LysR)	TF homology
ZM4	720181	720182	ZMO1857	29.9413	720119	dapA1	+	62	ZMO1857 (LysR)	TF homology
ZM4	727709	727710	ZMO1857	30.3422	727750	ZMO1_ZMO2053	-	41	ZMO1857 (LysR)	TF homology
ZM4	751952	751953	ZMO1857	589.722	751932	ZMO1_ZMO0753	+	20	ZMO1857 (LysR)	TF homology
ZM4	771340	771341	ZMO1857	68.714	771215	ZMO1_ZMO0774	-	-125	ZMO1857 (LysR)	TF homology
ZM4	777658	777659	ZMO1857	1.99731	777802	ZMO1_ZMO0780	+	-144	ZMO1857 (LysR)	TF homology
ZM4	814428	814429	ZMO1857	159.547	814344	rimO	-	-84	ZMO1857 (LysR)	TF homology
ZM4	825489	825490	ZMO1857	11.3913	825651	ZMO1_ZMO0822	+	-162	ZMO1857 (LysR)	TF homology
ZM4	830345	830346	ZMO1857	1.30665	830520	murE	+	-175	ZMO1857 (LysR)	TF homology
ZM4	837038	837039	ZMO1857	13.5265	836980	murG	+	58	ZMO1857 (LysR)	TF homology
ZM4	839452	839453	ZMO1857	3.26595	839567	murB	+	-115	ZMO1857 (LysR)	TF homology
ZM4	842292	842293	ZMO1857	21.9901	842401	ftsA	+	-109	ZMO1857 (LysR)	TF homology
ZM4	847540	847541	ZMO1857	175.317	847452	clcA	+	88	ZMO1857 (LysR)	TF homology
ZM4	865641	865642	ZMO1857	26.4232	865732	queA	-	91	ZMO1857 (LysR)	TF homology
ZM4	866641	866642	ZMO1857	33.8712	866602	ZMO1_ZMO0853	-	-39	ZMO1857 (LysR)	TF homology
ZM4	875050	875051	ZMO1857	139.015	875098	cdd	-	48	ZMO1857 (LysR)	TF homology
ZM4	879082	879083	ZMO1857	17.719	879105	hpnB	+	-23	ZMO1857 (LysR)	TF homology
ZM4	888831	888832	ZMO1857	20.9337	888637	hpnM	+	194	ZMO1857 (LysR)	TF homology
ZM4	892636	892637	ZMO1857	35.5147	892672	cheA2	-	36	ZMO1857 (LysR)	TF homology
ZM4	895342	895343	ZMO1857	11.6608	895529	rplM	-	187	ZMO1857 (LysR)	TF homology
ZM4	899019	899020	ZMO1857	30.2304	899000	mro	-	-19	ZMO1857 (LysR)	TF homology
ZM4	913767	913768	ZMO1857	51.34	913840	ZMO1_ZMO0902	-	73	ZMO1857 (LysR)	TF homology
ZM4	937083	937084	ZMO1857	40.4066	937203	katE	+	-120	ZMO1857 (LysR)	TF homology
ZM4	942289	942290	ZMO1857	101.688	942239	ZMO1_ZMO0920	-	-50	ZMO1857 (LysR)	TF homology
ZM4	949296	949297	ZMO1857	8.68095	949302	mlaD	+	-6	ZMO1857 (LysR)	TF homology
ZM4	949422	949423	ZMO1857	2.78668	949302	mlaD	+	120	ZMO1857 (LysR)	TF homology
ZM4	952347	952348	ZMO1857	3.28179	952415	ZMO1_ZMO0929	-	68	ZMO1857 (LysR)	TF homology
ZM4	952555	952556	ZMO1857	15.4101	952415	ZMO1_ZMO0929	-	-140	ZMO1857 (LysR)	TF homology
ZM4	964023	964024	ZMO1857	155.027	964131	scrB	-	108	ZMO1857 (LysR)	TF homology
ZM4	967387	967388	ZMO1857	4.74871	967194	ZMO1_ZMO0947	+	193	ZMO1857 (LysR)	TF homology
ZM4	968433	968434	ZMO1857	9.67736	968238	clpP	+	195	ZMO1857 (LysR)	TF homology
ZM4	971843	971844	ZMO1857	33.6239	971817	hemF	-	-26	ZMO1857 (LysR)	TF homology
ZM4	995512	995513	ZMO1857	3.49874	995630	xyrA	-	118	ZMO1857 (LysR)	TF homology
ZM4	1006084	1006085	ZMO1857	66.7135	1006278	nlpD	-	194	ZMO1857 (LysR)	TF homology
ZM4	1013565	1013566	ZMO1857	18.545	1013481	mscS1	+	84	ZMO1857 (LysR)	TF homology
ZM4	1025939	1025940	ZMO1857	98.4283	1025821	folP	+	118	ZMO1857 (LysR)	TF homology
ZM4	1034276	1034277	ZMO1857	60.9125	1034085	ZMO1_ZMO1015	-	-191	ZMO1857 (LysR)	TF homology
ZM4	1038155	1038156	ZMO1857	19.5548	1038172	dys	-	17	ZMO1857 (LysR)	TF homology
ZM4	1046607	1046608	ZMO1857	166.183	1046627	ZMO1_ZMO1030	+	-20	ZMO1857 (LysR)	TF homology
ZM4	1048593	1048594	ZMO1857	24.5356	1048782	cfa	+	-189	ZMO1857 (LysR)	TF homology
ZM4	1063856	1063857	ZMO1857	1.37803	1063770	pstS	+	86	ZMO1857 (LysR)	TF homology
ZM4	1076604	1076605	ZMO1857	10.4577	1076596	sod	-	-8	ZMO1857 (LysR)	TF homology
ZM4	1080940	1080941	ZMO1857	46.5392	1080784	ZMO1_ZMO1068	+	156	ZMO1857 (LysR)	TF homology
ZM4	1087666	1087667	ZMO1857	28.3552	1087605	rimM	+	61	ZMO1857 (LysR)	TF homology
ZM4	1111871	1111872	ZMO1857	3.5781	1111816	ZMO1_ZMO1097	-	-55	ZMO1857 (LysR)	TF homology
ZM4	1119647	1119648	ZMO1857	27.5745	1119750	ZMO1_ZMO1101	-	103	ZMO1857 (LysR)	TF homology
ZM4	1129538	1129539	ZMO1857	138.714	1129473	ndh	+	65	ZMO1857 (LysR)	TF homology
ZM4	1164108	1164109	ZMO1857	30.2603	1164129	ZMO1_ZMO1143	-	21	ZMO1857 (LysR)	TF homology
ZM4	1174272	1174273	ZMO1857	57.3171	1174431	pyrH	-	159	ZMO1857 (LysR)	TF homology
ZM4	1178571	1178572	ZMO1857	14.134	1178647	pssA	-	76	ZMO1857 (LysR)	TF homology
ZM4	1189367	1189368	ZMO1857	20.7084	1189286	astB	+	81	ZMO1857 (LysR)	TF homology
ZM4	1200883	1200884	ZMO1857	16.1464	1200732	ygcA	-	-151	ZMO1857 (LysR)	TF homology
ZM4	1208970	1208971	ZMO1857	89.7351	1209063	mltB	+	-93	ZMO1857 (LysR)	TF homology
ZM4	1222434	1222435	ZMO1857	11.5379	1222270	dprA	-	-164	ZMO1857 (LysR)	TF homology
ZM4	1225455	1225456	ZMO1857	43.2833	1225655	hemA	+	-200	ZMO1857 (LysR)	TF homology
ZM4	1227221	1227222	ZMO1857	15.51	1227088	rpiB	+	133	ZMO1857 (LysR)	TF homology
ZM4	1236006	1236007	ZMO1857	15.3972	1236154	kup	-	148	ZMO1857 (LysR)	TF homology
ZM4	1238075	1238076	ZMO1857	128.23	1237967	gor	-	-108	ZMO1857 (LysR)	TF homology
ZM4	1239638	1239639	ZMO1857	46.0733	1239653	pgi	-	15	ZMO1857 (LysR)	TF homology
ZM4	1242773	1242774	ZMO1857	74.2451	1242642	ZMO1_ZMO1216	+	131	ZMO1857 (LysR)	TF homology
ZM4	1259030	1259031	ZMO1857	16.5894	1258856	cpsB	-	-174	ZMO1857 (LysR)	TF homology
ZM4	1265638	1265639	ZMO1857	11.5379	1265633	gpmA	-	-5	ZMO1857 (LysR)	TF homology
ZM4	1286606	1286607	ZMO1857	6.11519	1286753	ZMO1_ZMO1270	+	-147	ZMO1857 (LysR)	TF homology
ZM4	1299944	1299945	ZMO1857	50.3142	1300144	sldC	-	200	ZMO1857 (LysR)	TF homology
ZM4	1308280	1308281	ZMO1857	40.932	1308316	murQ	+	-36	ZMO1857 (LysR)	TF homology
ZM4	1335934	1335935	ZMO1857	156.372	1335798	ZMO1_ZMO1316	-	-136	ZMO1857 (LysR)	TF homology
ZM4	1337541	1337542	ZMO1857	25.2625	1337381	ZMO1_ZMO1318	-	-160	ZMO1857 (LysR)	TF homology
ZM4	1345502	1345503	ZMO1857	18.6601	1345629	nagE	+	-127	ZMO1857 (LysR)	TF homology
ZM4	1347159	1347160	ZMO1857	3.16725	1347179	ppnK	+	-20	ZMO1857 (LysR)	TF homology
ZM4	1347319	1347320	ZMO1857	39.7455	1347179	ppnK	+	140	ZMO1857 (LysR)	TF homology
ZM4	1351648	1351649	ZMO1857	41.3334	1351813	ZMO1_ZMO1334	+	-165	ZMO1857 (LysR)	TF homology
ZM4	1352744	1352745	ZMO1857	129.219	1352707	wrbA	+	37	ZMO1857 (LysR)	TF homology
ZM4	1357053	1357054	ZMO1857	31.698	1357145	ZMO1_ZMO2018	-	92	ZMO1857 (LysR)	TF homology
ZM4	1407365	1407366	ZMO1857	34.833	1407392	ZMO1_ZMO1390	-	27	ZMO1857 (LysR)	TF homology
ZM4	1413496	1413497	ZMO1857	22.3983	1413507	ZMO1_ZMO1398	-	11	ZMO1857 (LysR)	TF homology
ZM4	1416616	1416617	ZMO1857	9.88587	1416640	xthA1	-	24	ZMO1857 (LysR)	TF homology
ZM4	1420886	1420887	ZMO1857	6.80868	1420848	ZMO1_ZMO1406	-	-38	ZMO1857 (LysR)	TF homology
ZM4	1448597	1448598	ZMO1857	13.3641	1448762	ZMO1_ZMO1430	-	165	ZMO1857 (LysR)	TF homology
ZM4	1448877	1448878	ZMO1857	1.30866	1448762	ZMO1_ZMO1430	-	-115	ZMO1857 (LysR)	TF homology
ZM4	1448998	1448999	ZMO1857	4.60307	1449004	ZMO1_ZMO1431	-	6	ZMO1857 (LysR)	TF homology
ZM4	1452687	1452688	ZMO1857	80.1174	1452493	holA	-	-194	ZMO1857 (LysR)	TF homology
ZM4	1475001	1475002	ZMO1857	13.7488	1474969	araJ1	-	-32	ZMO1857 (LysR)	TF homology
ZM4	1475264	1475265	ZMO1857	9.03764	1475140	ZMO1_ZMO1455	+	124	ZMO1857 (LysR)	TF homology
ZM4	1482705	1482706	ZMO1857	4.35453	1482632	ZMO1_ZMO1461	-	-73	ZMO1857 (LysR)	TF homology
ZM4	1488743	1488744	ZMO1857	21.2595	1488917	ZMO1_ZMO1466	-	174	ZMO1857 (LysR)	TF homology
ZM4	1517205	1517206	ZMO1857	126.75	1517389	ZMO1_ZMO1490	+	-184	ZMO1857 (LysR)	TF homology
ZM4	1518321	1518322	ZMO1857	32.9972	1518298	ZMO1_ZMO1491	+	23	ZMO1857 (LysR)	TF homology
ZM4	1520676	1520677	ZMO1857	4.52087	1520483	ZMO1_ZMO1493	-	-193	ZMO1857 (LysR)	TF homology
ZM4	1527504	1527505	ZMO1857	23.7276	1527638	apaH1	-	134	ZMO1857 (LysR)	TF homology
ZM4	1543703	1543704	ZMO1857	69.0874	1543643	rplT	-	-60	ZMO1857 (LysR)	TF homology
ZM4	1563252	1563253	ZMO1857	107.859	1563298	ZMO1_ZMO1530	+	-46	ZMO1857 (LysR)	TF homology
ZM4	1586508	1586509	ZMO1857	5.53427	1586592	thiL	+	-84	ZMO1857 (LysR)	TF homology
ZM4	1618391	1618392	ZMO1857	9.70245	1618304	ZMO1_ZMOr002	-	-87	ZMO1857 (LysR)	TF homology
ZM4	1624538	1624539	ZMO1857	182.198	1624685	gyrB2	-	147	ZMO1857 (LysR)	TF homology
ZM4	1626707	1626708	ZMO1857	28.4299	1626633	ZMO1_ZMO1587	+	74	ZMO1857 (LysR)	TF homology
ZM4	1653348	1653349	ZMO1857	49.4432	1653427	ZMO1_ZMO1609	+	-79	ZMO1857 (LysR)	TF homology
ZM4	1662115	1662116	ZMO1857	47.3976	1662189	ZMO1_ZMO1619	+	-74	ZMO1857 (LysR)	TF homology
ZM4	1687556	1687557	ZMO1857	3.77495	1687564	tyrS	+	-8	ZMO1857 (LysR)	TF homology
ZM4	1702522	1702523	ZMO1857	3.37307	1702514	ZMO1_ZMO1652	-	-8	ZMO1857 (LysR)	TF homology
ZM4	1702708	1702709	ZMO1857	8.6174	1702514	ZMO1_ZMO1652	-	-194	ZMO1857 (LysR)	TF homology
ZM4	1708717	1708718	ZMO1857	7.92513	1708827	ftsH	+	-110	ZMO1857 (LysR)	TF homology
ZM4	1716933	1716934	ZMO1857	4.65555	1717034	dsbB	+	-101	ZMO1857 (LysR)	TF homology
ZM4	1725624	1725625	ZMO1857	36.2499	1725579	ZMO1_ZMO1679	-	-45	ZMO1857 (LysR)	TF homology
ZM4	1734747	1734748	ZMO1857	101.68	1734730	hisZ	+	17	ZMO1857 (LysR)	TF homology
ZM4	1755436	1755437	ZMO1857	14.6142	1755428	ftsK	-	-8	ZMO1857 (LysR)	TF homology
ZM4	1758812	1758813	ZMO1857	6.7205	1758664	pyrE	+	148	ZMO1857 (LysR)	TF homology
ZM4	1759327	1759328	ZMO1857	250.43	1759273	pdxJ	+	54	ZMO1857 (LysR)	TF homology
ZM4	1763192	1763193	ZMO1857	13.64	1763142	ZMO1_ZMO1712	-	-50	ZMO1857 (LysR)	TF homology
ZM4	1764241	1764242	ZMO1857	12.7012	1764379	exbD	-	138	ZMO1857 (LysR)	TF homology
ZM4	1764899	1764900	ZMO1857	7.67332	1764923	exbD1	-	24	ZMO1857 (LysR)	TF homology
ZM4	1770755	1770756	ZMO1857	35.8188	1770678	gloA3	-	-77	ZMO1857 (LysR)	TF homology
ZM4	1772492	1772493	ZMO1857	36.5988	1772661	ZMO1_ZMO1723	-	169	ZMO1857 (LysR)	TF homology
ZM4	1778939	1778940	ZMO1857	13.8571	1779066	ahpC	-	127	ZMO1857 (LysR)	TF homology
ZM4	1779219	1779220	ZMO1857	53.7405	1779258	oxyR	+	-39	ZMO1857 (LysR)	TF homology
ZM4	1785537	1785538	ZMO1857	2.0626	1785548	ZMO1_ZMO1740	-	11	ZMO1857 (LysR)	TF homology
ZM4	1785740	1785741	ZMO1857	94.0853	1785548	ZMO1_ZMO1740	-	-192	ZMO1857 (LysR)	TF homology
ZM4	1802077	1802078	ZMO1857	170.671	1802064	gntP	+	13	ZMO1857 (LysR)	TF homology
ZM4	1812562	1812563	ZMO1857	23.6527	1812362	ZMO1_ZMO1766	-	-200	ZMO1857 (LysR)	TF homology
ZM4	1814855	1814856	ZMO1857	3.01213	1814919	ZMO1_ZMO1769	-	64	ZMO1857 (LysR)	TF homology
ZM4	1815007	1815008	ZMO1857	8.15615	1814919	ZMO1_ZMO1769	-	-88	ZMO1857 (LysR)	TF homology
ZM4	1824109	1824110	ZMO1857	1.6889	1824074	ZMO1_ZMO1777	+	35	ZMO1857 (LysR)	TF homology
ZM4	1829179	1829180	ZMO1857	107.799	1829100	ZMO1_ZMO1784	+	79	ZMO1857 (LysR)	TF homology
ZM4	1849802	1849803	ZMO1857	17.2195	1849886	ZMO1_ZMO1807	+	-84	ZMO1857 (LysR)	TF homology
ZM4	1855226	1855227	ZMO1857	295.731	1855047	rnfD	-	-179	ZMO1857 (LysR)	TF homology
ZM4	1864694	1864695	ZMO1857	118.417	1864591	fdxN	+	103	ZMO1857 (LysR)	TF homology
ZM4	1865091	1865092	ZMO1857	82.7142	1865094	fixU	+	-3	ZMO1857 (LysR)	TF homology
ZM4	1868262	1868263	ZMO1857	112.543	1868308	ZMO1_ZMO1822	-	46	ZMO1857 (LysR)	TF homology
ZM4	1868424	1868425	ZMO1857	32.6575	1868308	ZMO1_ZMO1822	-	-116	ZMO1857 (LysR)	TF homology
ZM4	1869496	1869497	ZMO1857	20.678	1869584	nifD	+	-88	ZMO1857 (LysR)	TF homology
ZM4	1874200	1874201	ZMO1857	15.6184	1874174	nifN	+	26	ZMO1857 (LysR)	TF homology
ZM4	1878153	1878154	ZMO1857	2.88018	1878231	nifS2	+	-78	ZMO1857 (LysR)	TF homology
ZM4	1883176	1883177	ZMO1857	67.6059	1883186	ZMO1_ZMO1840	-	10	ZMO1857 (LysR)	TF homology
ZM4	1883946	1883947	ZMO1857	338.327	1883799	rseC	-	-147	ZMO1857 (LysR)	TF homology
ZM4	1898320	1898321	ZMO1857	13009.4	1898359	ZMO1_ZMO1857	+	-39	ZMO1857 (LysR)	TF homology
ZM4	1903547	1903548	ZMO1857	5.3977	1903453	ZMO1_ZMOr005	-	-94	ZMO1857 (LysR)	TF homology
ZM4	1912601	1912602	ZMO1857	86.7618	1912433	ZMO1_ZMO1864	+	168	ZMO1857 (LysR)	TF homology
ZM4	1922310	1922311	ZMO1857	177.697	1922508	ZMO1_ZMO1867	-	198	ZMO1857 (LysR)	TF homology
ZM4	1929997	1929998	ZMO1857	27.507	1929860	valS	+	137	ZMO1857 (LysR)	TF homology
ZM4	1940548	1940549	ZMO1857	34.6921	1940416	ZMO1_ZMO1886	-	-132	ZMO1857 (LysR)	TF homology
ZM4	1941026	1941027	ZMO1857	25.2699	1940987	entB	-	-39	ZMO1857 (LysR)	TF homology
ZM4	1963605	1963606	ZMO1857	26.6509	1963783	ZMO1_ZMO1911	+	-178	ZMO1857 (LysR)	TF homology
ZM4	1965803	1965804	ZMO1857	42.4123	1965833	gshB	+	-30	ZMO1857 (LysR)	TF homology
ZM4	1967733	1967734	ZMO1857	82.1556	1967711	xerC	-	-22	ZMO1857 (LysR)	TF homology
ZM4	1971135	1971136	ZMO1857	44.2922	1971065	bioA	+	70	ZMO1857 (LysR)	TF homology
ZM4	1995239	1995240	ZMO1857	7.71844	1995380	ZMO1_ZMO1936	+	-141	ZMO1857 (LysR)	TF homology
ZM4	2004696	2004697	ZMO1857	1.44244	2004815	ZMO1_ZMO1947	+	-119	ZMO1857 (LysR)	TF homology
ZM4	2005171	2005172	ZMO1857	12.1196	2005274	ZMO1_ZMO1948	+	-103	ZMO1857 (LysR)	TF homology
ZM4	2005872	2005873	ZMO1857	8.40004	2005747	ZMO1_ZMO1949	+	125	ZMO1857 (LysR)	TF homology
ZM4	2006596	2006597	ZMO1857	2.55506	2006460	ZMO1_ZMO1950	+	136	ZMO1857 (LysR)	TF homology
ZM4	2007937	2007938	ZMO1857	12.8382	2008129	ZMO1_ZMO2039	+	-192	ZMO1857 (LysR)	TF homology
ZM4	2010301	2010302	ZMO1857	5.03648	2010274	panC2	+	27	ZMO1857 (LysR)	TF homology
ZM4	2045357	2045358	ZMO1857	14.865	2045550	gidA	-	193	ZMO1857 (LysR)	TF homology
ZM4	2053536	2053537	ZMO1857	40.3723	2053717	qor	+	-181	ZMO1857 (LysR)	TF homology
pZM36	6586	6587	ZMO1857	116.45	6689	ZMO1_ZMOp36x009	+	-103	ZMO1857 (LysR)	TF homology
ZM4	318414	318415	ZMO1867	26.8952	318262	ZMO1_ZMO0315	-	-152	ZMO1867 (Baf)	TF homology
ZM4	600710	600711	ZMO1867	11.3668	600580	ZMO1_ZMO0601	+	130	ZMO1867 (Baf)	TF homology
ZM4	287231	287232	ZMO1937	110.452	287064	ZMO1_ZMO0282	+	167	ZMO1937 (DBD)	Predicted DBD
ZM4	318410	318411	ZMO1937	20.0526	318262	ZMO1_ZMO0315	-	-148	ZMO1937 (DBD)	Predicted DBD
ZM4	478162	478163	ZMO1937	36.1203	478141	hom	-	-21	ZMO1937 (DBD)	Predicted DBD
ZM4	615646	615647	ZMO1937	39.6549	615461	motA2	+	185	ZMO1937 (DBD)	Predicted DBD
ZM4	664859	664860	ZMO1937	195.854	664830	atpG2	+	29	ZMO1937 (DBD)	Predicted DBD
ZM4	685788	685789	ZMO1937	22.5848	685919	ZMO1_ZMO2052	+	-131	ZMO1937 (DBD)	Predicted DBD
ZM4	785388	785389	ZMO1937	848.68	785341	ZMO1_ZMO0787	+	47	ZMO1937 (DBD)	Predicted DBD
ZM4	847476	847477	ZMO1937	48.702	847452	clcA	+	24	ZMO1937 (DBD)	Predicted DBD
ZM4	1080376	1080377	ZMO1937	25.5744	1080347	sufE	+	29	ZMO1937 (DBD)	Predicted DBD
ZM4	1269634	1269635	ZMO1937	105.323	1269437	ZMO1_ZMO1248	-	-197	ZMO1937 (DBD)	Predicted DBD
ZM4	1374552	1374553	ZMO1937	66.3845	1374496	dnaA	-	-56	ZMO1937 (DBD)	Predicted DBD
ZM4	1386451	1386452	ZMO1937	37.9535	1386631	ZMO1_ZMOt032	+	-180	ZMO1937 (DBD)	Predicted DBD
ZM4	1422089	1422090	ZMO1937	21.6752	1422091	asd	-	2	ZMO1937 (DBD)	Predicted DBD
ZM4	1509305	1509306	ZMO1937	5.02143	1509178	ZMO1_ZMO1482	-	-127	ZMO1937 (DBD)	Predicted DBD
ZM4	1519491	1519492	ZMO1937	20.8511	1519568	ZMO1_ZMO2071	-	77	ZMO1937 (DBD)	Predicted DBD
ZM4	1618240	1618241	ZMO1937	241.635	1618304	ZMO1_ZMOr002	-	64	ZMO1937 (DBD)	Predicted DBD
ZM4	1618767	1618768	ZMO1937	9.91726	1618759	ZMO1_ZMOt039	-	-8	ZMO1937 (DBD)	Predicted DBD
ZM4	1620246	1620247	ZMO1937	179.609	1620400	ZMO1_ZMOr003	-	154	ZMO1937 (DBD)	Predicted DBD
ZM4	1903390	1903391	ZMO1937	242.771	1903453	ZMO1_ZMOr005	-	63	ZMO1937 (DBD)	Predicted DBD
ZM4	1903914	1903915	ZMO1937	10.4895	1903908	ZMO1_ZMOt045	-	-6	ZMO1937 (DBD)	Predicted DBD
ZM4	1905393	1905394	ZMO1937	181.897	1905549	ZMO1_ZMOr006	-	156	ZMO1937 (DBD)	Predicted DBD
ZM4	1917241	1917242	ZMO1937	232.681	1917305	ZMO1_ZMOr008	-	64	ZMO1937 (DBD)	Predicted DBD
ZM4	1917768	1917769	ZMO1937	13.6274	1917760	ZMO1_ZMOt048	-	-8	ZMO1937 (DBD)	Predicted DBD
ZM4	1919245	1919246	ZMO1937	101.107	1919401	ZMO1_ZMOr009	-	156	ZMO1937 (DBD)	Predicted DBD
ZM4	1927486	1927487	ZMO1937	113.406	1927479	bolA2	-	-7	ZMO1937 (DBD)	Predicted DBD
ZM4	1967597	1967598	ZMO1937	43.0049	1967711	xerC	-	114	ZMO1937 (DBD)	Predicted DBD
ZM4	1986489	1986490	ZMO1937	19346.6	1986621	intZ	+	-132	ZMO1937 (DBD)	Predicted DBD
ZM4	1994746	1994747	ZMO1937	2.25655	1994546	ZMO1_ZMO2034	+	200	ZMO1937 (DBD)	Predicted DBD
ZM4	1996125	1996126	ZMO1937	447.881	1996262	ZMO1_ZMO1937	+	-137	ZMO1937 (DBD)	Predicted DBD
pZM32	4224	4225	ZMO1937	35.9381	4406	ZMO1_ZMOp32x002	+	-182	ZMO1937 (DBD)	Predicted DBD
pZM32	10813	10814	ZMO1937	311.477	10930	ZMO1_ZMOp32x008	-	117	ZMO1937 (DBD)	Predicted DBD
pZM36	1236	1237	ZMO1937	81.8566	1362	ZMO1_ZMOp36x004	+	-126	ZMO1937 (DBD)	Predicted DBD
pZM36	3785	3786	ZMO1937	25.8837	3610	ZMO1_ZMOp36x007	+	175	ZMO1937 (DBD)	Predicted DBD
pZM36	7424	7425	ZMO1937	210.582	7376	ZMO1_ZMOp36x010	+	48	ZMO1937 (DBD)	Predicted DBD
pZM36	15040	15041	ZMO1937	68.7621	15080	ZMO1_ZMOp36x018	-	40	ZMO1937 (DBD)	Predicted DBD
pZM36	24567	24568	ZMO1937	104.033	24571	ZMO1_ZMOp36x034	+	-4	ZMO1937 (DBD)	Predicted DBD
ZM4	600713	600714	ZMO1944	13.0249	600580	ZMO1_ZMO0601	+	133	ZMO1944 (GntR)	TF homology
ZM4	997154	997155	ZMO1944	30.909300000000002	997005	ZMO1_ZMO0979	+	149	ZMO1944 (GntR)	TF homology
ZM4	2003038	2003039	ZMO1944	21726.3	2002998	ZMO1_ZMO1944	-	-40	ZMO1944 (GntR)	TF homology
