chrm	peak_start	peak_end	TF	peak_enrichment	prom_start	prom_end	promoter	prom_strand	distance	simple_name	class	gene
ZM4	17262	17263	ZMO0023	26.8172	17332	17333	TSS_0016	+	-70	ZMO0023 (AsnC)	TF homology	ZMO0015
ZM4	43281	43282	ZMO0023	2.01892	43156	43157	TSS_0059	-	-125	ZMO0023 (AsnC)	TF homology	ZMO0043
ZM4	82692	82693	ZMO0023	7.37729	82635	82636	TSS_0107	-	-57	ZMO0023 (AsnC)	TF homology	ZMO0090
ZM4	100830	100831	ZMO0023	6.40863	100905	100906	TSS_0139	+	-75	ZMO0023 (AsnC)	TF homology	ZMO0113
ZM4	104085	104086	ZMO0023	226.773	103994	103995	TSS_0143	+	91	ZMO0023 (AsnC)	TF homology	ZMO0116
ZM4	110341	110342	ZMO0023	449.832	110455	110456	TSS_0154	+	-114	ZMO0023 (AsnC)	TF homology	ZMO0122
ZM4	118357	118358	ZMO0023	58.5084	118480	118481	TSS_0167	-	123	ZMO0023 (AsnC)	TF homology	ZMO0128
ZM4	140672	140673	ZMO0023	496.213	140699	140700	TSS_0214	+	-27	ZMO0023 (AsnC)	TF homology	ZMO2043
ZM4	157506	157507	ZMO0023	47.5817	157635	157636	TSS_0267	+	-129	ZMO0023 (AsnC)	TF homology	ZMO0172
ZM4	160803	160804	ZMO0023	11.2896	160904	160905	TSS_0284	-	101	ZMO0023 (AsnC)	TF homology	ZMO0173
ZM4	208798	208799	ZMO0023	49.1165	208720	208721	TSS_0417	-	-78	ZMO0023 (AsnC)	TF homology	ZMO0213
ZM4	245041	245042	ZMO0023	133.787	245089	245090	TSS_0500	+	-48	ZMO0023 (AsnC)	TF homology	ZMO0252
ZM4	284872	284873	ZMO0023	107.524	284913	284914	TSS_0552	+	-41	ZMO0023 (AsnC)	TF homology	ZMO0279
ZM4	293809	293810	ZMO0023	33.3929	293765	293766	TSS_0578	-	-44	ZMO0023 (AsnC)	TF homology	ZMO0286
ZM4	295248	295249	ZMO0023	66.713	295366	295367	TSS_0583	+	-118	ZMO0023 (AsnC)	TF homology	ZMO0290
ZM4	315670	315671	ZMO0023	439.378	315795	315796	TSS_0609	+	-125	ZMO0023 (AsnC)	TF homology	ZMO0313
ZM4	332431	332432	ZMO0023	4.52917	332383	332384	TSS_0646	-	-48	ZMO0023 (AsnC)	TF homology	ZMO0332
ZM4	353564	353565	ZMO0023	443.119	353593	353594	TSS_0695	+	-29	ZMO0023 (AsnC)	TF homology	ZMO0353
ZM4	370760	370761	ZMO0023	58.7071	370845	370846	TSS_0723	+	-85	ZMO0023 (AsnC)	TF homology	ZMO0366
ZM4	375796	375797	ZMO0023	177.44	375886	375887	TSS_0761	+	-90	ZMO0023 (AsnC)	TF homology	ZMO0369
ZM4	378332	378333	ZMO0023	14.8176	378389	378390	TSS_0771	+	-57	ZMO0023 (AsnC)	TF homology	ZMO0372
ZM4	559171	559172	ZMO0023	132.29	559230	559231	TSS_1328	+	-59	ZMO0023 (AsnC)	TF homology	ZMO0560
ZM4	596944	596945	ZMO0023	59.9544	596812	596813	TSS_1396	-	-132	ZMO0023 (AsnC)	TF homology	ZMO0594
ZM4	599359	599360	ZMO0023	26.1783	599377	599378	TSS_1402	+	-18	ZMO0023 (AsnC)	TF homology	ZMO0599
ZM4	607237	607238	ZMO0023	202.464	607071	607072	TSS_1410	-	-166	ZMO0023 (AsnC)	TF homology	ZMO0604
ZM4	617057	617058	ZMO0023	23.0816	617211	617212	TSS_1434	+	-154	ZMO0023 (AsnC)	TF homology	ZMO0619
ZM4	617959	617960	ZMO0023	21.5294	617994	617995	TSS_1437	+	-35	ZMO0023 (AsnC)	TF homology	ZMO0621
ZM4	637141	637142	ZMO0023	124.142	637092	637093	TSS_1467	+	49	ZMO0023 (AsnC)	TF homology	ZMO0644
ZM4	638996	638997	ZMO0023	4.23364	638856	638857	TSS_1469	+	140	ZMO0023 (AsnC)	TF homology	ZMO0649
ZM4	642816	642817	ZMO0023	26.5419	642781	642782	TSS_1482	+	35	ZMO0023 (AsnC)	TF homology	ZMO0652
ZM4	663080	663081	ZMO0023	64.3798	663183	663184	TSS_1521	+	-103	ZMO0023 (AsnC)	TF homology	ZMO2005
ZM4	672799	672800	ZMO0023	46.7395	672719	672720	TSS_1558	-	-80	ZMO0023 (AsnC)	TF homology	ZMO0677
ZM4	684862	684863	ZMO0023	14.7788	684964	684965	TSS_1564	-	102	ZMO0023 (AsnC)	TF homology	ZMO0687
ZM4	749615	749616	ZMO0023	2776.87	749602	749603	TSS_1747	-	-13	ZMO0023 (AsnC)	TF homology	ZMO0749
ZM4	764123	764124	ZMO0023	13.1161	764204	764205	TSS_1779	+	-81	ZMO0023 (AsnC)	TF homology	ZMO0767
ZM4	764248	764249	ZMO0023	11.5131	764204	764205	TSS_1779	+	44	ZMO0023 (AsnC)	TF homology	ZMO0767
ZM4	820179	820180	ZMO0023	139.267	820195	820196	TSS_1854	+	-16	ZMO0023 (AsnC)	TF homology	ZMO0818
ZM4	843739	843740	ZMO0023	29.695	843741	843742	TSS_1886	+	-2	ZMO0023 (AsnC)	TF homology	ZMO0837
ZM4	888270	888271	ZMO0023	194.738	888204	888205	TSS_1972	-	-66	ZMO0023 (AsnC)	TF homology	ZMO0875
ZM4	926158	926159	ZMO0023	105.216	926039	926040	TSS_2045	-	-119	ZMO0023 (AsnC)	TF homology	ZMO0909
ZM4	934790	934791	ZMO0023	70.9284	934591	934592	TSS_2071	+	199	ZMO0023 (AsnC)	TF homology	ZMO0916
ZM4	968769	968770	ZMO0023	300.651	968655	968656	TSS_2144	+	114	ZMO0023 (AsnC)	TF homology	ZMO0949
ZM4	974350	974351	ZMO0023	7.03839	974364	974365	TSS_2157	+	-14	ZMO0023 (AsnC)	TF homology	ZMO0956
ZM4	980132	980133	ZMO0023	494.423	980120	980121	TSS_2162	+	12	ZMO0023 (AsnC)	TF homology	ZMO0964
ZM4	1010538	1010539	ZMO0023	4.17246	1010381	1010382	TSS_2224	-	-157	ZMO0023 (AsnC)	TF homology	ZMO0989
ZM4	1017180	1017181	ZMO0023	163.538	1017150	1017151	TSS_2249	-	-30	ZMO0023 (AsnC)	TF homology	ZMO0999
ZM4	1054902	1054903	ZMO0023	1914.31	1054772	1054773	TSS_2347	-	-130	ZMO0023 (AsnC)	TF homology	ZMO1039
ZM4	1055177	1055178	ZMO0023	9.93106	1055163	1055164	TSS_2348	+	14	ZMO0023 (AsnC)	TF homology	ZMO1040
ZM4	1076744	1076745	ZMO0023	23.5422	1076724	1076725	TSS_2389	-	-20	ZMO0023 (AsnC)	TF homology	ZMO1060
ZM4	1132820	1132821	ZMO0023	57.0938	1132916	1132917	TSS_2506	+	-96	ZMO0023 (AsnC)	TF homology	ZMO1116
ZM4	1151112	1151113	ZMO0023	13.9957	1151105	1151106	TSS_2532	-	-7	ZMO0023 (AsnC)	TF homology	ZMO1132
ZM4	1204496	1204497	ZMO0023	98.2458	1204323	1204324	TSS_2670	-	-173	ZMO0023 (AsnC)	TF homology	ZMO1182
ZM4	1225394	1225395	ZMO0023	53.6456	1225593	1225594	TSS_2694	+	-199	ZMO0023 (AsnC)	TF homology	ZMO1198
ZM4	1236344	1236345	ZMO0023	24.7344	1236411	1236412	TSS_2717	-	67	ZMO0023 (AsnC)	TF homology	ZMO1209
ZM4	1244659	1244660	ZMO0023	93.3715	1244612	1244613	TSS_2762	+	47	ZMO0023 (AsnC)	TF homology	ZMO2011
ZM4	1245301	1245302	ZMO0023	107.405	1245168	1245169	TSS_2763	+	133	ZMO0023 (AsnC)	TF homology	Zms14
ZM4	1261580	1261581	ZMO0023	4.50426	1261555	1261556	TSS_2808	-	-25	ZMO0023 (AsnC)	TF homology	ZMO1235
ZM4	1286421	1286422	ZMO0023	42.0605	1286430	1286431	TSS_2868	+	-9	ZMO0023 (AsnC)	TF homology	ZMO2012
ZM4	1288910	1288911	ZMO0023	23.6471	1288993	1288994	TSS_2871	-	83	ZMO0023 (AsnC)	TF homology	ZMO1271
ZM4	1303961	1303962	ZMO0023	53.8	1304150	1304151	TSS_2916	+	-189	ZMO0023 (AsnC)	TF homology	ZMO1288
ZM4	1313023	1313024	ZMO0023	36.7837	1312979	1312980	TSS_2943	+	44	ZMO0023 (AsnC)	TF homology	ZMO1298
ZM4	1316156	1316157	ZMO0023	9.70706	1316003	1316004	TSS_2951	+	153	ZMO0023 (AsnC)	TF homology	ZMO2017
ZM4	1341565	1341566	ZMO0023	8.72296	1341572	1341573	TSS_2994	+	-7	ZMO0023 (AsnC)	TF homology	ZMO1322
ZM4	1345527	1345528	ZMO0023	12.4547	1345545	1345546	TSS_3005	+	-18	ZMO0023 (AsnC)	TF homology	ZMO1326
ZM4	1353485	1353486	ZMO0023	47.1561	1353460	1353461	TSS_3027	-	-25	ZMO0023 (AsnC)	TF homology	Zms4
ZM4	1370771	1370772	ZMO0023	78.8212	1370799	1370800	TSS_3088	-	28	ZMO0023 (AsnC)	TF homology	ZMO1354
ZM4	1383476	1383477	ZMO0023	20.9378	1383346	1383347	TSS_3131	+	130	ZMO0023 (AsnC)	TF homology	ZMO1366
ZM4	1422283	1422284	ZMO0023	32.9322	1422354	1422355	TSS_3194	-	71	ZMO0023 (AsnC)	TF homology	ZMO1407
ZM4	1429539	1429540	ZMO0023	497.184	1429455	1429456	TSS_3228	-	-84	ZMO0023 (AsnC)	TF homology	ZMO1415
ZM4	1458607	1458608	ZMO0023	104.564	1458639	1458640	TSS_3257	-	32	ZMO0023 (AsnC)	TF homology	ZMO1439
ZM4	1459540	1459541	ZMO0023	2.59548	1459521	1459522	TSS_3259	-	-19	ZMO0023 (AsnC)	TF homology	ZMO1440
ZM4	1486432	1486433	ZMO0023	5.68803	1486365	1486366	TSS_3285	-	-67	ZMO0023 (AsnC)	TF homology	ZMO1464
ZM4	1501412	1501413	ZMO0023	94.322	1501598	1501599	TSS_3304	-	186	ZMO0023 (AsnC)	TF homology	ZMO1477
ZM4	1518156	1518157	ZMO0023	88.6722	1518153	1518154	TSS_3370	+	3	ZMO0023 (AsnC)	TF homology	ZMO1491
ZM4	1546298	1546299	ZMO0023	7.1343	1546229	1546230	TSS_3435	-	-69	ZMO0023 (AsnC)	TF homology	ZMO1520
ZM4	1547200	1547201	ZMO0023	25.7174	1547277	1547278	TSS_3436	+	-77	ZMO0023 (AsnC)	TF homology	ZMO1522
ZM4	1562939	1562940	ZMO0023	2.76817	1562914	1562915	TSS_3468	-	-25	ZMO0023 (AsnC)	TF homology	ZMO1529
ZM4	1563083	1563084	ZMO0023	3.60269	1563091	1563092	TSS_3469	-	8	ZMO0023 (AsnC)	TF homology	ZMO1529
ZM4	1563270	1563271	ZMO0023	9.51307	1563184	1563185	TSS_3475	-	-86	ZMO0023 (AsnC)	TF homology	ZMO1529
ZM4	1605004	1605005	ZMO0023	12.012	1605086	1605087	TSS_3544	+	-82	ZMO0023 (AsnC)	TF homology	ZMO1571
ZM4	1620789	1620790	ZMO0023	8.26328	1620985	1620986	TSS_3553	+	-196	ZMO0023 (AsnC)	TF homology	ZMO1581
ZM4	1636904	1636905	ZMO0023	78.8439	1636867	1636868	TSS_3580	+	37	ZMO0023 (AsnC)	TF homology	ZMO1596
ZM4	1638467	1638468	ZMO0023	23.5653	1638447	1638448	TSS_3585	+	20	ZMO0023 (AsnC)	TF homology	ZMO1598
ZM4	1681915	1681916	ZMO0023	74.2483	1681866	1681867	TSS_3678	-	-49	ZMO0023 (AsnC)	TF homology	ZMO1636
ZM4	1694852	1694853	ZMO0023	5.36298	1694878	1694879	TSS_3703	-	26	ZMO0023 (AsnC)	TF homology	ZMOt040
ZM4	1729825	1729826	ZMO0023	182.135	1729998	1729999	TSS_3768	+	-173	ZMO0023 (AsnC)	TF homology	ZMO1683
ZM4	1752987	1752988	ZMO0023	1105.34	1752975	1752976	TSS_3809	-	-12	ZMO0023 (AsnC)	TF homology	ZMO1701
ZM4	1768713	1768714	ZMO0023	6.52458	1768545	1768546	TSS_3874	+	168	ZMO0023 (AsnC)	TF homology	ZMO1719
ZM4	1778031	1778032	ZMO0023	31.4088	1778220	1778221	TSS_3892	-	189	ZMO0023 (AsnC)	TF homology	ZMO1730
ZM4	1780311	1780312	ZMO0023	137.122	1780429	1780430	TSS_3907	+	-118	ZMO0023 (AsnC)	TF homology	ZMO1734
ZM4	1784299	1784300	ZMO0023	22.2709	1784117	1784118	TSS_3912	-	-182	ZMO0023 (AsnC)	TF homology	ZMO1738
ZM4	1797908	1797909	ZMO0023	16.9676	1797947	1797948	TSS_3957	+	-39	ZMO0023 (AsnC)	TF homology	ZMO1753
ZM4	1811281	1811282	ZMO0023	40.5567	1811258	1811259	TSS_3980	-	-23	ZMO0023 (AsnC)	TF homology	ZMO1764
ZM4	1827339	1827340	ZMO0023	13.1313	1827380	1827381	TSS_4024	-	41	ZMO0023 (AsnC)	TF homology	ZMO1780
ZM4	1849806	1849807	ZMO0023	60.6527	1849748	1849749	TSS_4086	-	-58	ZMO0023 (AsnC)	TF homology	ZMO1806
ZM4	1873870	1873871	ZMO0023	32.1342	1874059	1874060	TSS_4106	+	-189	ZMO0023 (AsnC)	TF homology	ZMO1827
ZM4	1884036	1884037	ZMO0023	21.2812	1884164	1884165	TSS_4116	-	128	ZMO0023 (AsnC)	TF homology	ZMO1841
ZM4	1925313	1925314	ZMO0023	315.589	1925471	1925472	TSS_4168	-	158	ZMO0023 (AsnC)	TF homology	ZMO1870
ZM4	1927255	1927256	ZMO0023	4.74587	1927204	1927205	TSS_4174	-	-51	ZMO0023 (AsnC)	TF homology	ZMO1873
ZM4	1928078	1928079	ZMO0023	24.0944	1928055	1928056	TSS_4182	+	23	ZMO0023 (AsnC)	TF homology	ZMO1876
ZM4	1954694	1954695	ZMO0023	26.0505	1954834	1954835	TSS_4256	-	140	ZMO0023 (AsnC)	TF homology	ZMO1901
ZM4	1954982	1954983	ZMO0023	13.5826	1954890	1954891	TSS_4259	-	-92	ZMO0023 (AsnC)	TF homology	ZMO1901
ZM4	2017532	2017533	ZMO0023	25.3937	2017437	2017438	TSS_4391	-	-95	ZMO0023 (AsnC)	TF homology	ZMO1958
ZM4	2036682	2036683	ZMO0023	4.15379	2036639	2036640	TSS_4412	+	43	ZMO0023 (AsnC)	TF homology	ZMO1974
ZM4	2037535	2037536	ZMO0023	8.24351	2037494	2037495	TSS_4413	+	41	ZMO0023 (AsnC)	TF homology	ZMO1975
ZM4	119298	119299	ZMO0054	1859.8	119236	119237	TSS_0172	-	-62	ZMO0054 (MarR)	TF homology	ZMO0130
ZM4	1547131	1547132	ZMO0054	38.7763	1547277	1547278	TSS_3436	+	-146	ZMO0054 (MarR)	TF homology	ZMO1522
ZM4	1726600	1726601	ZMO0054	6225.31	1726705	1726706	TSS_3767	+	-105	ZMO0054 (MarR)	TF homology	ZMO1681
ZM4	1768287	1768288	ZMO0054	474.506	1768475	1768476	TSS_3866	+	-188	ZMO0054 (MarR)	TF homology	ZMO1719
ZM4	1893371	1893372	ZMO0054	51.1775	1893193	1893194	TSS_4139	-	-178	ZMO0054 (MarR)	TF homology	ZMO1850
ZM4	67097	67098	ZMO0100	23.182	67080	67081	TSS_0090	-	-17	ZMO0100 (HxlR)	TF homology	ZMO0075
ZM4	373405	373406	ZMO0100	105.681	373457	373458	TSS_0747	+	-52	ZMO0100 (HxlR)	TF homology	ZMO0368
ZM4	373493	373494	ZMO0100	103.212	373457	373458	TSS_0747	+	36	ZMO0100 (HxlR)	TF homology	ZMO0368
ZM4	406828	406829	ZMO0100	23.8074	406810	406811	TSS_0804	-	-18	ZMO0100 (HxlR)	TF homology	ZMO0403
ZM4	521204	521205	ZMO0100	170.812	521071	521072	TSS_1122	+	133	ZMO0100 (HxlR)	TF homology	ZMO0518
ZM4	526621	526622	ZMO0100	163.664	526607	526608	TSS_1172	+	14	ZMO0100 (HxlR)	TF homology	ZMO0529
ZM4	612745	612746	ZMO0100	144.681	612724	612725	TSS_1425	-	-21	ZMO0100 (HxlR)	TF homology	ZMO0610
ZM4	736911	736912	ZMO0100	1680.98	736997	736998	TSS_1693	+	-86	ZMO0100 (HxlR)	TF homology	ZMO0734
ZM4	842092	842093	ZMO0100	2.37377	842246	842247	TSS_1877	+	-154	ZMO0100 (HxlR)	TF homology	ZMO0836
ZM4	842318	842319	ZMO0100	84.0821	842283	842284	TSS_1879	+	35	ZMO0100 (HxlR)	TF homology	ZMO0836
ZM4	853279	853280	ZMO0100	1363.9	853157	853158	TSS_1910	+	122	ZMO0100 (HxlR)	TF homology	ZMO0845
ZM4	931954	931955	ZMO0100	324.46	932007	932008	TSS_2061	+	-53	ZMO0100 (HxlR)	TF homology	ZMO0915
ZM4	1027817	1027818	ZMO0100	49.4263	1027928	1027929	TSS_2272	+	-111	ZMO0100 (HxlR)	TF homology	ZMO1008
ZM4	1034139	1034140	ZMO0100	14.3391	1034259	1034260	TSS_2290	-	120	ZMO0100 (HxlR)	TF homology	ZMO1015
ZM4	1040269	1040270	ZMO0100	51.609	1040228	1040229	TSS_2304	+	41	ZMO0100 (HxlR)	TF homology	ZMO1022
ZM4	1176310	1176311	ZMO0100	9.66983	1176433	1176434	TSS_2606	-	123	ZMO0100 (HxlR)	TF homology	ZMO1156
ZM4	1195085	1195086	ZMO0100	18.1398	1194887	1194888	TSS_2649	-	-198	ZMO0100 (HxlR)	TF homology	ZMO1173
ZM4	1517622	1517623	ZMO0100	304.373	1517576	1517577	TSS_3368	-	-46	ZMO0100 (HxlR)	TF homology	ZMO1489
ZM4	1653799	1653800	ZMO0100	260.631	1653805	1653806	TSS_3627	+	-6	ZMO0100 (HxlR)	TF homology	ZMO1610
ZM4	1764712	1764713	ZMO0100	447.996	1764599	1764600	TSS_3844	-	-113	ZMO0100 (HxlR)	TF homology	ZMO2025
ZM4	1802100	1802101	ZMO0100	26.3937	1801999	1802000	TSS_3966	+	101	ZMO0100 (HxlR)	TF homology	ZMO1756
ZM4	1812752	1812753	ZMO0100	24.2985	1812784	1812785	TSS_3982	-	32	ZMO0100 (HxlR)	TF homology	ZMO1766
ZM4	1884045	1884046	ZMO0100	49.258	1884164	1884165	TSS_4116	-	119	ZMO0100 (HxlR)	TF homology	ZMO1841
ZM4	1984824	1984825	ZMO0100	83.2083	1984672	1984673	TSS_4352	+	152	ZMO0100 (HxlR)	TF homology	ZMO1929
ZM4	318405	318406	ZMO1164	16.5172	318303	318304	TSS_0612	-	-102	ZMO1164 (PhoB)	TF homology	ZMO0315
ZM4	1063598	1063599	ZMO1164	593.387	1063617	1063618	TSS_2367	+	-19	ZMO1164 (PhoB)	TF homology	ZMO1047
ZM4	1180882	1180883	ZMO1164	125.128	1180926	1180927	TSS_2627	+	-44	ZMO1164 (PhoB)	TF homology	ZMO1163
ZM4	1860626	1860627	ZMO1164	9.50016	1860551	1860552	TSS_4093	-	-75	ZMO1164 (PhoB)	TF homology	ZMO1815
ZM4	18377	18378	ZMO0199	290.341	18337	18338	TSS_0022	+	40	ZMO0199 (LexA)	TF homology	ZMO0016
ZM4	25955	25956	ZMO0199	272.441	26028	26029	TSS_0027	-	73	ZMO0199 (LexA)	TF homology	ZMO0022
ZM4	50793	50794	ZMO0199	2705.66	50901	50902	TSS_0064	-	108	ZMO0199 (LexA)	TF homology	ZMO0055
ZM4	61452	61453	ZMO0199	274.926	61521	61522	TSS_0079	+	-69	ZMO0199 (LexA)	TF homology	ZMO0069
ZM4	99488	99489	ZMO0199	71.5578	99594	99595	TSS_0136	+	-106	ZMO0199 (LexA)	TF homology	ZMO0112
ZM4	100812	100813	ZMO0199	164.614	100905	100906	TSS_0139	+	-93	ZMO0199 (LexA)	TF homology	ZMO0113
ZM4	110427	110428	ZMO0199	653.605	110455	110456	TSS_0154	+	-28	ZMO0199 (LexA)	TF homology	ZMO0122
ZM4	115602	115603	ZMO0199	54.9426	115697	115698	TSS_0163	-	95	ZMO0199 (LexA)	TF homology	ZMO0127
ZM4	130649	130650	ZMO0199	903.261	130630	130631	TSS_0196	+	19	ZMO0199 (LexA)	TF homology	ZMO0142
ZM4	157527	157528	ZMO0199	1618.83	157635	157636	TSS_0267	+	-108	ZMO0199 (LexA)	TF homology	ZMO0172
ZM4	160570	160571	ZMO0199	160.644	160583	160584	TSS_0278	-	13	ZMO0199 (LexA)	TF homology	ZMO0173
ZM4	164685	164686	ZMO0199	27.9712	164758	164759	TSS_0322	+	-73	ZMO0199 (LexA)	TF homology	ZMO0178
ZM4	165172	165173	ZMO0199	177.939	165095	165096	TSS_0324	+	77	ZMO0199 (LexA)	TF homology	ZMO0178
ZM4	173327	173328	ZMO0199	94.4916	173165	173166	TSS_0346	-	-162	ZMO0199 (LexA)	TF homology	ZMO0183
ZM4	173581	173582	ZMO0199	1699.43	173662	173663	TSS_0347	+	-81	ZMO0199 (LexA)	TF homology	ZMO0184
ZM4	173957	173958	ZMO0199	1591	173874	173875	TSS_0366	+	83	ZMO0199 (LexA)	TF homology	ZMO0186
ZM4	175601	175602	ZMO0199	85.033	175617	175618	TSS_0374	+	-16	ZMO0199 (LexA)	TF homology	ZMO0187
ZM4	181487	181488	ZMO0199	385.384	181509	181510	TSS_0377	-	22	ZMO0199 (LexA)	TF homology	ZMO0189
ZM4	185219	185220	ZMO0199	290.783	185047	185048	TSS_0381	-	-172	ZMO0199 (LexA)	TF homology	ZMO0192
ZM4	189439	189440	ZMO0199	102.359	189419	189420	TSS_0388	+	20	ZMO0199 (LexA)	TF homology	ZMO0197
ZM4	194460	194461	ZMO0199	23005.9	194458	194459	TSS_0396	-	-2	ZMO0199 (LexA)	TF homology	ZMO0199
ZM4	196245	196246	ZMO0199	84.1112	196200	196201	TSS_0398	-	-45	ZMO0199 (LexA)	TF homology	ZMO0201
ZM4	217177	217178	ZMO0199	41.827	216980	216981	TSS_0432	+	197	ZMO0199 (LexA)	TF homology	ZMO0221
ZM4	234646	234647	ZMO0199	414.869	234581	234582	TSS_0459	+	65	ZMO0199 (LexA)	TF homology	ZMO0239
ZM4	235898	235899	ZMO0199	187.431	235944	235945	TSS_0463	+	-46	ZMO0199 (LexA)	TF homology	ZMO0240
ZM4	236148	236149	ZMO0199	17.7879	236239	236240	TSS_0465	+	-91	ZMO0199 (LexA)	TF homology	ZMO0240
ZM4	238640	238641	ZMO0199	196.221	238511	238512	TSS_0470	+	129	ZMO0199 (LexA)	TF homology	ZMO0242
ZM4	258828	258829	ZMO0199	113.215	259009	259010	TSS_0512	+	-181	ZMO0199 (LexA)	TF homology	ZMO0256
ZM4	266395	266396	ZMO0199	369.086	266314	266315	TSS_0529	-	-81	ZMO0199 (LexA)	TF homology	ZMO0263
ZM4	270804	270805	ZMO0199	845.843	270955	270956	TSS_0534	-	151	ZMO0199 (LexA)	TF homology	ZMO0266
ZM4	274061	274062	ZMO0199	4515.44	273919	273920	TSS_0537	-	-142	ZMO0199 (LexA)	TF homology	ZMO0268
ZM4	293908	293909	ZMO0199	122.531	293932	293933	TSS_0579	+	-24	ZMO0199 (LexA)	TF homology	ZMO0287
ZM4	295284	295285	ZMO0199	101.804	295366	295367	TSS_0583	+	-82	ZMO0199 (LexA)	TF homology	ZMO0290
ZM4	310672	310673	ZMO0199	194.222	310703	310704	TSS_0602	-	31	ZMO0199 (LexA)	TF homology	ZMO0306
ZM4	318576	318577	ZMO0199	1032.35	318579	318580	TSS_0615	+	-3	ZMO0199 (LexA)	TF homology	ZMO0318
ZM4	318576	318577	ZMO0199	1032.35	318573	318574	TSS_0613	+	3	ZMO0199 (LexA)	TF homology	ZMO0318
ZM4	342754	342755	ZMO0199	283.452	342892	342893	TSS_0677	+	-138	ZMO0199 (LexA)	TF homology	ZMO0347
ZM4	359886	359887	ZMO0199	317.072	359813	359814	TSS_0706	+	73	ZMO0199 (LexA)	TF homology	ZMO0359
ZM4	370916	370917	ZMO0199	815.913	370913	370914	TSS_0726	+	3	ZMO0199 (LexA)	TF homology	ZMO0366
ZM4	373642	373643	ZMO0199	1634.54	373645	373646	TSS_0750	+	-3	ZMO0199 (LexA)	TF homology	ZMO0368
ZM4	376164	376165	ZMO0199	31.2528	376022	376023	TSS_0767	+	142	ZMO0199 (LexA)	TF homology	ZMO0369
ZM4	378481	378482	ZMO0199	3751.47	378392	378393	TSS_0773	+	89	ZMO0199 (LexA)	TF homology	ZMO0372
ZM4	406877	406878	ZMO0199	109.285	406810	406811	TSS_0804	-	-67	ZMO0199 (LexA)	TF homology	ZMO0403
ZM4	407464	407465	ZMO0199	13.0939	407413	407414	TSS_0809	+	51	ZMO0199 (LexA)	TF homology	ZMO0405
ZM4	411501	411502	ZMO0199	32.6262	411354	411355	TSS_0822	-	-147	ZMO0199 (LexA)	TF homology	ZMO0406
ZM4	425050	425051	ZMO0199	2640.74	425032	425033	TSS_0837	-	-18	ZMO0199 (LexA)	TF homology	ZMO0421
ZM4	441839	441840	ZMO0199	211.517	441891	441892	TSS_0873	+	-52	ZMO0199 (LexA)	TF homology	ZMO0445
ZM4	446295	446296	ZMO0199	28.8234	446368	446369	TSS_0880	-	73	ZMO0199 (LexA)	TF homology	ZMO0448
ZM4	459902	459903	ZMO0199	7757.12	459770	459771	TSS_0923	-	-132	ZMO0199 (LexA)	TF homology	ZMO0464
ZM4	470669	470670	ZMO0199	128.97	470633	470634	TSS_0953	-	-36	ZMO0199 (LexA)	TF homology	ZMO0477
ZM4	483271	483272	ZMO0199	181.026	483304	483305	TSS_0981	-	33	ZMO0199 (LexA)	TF homology	ZMO0488
ZM4	483668	483669	ZMO0199	251.651	483535	483536	TSS_0995	-	-133	ZMO0199 (LexA)	TF homology	ZMO0488
ZM4	486068	486069	ZMO0199	388.966	486033	486034	TSS_1007	+	35	ZMO0199 (LexA)	TF homology	ZMO0491
ZM4	489988	489989	ZMO0199	580.354	489935	489936	TSS_1023	+	53	ZMO0199 (LexA)	TF homology	ZMO0494
ZM4	498477	498478	ZMO0199	156.9	498519	498520	TSS_1030	+	-42	ZMO0199 (LexA)	TF homology	ZMO0498
ZM4	516070	516071	ZMO0199	352.509	515948	515949	TSS_1070	+	122	ZMO0199 (LexA)	TF homology	ZMO0514
ZM4	518230	518231	ZMO0199	60.3868	518215	518216	TSS_1078	+	15	ZMO0199 (LexA)	TF homology	ZMO0516
ZM4	519784	519785	ZMO0199	75.8699	519929	519930	TSS_1107	+	-145	ZMO0199 (LexA)	TF homology	ZMO2003
ZM4	521354	521355	ZMO0199	163.964	521415	521416	TSS_1123	+	-61	ZMO0199 (LexA)	TF homology	ZMO0518
ZM4	523010	523011	ZMO0199	33.4064	523094	523095	TSS_1132	+	-84	ZMO0199 (LexA)	TF homology	ZMO2004
ZM4	523249	523250	ZMO0199	1652.49	523097	523098	TSS_1133	+	152	ZMO0199 (LexA)	TF homology	ZMO2004
ZM4	525930	525931	ZMO0199	40.9158	526060	526061	TSS_1169	+	-130	ZMO0199 (LexA)	TF homology	ZMO0528
ZM4	526650	526651	ZMO0199	146.453	526690	526691	TSS_1173	+	-40	ZMO0199 (LexA)	TF homology	ZMO0529
ZM4	526914	526915	ZMO0199	428.919	526889	526890	TSS_1176	+	25	ZMO0199 (LexA)	TF homology	ZMO0529
ZM4	532580	532581	ZMO0199	25.9246	532615	532616	TSS_1196	+	-35	ZMO0199 (LexA)	TF homology	ZMO0539
ZM4	534580	534581	ZMO0199	220.762	534570	534571	TSS_1217	+	10	ZMO0199 (LexA)	TF homology	ZMO0542
ZM4	534965	534966	ZMO0199	1576.4	534800	534801	TSS_1219	+	165	ZMO0199 (LexA)	TF homology	ZMO0542
ZM4	543533	543534	ZMO0199	89.3112	543526	543527	TSS_1287	-	-7	ZMO0199 (LexA)	TF homology	ZMO2050
ZM4	545689	545690	ZMO0199	5868.04	545687	545688	TSS_1291	-	-2	ZMO0199 (LexA)	TF homology	ZMO0548
ZM4	548320	548321	ZMO0199	17.8064	548423	548424	TSS_1299	-	103	ZMO0199 (LexA)	TF homology	ZMO0550
ZM4	550322	550323	ZMO0199	113.346	550473	550474	TSS_1308	-	151	ZMO0199 (LexA)	TF homology	ZMO0553
ZM4	559342	559343	ZMO0199	70.1481	559230	559231	TSS_1328	+	112	ZMO0199 (LexA)	TF homology	ZMO0560
ZM4	591436	591437	ZMO0199	133.936	591469	591470	TSS_1383	-	33	ZMO0199 (LexA)	TF homology	ZMO0588
ZM4	602897	602898	ZMO0199	123.586	603093	603094	TSS_1405	+	-196	ZMO0199 (LexA)	TF homology	ZMO2051
ZM4	619013	619014	ZMO0199	411.212	619099	619100	TSS_1442	+	-86	ZMO0199 (LexA)	TF homology	ZMO0624
ZM4	648341	648342	ZMO0199	68.9256	648223	648224	TSS_1491	-	-118	ZMO0199 (LexA)	TF homology	ZMO0654
ZM4	655150	655151	ZMO0199	61.9312	655078	655079	TSS_1506	+	72	ZMO0199 (LexA)	TF homology	ZMO0661
ZM4	663581	663582	ZMO0199	121.785	663574	663575	TSS_1532	+	7	ZMO0199 (LexA)	TF homology	ZMO0667
ZM4	666135	666136	ZMO0199	15.5833	666131	666132	TSS_1542	+	4	ZMO0199 (LexA)	TF homology	ZMO0672
ZM4	670623	670624	ZMO0199	9826.81	670663	670664	TSS_1550	-	40	ZMO0199 (LexA)	TF homology	ZMO0675
ZM4	672136	672137	ZMO0199	1438.21	672208	672209	TSS_1555	-	72	ZMO0199 (LexA)	TF homology	ZMO0676
ZM4	689704	689705	ZMO0199	126.94	689612	689613	TSS_1577	-	-92	ZMO0199 (LexA)	TF homology	ZMO0691
ZM4	693826	693827	ZMO0199	104.437	693748	693749	TSS_1591	-	-78	ZMO0199 (LexA)	TF homology	ZMO0694
ZM4	707735	707736	ZMO0199	950.812	707767	707768	TSS_1611	-	32	ZMO0199 (LexA)	TF homology	ZMO0709
ZM4	711381	711382	ZMO0199	590.716	711368	711369	TSS_1618	+	13	ZMO0199 (LexA)	TF homology	ZMO0713
ZM4	714621	714622	ZMO0199	527.699	714708	714709	TSS_1621	-	87	ZMO0199 (LexA)	TF homology	ZMO0714
ZM4	760594	760595	ZMO0199	70.3946	760763	760764	TSS_1772	+	-169	ZMO0199 (LexA)	TF homology	ZMO0766
ZM4	764331	764332	ZMO0199	109.519	764204	764205	TSS_1779	+	127	ZMO0199 (LexA)	TF homology	ZMO0767
ZM4	783816	783817	ZMO0199	14.0085	783746	783747	TSS_1798	-	-70	ZMO0199 (LexA)	TF homology	ZMO0784
ZM4	826856	826857	ZMO0199	225.591	826778	826779	TSS_1868	+	78	ZMO0199 (LexA)	TF homology	ZMO0823
ZM4	845353	845354	ZMO0199	92.7627	845509	845510	TSS_1896	+	-156	ZMO0199 (LexA)	TF homology	ZMO0840
ZM4	851742	851743	ZMO0199	102.547	851758	851759	TSS_1898	+	-16	ZMO0199 (LexA)	TF homology	ZMO0844
ZM4	858313	858314	ZMO0199	103.406	858288	858289	TSS_1918	+	25	ZMO0199 (LexA)	TF homology	ZMO0847
ZM4	868404	868405	ZMO0199	42.0592	868592	868593	TSS_1930	-	188	ZMO0199 (LexA)	TF homology	ZMO0855
ZM4	888237	888238	ZMO0199	2.54261	888204	888205	TSS_1972	-	-33	ZMO0199 (LexA)	TF homology	ZMO0875
ZM4	888443	888444	ZMO0199	176.136	888424	888425	TSS_1974	+	19	ZMO0199 (LexA)	TF homology	ZMO0876
ZM4	894355	894356	ZMO0199	1107.17	894384	894385	TSS_1991	-	29	ZMO0199 (LexA)	TF homology	ZMO0882
ZM4	895686	895687	ZMO0199	2321.76	895606	895607	TSS_1998	-	-80	ZMO0199 (LexA)	TF homology	ZMO0884
ZM4	907968	907969	ZMO0199	46.1843	908132	908133	TSS_2020	+	-164	ZMO0199 (LexA)	TF homology	ZMO0899
ZM4	908163	908164	ZMO0199	1098.51	908173	908174	TSS_2021	+	-10	ZMO0199 (LexA)	TF homology	ZMO0899
ZM4	909798	909799	ZMO0199	5.90831	909738	909739	TSS_2023	+	60	ZMO0199 (LexA)	TF homology	ZMO0900
ZM4	932307	932308	ZMO0199	127.598	932413	932414	TSS_2062	-	106	ZMO0199 (LexA)	TF homology	ZMO0914
ZM4	954138	954139	ZMO0199	21500.1	954142	954143	TSS_2106	-	4	ZMO0199 (LexA)	TF homology	ZMO0934
ZM4	966717	966718	ZMO0199	41.6097	966844	966845	TSS_2136	+	-127	ZMO0199 (LexA)	TF homology	ZMO0947
ZM4	968318	968319	ZMO0199	50.9285	968209	968210	TSS_2141	+	109	ZMO0199 (LexA)	TF homology	ZMO0948
ZM4	972461	972462	ZMO0199	85.4937	972262	972263	TSS_2153	-	-199	ZMO0199 (LexA)	TF homology	ZMO0952
ZM4	989738	989739	ZMO0199	63.1456	989699	989700	TSS_2182	+	39	ZMO0199 (LexA)	TF homology	ZMO0972
ZM4	996892	996893	ZMO0199	61.5339	996722	996723	TSS_2196	+	170	ZMO0199 (LexA)	TF homology	ZMO0979
ZM4	1013253	1013254	ZMO0199	88.4351	1013254	1013255	TSS_2233	-	1	ZMO0199 (LexA)	TF homology	ZMO0994
ZM4	1021699	1021700	ZMO0199	156.996	1021550	1021551	TSS_2261	+	149	ZMO0199 (LexA)	TF homology	ZMO1002
ZM4	1030114	1030115	ZMO0199	265.399	1030111	1030112	TSS_2278	+	3	ZMO0199 (LexA)	TF homology	ZMO1010
ZM4	1034511	1034512	ZMO0199	74.7638	1034550	1034551	TSS_2292	-	39	ZMO0199 (LexA)	TF homology	ZMO1015
ZM4	1037255	1037256	ZMO0199	40.677	1037347	1037348	TSS_2297	-	92	ZMO0199 (LexA)	TF homology	ZMO1018
ZM4	1051093	1051094	ZMO0199	66.1157	1050976	1050977	TSS_2331	+	117	ZMO0199 (LexA)	TF homology	ZMO1036
ZM4	1088877	1088878	ZMO0199	441.061	1088746	1088747	TSS_2432	+	131	ZMO0199 (LexA)	TF homology	ZMO1079
ZM4	1094522	1094523	ZMO0199	210.484	1094581	1094582	TSS_2437	+	-59	ZMO0199 (LexA)	TF homology	ZMO1085
ZM4	1098765	1098766	ZMO0199	75.8699	1098806	1098807	TSS_2440	+	-41	ZMO0199 (LexA)	TF homology	ZMO1086
ZM4	1112172	1112173	ZMO0199	340.065	1112201	1112202	TSS_2456	-	29	ZMO0199 (LexA)	TF homology	ZMO1097
ZM4	1115727	1115728	ZMO0199	34.2388	1115701	1115702	TSS_2457	-	-26	ZMO0199 (LexA)	TF homology	ZMO1098
ZM4	1128966	1128967	ZMO0199	79.5344	1129059	1129060	TSS_2493	+	-93	ZMO0199 (LexA)	TF homology	ZMO1113
ZM4	1129375	1129376	ZMO0199	6.85373	1129396	1129397	TSS_2496	+	-21	ZMO0199 (LexA)	TF homology	ZMO1113
ZM4	1129569	1129570	ZMO0199	117.734	1129400	1129401	TSS_2498	+	169	ZMO0199 (LexA)	TF homology	ZMO1113
ZM4	1132809	1132810	ZMO0199	19.559	1132916	1132917	TSS_2506	+	-107	ZMO0199 (LexA)	TF homology	ZMO1116
ZM4	1133076	1133077	ZMO0199	840.409	1132918	1132919	TSS_2507	+	158	ZMO0199 (LexA)	TF homology	ZMO1116
ZM4	1143314	1143315	ZMO0199	5833.35	1143217	1143218	TSS_2518	-	-97	ZMO0199 (LexA)	TF homology	ZMO1124
ZM4	1154169	1154170	ZMO0199	4.06875	1154148	1154149	TSS_2538	-	-21	ZMO0199 (LexA)	TF homology	ZMO1135
ZM4	1154254	1154255	ZMO0199	31.8172	1154148	1154149	TSS_2538	-	-106	ZMO0199 (LexA)	TF homology	ZMO1135
ZM4	1165775	1165776	ZMO0199	91.9237	1165936	1165937	TSS_2578	-	161	ZMO0199 (LexA)	TF homology	ZMO1146
ZM4	1166225	1166226	ZMO0199	151.036	1166155	1166156	TSS_2580	-	-70	ZMO0199 (LexA)	TF homology	ZMO1147
ZM4	1170986	1170987	ZMO0199	63.2905	1170971	1170972	TSS_2591	-	-15	ZMO0199 (LexA)	TF homology	ZMO1149
ZM4	1173765	1173766	ZMO0199	30.251	1173741	1173742	TSS_2594	-	-24	ZMO0199 (LexA)	TF homology	ZMO1153
ZM4	1174641	1174642	ZMO0199	96.6958	1174466	1174467	TSS_2595	-	-175	ZMO0199 (LexA)	TF homology	ZMO1154
ZM4	1175064	1175065	ZMO0199	8.39708	1175072	1175073	TSS_2598	-	8	ZMO0199 (LexA)	TF homology	ZMO1154
ZM4	1175220	1175221	ZMO0199	89.5675	1175072	1175073	TSS_2598	-	-148	ZMO0199 (LexA)	TF homology	ZMO1154
ZM4	1176643	1176644	ZMO0199	23112.2	1176582	1176583	TSS_2618	+	61	ZMO0199 (LexA)	TF homology	ZMO2060
ZM4	1179201	1179202	ZMO0199	148.282	1179384	1179385	TSS_2621	-	183	ZMO0199 (LexA)	TF homology	ZMO1160
ZM4	1184634	1184635	ZMO0199	22590.7	1184635	1184636	TSS_2636	-	1	ZMO0199 (LexA)	TF homology	ZMO1166
ZM4	1230888	1230889	ZMO0199	104.388	1230974	1230975	TSS_2704	-	86	ZMO0199 (LexA)	TF homology	ZMO1205
ZM4	1236275	1236276	ZMO0199	130.458	1236263	1236264	TSS_2716	-	-12	ZMO0199 (LexA)	TF homology	ZMO1209
ZM4	1242143	1242144	ZMO0199	496.606	1242123	1242124	TSS_2746	+	20	ZMO0199 (LexA)	TF homology	ZMO1215
ZM4	1249548	1249549	ZMO0199	68.7792	1249480	1249481	TSS_2775	-	-68	ZMO0199 (LexA)	TF homology	ZMO1222
ZM4	1250537	1250538	ZMO0199	702.984	1250594	1250595	TSS_2779	+	-57	ZMO0199 (LexA)	TF homology	ZMO1225
ZM4	1251291	1251292	ZMO0199	799.094	1251406	1251407	TSS_2789	+	-115	ZMO0199 (LexA)	TF homology	ZMO1227
ZM4	1253906	1253907	ZMO0199	765.41	1253921	1253922	TSS_2797	-	15	ZMO0199 (LexA)	TF homology	ZMO1229
ZM4	1260933	1260934	ZMO0199	306.082	1260890	1260891	TSS_2807	-	-43	ZMO0199 (LexA)	TF homology	ZMO1234
ZM4	1264591	1264592	ZMO0199	13829.6	1264569	1264570	TSS_2830	-	-22	ZMO0199 (LexA)	TF homology	ZMO1237
ZM4	1265584	1265585	ZMO0199	14.9694	1265664	1265665	TSS_2837	-	80	ZMO0199 (LexA)	TF homology	ZMO1240
ZM4	1278665	1278666	ZMO0199	913.186	1278786	1278787	TSS_2859	+	-121	ZMO0199 (LexA)	TF homology	ZMO1261
ZM4	1289114	1289115	ZMO0199	27.9031	1289122	1289123	TSS_2878	-	8	ZMO0199 (LexA)	TF homology	ZMO1271
ZM4	1302888	1302889	ZMO0199	158.447	1302961	1302962	TSS_2909	-	73	ZMO0199 (LexA)	TF homology	ZMO1286
ZM4	1338482	1338483	ZMO0199	200.926	1338535	1338536	TSS_2986	-	53	ZMO0199 (LexA)	TF homology	ZMO1319
ZM4	1347977	1347978	ZMO0199	59.7627	1347978	1347979	TSS_3007	+	-1	ZMO0199 (LexA)	TF homology	ZMO1331
ZM4	1352732	1352733	ZMO0199	83.455	1352574	1352575	TSS_3025	+	158	ZMO0199 (LexA)	TF homology	ZMO1335
ZM4	1353591	1353592	ZMO0199	1144.31	1353460	1353461	TSS_3027	-	-131	ZMO0199 (LexA)	TF homology	Zms4
ZM4	1374724	1374725	ZMO0199	47.8153	1374707	1374708	TSS_3097	-	-17	ZMO0199 (LexA)	TF homology	ZMO1356
ZM4	1377631	1377632	ZMO0199	83.182	1377635	1377636	TSS_3117	-	4	ZMO0199 (LexA)	TF homology	ZMO1360
ZM4	1379716	1379717	ZMO0199	48.851	1379883	1379884	TSS_3124	+	-167	ZMO0199 (LexA)	TF homology	ZMO1365
ZM4	1383982	1383983	ZMO0199	42.2442	1383941	1383942	TSS_3134	+	41	ZMO0199 (LexA)	TF homology	ZMO1369
ZM4	1387879	1387880	ZMO0199	2321.77	1387853	1387854	TSS_3140	-	-26	ZMO0199 (LexA)	TF homology	ZMO1372
ZM4	1413116	1413117	ZMO0199	1850.12	1413085	1413086	TSS_3176	-	-31	ZMO0199 (LexA)	TF homology	ZMO1396
ZM4	1422253	1422254	ZMO0199	32.9544	1422354	1422355	TSS_3194	-	101	ZMO0199 (LexA)	TF homology	ZMO1407
ZM4	1427188	1427189	ZMO0199	3866.27	1427312	1427313	TSS_3222	-	124	ZMO0199 (LexA)	TF homology	ZMO1411
ZM4	1466897	1466898	ZMO0199	882.957	1466925	1466926	TSS_3269	-	28	ZMO0199 (LexA)	TF homology	ZMO1446
ZM4	1475577	1475578	ZMO0199	117.818	1475500	1475501	TSS_3275	+	77	ZMO0199 (LexA)	TF homology	ZMO1456
ZM4	1475991	1475992	ZMO0199	54.4778	1476000	1476001	TSS_3276	+	-9	ZMO0199 (LexA)	TF homology	ZMO1456
ZM4	1494288	1494289	ZMO0199	1399.66	1494144	1494145	TSS_3296	-	-144	ZMO0199 (LexA)	TF homology	ZMO1470
ZM4	1502296	1502297	ZMO0199	91.2291	1502319	1502320	TSS_3310	-	23	ZMO0199 (LexA)	TF homology	ZMO1478
ZM4	1516322	1516323	ZMO0199	15.7821	1516288	1516289	TSS_3336	-	-34	ZMO0199 (LexA)	TF homology	ZMO1488
ZM4	1516542	1516543	ZMO0199	42.0815	1516600	1516601	TSS_3337	-	58	ZMO0199 (LexA)	TF homology	ZMO1488
ZM4	1517074	1517075	ZMO0199	478.13	1517065	1517066	TSS_3342	+	9	ZMO0199 (LexA)	TF homology	ZMO1490
ZM4	1517929	1517930	ZMO0199	87.0433	1517997	1517998	TSS_3369	+	-68	ZMO0199 (LexA)	TF homology	ZMO1491
ZM4	1522829	1522830	ZMO0199	65.0951	1522632	1522633	TSS_3383	+	197	ZMO0199 (LexA)	TF homology	ZMO1496
ZM4	1527009	1527010	ZMO0199	125.669	1527045	1527046	TSS_3390	-	36	ZMO0199 (LexA)	TF homology	ZMO1497
ZM4	1536362	1536363	ZMO0199	276.134	1536286	1536287	TSS_3408	+	76	ZMO0199 (LexA)	TF homology	ZMO1511
ZM4	1565753	1565754	ZMO0199	116.829	1565786	1565787	TSS_3480	+	-33	ZMO0199 (LexA)	TF homology	ZMO1533
ZM4	1573967	1573968	ZMO0199	513.159	1573911	1573912	TSS_3497	+	56	ZMO0199 (LexA)	TF homology	ZMO1540
ZM4	1604673	1604674	ZMO0199	35.9653	1604521	1604522	TSS_3543	-	-152	ZMO0199 (LexA)	TF homology	ZMO1570
ZM4	1626166	1626167	ZMO0199	74.922	1626047	1626048	TSS_3562	+	119	ZMO0199 (LexA)	TF homology	ZMO1586
ZM4	1627054	1627055	ZMO0199	18219.7	1627080	1627081	TSS_3564	+	-26	ZMO0199 (LexA)	TF homology	ZMO1588
ZM4	1636103	1636104	ZMO0199	136.171	1635946	1635947	TSS_3573	-	-157	ZMO0199 (LexA)	TF homology	ZMO1593
ZM4	1648666	1648667	ZMO0199	234.483	1648656	1648657	TSS_3598	-	-10	ZMO0199 (LexA)	TF homology	ZMO1604
ZM4	1654910	1654911	ZMO0199	439.462	1655015	1655016	TSS_3630	+	-105	ZMO0199 (LexA)	TF homology	ZMO1612
ZM4	1657484	1657485	ZMO0199	137.372	1657523	1657524	TSS_3638	-	39	ZMO0199 (LexA)	TF homology	ZMO1615
ZM4	1663392	1663393	ZMO0199	1432.6	1663342	1663343	TSS_3650	+	50	ZMO0199 (LexA)	TF homology	ZMO1622
ZM4	1665315	1665316	ZMO0199	693.24	1665287	1665288	TSS_3655	+	28	ZMO0199 (LexA)	TF homology	ZMO1623
ZM4	1676946	1676947	ZMO0199	29.8668	1676953	1676954	TSS_3667	-	7	ZMO0199 (LexA)	TF homology	ZMO1631
ZM4	1679750	1679751	ZMO0199	399.124	1679692	1679693	TSS_3672	-	-58	ZMO0199 (LexA)	TF homology	ZMO1634
ZM4	1682116	1682117	ZMO0199	308.023	1682128	1682129	TSS_3680	+	-12	ZMO0199 (LexA)	TF homology	ZMO1638
ZM4	1687577	1687578	ZMO0199	378.678	1687584	1687585	TSS_3697	-	7	ZMO0199 (LexA)	TF homology	ZMO1642
ZM4	1697788	1697789	ZMO0199	411.143	1697725	1697726	TSS_3715	+	63	ZMO0199 (LexA)	TF homology	ZMO1650
ZM4	1720942	1720943	ZMO0199	79.9079	1720819	1720820	TSS_3759	-	-123	ZMO0199 (LexA)	TF homology	ZMO1673
ZM4	1721642	1721643	ZMO0199	3173.69	1721797	1721798	TSS_3760	-	155	ZMO0199 (LexA)	TF homology	ZMO1675
ZM4	1729867	1729868	ZMO0199	301.048	1729998	1729999	TSS_3768	+	-131	ZMO0199 (LexA)	TF homology	ZMO1683
ZM4	1742284	1742285	ZMO0199	93.4244	1742186	1742187	TSS_3784	+	98	ZMO0199 (LexA)	TF homology	ZMO1692
ZM4	1746813	1746814	ZMO0199	90.6449	1746817	1746818	TSS_3790	-	4	ZMO0199 (LexA)	TF homology	ZMO1694
ZM4	1748692	1748693	ZMO0199	1431.33	1748683	1748684	TSS_3804	+	9	ZMO0199 (LexA)	TF homology	ZMO1697
ZM4	1758602	1758603	ZMO0199	322.053	1758606	1758607	TSS_3826	+	-4	ZMO0199 (LexA)	TF homology	ZMO1707
ZM4	1761205	1761206	ZMO0199	217.469	1761090	1761091	TSS_3831	+	115	ZMO0199 (LexA)	TF homology	ZMO1711
ZM4	1763461	1763462	ZMO0199	288.794	1763629	1763630	TSS_3832	-	168	ZMO0199 (LexA)	TF homology	ZMO1713
ZM4	1770718	1770719	ZMO0199	97.1797	1770789	1770790	TSS_3879	-	71	ZMO0199 (LexA)	TF homology	ZMO1721
ZM4	1794401	1794402	ZMO0199	5697.19	1794364	1794365	TSS_3925	+	37	ZMO0199 (LexA)	TF homology	ZMO1749
ZM4	1796959	1796960	ZMO0199	1338.6	1796971	1796972	TSS_3940	+	-12	ZMO0199 (LexA)	TF homology	ZMO1751
ZM4	1797502	1797503	ZMO0199	120.867	1797526	1797527	TSS_3956	+	-24	ZMO0199 (LexA)	TF homology	ZMO1752
ZM4	1798045	1798046	ZMO0199	7342.32	1798073	1798074	TSS_3960	+	-28	ZMO0199 (LexA)	TF homology	ZMO1753
ZM4	1802059	1802060	ZMO0199	3204.57	1801999	1802000	TSS_3966	+	60	ZMO0199 (LexA)	TF homology	ZMO1756
ZM4	1812940	1812941	ZMO0199	32.4452	1812784	1812785	TSS_3982	-	-156	ZMO0199 (LexA)	TF homology	ZMO1766
ZM4	1826329	1826330	ZMO0199	67.9174	1826464	1826465	TSS_4004	-	135	ZMO0199 (LexA)	TF homology	ZMO1778
ZM4	1849797	1849798	ZMO0199	609.971	1849748	1849749	TSS_4086	-	-49	ZMO0199 (LexA)	TF homology	ZMO1806
ZM4	1855203	1855204	ZMO0199	281.831	1855211	1855212	TSS_4087	-	8	ZMO0199 (LexA)	TF homology	ZMO1811
ZM4	1864123	1864124	ZMO0199	91.4478	1864306	1864307	TSS_4096	+	-183	ZMO0199 (LexA)	TF homology	ZMO1818
ZM4	1882320	1882321	ZMO0199	199.596	1882292	1882293	TSS_4112	-	-28	ZMO0199 (LexA)	TF homology	ZMO1838
ZM4	1922539	1922540	ZMO0199	54.9013	1922589	1922590	TSS_4158	-	50	ZMO0199 (LexA)	TF homology	ZMO1867
ZM4	1925650	1925651	ZMO0199	3341.19	1925471	1925472	TSS_4168	-	-179	ZMO0199 (LexA)	TF homology	ZMO1870
ZM4	1926135	1926136	ZMO0199	39.1976	1926300	1926301	TSS_4170	-	165	ZMO0199 (LexA)	TF homology	ZMO1871
ZM4	1932283	1932284	ZMO0199	1731.55	1932471	1932472	TSS_4195	+	-188	ZMO0199 (LexA)	TF homology	ZMO1879
ZM4	1945613	1945614	ZMO0199	158.277	1945760	1945761	TSS_4235	-	147	ZMO0199 (LexA)	TF homology	ZMO1892
ZM4	1954458	1954459	ZMO0199	354.109	1954457	1954458	TSS_4254	-	-1	ZMO0199 (LexA)	TF homology	ZMO1901
ZM4	1964231	1964232	ZMO0199	393.604	1964283	1964284	TSS_4292	+	-52	ZMO0199 (LexA)	TF homology	ZMO1912
ZM4	1970297	1970298	ZMO0199	10.4359	1970168	1970169	TSS_4305	-	-129	ZMO0199 (LexA)	TF homology	ZMO1916
ZM4	1973026	1973027	ZMO0199	1448.44	1973025	1973026	TSS_4311	+	1	ZMO0199 (LexA)	TF homology	ZMO1920
ZM4	1977260	1977261	ZMO0199	25.9811	1977370	1977371	TSS_4323	-	110	ZMO0199 (LexA)	TF homology	ZMO1922
ZM4	1980141	1980142	ZMO0199	34.4757	1980115	1980116	TSS_4328	-	-26	ZMO0199 (LexA)	TF homology	ZMO1924
ZM4	1994065	1994066	ZMO0199	13.4177	1994250	1994251	TSS_4371	-	185	ZMO0199 (LexA)	TF homology	ZMO1934
ZM4	2013295	2013296	ZMO0199	448.066	2013493	2013494	TSS_4384	-	198	ZMO0199 (LexA)	TF homology	ZMO1955
ZM4	2031208	2031209	ZMO0199	2084.96	2031059	2031060	TSS_4405	+	149	ZMO0199 (LexA)	TF homology	ZMO1967
ZM4	2034009	2034010	ZMO0199	75.7284	2033975	2033976	TSS_4409	-	-34	ZMO0199 (LexA)	TF homology	ZMO1969
ZM4	2036456	2036457	ZMO0199	17702.1	2036639	2036640	TSS_4412	+	-183	ZMO0199 (LexA)	TF homology	ZMO1974
ZM4	2043025	2043026	ZMO0199	452.033	2043114	2043115	TSS_4414	-	89	ZMO0199 (LexA)	TF homology	ZMO1979
ZM4	2045907	2045908	ZMO0199	6322.79	2045899	2045900	TSS_4417	+	8	ZMO0199 (LexA)	TF homology	ZMO1983
pZM32	4545	4546	ZMO0199	230.183	4389	4390	TSS_4433	+	156	ZMO0199 (LexA)	TF homology	ZMOp32x002
pZM32	18415	18416	ZMO0199	1957.79	18516	18517	TSS_4463	-	101	ZMO0199 (LexA)	TF homology	ZMOp32x017
pZM33	4574	4575	ZMO0199	137.597	4574	4575	TSS_4504	-	0	ZMO0199 (LexA)	TF homology	ZMOp33x008
pZM33	13398	13399	ZMO0199	54.8416	13446	13447	TSS_4522	+	-48	ZMO0199 (LexA)	TF homology	ZMOp33x018
pZM33	16614	16615	ZMO0199	70.9357	16701	16702	TSS_4525	-	87	ZMO0199 (LexA)	TF homology	ZMOp33x020
pZM33	23366	23367	ZMO0199	164.678	23295	23296	TSS_4553	-	-71	ZMO0199 (LexA)	TF homology	ZMOp33x024
pZM36	13278	13279	ZMO0199	91.3325	13287	13288	TSS_4582	+	-9	ZMO0199 (LexA)	TF homology	ZMOp36x017
pZM36	28800	28801	ZMO0199	476.596	28793	28794	TSS_4604	+	7	ZMO0199 (LexA)	TF homology	ZMOp36x039
pZM39	34917	34918	ZMO0199	95.4952	34728	34729	TSS_4648	-	-189	ZMO0199 (LexA)	TF homology	ZMOp39x030
ZM4	39933	39934	ZMO0203	43.8104	39800	39801	TSS_0043	-	-133	ZMO0203 (MerR)	TF homology	ZMO0037
ZM4	61708	61709	ZMO0203	17.7431	61537	61538	TSS_0081	+	171	ZMO0203 (MerR)	TF homology	ZMO0069
ZM4	154098	154099	ZMO0203	56.2649	154101	154102	TSS_0265	+	-3	ZMO0203 (MerR)	TF homology	ZMO2044
ZM4	163442	163443	ZMO0203	8.87531	163365	163366	TSS_0290	+	77	ZMO0203 (MerR)	TF homology	ZMO0177
ZM4	234169	234170	ZMO0203	18.5863	234091	234092	TSS_0457	+	78	ZMO0203 (MerR)	TF homology	ZMO0238
ZM4	284967	284968	ZMO0203	11.1614	284936	284937	TSS_0562	+	31	ZMO0203 (MerR)	TF homology	ZMO0279
ZM4	285130	285131	ZMO0203	7.37148	285132	285133	TSS_0565	-	2	ZMO0203 (MerR)	TF homology	ZMO0278
ZM4	298068	298069	ZMO0203	36.1367	298017	298018	TSS_0586	-	-51	ZMO0203 (MerR)	TF homology	ZMO0291
ZM4	375929	375930	ZMO0203	17.7772	375886	375887	TSS_0761	+	43	ZMO0203 (MerR)	TF homology	ZMO0369
ZM4	487845	487846	ZMO0203	1.52144	487927	487928	TSS_1008	+	-82	ZMO0203 (MerR)	TF homology	ZMO0492
ZM4	520659	520660	ZMO0203	3.39207	520702	520703	TSS_1117	+	-43	ZMO0203 (MerR)	TF homology	ZMO0517
ZM4	521326	521327	ZMO0203	16.6581	521415	521416	TSS_1123	+	-89	ZMO0203 (MerR)	TF homology	ZMO0518
ZM4	556076	556077	ZMO0203	44.3826	556032	556033	TSS_1326	-	-44	ZMO0203 (MerR)	TF homology	ZMO0556
ZM4	635121	635122	ZMO0203	12.0293	635196	635197	TSS_1465	+	-75	ZMO0203 (MerR)	TF homology	ZMO0642
ZM4	791967	791968	ZMO0203	77.9813	792107	792108	TSS_1806	+	-140	ZMO0203 (MerR)	TF homology	ZMO0791
ZM4	797190	797191	ZMO0203	93.5187	797196	797197	TSS_1808	-	6	ZMO0203 (MerR)	TF homology	ZMO0794
ZM4	820569	820570	ZMO0203	12.9638	820663	820664	TSS_1857	+	-94	ZMO0203 (MerR)	TF homology	ZMO0819
ZM4	824488	824489	ZMO0203	472.162	824509	824510	TSS_1863	+	-21	ZMO0203 (MerR)	TF homology	ZMO0821
ZM4	852907	852908	ZMO0203	143.023	853025	853026	TSS_1909	+	-118	ZMO0203 (MerR)	TF homology	ZMO0845
ZM4	868512	868513	ZMO0203	5.048	868592	868593	TSS_1930	-	80	ZMO0203 (MerR)	TF homology	ZMO0855
ZM4	885080	885081	ZMO0203	23.0994	885260	885261	TSS_1965	+	-180	ZMO0203 (MerR)	TF homology	ZMO0873
ZM4	893235	893236	ZMO0203	3.91412	893129	893130	TSS_1990	-	-106	ZMO0203 (MerR)	TF homology	ZMO0880
ZM4	894462	894463	ZMO0203	13.2702	894384	894385	TSS_1991	-	-78	ZMO0203 (MerR)	TF homology	ZMO0882
ZM4	907300	907301	ZMO0203	12.1125	907176	907177	TSS_2019	+	124	ZMO0203 (MerR)	TF homology	ZMO0896
ZM4	931808	931809	ZMO0203	3.39207	932007	932008	TSS_2061	+	-199	ZMO0203 (MerR)	TF homology	ZMO0915
ZM4	968404	968405	ZMO0203	7.20457	968524	968525	TSS_2143	+	-120	ZMO0203 (MerR)	TF homology	ZMO0949
ZM4	1039554	1039555	ZMO0203	135.553	1039533	1039534	TSS_2301	-	-21	ZMO0203 (MerR)	TF homology	ZMO1020
ZM4	1082098	1082099	ZMO0203	7.43789	1082283	1082284	TSS_2412	-	185	ZMO0203 (MerR)	TF homology	ZMO2059
ZM4	1247567	1247568	ZMO0203	16.4328	1247581	1247582	TSS_2765	-	14	ZMO0203 (MerR)	TF homology	ZMO1220
ZM4	1250912	1250913	ZMO0203	16.9783	1250824	1250825	TSS_2788	+	88	ZMO0203 (MerR)	TF homology	ZMO1226
ZM4	1311138	1311139	ZMO0203	15.8426	1311230	1311231	TSS_2940	-	92	ZMO0203 (MerR)	TF homology	ZMO2015
ZM4	1427793	1427794	ZMO0203	11.9087	1427735	1427736	TSS_3224	-	-58	ZMO0203 (MerR)	TF homology	ZMO1412
ZM4	1432257	1432258	ZMO0203	11.6712	1432209	1432210	TSS_3232	-	-48	ZMO0203 (MerR)	TF homology	ZMO2069
ZM4	1638177	1638178	ZMO0203	14.0608	1638361	1638362	TSS_3584	+	-184	ZMO0203 (MerR)	TF homology	ZMO1598
ZM4	1734843	1734844	ZMO0203	5.96988	1734703	1734704	TSS_3772	+	140	ZMO0203 (MerR)	TF homology	ZMO1686
ZM4	1750442	1750443	ZMO0203	2.7675	1750531	1750532	TSS_3805	-	89	ZMO0203 (MerR)	TF homology	ZMO1698
ZM4	1849933	1849934	ZMO0203	140.807	1849748	1849749	TSS_4086	-	-185	ZMO0203 (MerR)	TF homology	ZMO1806
ZM4	1910348	1910349	ZMO0203	91.496	1910302	1910303	TSS_4149	-	-46	ZMO0203 (MerR)	TF homology	ZMO1861
ZM4	1973023	1973024	ZMO0203	69.1263	1973025	1973026	TSS_4311	+	-2	ZMO0203 (MerR)	TF homology	ZMO1920
ZM4	1984652	1984653	ZMO0203	50.2388	1984649	1984650	TSS_4350	+	3	ZMO0203 (MerR)	TF homology	ZMO1929
ZM4	1986379	1986380	ZMO0203	7.54642	1986320	1986321	TSS_4363	+	59	ZMO0203 (MerR)	TF homology	ZMO1930
ZM4	1994555	1994556	ZMO0203	6.88963	1994502	1994503	TSS_4372	-	-53	ZMO0203 (MerR)	TF homology	ZMO2033
ZM4	2003025	2003026	ZMO0203	1.68258	2003022	2003023	TSS_4374	-	-3	ZMO0203 (MerR)	TF homology	ZMO1944
pZM36	28280	28281	ZMO0203	1345.04	28416	28417	TSS_4603	+	-136	ZMO0203 (MerR)	TF homology	ZMOp36x039
ZM4	318405	318406	ZMO0244	20.7285	318303	318304	TSS_0612	-	-102	ZMO0244 (HU)	NAP homology	ZMO0315
ZM4	286966	286967	ZMO0281	343.467	286960	286961	TSS_0572	+	6	ZMO0281 (TetR)	TF homology	ZMO0282
ZM4	318418	318419	ZMO0349	21.2361	318303	318304	TSS_0612	-	-115	ZMO0349 (DUF179)	TF homology	ZMO0315
ZM4	17287	17288	ZMO0373	39.7165	17332	17333	TSS_0016	+	-45	ZMO0373 (Global reg)	Predicted DBD	ZMO0015
ZM4	29379	29380	ZMO0373	345.553	29259	29260	TSS_0028	+	120	ZMO0373 (Global reg)	Predicted DBD	ZMO0027
ZM4	33843	33844	ZMO0373	162.08	33787	33788	TSS_0030	+	56	ZMO0373 (Global reg)	Predicted DBD	ZMO0030
ZM4	37842	37843	ZMO0373	133.32	37928	37929	TSS_0035	+	-86	ZMO0373 (Global reg)	Predicted DBD	ZMO0035
ZM4	39761	39762	ZMO0373	450.46	39800	39801	TSS_0043	-	39	ZMO0373 (Global reg)	Predicted DBD	ZMO0037
ZM4	68459	68460	ZMO0373	79.9015	68487	68488	TSS_0091	-	28	ZMO0373 (Global reg)	Predicted DBD	ZMO0077
ZM4	74716	74717	ZMO0373	229.47	74906	74907	TSS_0098	-	190	ZMO0373 (Global reg)	Predicted DBD	ZMO0084
ZM4	79710	79711	ZMO0373	51.5512	79619	79620	TSS_0102	-	-91	ZMO0373 (Global reg)	Predicted DBD	ZMO0087
ZM4	86521	86522	ZMO0373	125.79	86485	86486	TSS_0114	-	-36	ZMO0373 (Global reg)	Predicted DBD	ZMO0096
ZM4	91483	91484	ZMO0373	71.2413	91636	91637	TSS_0120	+	-153	ZMO0373 (Global reg)	Predicted DBD	ZMO0105
ZM4	94538	94539	ZMO0373	10.4786	94651	94652	TSS_0124	-	113	ZMO0373 (Global reg)	Predicted DBD	ZMO0107
ZM4	99926	99927	ZMO0373	54.8476	99831	99832	TSS_0138	+	95	ZMO0373 (Global reg)	Predicted DBD	ZMO0112
ZM4	118519	118520	ZMO0373	2653.97	118480	118481	TSS_0167	-	-39	ZMO0373 (Global reg)	Predicted DBD	ZMO0128
ZM4	129917	129918	ZMO0373	51.0904	129849	129850	TSS_0193	-	-68	ZMO0373 (Global reg)	Predicted DBD	ZMO0139
ZM4	130361	130362	ZMO0373	74.1445	130434	130435	TSS_0194	-	73	ZMO0373 (Global reg)	Predicted DBD	ZMO0140
ZM4	149000	149001	ZMO0373	10.907	149182	149183	TSS_0240	+	-182	ZMO0373 (Global reg)	Predicted DBD	ZMO0165
ZM4	149173	149174	ZMO0373	89.8172	149182	149183	TSS_0240	+	-9	ZMO0373 (Global reg)	Predicted DBD	ZMO0165
ZM4	157454	157455	ZMO0373	1224.55	157635	157636	TSS_0267	+	-181	ZMO0373 (Global reg)	Predicted DBD	ZMO0172
ZM4	161238	161239	ZMO0373	664.633	161240	161241	TSS_0286	-	2	ZMO0373 (Global reg)	Predicted DBD	ZMO0174
ZM4	164980	164981	ZMO0373	1457.39	165095	165096	TSS_0324	+	-115	ZMO0373 (Global reg)	Predicted DBD	ZMO0178
ZM4	188320	188321	ZMO0373	17.826	188434	188435	TSS_0387	-	114	ZMO0373 (Global reg)	Predicted DBD	ZMO0193
ZM4	204232	204233	ZMO0373	18.7958	204111	204112	TSS_0407	-	-121	ZMO0373 (Global reg)	Predicted DBD	ZMO0208
ZM4	204626	204627	ZMO0373	65.4625	204631	204632	TSS_0409	-	5	ZMO0373 (Global reg)	Predicted DBD	ZMO0209
ZM4	216348	216349	ZMO0373	19.8706	216240	216241	TSS_0424	+	108	ZMO0373 (Global reg)	Predicted DBD	ZMO0220
ZM4	220917	220918	ZMO0373	61.9164	220928	220929	TSS_0436	+	-11	ZMO0373 (Global reg)	Predicted DBD	ZMO0226
ZM4	238465	238466	ZMO0373	1451.25	238508	238509	TSS_0469	+	-43	ZMO0373 (Global reg)	Predicted DBD	ZMO0242
ZM4	241091	241092	ZMO0373	165.73	241077	241078	TSS_0486	-	-14	ZMO0373 (Global reg)	Predicted DBD	ZMO0244
ZM4	245074	245075	ZMO0373	124.357	245089	245090	TSS_0500	+	-15	ZMO0373 (Global reg)	Predicted DBD	ZMO0252
ZM4	259170	259171	ZMO0373	123.432	259012	259013	TSS_0513	+	158	ZMO0373 (Global reg)	Predicted DBD	ZMO0256
ZM4	260873	260874	ZMO0373	55.5067	260896	260897	TSS_0519	+	-23	ZMO0373 (Global reg)	Predicted DBD	Zms20
ZM4	276447	276448	ZMO0373	551.491	276580	276581	TSS_0538	+	-133	ZMO0373 (Global reg)	Predicted DBD	ZMO0271
ZM4	278718	278719	ZMO0373	306.895	278858	278859	TSS_0540	+	-140	ZMO0373 (Global reg)	Predicted DBD	ZMO0273
ZM4	282141	282142	ZMO0373	270.648	281943	281944	TSS_0545	-	-198	ZMO0373 (Global reg)	Predicted DBD	ZMO0274
ZM4	284489	284490	ZMO0373	50.89	284553	284554	TSS_0548	-	64	ZMO0373 (Global reg)	Predicted DBD	ZMO0277
ZM4	286735	286736	ZMO0373	838.928	286924	286925	TSS_0569	-	189	ZMO0373 (Global reg)	Predicted DBD	ZMO0281
ZM4	295386	295387	ZMO0373	30.7616	295366	295367	TSS_0583	+	20	ZMO0373 (Global reg)	Predicted DBD	ZMO0290
ZM4	297946	297947	ZMO0373	113.352	298017	298018	TSS_0586	-	71	ZMO0373 (Global reg)	Predicted DBD	ZMO0291
ZM4	298132	298133	ZMO0373	381.209	298017	298018	TSS_0586	-	-115	ZMO0373 (Global reg)	Predicted DBD	ZMO0291
ZM4	300286	300287	ZMO0373	225.743	300287	300288	TSS_0593	-	1	ZMO0373 (Global reg)	Predicted DBD	ZMO0294
ZM4	310579	310580	ZMO0373	627.41	310703	310704	TSS_0602	-	124	ZMO0373 (Global reg)	Predicted DBD	ZMO0306
ZM4	329086	329087	ZMO0373	1207.92	328935	328936	TSS_0637	+	151	ZMO0373 (Global reg)	Predicted DBD	ZMO0328
ZM4	332280	332281	ZMO0373	27.7698	332345	332346	TSS_0644	-	65	ZMO0373 (Global reg)	Predicted DBD	ZMO0332
ZM4	333311	333312	ZMO0373	44.5987	333418	333419	TSS_0650	+	-107	ZMO0373 (Global reg)	Predicted DBD	ZMO0336
ZM4	334260	334261	ZMO0373	266.327	334246	334247	TSS_0652	+	14	ZMO0373 (Global reg)	Predicted DBD	ZMO0339
ZM4	335918	335919	ZMO0373	406.277	335813	335814	TSS_0653	+	105	ZMO0373 (Global reg)	Predicted DBD	ZMO0341
ZM4	341485	341486	ZMO0373	177.058	341496	341497	TSS_0667	+	-11	ZMO0373 (Global reg)	Predicted DBD	ZMO0346
ZM4	341693	341694	ZMO0373	10.7614	341549	341550	TSS_0673	+	144	ZMO0373 (Global reg)	Predicted DBD	ZMO0346
ZM4	353553	353554	ZMO0373	95.5098	353593	353594	TSS_0695	+	-40	ZMO0373 (Global reg)	Predicted DBD	ZMO0353
ZM4	359739	359740	ZMO0373	32.3765	359813	359814	TSS_0706	+	-74	ZMO0373 (Global reg)	Predicted DBD	ZMO0359
ZM4	373781	373782	ZMO0373	13.4484	373739	373740	TSS_0751	+	42	ZMO0373 (Global reg)	Predicted DBD	ZMO0368
ZM4	375892	375893	ZMO0373	42.0001	375886	375887	TSS_0761	+	6	ZMO0373 (Global reg)	Predicted DBD	ZMO0369
ZM4	378328	378329	ZMO0373	1875.03	378389	378390	TSS_0771	+	-61	ZMO0373 (Global reg)	Predicted DBD	ZMO0372
ZM4	391764	391765	ZMO0373	11.6193	391738	391739	TSS_0793	+	26	ZMO0373 (Global reg)	Predicted DBD	ZMO0385
ZM4	410706	410707	ZMO0373	52.9734	410669	410670	TSS_0814	+	37	ZMO0373 (Global reg)	Predicted DBD	ZMO0407
ZM4	433741	433742	ZMO0373	112.355	433937	433938	TSS_0852	-	196	ZMO0373 (Global reg)	Predicted DBD	ZMO0432
ZM4	435499	435500	ZMO0373	1.63687	435558	435559	TSS_0856	-	59	ZMO0373 (Global reg)	Predicted DBD	ZMO0435
ZM4	435699	435700	ZMO0373	328.623	435595	435596	TSS_0859	-	-104	ZMO0373 (Global reg)	Predicted DBD	ZMO0435
ZM4	437841	437842	ZMO0373	238.766	437845	437846	TSS_0861	+	-4	ZMO0373 (Global reg)	Predicted DBD	ZMO0440
ZM4	438656	438657	ZMO0373	209.994	438572	438573	TSS_0863	+	84	ZMO0373 (Global reg)	Predicted DBD	ZMO0442
ZM4	441769	441770	ZMO0373	633.374	441891	441892	TSS_0873	+	-122	ZMO0373 (Global reg)	Predicted DBD	ZMO0445
ZM4	446135	446136	ZMO0373	588.013	446167	446168	TSS_0875	-	32	ZMO0373 (Global reg)	Predicted DBD	ZMO0448
ZM4	446413	446414	ZMO0373	26.9951	446368	446369	TSS_0880	-	-45	ZMO0373 (Global reg)	Predicted DBD	ZMO0448
ZM4	456872	456873	ZMO0373	258.218	457025	457026	TSS_0911	-	153	ZMO0373 (Global reg)	Predicted DBD	ZMO0460
ZM4	460880	460881	ZMO0373	92.2515	460867	460868	TSS_0936	+	13	ZMO0373 (Global reg)	Predicted DBD	ZMO0467
ZM4	462789	462790	ZMO0373	486.369	462622	462623	TSS_0939	+	167	ZMO0373 (Global reg)	Predicted DBD	ZMO0468
ZM4	470566	470567	ZMO0373	121.963	470599	470600	TSS_0952	-	33	ZMO0373 (Global reg)	Predicted DBD	ZMO0476
ZM4	470814	470815	ZMO0373	78.1982	470789	470790	TSS_0959	+	25	ZMO0373 (Global reg)	Predicted DBD	ZMO0478
ZM4	472880	472881	ZMO0373	612.032	472788	472789	TSS_0963	+	92	ZMO0373 (Global reg)	Predicted DBD	ZMO0480
ZM4	483201	483202	ZMO0373	30.5049	483304	483305	TSS_0981	-	103	ZMO0373 (Global reg)	Predicted DBD	ZMO0488
ZM4	483620	483621	ZMO0373	97.8672	483535	483536	TSS_0995	-	-85	ZMO0373 (Global reg)	Predicted DBD	ZMO0488
ZM4	486018	486019	ZMO0373	3.51631	486014	486015	TSS_1005	+	4	ZMO0373 (Global reg)	Predicted DBD	ZMO0491
ZM4	498262	498263	ZMO0373	83.8354	498429	498430	TSS_1029	+	-167	ZMO0373 (Global reg)	Predicted DBD	ZMO0498
ZM4	498544	498545	ZMO0373	538.094	498519	498520	TSS_1030	+	25	ZMO0373 (Global reg)	Predicted DBD	ZMO0498
ZM4	512313	512314	ZMO0373	54.5274	512396	512397	TSS_1051	+	-83	ZMO0373 (Global reg)	Predicted DBD	ZMO0511
ZM4	515452	515453	ZMO0373	1215.06	515448	515449	TSS_1060	+	4	ZMO0373 (Global reg)	Predicted DBD	Zms3
ZM4	515647	515648	ZMO0373	41.8714	515617	515618	TSS_1066	+	30	ZMO0373 (Global reg)	Predicted DBD	Zms3
ZM4	516593	516594	ZMO0373	4106.54	516633	516634	TSS_1073	+	-40	ZMO0373 (Global reg)	Predicted DBD	ZMO0515
ZM4	520407	520408	ZMO0373	37.9277	520477	520478	TSS_1110	+	-70	ZMO0373 (Global reg)	Predicted DBD	ZMO0517
ZM4	521602	521603	ZMO0373	417.89	521650	521651	TSS_1124	+	-48	ZMO0373 (Global reg)	Predicted DBD	ZMO0519
ZM4	525714	525715	ZMO0373	90.6661	525729	525730	TSS_1168	+	-15	ZMO0373 (Global reg)	Predicted DBD	ZMO0527
ZM4	525855	525856	ZMO0373	239.362	525729	525730	TSS_1168	+	126	ZMO0373 (Global reg)	Predicted DBD	ZMO0527
ZM4	526570	526571	ZMO0373	146.659	526607	526608	TSS_1172	+	-37	ZMO0373 (Global reg)	Predicted DBD	ZMO0529
ZM4	528386	528387	ZMO0373	14.7582	528459	528460	TSS_1181	+	-73	ZMO0373 (Global reg)	Predicted DBD	ZMO0533
ZM4	530192	530193	ZMO0373	112.705	530243	530244	TSS_1192	+	-51	ZMO0373 (Global reg)	Predicted DBD	ZMO0537
ZM4	532707	532708	ZMO0373	2095.48	532699	532700	TSS_1205	+	8	ZMO0373 (Global reg)	Predicted DBD	ZMO0539
ZM4	533159	533160	ZMO0373	11.0817	533100	533101	TSS_1211	+	59	ZMO0373 (Global reg)	Predicted DBD	ZMO0540
ZM4	542976	542977	ZMO0373	186.857	543015	543016	TSS_1286	-	39	ZMO0373 (Global reg)	Predicted DBD	ZMO2050
ZM4	553552	553553	ZMO0373	194.639	553505	553506	TSS_1309	-	-47	ZMO0373 (Global reg)	Predicted DBD	ZMO0554
ZM4	554625	554626	ZMO0373	81.4732	554632	554633	TSS_1317	-	7	ZMO0373 (Global reg)	Predicted DBD	ZMO0555
ZM4	564804	564805	ZMO0373	38.519	564760	564761	TSS_1350	-	-44	ZMO0373 (Global reg)	Predicted DBD	ZMO0563
ZM4	571118	571119	ZMO0373	610.306	571041	571042	TSS_1354	-	-77	ZMO0373 (Global reg)	Predicted DBD	ZMO0567
ZM4	571792	571793	ZMO0373	727.67	571803	571804	TSS_1356	+	-11	ZMO0373 (Global reg)	Predicted DBD	ZMO0570
ZM4	573628	573629	ZMO0373	16.0444	573476	573477	TSS_1369	+	152	ZMO0373 (Global reg)	Predicted DBD	ZMO0571
ZM4	584196	584197	ZMO0373	65.1361	584085	584086	TSS_1377	-	-111	ZMO0373 (Global reg)	Predicted DBD	ZMO0578
ZM4	587856	587857	ZMO0373	13.5819	587929	587930	TSS_1379	-	73	ZMO0373 (Global reg)	Predicted DBD	ZMO0583
ZM4	588066	588067	ZMO0373	7.6159	587929	587930	TSS_1379	-	-137	ZMO0373 (Global reg)	Predicted DBD	ZMO0583
ZM4	591246	591247	ZMO0373	985.996	591218	591219	TSS_1382	-	-28	ZMO0373 (Global reg)	Predicted DBD	ZMO0587
ZM4	591528	591529	ZMO0373	144.968	591524	591525	TSS_1384	-	-4	ZMO0373 (Global reg)	Predicted DBD	ZMO0588
ZM4	595964	595965	ZMO0373	73.9722	596080	596081	TSS_1388	-	116	ZMO0373 (Global reg)	Predicted DBD	ZMO0593
ZM4	596802	596803	ZMO0373	5.73428	596812	596813	TSS_1396	-	10	ZMO0373 (Global reg)	Predicted DBD	ZMO0594
ZM4	598214	598215	ZMO0373	466.079	598293	598294	TSS_1398	+	-79	ZMO0373 (Global reg)	Predicted DBD	ZMO0598
ZM4	607183	607184	ZMO0373	2615.67	607071	607072	TSS_1410	-	-112	ZMO0373 (Global reg)	Predicted DBD	ZMO0604
ZM4	610689	610690	ZMO0373	36.2215	610824	610825	TSS_1416	-	135	ZMO0373 (Global reg)	Predicted DBD	ZMO0608
ZM4	610888	610889	ZMO0373	107.299	610891	610892	TSS_1417	-	3	ZMO0373 (Global reg)	Predicted DBD	ZMO0608
ZM4	611658	611659	ZMO0373	24.3951	611624	611625	TSS_1420	-	-34	ZMO0373 (Global reg)	Predicted DBD	ZMO0609
ZM4	612160	612161	ZMO0373	19.8416	612159	612160	TSS_1421	-	-1	ZMO0373 (Global reg)	Predicted DBD	ZMO0609
ZM4	620737	620738	ZMO0373	29.946	620685	620686	TSS_1445	+	52	ZMO0373 (Global reg)	Predicted DBD	ZMO0625
ZM4	623739	623740	ZMO0373	83.1134	623558	623559	TSS_1449	+	181	ZMO0373 (Global reg)	Predicted DBD	ZMO0628
ZM4	638979	638980	ZMO0373	21.7999	638856	638857	TSS_1469	+	123	ZMO0373 (Global reg)	Predicted DBD	ZMO0649
ZM4	648177	648178	ZMO0373	88.7148	648223	648224	TSS_1491	-	46	ZMO0373 (Global reg)	Predicted DBD	ZMO0654
ZM4	653263	653264	ZMO0373	458.461	653068	653069	TSS_1497	+	195	ZMO0373 (Global reg)	Predicted DBD	ZMO0660
ZM4	664503	664504	ZMO0373	460.033	664327	664328	TSS_1537	+	176	ZMO0373 (Global reg)	Predicted DBD	ZMO0668
ZM4	665771	665772	ZMO0373	30.8812	665586	665587	TSS_1539	+	185	ZMO0373 (Global reg)	Predicted DBD	ZMO0672
ZM4	670768	670769	ZMO0373	380.184	670663	670664	TSS_1550	-	-105	ZMO0373 (Global reg)	Predicted DBD	ZMO0675
ZM4	671626	671627	ZMO0373	199.886	671617	671618	TSS_1553	-	-9	ZMO0373 (Global reg)	Predicted DBD	ZMO0676
ZM4	672029	672030	ZMO0373	773.366	672208	672209	TSS_1555	-	179	ZMO0373 (Global reg)	Predicted DBD	ZMO0676
ZM4	672529	672530	ZMO0373	259.79	672717	672718	TSS_1557	-	188	ZMO0373 (Global reg)	Predicted DBD	ZMO0677
ZM4	678346	678347	ZMO0373	725.56	678246	678247	TSS_1561	+	100	ZMO0373 (Global reg)	Predicted DBD	ZMO0682
ZM4	707193	707194	ZMO0373	989.326	707345	707346	TSS_1607	+	-152	ZMO0373 (Global reg)	Predicted DBD	ZMO0710
ZM4	707580	707581	ZMO0373	94.198	707658	707659	TSS_1608	-	78	ZMO0373 (Global reg)	Predicted DBD	ZMO0709
ZM4	723756	723757	ZMO0373	685.961	723850	723851	TSS_1645	+	-94	ZMO0373 (Global reg)	Predicted DBD	ZMOt013
ZM4	723921	723922	ZMO0373	29.7359	723859	723860	TSS_1646	+	62	ZMO0373 (Global reg)	Predicted DBD	ZMOt013
ZM4	725148	725149	ZMO0373	193.147	725138	725139	TSS_1659	+	10	ZMO0373 (Global reg)	Predicted DBD	ZMO0726
ZM4	740103	740104	ZMO0373	663.744	740126	740127	TSS_1710	-	23	ZMO0373 (Global reg)	Predicted DBD	ZMO0736
ZM4	749609	749610	ZMO0373	69.392	749602	749603	TSS_1747	-	-7	ZMO0373 (Global reg)	Predicted DBD	ZMO0749
ZM4	764206	764207	ZMO0373	33.6959	764204	764205	TSS_1779	+	2	ZMO0373 (Global reg)	Predicted DBD	ZMO0767
ZM4	800801	800802	ZMO0373	98.9767	800835	800836	TSS_1810	-	34	ZMO0373 (Global reg)	Predicted DBD	ZMO0797
ZM4	814437	814438	ZMO0373	366.677	814346	814347	TSS_1818	-	-91	ZMO0373 (Global reg)	Predicted DBD	ZMO0807
ZM4	817432	817433	ZMO0373	32.0852	817283	817284	TSS_1822	+	149	ZMO0373 (Global reg)	Predicted DBD	ZMO0813
ZM4	819983	819984	ZMO0373	459.968	819988	819989	TSS_1837	-	5	ZMO0373 (Global reg)	Predicted DBD	ZMO0815
ZM4	828268	828269	ZMO0373	21.2037	828300	828301	TSS_1869	+	-32	ZMO0373 (Global reg)	Predicted DBD	ZMO0825
ZM4	828497	828498	ZMO0373	20.5184	828300	828301	TSS_1869	+	197	ZMO0373 (Global reg)	Predicted DBD	ZMO0825
ZM4	842114	842115	ZMO0373	357.688	842246	842247	TSS_1877	+	-132	ZMO0373 (Global reg)	Predicted DBD	ZMO0836
ZM4	843996	843997	ZMO0373	34.4826	843885	843886	TSS_1891	+	111	ZMO0373 (Global reg)	Predicted DBD	ZMO0837
ZM4	857994	857995	ZMO0373	388.999	858076	858077	TSS_1912	+	-82	ZMO0373 (Global reg)	Predicted DBD	ZMO0847
ZM4	874990	874991	ZMO0373	10.038	875070	875071	TSS_1952	+	-80	ZMO0373 (Global reg)	Predicted DBD	ZMO0865
ZM4	880195	880196	ZMO0373	11.3406	880165	880166	TSS_1961	+	30	ZMO0373 (Global reg)	Predicted DBD	ZMO0869
ZM4	885477	885478	ZMO0373	42.8996	885299	885300	TSS_1966	+	178	ZMO0373 (Global reg)	Predicted DBD	ZMO0873
ZM4	906045	906046	ZMO0373	671.146	906229	906230	TSS_2013	-	184	ZMO0373 (Global reg)	Predicted DBD	ZMO0894
ZM4	919541	919542	ZMO0373	148.716	919422	919423	TSS_2032	+	119	ZMO0373 (Global reg)	Predicted DBD	ZMO0905
ZM4	924805	924806	ZMO0373	159.433	924784	924785	TSS_2042	-	-21	ZMO0373 (Global reg)	Predicted DBD	ZMO0908
ZM4	925887	925888	ZMO0373	15.1991	926039	926040	TSS_2045	-	152	ZMO0373 (Global reg)	Predicted DBD	ZMO0909
ZM4	928180	928181	ZMO0373	408.603	928347	928348	TSS_2057	+	-167	ZMO0373 (Global reg)	Predicted DBD	ZMO0912
ZM4	931918	931919	ZMO0373	3.14313	932007	932008	TSS_2061	+	-89	ZMO0373 (Global reg)	Predicted DBD	ZMO0915
ZM4	936480	936481	ZMO0373	748.28	936642	936643	TSS_2077	+	-162	ZMO0373 (Global reg)	Predicted DBD	ZMO0918
ZM4	936840	936841	ZMO0373	19.1742	936642	936643	TSS_2077	+	198	ZMO0373 (Global reg)	Predicted DBD	ZMO0918
ZM4	937082	937083	ZMO0373	67.2681	937176	937177	TSS_2079	+	-94	ZMO0373 (Global reg)	Predicted DBD	ZMO0918
ZM4	938682	938683	ZMO0373	258.978	938767	938768	TSS_2084	+	-85	ZMO0373 (Global reg)	Predicted DBD	ZMO0919
ZM4	938880	938881	ZMO0373	126.774	938778	938779	TSS_2085	+	102	ZMO0373 (Global reg)	Predicted DBD	ZMO0919
ZM4	945173	945174	ZMO0373	280.04	945338	945339	TSS_2088	-	165	ZMO0373 (Global reg)	Predicted DBD	ZMO0923
ZM4	948430	948431	ZMO0373	168.722	948299	948300	TSS_2098	+	131	ZMO0373 (Global reg)	Predicted DBD	ZMO0925
ZM4	954006	954007	ZMO0373	125.518	954142	954143	TSS_2106	-	136	ZMO0373 (Global reg)	Predicted DBD	ZMO0934
ZM4	954808	954809	ZMO0373	157.731	954995	954996	TSS_2108	-	187	ZMO0373 (Global reg)	Predicted DBD	ZMO0935
ZM4	966803	966804	ZMO0373	34.5448	966844	966845	TSS_2136	+	-41	ZMO0373 (Global reg)	Predicted DBD	ZMO0947
ZM4	974310	974311	ZMO0373	15.5098	974364	974365	TSS_2157	+	-54	ZMO0373 (Global reg)	Predicted DBD	ZMO0956
ZM4	989798	989799	ZMO0373	90.0819	989699	989700	TSS_2182	+	99	ZMO0373 (Global reg)	Predicted DBD	ZMO0972
ZM4	990543	990544	ZMO0373	145.293	990422	990423	TSS_2184	+	121	ZMO0373 (Global reg)	Predicted DBD	ZMO0973
ZM4	992751	992752	ZMO0373	288.395	992908	992909	TSS_2189	+	-157	ZMO0373 (Global reg)	Predicted DBD	ZMO0975
ZM4	1008622	1008623	ZMO0373	46.7829	1008461	1008462	TSS_2211	+	161	ZMO0373 (Global reg)	Predicted DBD	ZMO0987
ZM4	1009434	1009435	ZMO0373	38.0534	1009449	1009450	TSS_2220	+	-15	ZMO0373 (Global reg)	Predicted DBD	ZMO0988
ZM4	1017218	1017219	ZMO0373	27.9783	1017150	1017151	TSS_2249	-	-68	ZMO0373 (Global reg)	Predicted DBD	ZMO0999
ZM4	1028070	1028071	ZMO0373	41.8714	1027989	1027990	TSS_2276	+	81	ZMO0373 (Global reg)	Predicted DBD	ZMO1008
ZM4	1037366	1037367	ZMO0373	214.414	1037347	1037348	TSS_2297	-	-19	ZMO0373 (Global reg)	Predicted DBD	ZMO1018
ZM4	1047170	1047171	ZMO0373	283.065	1047209	1047210	TSS_2319	+	-39	ZMO0373 (Global reg)	Predicted DBD	ZMO1032
ZM4	1063520	1063521	ZMO0373	466.097	1063532	1063533	TSS_2366	-	12	ZMO0373 (Global reg)	Predicted DBD	ZMO1045
ZM4	1063786	1063787	ZMO0373	270.109	1063726	1063727	TSS_2368	+	60	ZMO0373 (Global reg)	Predicted DBD	ZMO1047
ZM4	1076743	1076744	ZMO0373	124.001	1076724	1076725	TSS_2389	-	-19	ZMO0373 (Global reg)	Predicted DBD	ZMO1060
ZM4	1078455	1078456	ZMO0373	49.2268	1078511	1078512	TSS_2392	+	-56	ZMO0373 (Global reg)	Predicted DBD	ZMO1063
ZM4	1087278	1087279	ZMO0373	72.0787	1087196	1087197	TSS_2425	+	82	ZMO0373 (Global reg)	Predicted DBD	ZMO1077
ZM4	1088536	1088537	ZMO0373	352.422	1088589	1088590	TSS_2427	+	-53	ZMO0373 (Global reg)	Predicted DBD	ZMO1079
ZM4	1107944	1107945	ZMO0373	48.8558	1107819	1107820	TSS_2449	+	125	ZMO0373 (Global reg)	Predicted DBD	ZMO1095
ZM4	1115703	1115704	ZMO0373	23.3122	1115701	1115702	TSS_2457	-	-2	ZMO0373 (Global reg)	Predicted DBD	ZMO1098
ZM4	1124907	1124908	ZMO0373	186.172	1124923	1124924	TSS_2468	+	-16	ZMO0373 (Global reg)	Predicted DBD	ZMO1107
ZM4	1127059	1127060	ZMO0373	845.508	1127031	1127032	TSS_2481	-	-28	ZMO0373 (Global reg)	Predicted DBD	ZMO1109
ZM4	1130975	1130976	ZMO0373	94.7909	1130795	1130796	TSS_2501	+	180	ZMO0373 (Global reg)	Predicted DBD	ZMO1114
ZM4	1143635	1143636	ZMO0373	34.9611	1143523	1143524	TSS_2519	-	-112	ZMO0373 (Global reg)	Predicted DBD	ZMO1124
ZM4	1145310	1145311	ZMO0373	20.8601	1145468	1145469	TSS_2521	-	158	ZMO0373 (Global reg)	Predicted DBD	ZMO1125
ZM4	1147156	1147157	ZMO0373	53.0042	1147099	1147100	TSS_2525	+	57	ZMO0373 (Global reg)	Predicted DBD	ZMO1128
ZM4	1150946	1150947	ZMO0373	653.356	1151085	1151086	TSS_2530	+	-139	ZMO0373 (Global reg)	Predicted DBD	ZMO1133
ZM4	1157557	1157558	ZMO0373	64.6977	1157705	1157706	TSS_2552	+	-148	ZMO0373 (Global reg)	Predicted DBD	ZMO1139
ZM4	1165867	1165868	ZMO0373	125.95	1165936	1165937	TSS_2578	-	69	ZMO0373 (Global reg)	Predicted DBD	ZMO1146
ZM4	1166050	1166051	ZMO0373	28.1399	1166074	1166075	TSS_2579	-	24	ZMO0373 (Global reg)	Predicted DBD	ZMO1146
ZM4	1174392	1174393	ZMO0373	25.8685	1174466	1174467	TSS_2595	-	74	ZMO0373 (Global reg)	Predicted DBD	ZMO1154
ZM4	1189740	1189741	ZMO0373	77.0032	1189657	1189658	TSS_2644	-	-83	ZMO0373 (Global reg)	Predicted DBD	ZMO1171
ZM4	1194911	1194912	ZMO0373	28.3912	1194887	1194888	TSS_2649	-	-24	ZMO0373 (Global reg)	Predicted DBD	ZMO1173
ZM4	1195032	1195033	ZMO0373	9.41304	1194887	1194888	TSS_2649	-	-145	ZMO0373 (Global reg)	Predicted DBD	ZMO1173
ZM4	1208879	1208880	ZMO0373	1475.45	1208971	1208972	TSS_2679	+	-92	ZMO0373 (Global reg)	Predicted DBD	ZMO1186
ZM4	1226814	1226815	ZMO0373	174.643	1226918	1226919	TSS_2697	+	-104	ZMO0373 (Global reg)	Predicted DBD	ZMO1200
ZM4	1239611	1239612	ZMO0373	301.911	1239695	1239696	TSS_2731	-	84	ZMO0373 (Global reg)	Predicted DBD	ZMO1212
ZM4	1250817	1250818	ZMO0373	302.761	1250824	1250825	TSS_2788	+	-7	ZMO0373 (Global reg)	Predicted DBD	ZMO1226
ZM4	1251324	1251325	ZMO0373	1700.61	1251406	1251407	TSS_2789	+	-82	ZMO0373 (Global reg)	Predicted DBD	ZMO1227
ZM4	1253334	1253335	ZMO0373	105.674	1253138	1253139	TSS_2793	-	-196	ZMO0373 (Global reg)	Predicted DBD	ZMO1228
ZM4	1265766	1265767	ZMO0373	7.6159	1265781	1265782	TSS_2843	-	15	ZMO0373 (Global reg)	Predicted DBD	ZMO1240
ZM4	1286452	1286453	ZMO0373	61.7055	1286430	1286431	TSS_2868	+	22	ZMO0373 (Global reg)	Predicted DBD	ZMO2012
ZM4	1297581	1297582	ZMO0373	193.582	1297477	1297478	TSS_2904	+	104	ZMO0373 (Global reg)	Predicted DBD	ZMO1283
ZM4	1305617	1305618	ZMO0373	147.745	1305817	1305818	TSS_2920	-	200	ZMO0373 (Global reg)	Predicted DBD	ZMO1289
ZM4	1308178	1308179	ZMO0373	578.298	1308264	1308265	TSS_2934	+	-86	ZMO0373 (Global reg)	Predicted DBD	ZMO1294
ZM4	1315748	1315749	ZMO0373	15.0018	1315843	1315844	TSS_2947	+	-95	ZMO0373 (Global reg)	Predicted DBD	ZMO2017
ZM4	1330376	1330377	ZMO0373	8.31351	1330250	1330251	TSS_2977	+	126	ZMO0373 (Global reg)	Predicted DBD	ZMO1312
ZM4	1336025	1336026	ZMO0373	218.531	1335874	1335875	TSS_2983	-	-151	ZMO0373 (Global reg)	Predicted DBD	ZMO1316
ZM4	1341667	1341668	ZMO0373	295.458	1341676	1341677	TSS_2995	+	-9	ZMO0373 (Global reg)	Predicted DBD	ZMO1322
ZM4	1352375	1352376	ZMO0373	326.324	1352548	1352549	TSS_3023	+	-173	ZMO0373 (Global reg)	Predicted DBD	ZMO1335
ZM4	1364971	1364972	ZMO0373	122.771	1365071	1365072	TSS_3059	-	100	ZMO0373 (Global reg)	Predicted DBD	ZMO1347
ZM4	1366550	1366551	ZMO0373	5.83048	1366529	1366530	TSS_3066	+	21	ZMO0373 (Global reg)	Predicted DBD	ZMO1351
ZM4	1369325	1369326	ZMO0373	29.2845	1369408	1369409	TSS_3073	-	83	ZMO0373 (Global reg)	Predicted DBD	ZMO1353
ZM4	1369537	1369538	ZMO0373	11.6193	1369408	1369409	TSS_3073	-	-129	ZMO0373 (Global reg)	Predicted DBD	ZMO1353
ZM4	1370756	1370757	ZMO0373	267.643	1370733	1370734	TSS_3087	-	-23	ZMO0373 (Global reg)	Predicted DBD	ZMO1354
ZM4	1374831	1374832	ZMO0373	11.9868	1374849	1374850	TSS_3098	-	18	ZMO0373 (Global reg)	Predicted DBD	ZMO1356
ZM4	1374935	1374936	ZMO0373	7.70848	1374849	1374850	TSS_3098	-	-86	ZMO0373 (Global reg)	Predicted DBD	ZMO1356
ZM4	1395579	1395580	ZMO0373	354.124	1395415	1395416	TSS_3155	-	-164	ZMO0373 (Global reg)	Predicted DBD	ZMO1380
ZM4	1408953	1408954	ZMO0373	61.0353	1409018	1409019	TSS_3170	+	-65	ZMO0373 (Global reg)	Predicted DBD	ZMO1393
ZM4	1413276	1413277	ZMO0373	14.0546	1413085	1413086	TSS_3176	-	-191	ZMO0373 (Global reg)	Predicted DBD	ZMO1396
ZM4	1413477	1413478	ZMO0373	569.041	1413590	1413591	TSS_3177	+	-113	ZMO0373 (Global reg)	Predicted DBD	ZMO1399
ZM4	1418255	1418256	ZMO0373	282.851	1418109	1418110	TSS_3184	-	-146	ZMO0373 (Global reg)	Predicted DBD	ZMO1403
ZM4	1419887	1419888	ZMO0373	145.53	1419976	1419977	TSS_3188	-	89	ZMO0373 (Global reg)	Predicted DBD	ZMO1405
ZM4	1420913	1420914	ZMO0373	52.0941	1420890	1420891	TSS_3191	-	-23	ZMO0373 (Global reg)	Predicted DBD	ZMO1406
ZM4	1426004	1426005	ZMO0373	937.351	1425903	1425904	TSS_3216	+	101	ZMO0373 (Global reg)	Predicted DBD	ZMO1410
ZM4	1429782	1429783	ZMO0373	132.52	1429639	1429640	TSS_3229	+	143	ZMO0373 (Global reg)	Predicted DBD	ZMO1417
ZM4	1437527	1437528	ZMO0373	131.858	1437690	1437691	TSS_3234	-	163	ZMO0373 (Global reg)	Predicted DBD	ZMO1422
ZM4	1444148	1444149	ZMO0373	7679.62	1444240	1444241	TSS_3241	+	-92	ZMO0373 (Global reg)	Predicted DBD	ZMO1426
ZM4	1448965	1448966	ZMO0373	409.529	1448803	1448804	TSS_3247	-	-162	ZMO0373 (Global reg)	Predicted DBD	ZMO1430
ZM4	1451027	1451028	ZMO0373	43.0465	1451208	1451209	TSS_3251	-	181	ZMO0373 (Global reg)	Predicted DBD	ZMO1432
ZM4	1453051	1453052	ZMO0373	478.64	1453174	1453175	TSS_3252	-	123	ZMO0373 (Global reg)	Predicted DBD	ZMO1434
ZM4	1486312	1486313	ZMO0373	5.3919	1486364	1486365	TSS_3284	-	52	ZMO0373 (Global reg)	Predicted DBD	ZMO1464
ZM4	1486486	1486487	ZMO0373	4.19414	1486365	1486366	TSS_3285	-	-121	ZMO0373 (Global reg)	Predicted DBD	ZMO1464
ZM4	1501477	1501478	ZMO0373	35.9277	1501598	1501599	TSS_3304	-	121	ZMO0373 (Global reg)	Predicted DBD	ZMO1477
ZM4	1531074	1531075	ZMO0373	2455.49	1531066	1531067	TSS_3395	-	-8	ZMO0373 (Global reg)	Predicted DBD	ZMO1502
ZM4	1544139	1544140	ZMO0373	50.2724	1544006	1544007	TSS_3429	-	-133	ZMO0373 (Global reg)	Predicted DBD	ZMO1516
ZM4	1546294	1546295	ZMO0373	467.659	1546229	1546230	TSS_3435	-	-65	ZMO0373 (Global reg)	Predicted DBD	ZMO1520
ZM4	1547214	1547215	ZMO0373	5.79265	1547277	1547278	TSS_3436	+	-63	ZMO0373 (Global reg)	Predicted DBD	ZMO1522
ZM4	1547501	1547502	ZMO0373	57.3224	1547344	1547345	TSS_3443	+	157	ZMO0373 (Global reg)	Predicted DBD	ZMO1522
ZM4	1550803	1550804	ZMO0373	42.8049	1550719	1550720	TSS_3456	+	84	ZMO0373 (Global reg)	Predicted DBD	ZMO1524
ZM4	1562967	1562968	ZMO0373	138.858	1562914	1562915	TSS_3468	-	-53	ZMO0373 (Global reg)	Predicted DBD	ZMO1529
ZM4	1563208	1563209	ZMO0373	6.58873	1563184	1563185	TSS_3475	-	-24	ZMO0373 (Global reg)	Predicted DBD	ZMO1529
ZM4	1579905	1579906	ZMO0373	87.1011	1579865	1579866	TSS_3503	-	-40	ZMO0373 (Global reg)	Predicted DBD	ZMO1544
ZM4	1580893	1580894	ZMO0373	6549.12	1580704	1580705	TSS_3514	+	189	ZMO0373 (Global reg)	Predicted DBD	ZMO1548
ZM4	1621111	1621112	ZMO0373	18.7828	1620990	1620991	TSS_3554	+	121	ZMO0373 (Global reg)	Predicted DBD	ZMO1581
ZM4	1626306	1626307	ZMO0373	497.089	1626402	1626403	TSS_3563	+	-96	ZMO0373 (Global reg)	Predicted DBD	ZMO1587
ZM4	1636065	1636066	ZMO0373	346.684	1635946	1635947	TSS_3573	-	-119	ZMO0373 (Global reg)	Predicted DBD	ZMO1593
ZM4	1644906	1644907	ZMO0373	37.8762	1645047	1645048	TSS_3592	+	-141	ZMO0373 (Global reg)	Predicted DBD	ZMO1602
ZM4	1653608	1653609	ZMO0373	56.539	1653546	1653547	TSS_3626	-	-62	ZMO0373 (Global reg)	Predicted DBD	ZMO1608
ZM4	1653998	1653999	ZMO0373	25.8685	1654025	1654026	TSS_3628	+	-27	ZMO0373 (Global reg)	Predicted DBD	ZMO1610
ZM4	1665373	1665374	ZMO0373	30.1385	1665381	1665382	TSS_3658	+	-8	ZMO0373 (Global reg)	Predicted DBD	ZMO1623
ZM4	1669457	1669458	ZMO0373	26.3673	1669292	1669293	TSS_3665	+	165	ZMO0373 (Global reg)	Predicted DBD	ZMO1625
ZM4	1671644	1671645	ZMO0373	39.4019	1671640	1671641	TSS_3666	+	4	ZMO0373 (Global reg)	Predicted DBD	ZMO1627
ZM4	1679667	1679668	ZMO0373	53.036	1679645	1679646	TSS_3671	-	-22	ZMO0373 (Global reg)	Predicted DBD	ZMO1634
ZM4	1681913	1681914	ZMO0373	32.6961	1681866	1681867	TSS_3678	-	-47	ZMO0373 (Global reg)	Predicted DBD	ZMO1636
ZM4	1682201	1682202	ZMO0373	95.1522	1682183	1682184	TSS_3685	+	18	ZMO0373 (Global reg)	Predicted DBD	ZMO1638
ZM4	1687707	1687708	ZMO0373	415.098	1687584	1687585	TSS_3697	-	-123	ZMO0373 (Global reg)	Predicted DBD	ZMO1642
ZM4	1695920	1695921	ZMO0373	589.259	1695725	1695726	TSS_3705	-	-195	ZMO0373 (Global reg)	Predicted DBD	ZMO1647
ZM4	1696684	1696685	ZMO0373	643.283	1696589	1696590	TSS_3708	+	95	ZMO0373 (Global reg)	Predicted DBD	ZMO1649
ZM4	1697574	1697575	ZMO0373	37.7844	1697725	1697726	TSS_3715	+	-151	ZMO0373 (Global reg)	Predicted DBD	ZMO1650
ZM4	1708660	1708661	ZMO0373	1546.48	1708737	1708738	TSS_3741	+	-77	ZMO0373 (Global reg)	Predicted DBD	ZMO1659
ZM4	1711244	1711245	ZMO0373	2580.98	1711204	1711205	TSS_3744	+	40	ZMO0373 (Global reg)	Predicted DBD	ZMO1661
ZM4	1718988	1718989	ZMO0373	990.093	1718875	1718876	TSS_3755	+	113	ZMO0373 (Global reg)	Predicted DBD	ZMO1672
ZM4	1722562	1722563	ZMO0373	170.406	1722499	1722500	TSS_3762	+	63	ZMO0373 (Global reg)	Predicted DBD	ZMO1677
ZM4	1746612	1746613	ZMO0373	89.6655	1746747	1746748	TSS_3787	-	135	ZMO0373 (Global reg)	Predicted DBD	ZMO1694
ZM4	1747031	1747032	ZMO0373	1268.29	1747080	1747081	TSS_3799	-	49	ZMO0373 (Global reg)	Predicted DBD	ZMO1694
ZM4	1755320	1755321	ZMO0373	115.094	1755471	1755472	TSS_3811	-	151	ZMO0373 (Global reg)	Predicted DBD	ZMO1702
ZM4	1765072	1765073	ZMO0373	1306.05	1765114	1765115	TSS_3845	-	42	ZMO0373 (Global reg)	Predicted DBD	ZMO1715
ZM4	1770273	1770274	ZMO0373	95.7864	1770141	1770142	TSS_3877	-	-132	ZMO0373 (Global reg)	Predicted DBD	ZMO1720
ZM4	1775463	1775464	ZMO0373	64.2359	1775475	1775476	TSS_3890	-	12	ZMO0373 (Global reg)	Predicted DBD	ZMO1725
ZM4	1775591	1775592	ZMO0373	61.5121	1775475	1775476	TSS_3890	-	-116	ZMO0373 (Global reg)	Predicted DBD	ZMO1725
ZM4	1778335	1778336	ZMO0373	12.4511	1778351	1778352	TSS_3893	-	16	ZMO0373 (Global reg)	Predicted DBD	ZMO1730
ZM4	1778465	1778466	ZMO0373	15.2423	1778351	1778352	TSS_3893	-	-114	ZMO0373 (Global reg)	Predicted DBD	ZMO1730
ZM4	1792526	1792527	ZMO0373	49.8495	1792570	1792571	TSS_3924	-	44	ZMO0373 (Global reg)	Predicted DBD	ZMO1746
ZM4	1797173	1797174	ZMO0373	40.2436	1797204	1797205	TSS_3954	+	-31	ZMO0373 (Global reg)	Predicted DBD	ZMO1752
ZM4	1802077	1802078	ZMO0373	44.3231	1801999	1802000	TSS_3966	+	78	ZMO0373 (Global reg)	Predicted DBD	ZMO1756
ZM4	1807346	1807347	ZMO0373	38.5709	1807385	1807386	TSS_3975	+	-39	ZMO0373 (Global reg)	Predicted DBD	ZMO1761
ZM4	1818047	1818048	ZMO0373	159.557	1817955	1817956	TSS_3992	-	-92	ZMO0373 (Global reg)	Predicted DBD	ZMO1771
ZM4	1820186	1820187	ZMO0373	61.0951	1820186	1820187	TSS_3996	-	0	ZMO0373 (Global reg)	Predicted DBD	ZMO1773
ZM4	1820948	1820949	ZMO0373	200.462	1821000	1821001	TSS_3999	+	-52	ZMO0373 (Global reg)	Predicted DBD	ZMO1776
ZM4	1824113	1824114	ZMO0373	38.3126	1823956	1823957	TSS_4003	+	157	ZMO0373 (Global reg)	Predicted DBD	ZMO1777
ZM4	1826376	1826377	ZMO0373	117.754	1826464	1826465	TSS_4004	-	88	ZMO0373 (Global reg)	Predicted DBD	ZMO1778
ZM4	1826571	1826572	ZMO0373	97.539	1826504	1826505	TSS_4005	-	-67	ZMO0373 (Global reg)	Predicted DBD	ZMO1778
ZM4	1826986	1826987	ZMO0373	6768.49	1827015	1827016	TSS_4007	-	29	ZMO0373 (Global reg)	Predicted DBD	ZMO1779
ZM4	1842709	1842710	ZMO0373	13.7869	1842683	1842684	TSS_4069	+	26	ZMO0373 (Global reg)	Predicted DBD	ZMO1798
ZM4	1860499	1860500	ZMO0373	1781.45	1860550	1860551	TSS_4092	-	51	ZMO0373 (Global reg)	Predicted DBD	ZMO1815
ZM4	1873893	1873894	ZMO0373	27.5042	1874059	1874060	TSS_4106	+	-166	ZMO0373 (Global reg)	Predicted DBD	ZMO1827
ZM4	1882616	1882617	ZMO0373	123.099	1882733	1882734	TSS_4113	-	117	ZMO0373 (Global reg)	Predicted DBD	ZMO2029
ZM4	1882757	1882758	ZMO0373	198.674	1882733	1882734	TSS_4113	-	-24	ZMO0373 (Global reg)	Predicted DBD	ZMO2029
ZM4	1883133	1883134	ZMO0373	37.599	1883212	1883213	TSS_4114	-	79	ZMO0373 (Global reg)	Predicted DBD	ZMO1840
ZM4	1929628	1929629	ZMO0373	548.925	1929752	1929753	TSS_4189	-	124	ZMO0373 (Global reg)	Predicted DBD	ZMO1877
ZM4	1950136	1950137	ZMO0373	101.129	1950035	1950036	TSS_4246	-	-101	ZMO0373 (Global reg)	Predicted DBD	ZMO1898
ZM4	1965320	1965321	ZMO0373	116.237	1965401	1965402	TSS_4295	+	-81	ZMO0373 (Global reg)	Predicted DBD	ZMO1913
ZM4	1965966	1965967	ZMO0373	46.4014	1965804	1965805	TSS_4298	+	162	ZMO0373 (Global reg)	Predicted DBD	ZMO1913
ZM4	1970562	1970563	ZMO0373	838.125	1970568	1970569	TSS_4307	+	-6	ZMO0373 (Global reg)	Predicted DBD	ZMO1918
ZM4	1971132	1971133	ZMO0373	83.6297	1971103	1971104	TSS_4309	-	-29	ZMO0373 (Global reg)	Predicted DBD	ZMO1917
ZM4	1977454	1977455	ZMO0373	41.3956	1977451	1977452	TSS_4324	+	3	ZMO0373 (Global reg)	Predicted DBD	ZMO1923
ZM4	1977646	1977647	ZMO0373	575.552	1977451	1977452	TSS_4324	+	195	ZMO0373 (Global reg)	Predicted DBD	ZMO1923
ZM4	1980214	1980215	ZMO0373	118.672	1980115	1980116	TSS_4328	-	-99	ZMO0373 (Global reg)	Predicted DBD	ZMO1924
ZM4	1982184	1982185	ZMO0373	84.2518	1982248	1982249	TSS_4331	-	64	ZMO0373 (Global reg)	Predicted DBD	ZMO1925
ZM4	1982350	1982351	ZMO0373	529.106	1982382	1982383	TSS_4332	-	32	ZMO0373 (Global reg)	Predicted DBD	ZMO1925
ZM4	1984147	1984148	ZMO0373	309.224	1984143	1984144	TSS_4343	-	-4	ZMO0373 (Global reg)	Predicted DBD	ZMO1927
ZM4	1984696	1984697	ZMO0373	15.8454	1984672	1984673	TSS_4352	+	24	ZMO0373 (Global reg)	Predicted DBD	ZMO1929
ZM4	2013403	2013404	ZMO0373	150.443	2013493	2013494	TSS_4384	-	90	ZMO0373 (Global reg)	Predicted DBD	ZMO1955
ZM4	2016771	2016772	ZMO0373	1025.74	2016865	2016866	TSS_4389	-	94	ZMO0373 (Global reg)	Predicted DBD	ZMO1957
ZM4	2025688	2025689	ZMO0373	164.041	2025775	2025776	TSS_4399	-	87	ZMO0373 (Global reg)	Predicted DBD	ZMO1963
ZM4	2033928	2033929	ZMO0373	456.095	2033927	2033928	TSS_4406	-	-1	ZMO0373 (Global reg)	Predicted DBD	ZMO1969
ZM4	2036729	2036730	ZMO0373	44.9921	2036639	2036640	TSS_4412	+	90	ZMO0373 (Global reg)	Predicted DBD	ZMO1974
pZM32	18605	18606	ZMO0373	88.9174	18516	18517	TSS_4463	-	-89	ZMO0373 (Global reg)	Predicted DBD	ZMOp32x017
pZM32	20365	20366	ZMO0373	68.3273	20354	20355	TSS_4466	+	11	ZMO0373 (Global reg)	Predicted DBD	ZMOp32x020
pZM33	8968	8969	ZMO0373	152.856	8824	8825	TSS_4508	+	144	ZMO0373 (Global reg)	Predicted DBD	ZMOp33x012
pZM33	30607	30608	ZMO0373	57.9997	30621	30622	TSS_4572	-	14	ZMO0373 (Global reg)	Predicted DBD	ZMOp33x035
pZM36	15523	15524	ZMO0373	25.1276	15485	15486	TSS_4584	-	-38	ZMO0373 (Global reg)	Predicted DBD	ZMOp36x048
pZM36	23246	23247	ZMO0373	1357.59	23254	23255	TSS_4599	-	8	ZMO0373 (Global reg)	Predicted DBD	ZMOp36x030
pZM36	24403	24404	ZMO0373	59.5106	24219	24220	TSS_4602	-	-184	ZMO0373 (Global reg)	Predicted DBD	ZMOp36x032
pZM36	28964	28965	ZMO0373	1318.81	28793	28794	TSS_4604	+	171	ZMO0373 (Global reg)	Predicted DBD	ZMOp36x039
ZM4	437758	437759	ZMO0471	16.8796	437845	437846	TSS_0861	+	-87	ZMO0471 (LysR)	TF homology	ZMO0440
ZM4	1351639	1351640	ZMO0471	70.976	1351697	1351698	TSS_3020	+	-58	ZMO0471 (LysR)	TF homology	ZMO1334
ZM4	1635887	1635888	ZMO0471	5.17922	1635892	1635893	TSS_3570	-	5	ZMO0471 (LysR)	TF homology	ZMO1593
ZM4	1636136	1636137	ZMO0471	937.036	1635946	1635947	TSS_3573	-	-190	ZMO0471 (LysR)	TF homology	ZMO1593
ZM4	1860622	1860623	ZMO0471	10.6169	1860551	1860552	TSS_4093	-	-71	ZMO0471 (LysR)	TF homology	ZMO1815
ZM4	741843	741844	ZMO0478	102.219	741809	741810	TSS_1716	-	-34	ZMO0478 (Winged Helix)	TF homology	ZMO0739
ZM4	862627	862628	ZMO0478	453.29	862579	862580	TSS_1921	+	48	ZMO0478 (Winged Helix)	TF homology	ZMO0850
ZM4	1231020	1231021	ZMO0478	14.7541	1231054	1231055	TSS_2705	-	34	ZMO0478 (Winged Helix)	TF homology	ZMO1205
ZM4	1307812	1307813	ZMO0478	392.625	1307713	1307714	TSS_2933	-	-99	ZMO0478 (Winged Helix)	TF homology	ZMO1291
ZM4	2058254	2058255	ZMO0478	3.27233	2058164	2058165	TSS_4428	-	-90	ZMO0478 (Winged Helix)	TF homology	ZMO1998
ZM4	318409	318410	ZMO0626t	27.672	318303	318304	TSS_0612	-	-106	ZMO0626t (σ28)	Sigma factor	ZMO0315
ZM4	71599	71600	ZMO0631	536.858	71485	71486	TSS_0095	-	-114	ZMO0631 (Fis-σ54)	TF homology	ZMO0081
ZM4	228186	228187	ZMO0631	88.3556	228082	228083	TSS_0442	+	104	ZMO0631 (Fis-σ54)	TF homology	ZMO0231
ZM4	342843	342844	ZMO0631	681.529	342892	342893	TSS_0677	+	-49	ZMO0631 (Fis-σ54)	TF homology	ZMO0347
ZM4	524121	524122	ZMO0631	218.747	524187	524188	TSS_1143	+	-66	ZMO0631 (Fis-σ54)	TF homology	ZMO0523
ZM4	615391	615392	ZMO0631	60598.9	615320	615321	TSS_1433	+	71	ZMO0631 (Fis-σ54)	TF homology	ZMO0616
ZM4	714367	714368	ZMO0631	25.0361	714298	714299	TSS_1620	+	69	ZMO0631 (Fis-σ54)	TF homology	ZMO0715
ZM4	1124429	1124430	ZMO0631	39.9711	1124611	1124612	TSS_2464	+	-182	ZMO0631 (Fis-σ54)	TF homology	ZMO1107
ZM4	1181731	1181732	ZMO0631	7615.54	1181555	1181556	TSS_2631	+	176	ZMO0631 (Fis-σ54)	TF homology	ZMO1164
ZM4	1240658	1240659	ZMO0631	61.299	1240491	1240492	TSS_2743	+	167	ZMO0631 (Fis-σ54)	TF homology	ZMO1214
ZM4	1359388	1359389	ZMO0631	2220.96	1359311	1359312	TSS_3048	+	77	ZMO0631 (Fis-σ54)	TF homology	ZMO1344
ZM4	1708368	1708369	ZMO0631	12664.7	1708308	1708309	TSS_3740	+	60	ZMO0631 (Fis-σ54)	TF homology	ZMO1659
ZM4	59944	59945	ZMO0774	2.84647	60122	60123	TSS_0077	+	-178	ZMO0774 (LysR)	TF homology	ZMO0068
ZM4	86422	86423	ZMO0774	47.312	86435	86436	TSS_0113	-	13	ZMO0774 (LysR)	TF homology	ZMO0096
ZM4	103948	103949	ZMO0774	14.6633	103994	103995	TSS_0143	+	-46	ZMO0774 (LysR)	TF homology	ZMO0116
ZM4	121698	121699	ZMO0774	28.3263	121810	121811	TSS_0174	+	-112	ZMO0774 (LysR)	TF homology	ZMO0133
ZM4	157522	157523	ZMO0774	341.571	157635	157636	TSS_0267	+	-113	ZMO0774 (LysR)	TF homology	ZMO0172
ZM4	161240	161241	ZMO0774	45.8624	161240	161241	TSS_0286	-	0	ZMO0774 (LysR)	TF homology	ZMO0174
ZM4	173241	173242	ZMO0774	36.063	173165	173166	TSS_0346	-	-76	ZMO0774 (LysR)	TF homology	ZMO0183
ZM4	173846	173847	ZMO0774	66.4819	173856	173857	TSS_0363	+	-10	ZMO0774 (LysR)	TF homology	ZMO0186
ZM4	208619	208620	ZMO0774	158.014	208720	208721	TSS_0417	-	101	ZMO0774 (LysR)	TF homology	ZMO0213
ZM4	216886	216887	ZMO0774	28.1905	216845	216846	TSS_0429	+	41	ZMO0774 (LysR)	TF homology	ZMO0221
ZM4	234433	234434	ZMO0774	89.6165	234581	234582	TSS_0459	+	-148	ZMO0774 (LysR)	TF homology	ZMO0239
ZM4	242835	242836	ZMO0774	29.2719	242970	242971	TSS_0489	+	-135	ZMO0774 (LysR)	TF homology	ZMO0249
ZM4	244977	244978	ZMO0774	15.9713	245089	245090	TSS_0500	+	-112	ZMO0774 (LysR)	TF homology	ZMO0252
ZM4	260950	260951	ZMO0774	30.7311	260960	260961	TSS_0523	+	-10	ZMO0774 (LysR)	TF homology	Zms20
ZM4	267819	267820	ZMO0774	33.7513	267770	267771	TSS_0530	-	-49	ZMO0774 (LysR)	TF homology	ZMO0264
ZM4	299296	299297	ZMO0774	250.122	299414	299415	TSS_0587	-	118	ZMO0774 (LysR)	TF homology	ZMO0293
ZM4	325424	325425	ZMO0774	195.532	325382	325383	TSS_0632	+	42	ZMO0774 (LysR)	TF homology	ZMO0325
ZM4	338749	338750	ZMO0774	12.361	338771	338772	TSS_0658	-	22	ZMO0774 (LysR)	TF homology	ZMO0343
ZM4	363637	363638	ZMO0774	22.3504	363690	363691	TSS_0711	+	-53	ZMO0774 (LysR)	TF homology	ZMO0361
ZM4	370831	370832	ZMO0774	16.8447	370845	370846	TSS_0723	+	-14	ZMO0774 (LysR)	TF homology	ZMO0366
ZM4	418179	418180	ZMO0774	20.7853	418225	418226	TSS_0828	-	46	ZMO0774 (LysR)	TF homology	ZMO0412
ZM4	472880	472881	ZMO0774	92.1393	472788	472789	TSS_0963	+	92	ZMO0774 (LysR)	TF homology	ZMO0480
ZM4	524712	524713	ZMO0774	19.0731	524780	524781	TSS_1154	+	-68	ZMO0774 (LysR)	TF homology	ZMO0524
ZM4	530218	530219	ZMO0774	154.385	530243	530244	TSS_1192	+	-25	ZMO0774 (LysR)	TF homology	ZMO0537
ZM4	535887	535888	ZMO0774	209.18	536066	536067	TSS_1234	+	-179	ZMO0774 (LysR)	TF homology	ZMO0543
ZM4	548441	548442	ZMO0774	68.5649	548441	548442	TSS_1300	-	0	ZMO0774 (LysR)	TF homology	ZMO0550
ZM4	553609	553610	ZMO0774	139.863	553623	553624	TSS_1310	-	14	ZMO0774 (LysR)	TF homology	ZMO0554
ZM4	553747	553748	ZMO0774	100.677	553623	553624	TSS_1310	-	-124	ZMO0774 (LysR)	TF homology	ZMO0554
ZM4	583754	583755	ZMO0774	2.03364	583750	583751	TSS_1374	-	-4	ZMO0774 (LysR)	TF homology	ZMO0578
ZM4	584194	584195	ZMO0774	274.614	584085	584086	TSS_1377	-	-109	ZMO0774 (LysR)	TF homology	ZMO0578
ZM4	591516	591517	ZMO0774	16.6474	591524	591525	TSS_1384	-	8	ZMO0774 (LysR)	TF homology	ZMO0588
ZM4	608645	608646	ZMO0774	63.834	608481	608482	TSS_1413	-	-164	ZMO0774 (LysR)	TF homology	ZMO0605
ZM4	611562	611563	ZMO0774	49.5404	611624	611625	TSS_1420	-	62	ZMO0774 (LysR)	TF homology	ZMO0609
ZM4	625460	625461	ZMO0774	419.521	625384	625385	TSS_1453	-	-76	ZMO0774 (LysR)	TF homology	ZMO0629
ZM4	651593	651594	ZMO0774	62.9251	651452	651453	TSS_1492	-	-141	ZMO0774 (LysR)	TF homology	ZMO0657
ZM4	664007	664008	ZMO0774	36.5066	663903	663904	TSS_1535	+	104	ZMO0774 (LysR)	TF homology	ZMO0668
ZM4	673714	673715	ZMO0774	208.184	673600	673601	TSS_1559	-	-114	ZMO0774 (LysR)	TF homology	ZMO0678
ZM4	678272	678273	ZMO0774	31.0137	678246	678247	TSS_1561	+	26	ZMO0774 (LysR)	TF homology	ZMO0682
ZM4	693808	693809	ZMO0774	124.746	693748	693749	TSS_1591	-	-60	ZMO0774 (LysR)	TF homology	ZMO0694
ZM4	719693	719694	ZMO0774	160.695	719741	719742	TSS_1628	+	-48	ZMO0774 (LysR)	TF homology	ZMO0720
ZM4	719883	719884	ZMO0774	9.08065	719896	719897	TSS_1630	+	-13	ZMO0774 (LysR)	TF homology	ZMO0720
ZM4	771345	771346	ZMO0774	51191.8	771418	771419	TSS_1786	+	-73	ZMO0774 (LysR)	TF homology	ZMO0776
ZM4	820086	820087	ZMO0774	5.61801	820044	820045	TSS_1852	-	-42	ZMO0774 (LysR)	TF homology	ZMO2056
ZM4	842223	842224	ZMO0774	18.5425	842246	842247	TSS_1877	+	-23	ZMO0774 (LysR)	TF homology	ZMO0836
ZM4	858075	858076	ZMO0774	7.63729	858076	858077	TSS_1912	+	-1	ZMO0774 (LysR)	TF homology	ZMO0847
ZM4	862382	862383	ZMO0774	11.5507	862488	862489	TSS_1919	+	-106	ZMO0774 (LysR)	TF homology	ZMO0850
ZM4	888590	888591	ZMO0774	28.0604	888569	888570	TSS_1980	+	21	ZMO0774 (LysR)	TF homology	ZMO0876
ZM4	899233	899234	ZMO0774	49.1818	899111	899112	TSS_2003	-	-122	ZMO0774 (LysR)	TF homology	ZMO0889
ZM4	928502	928503	ZMO0774	22.8503	928347	928348	TSS_2057	+	155	ZMO0774 (LysR)	TF homology	ZMO0912
ZM4	934670	934671	ZMO0774	474.689	934591	934592	TSS_2071	+	79	ZMO0774 (LysR)	TF homology	ZMO0916
ZM4	935175	935176	ZMO0774	48.0057	935263	935264	TSS_2073	+	-88	ZMO0774 (LysR)	TF homology	ZMO0917
ZM4	935606	935607	ZMO0774	757.198	935593	935594	TSS_2075	+	13	ZMO0774 (LysR)	TF homology	ZMO0917
ZM4	938692	938693	ZMO0774	63.9723	938767	938768	TSS_2084	+	-75	ZMO0774 (LysR)	TF homology	ZMO0919
ZM4	954172	954173	ZMO0774	5.86012	954142	954143	TSS_2106	-	-30	ZMO0774 (LysR)	TF homology	ZMO0934
ZM4	955170	955171	ZMO0774	25.1667	954996	954997	TSS_2109	-	-174	ZMO0774 (LysR)	TF homology	ZMO0935
ZM4	969157	969158	ZMO0774	40.4195	968979	968980	TSS_2147	+	178	ZMO0774 (LysR)	TF homology	ZMO0949
ZM4	1010247	1010248	ZMO0774	38.4848	1010381	1010382	TSS_2224	-	134	ZMO0774 (LysR)	TF homology	ZMO0989
ZM4	1019996	1019997	ZMO0774	70.1639	1020047	1020048	TSS_2259	+	-51	ZMO0774 (LysR)	TF homology	ZMO1001
ZM4	1055158	1055159	ZMO0774	154.211	1055163	1055164	TSS_2348	+	-5	ZMO0774 (LysR)	TF homology	ZMO1040
ZM4	1078506	1078507	ZMO0774	155.665	1078511	1078512	TSS_2392	+	-5	ZMO0774 (LysR)	TF homology	ZMO1063
ZM4	1094552	1094553	ZMO0774	32.0608	1094581	1094582	TSS_2437	+	-29	ZMO0774 (LysR)	TF homology	ZMO1085
ZM4	1101027	1101028	ZMO0774	23.1845	1100848	1100849	TSS_2443	+	179	ZMO0774 (LysR)	TF homology	ZMO1088
ZM4	1107978	1107979	ZMO0774	21.8617	1107819	1107820	TSS_2449	+	159	ZMO0774 (LysR)	TF homology	ZMO1095
ZM4	1148488	1148489	ZMO0774	25.8121	1148449	1148450	TSS_2528	+	39	ZMO0774 (LysR)	TF homology	ZMO1130
ZM4	1173857	1173858	ZMO0774	10.3488	1173741	1173742	TSS_2594	-	-116	ZMO0774 (LysR)	TF homology	ZMO1153
ZM4	1203371	1203372	ZMO0774	181.353	1203316	1203317	TSS_2666	-	-55	ZMO0774 (LysR)	TF homology	ZMO1181
ZM4	1208952	1208953	ZMO0774	6.67293	1208971	1208972	TSS_2679	+	-19	ZMO0774 (LysR)	TF homology	ZMO1186
ZM4	1261021	1261022	ZMO0774	15.7349	1260890	1260891	TSS_2807	-	-131	ZMO0774 (LysR)	TF homology	ZMO1234
ZM4	1262974	1262975	ZMO0774	46.767	1262861	1262862	TSS_2826	-	-113	ZMO0774 (LysR)	TF homology	ZMO1236
ZM4	1278752	1278753	ZMO0774	107.803	1278786	1278787	TSS_2859	+	-34	ZMO0774 (LysR)	TF homology	ZMO1261
ZM4	1302114	1302115	ZMO0774	31.2229	1302227	1302228	TSS_2906	-	113	ZMO0774 (LysR)	TF homology	ZMO1285
ZM4	1302489	1302490	ZMO0774	13.6876	1302461	1302462	TSS_2908	-	-28	ZMO0774 (LysR)	TF homology	ZMO1286
ZM4	1302793	1302794	ZMO0774	6.03127	1302961	1302962	TSS_2909	-	168	ZMO0774 (LysR)	TF homology	ZMO1286
ZM4	1304056	1304057	ZMO0774	21.0216	1304150	1304151	TSS_2916	+	-94	ZMO0774 (LysR)	TF homology	ZMO1288
ZM4	1307752	1307753	ZMO0774	1.93162	1307713	1307714	TSS_2933	-	-39	ZMO0774 (LysR)	TF homology	ZMO1291
ZM4	1345511	1345512	ZMO0774	201.528	1345545	1345546	TSS_3005	+	-34	ZMO0774 (LysR)	TF homology	ZMO1326
ZM4	1347957	1347958	ZMO0774	44.9762	1347978	1347979	TSS_3007	+	-21	ZMO0774 (LysR)	TF homology	ZMO1331
ZM4	1425322	1425323	ZMO0774	356.561	1425415	1425416	TSS_3198	-	93	ZMO0774 (LysR)	TF homology	ZMO1409
ZM4	1425906	1425907	ZMO0774	25.1326	1425903	1425904	TSS_3216	+	3	ZMO0774 (LysR)	TF homology	ZMO1410
ZM4	1444245	1444246	ZMO0774	8.89402	1444240	1444241	TSS_3241	+	5	ZMO0774 (LysR)	TF homology	ZMO1426
ZM4	1486408	1486409	ZMO0774	60.2212	1486365	1486366	TSS_3285	-	-43	ZMO0774 (LysR)	TF homology	ZMO1464
ZM4	1492536	1492537	ZMO0774	2.52975	1492604	1492605	TSS_3294	-	68	ZMO0774 (LysR)	TF homology	ZMO1468
ZM4	1505681	1505682	ZMO0774	8.10368	1505529	1505530	TSS_3319	-	-152	ZMO0774 (LysR)	TF homology	ZMO1481
ZM4	1517273	1517274	ZMO0774	800.718	1517271	1517272	TSS_3347	+	2	ZMO0774 (LysR)	TF homology	ZMO1490
ZM4	1522295	1522296	ZMO0774	45.8007	1522124	1522125	TSS_3380	-	-171	ZMO0774 (LysR)	TF homology	ZMO1495
ZM4	1547220	1547221	ZMO0774	3904.19	1547277	1547278	TSS_3436	+	-57	ZMO0774 (LysR)	TF homology	ZMO1522
ZM4	1550594	1550595	ZMO0774	59.0671	1550719	1550720	TSS_3456	+	-125	ZMO0774 (LysR)	TF homology	ZMO1524
ZM4	1563140	1563141	ZMO0774	5443.85	1563124	1563125	TSS_3474	+	16	ZMO0774 (LysR)	TF homology	ZMO1530
ZM4	1573863	1573864	ZMO0774	70.4976	1573897	1573898	TSS_3495	+	-34	ZMO0774 (LysR)	TF homology	ZMO1540
ZM4	1620813	1620814	ZMO0774	34.3184	1620985	1620986	TSS_3553	+	-172	ZMO0774 (LysR)	TF homology	ZMO1581
ZM4	1636642	1636643	ZMO0774	27.0671	1636761	1636762	TSS_3575	+	-119	ZMO0774 (LysR)	TF homology	ZMO1596
ZM4	1638267	1638268	ZMO0774	22.8254	1638361	1638362	TSS_3584	+	-94	ZMO0774 (LysR)	TF homology	ZMO1598
ZM4	1653379	1653380	ZMO0774	95.5405	1653380	1653381	TSS_3618	+	-1	ZMO0774 (LysR)	TF homology	ZMO1609
ZM4	1657382	1657383	ZMO0774	95.7602	1657376	1657377	TSS_3636	-	-6	ZMO0774 (LysR)	TF homology	ZMO1615
ZM4	1677030	1677031	ZMO0774	6.11584	1676955	1676956	TSS_3668	-	-75	ZMO0774 (LysR)	TF homology	ZMO1631
ZM4	1687744	1687745	ZMO0774	60.2229	1687584	1687585	TSS_3697	-	-160	ZMO0774 (LysR)	TF homology	ZMO1642
ZM4	1726749	1726750	ZMO0774	49.299	1726705	1726706	TSS_3767	+	44	ZMO0774 (LysR)	TF homology	ZMO1681
ZM4	1734535	1734536	ZMO0774	16.7922	1734703	1734704	TSS_3772	+	-168	ZMO0774 (LysR)	TF homology	ZMO1686
ZM4	1751593	1751594	ZMO0774	8.61138	1751553	1751554	TSS_3807	+	40	ZMO0774 (LysR)	TF homology	ZMO1700
ZM4	1770744	1770745	ZMO0774	43.1266	1770789	1770790	TSS_3879	-	45	ZMO0774 (LysR)	TF homology	ZMO1721
ZM4	1780577	1780578	ZMO0774	25.8476	1780429	1780430	TSS_3907	+	148	ZMO0774 (LysR)	TF homology	ZMO1734
ZM4	1794319	1794320	ZMO0774	12.8571	1794364	1794365	TSS_3925	+	-45	ZMO0774 (LysR)	TF homology	ZMO1749
ZM4	1796815	1796816	ZMO0774	214.204	1796927	1796928	TSS_3931	+	-112	ZMO0774 (LysR)	TF homology	ZMO1751
ZM4	1797038	1797039	ZMO0774	49.8416	1797020	1797021	TSS_3952	+	18	ZMO0774 (LysR)	TF homology	ZMO1751
ZM4	1800685	1800686	ZMO0774	620.41	1800736	1800737	TSS_3964	-	51	ZMO0774 (LysR)	TF homology	ZMO1754
ZM4	1801847	1801848	ZMO0774	121.908	1801999	1802000	TSS_3966	+	-152	ZMO0774 (LysR)	TF homology	ZMO1756
ZM4	1802094	1802095	ZMO0774	9.01166	1801999	1802000	TSS_3966	+	95	ZMO0774 (LysR)	TF homology	ZMO1756
ZM4	1813332	1813333	ZMO0774	33.8413	1813332	1813333	TSS_3984	-	0	ZMO0774 (LysR)	TF homology	ZMO1767
ZM4	1821043	1821044	ZMO0774	369.604	1821000	1821001	TSS_3999	+	43	ZMO0774 (LysR)	TF homology	ZMO1776
ZM4	1824068	1824069	ZMO0774	32.4953	1823956	1823957	TSS_4003	+	112	ZMO0774 (LysR)	TF homology	ZMO1777
ZM4	1826457	1826458	ZMO0774	27.473	1826464	1826465	TSS_4004	-	7	ZMO0774 (LysR)	TF homology	ZMO1778
ZM4	1834847	1834848	ZMO0774	29.2999	1834853	1834854	TSS_4035	+	-6	ZMO0774 (LysR)	TF homology	ZMO1790
ZM4	1849797	1849798	ZMO0774	15800.1	1849748	1849749	TSS_4086	-	-49	ZMO0774 (LysR)	TF homology	ZMO1806
ZM4	1860502	1860503	ZMO0774	15170.7	1860550	1860551	TSS_4092	-	48	ZMO0774 (LysR)	TF homology	ZMO1815
ZM4	1884969	1884970	ZMO0774	25.272	1884937	1884938	TSS_4122	-	-32	ZMO0774 (LysR)	TF homology	ZMO1842
ZM4	1893326	1893327	ZMO0774	46.1368	1893193	1893194	TSS_4139	-	-133	ZMO0774 (LysR)	TF homology	ZMO1850
ZM4	1965643	1965644	ZMO0774	130.239	1965803	1965804	TSS_4297	+	-160	ZMO0774 (LysR)	TF homology	ZMO1913
pZM33	4681	4682	ZMO0774	67.7695	4574	4575	TSS_4504	-	-107	ZMO0774 (LysR)	TF homology	ZMOp33x008
pZM33	8645	8646	ZMO0774	29.4189	8824	8825	TSS_4508	+	-179	ZMO0774 (LysR)	TF homology	ZMOp33x012
pZM36	28726	28727	ZMO0774	97.1363	28793	28794	TSS_4604	+	-67	ZMO0774 (LysR)	TF homology	ZMOp36x039
pZM39	38715	38716	ZMO0774	257.688	38694	38695	TSS_4651	-	-21	ZMO0774 (LysR)	TF homology	ZMOp39x037
ZM4	14528	14529	ZMO0781	196.509	14514	14515	TSS_0014	-	-14	ZMO0781 (LysR)	TF homology	ZMO0011
ZM4	26161	26162	ZMO0781	247.269	26028	26029	TSS_0027	-	-133	ZMO0781 (LysR)	TF homology	ZMO0022
ZM4	33973	33974	ZMO0781	109.371	34058	34059	TSS_0031	+	-85	ZMO0781 (LysR)	TF homology	ZMO0030
ZM4	43307	43308	ZMO0781	872.608	43156	43157	TSS_0059	-	-151	ZMO0781 (LysR)	TF homology	ZMO0043
ZM4	99797	99798	ZMO0781	717.7	99831	99832	TSS_0138	+	-34	ZMO0781 (LysR)	TF homology	ZMO0112
ZM4	119271	119272	ZMO0781	5812.61	119236	119237	TSS_0172	-	-35	ZMO0781 (LysR)	TF homology	ZMO0130
ZM4	121823	121824	ZMO0781	23056.8	121810	121811	TSS_0174	+	13	ZMO0781 (LysR)	TF homology	ZMO0133
ZM4	166821	166822	ZMO0781	26464.4	166932	166933	TSS_0325	+	-111	ZMO0781 (LysR)	TF homology	ZMO0179
ZM4	185096	185097	ZMO0781	12026.5	185047	185048	TSS_0381	-	-49	ZMO0781 (LysR)	TF homology	ZMO0192
ZM4	194440	194441	ZMO0781	105.302	194458	194459	TSS_0396	-	18	ZMO0781 (LysR)	TF homology	ZMO0199
ZM4	218173	218174	ZMO0781	43.0559	218162	218163	TSS_0433	+	11	ZMO0781 (LysR)	TF homology	ZMO0223
ZM4	218350	218351	ZMO0781	100.704	218162	218163	TSS_0433	+	188	ZMO0781 (LysR)	TF homology	ZMO0223
ZM4	228015	228016	ZMO0781	654.609	228082	228083	TSS_0442	+	-67	ZMO0781 (LysR)	TF homology	ZMO0231
ZM4	245019	245020	ZMO0781	1580.39	245089	245090	TSS_0500	+	-70	ZMO0781 (LysR)	TF homology	ZMO0252
ZM4	299272	299273	ZMO0781	2980.61	299414	299415	TSS_0587	-	142	ZMO0781 (LysR)	TF homology	ZMO0293
ZM4	318539	318540	ZMO0781	23730.5	318573	318574	TSS_0613	+	-34	ZMO0781 (LysR)	TF homology	ZMO0318
ZM4	363498	363499	ZMO0781	3739.87	363690	363691	TSS_0711	+	-192	ZMO0781 (LysR)	TF homology	ZMO0361
ZM4	397699	397700	ZMO0781	4821.23	397722	397723	TSS_0795	+	-23	ZMO0781 (LysR)	TF homology	ZMO0395
ZM4	425174	425175	ZMO0781	214.512	425032	425033	TSS_0837	-	-142	ZMO0781 (LysR)	TF homology	ZMO0421
ZM4	425496	425497	ZMO0781	118.223	425420	425421	TSS_0839	+	76	ZMO0781 (LysR)	TF homology	ZMO0422
ZM4	434091	434092	ZMO0781	142.096	433937	433938	TSS_0852	-	-154	ZMO0781 (LysR)	TF homology	ZMO0432
ZM4	452499	452500	ZMO0781	167.546	452446	452447	TSS_0908	-	-53	ZMO0781 (LysR)	TF homology	ZMO0454
ZM4	479024	479025	ZMO0781	654.708	479088	479089	TSS_0973	+	-64	ZMO0781 (LysR)	TF homology	ZMO0485
ZM4	619049	619050	ZMO0781	12487.3	619099	619100	TSS_1442	+	-50	ZMO0781 (LysR)	TF homology	ZMO0624
ZM4	673764	673765	ZMO0781	97.551	673600	673601	TSS_1559	-	-164	ZMO0781 (LysR)	TF homology	ZMO0678
ZM4	714454	714455	ZMO0781	189.723	714298	714299	TSS_1620	+	156	ZMO0781 (LysR)	TF homology	ZMO0715
ZM4	741940	741941	ZMO0781	72.0105	741940	741941	TSS_1720	+	0	ZMO0781 (LysR)	TF homology	ZMO0740
ZM4	820118	820119	ZMO0781	25742.1	820157	820158	TSS_1853	+	-39	ZMO0781 (LysR)	TF homology	ZMO0818
ZM4	843698	843699	ZMO0781	413.366	843741	843742	TSS_1886	+	-43	ZMO0781 (LysR)	TF homology	ZMO0837
ZM4	862379	862380	ZMO0781	36.9128	862488	862489	TSS_1919	+	-109	ZMO0781 (LysR)	TF homology	ZMO0850
ZM4	862760	862761	ZMO0781	53.4985	862764	862765	TSS_1922	+	-4	ZMO0781 (LysR)	TF homology	ZMO0850
ZM4	869591	869592	ZMO0781	120.816	869458	869459	TSS_1936	-	-133	ZMO0781 (LysR)	TF homology	ZMO0857
ZM4	890716	890717	ZMO0781	181.546	890738	890739	TSS_1985	-	22	ZMO0781 (LysR)	TF homology	ZMO0878
ZM4	890975	890976	ZMO0781	205.323	890937	890938	TSS_1988	-	-38	ZMO0781 (LysR)	TF homology	ZMO0878
ZM4	899209	899210	ZMO0781	17338.1	899111	899112	TSS_2003	-	-98	ZMO0781 (LysR)	TF homology	ZMO0889
ZM4	906829	906830	ZMO0781	1171.6	906999	907000	TSS_2014	-	170	ZMO0781 (LysR)	TF homology	ZMO0895
ZM4	919200	919201	ZMO0781	21917.9	919274	919275	TSS_2030	-	74	ZMO0781 (LysR)	TF homology	ZMO0904
ZM4	935216	935217	ZMO0781	32601.2	935263	935264	TSS_2073	+	-47	ZMO0781 (LysR)	TF homology	ZMO0917
ZM4	935470	935471	ZMO0781	1955.12	935535	935536	TSS_2074	+	-65	ZMO0781 (LysR)	TF homology	ZMO0917
ZM4	955183	955184	ZMO0781	154.521	954996	954997	TSS_2109	-	-187	ZMO0781 (LysR)	TF homology	ZMO0935
ZM4	1000352	1000353	ZMO0781	93.6217	1000352	1000353	TSS_2197	-	0	ZMO0781 (LysR)	TF homology	ZMO0980
ZM4	1012412	1012413	ZMO0781	62.8129	1012360	1012361	TSS_2228	-	-52	ZMO0781 (LysR)	TF homology	ZMO0992
ZM4	1027958	1027959	ZMO0781	63.4542	1027960	1027961	TSS_2274	+	-2	ZMO0781 (LysR)	TF homology	ZMO1008
ZM4	1034491	1034492	ZMO0781	46.313	1034550	1034551	TSS_2292	-	59	ZMO0781 (LysR)	TF homology	ZMO1015
ZM4	1055178	1055179	ZMO0781	193.851	1055163	1055164	TSS_2348	+	15	ZMO0781 (LysR)	TF homology	ZMO1040
ZM4	1071522	1071523	ZMO0781	30.6463	1071475	1071476	TSS_2379	+	47	ZMO0781 (LysR)	TF homology	ZMO1055
ZM4	1089289	1089290	ZMO0781	35.4929	1089330	1089331	TSS_2433	+	-41	ZMO0781 (LysR)	TF homology	ZMO1080
ZM4	1098723	1098724	ZMO0781	295.382	1098695	1098696	TSS_2439	+	28	ZMO0781 (LysR)	TF homology	ZMO1086
ZM4	1127254	1127255	ZMO0781	165.205	1127268	1127269	TSS_2491	+	-14	ZMO0781 (LysR)	TF homology	ZMO1111
ZM4	1203368	1203369	ZMO0781	3814.15	1203316	1203317	TSS_2666	-	-52	ZMO0781 (LysR)	TF homology	ZMO1181
ZM4	1204504	1204505	ZMO0781	659.01	1204323	1204324	TSS_2670	-	-181	ZMO0781 (LysR)	TF homology	ZMO1182
ZM4	1208131	1208132	ZMO0781	202.554	1208142	1208143	TSS_2676	+	-11	ZMO0781 (LysR)	TF homology	ZMO1185
ZM4	1225545	1225546	ZMO0781	124.753	1225593	1225594	TSS_2694	+	-48	ZMO0781 (LysR)	TF homology	ZMO1198
ZM4	1226879	1226880	ZMO0781	4324.82	1226918	1226919	TSS_2697	+	-39	ZMO0781 (LysR)	TF homology	ZMO1200
ZM4	1242296	1242297	ZMO0781	1654.08	1242330	1242331	TSS_2751	+	-34	ZMO0781 (LysR)	TF homology	ZMO1215
ZM4	1262963	1262964	ZMO0781	17872.5	1262861	1262862	TSS_2826	-	-102	ZMO0781 (LysR)	TF homology	ZMO1236
ZM4	1278729	1278730	ZMO0781	503.382	1278786	1278787	TSS_2859	+	-57	ZMO0781 (LysR)	TF homology	ZMO1261
ZM4	1304040	1304041	ZMO0781	129.924	1304150	1304151	TSS_2916	+	-110	ZMO0781 (LysR)	TF homology	ZMO1288
ZM4	1307797	1307798	ZMO0781	61.3211	1307713	1307714	TSS_2933	-	-84	ZMO0781 (LysR)	TF homology	ZMO1291
ZM4	1308094	1308095	ZMO0781	65.0918	1308264	1308265	TSS_2934	+	-170	ZMO0781 (LysR)	TF homology	ZMO1294
ZM4	1311295	1311296	ZMO0781	19599.3	1311230	1311231	TSS_2940	-	-65	ZMO0781 (LysR)	TF homology	ZMO2015
ZM4	1312926	1312927	ZMO0781	1958.4	1312976	1312977	TSS_2941	+	-50	ZMO0781 (LysR)	TF homology	ZMO1298
ZM4	1315854	1315855	ZMO0781	8.9741	1315843	1315844	TSS_2947	+	11	ZMO0781 (LysR)	TF homology	ZMO2017
ZM4	1341570	1341571	ZMO0781	1714.7	1341572	1341573	TSS_2994	+	-2	ZMO0781 (LysR)	TF homology	ZMO1322
ZM4	1371117	1371118	ZMO0781	595.063	1371021	1371022	TSS_3096	-	-96	ZMO0781 (LysR)	TF homology	ZMO1354
ZM4	1421030	1421031	ZMO0781	46.313	1420890	1420891	TSS_3191	-	-140	ZMO0781 (LysR)	TF homology	ZMO1406
ZM4	1422126	1422127	ZMO0781	5732.66	1422132	1422133	TSS_3193	-	6	ZMO0781 (LysR)	TF homology	ZMO1407
ZM4	1440674	1440675	ZMO0781	57.9214	1440794	1440795	TSS_3236	+	-120	ZMO0781 (LysR)	TF homology	ZMO1424
ZM4	1459668	1459669	ZMO0781	7231.41	1459607	1459608	TSS_3260	-	-61	ZMO0781 (LysR)	TF homology	ZMO1440
ZM4	1480948	1480949	ZMO0781	979.739	1480998	1480999	TSS_3279	-	50	ZMO0781 (LysR)	TF homology	ZMO1459
ZM4	1486412	1486413	ZMO0781	309.872	1486365	1486366	TSS_3285	-	-47	ZMO0781 (LysR)	TF homology	ZMO1464
ZM4	1492466	1492467	ZMO0781	230.573	1492604	1492605	TSS_3294	-	138	ZMO0781 (LysR)	TF homology	ZMO1468
ZM4	1522309	1522310	ZMO0781	22817.7	1522124	1522125	TSS_3380	-	-185	ZMO0781 (LysR)	TF homology	ZMO1495
ZM4	1547084	1547085	ZMO0781	15486.4	1547277	1547278	TSS_3436	+	-193	ZMO0781 (LysR)	TF homology	ZMO1522
ZM4	1550564	1550565	ZMO0781	25.9961	1550719	1550720	TSS_3456	+	-155	ZMO0781 (LysR)	TF homology	ZMO1524
ZM4	1563119	1563120	ZMO0781	104.405	1563114	1563115	TSS_3473	-	-5	ZMO0781 (LysR)	TF homology	ZMO1529
ZM4	1563119	1563120	ZMO0781	104.405	1563124	1563125	TSS_3474	+	-5	ZMO0781 (LysR)	TF homology	ZMO1530
ZM4	1604527	1604528	ZMO0781	5102.14	1604521	1604522	TSS_3543	-	-6	ZMO0781 (LysR)	TF homology	ZMO1570
ZM4	1604958	1604959	ZMO0781	118.392	1605086	1605087	TSS_3544	+	-128	ZMO0781 (LysR)	TF homology	ZMO1571
ZM4	1636641	1636642	ZMO0781	41951.2	1636761	1636762	TSS_3575	+	-120	ZMO0781 (LysR)	TF homology	ZMO1596
ZM4	1677097	1677098	ZMO0781	21.4289	1676955	1676956	TSS_3668	-	-142	ZMO0781 (LysR)	TF homology	ZMO1631
ZM4	1695513	1695514	ZMO0781	78.6726	1695623	1695624	TSS_3704	+	-110	ZMO0781 (LysR)	TF homology	ZMO1648
ZM4	1696551	1696552	ZMO0781	1795.26	1696586	1696587	TSS_3707	+	-35	ZMO0781 (LysR)	TF homology	ZMO1649
ZM4	1703848	1703849	ZMO0781	32.0777	1703841	1703842	TSS_3731	-	-7	ZMO0781 (LysR)	TF homology	ZMO1653
ZM4	1726612	1726613	ZMO0781	79.4901	1726705	1726706	TSS_3767	+	-93	ZMO0781 (LysR)	TF homology	ZMO1681
ZM4	1751744	1751745	ZMO0781	152.212	1751658	1751659	TSS_3808	+	86	ZMO0781 (LysR)	TF homology	ZMO1700
ZM4	1768379	1768380	ZMO0781	35.5049	1768475	1768476	TSS_3866	+	-96	ZMO0781 (LysR)	TF homology	ZMO1719
ZM4	1780336	1780337	ZMO0781	914.881	1780429	1780430	TSS_3907	+	-93	ZMO0781 (LysR)	TF homology	ZMO1734
ZM4	1796875	1796876	ZMO0781	6506.82	1796927	1796928	TSS_3931	+	-52	ZMO0781 (LysR)	TF homology	ZMO1751
ZM4	1800760	1800761	ZMO0781	573.625	1800740	1800741	TSS_3965	-	-20	ZMO0781 (LysR)	TF homology	ZMO1754
ZM4	1801826	1801827	ZMO0781	2938.73	1801999	1802000	TSS_3966	+	-173	ZMO0781 (LysR)	TF homology	ZMO1756
ZM4	1821075	1821076	ZMO0781	19272.5	1821000	1821001	TSS_3999	+	75	ZMO0781 (LysR)	TF homology	ZMO1776
ZM4	1860658	1860659	ZMO0781	24.3903	1860551	1860552	TSS_4093	-	-107	ZMO0781 (LysR)	TF homology	ZMO1815
ZM4	1868463	1868464	ZMO0781	455.042	1868635	1868636	TSS_4103	+	-172	ZMO0781 (LysR)	TF homology	ZMO1823
ZM4	1882328	1882329	ZMO0781	447.581	1882292	1882293	TSS_4112	-	-36	ZMO0781 (LysR)	TF homology	ZMO1838
ZM4	1890310	1890311	ZMO0781	29.0519	1890387	1890388	TSS_4135	+	-77	ZMO0781 (LysR)	TF homology	ZMO1849
ZM4	1893326	1893327	ZMO0781	41.6623	1893193	1893194	TSS_4139	-	-133	ZMO0781 (LysR)	TF homology	ZMO1850
ZM4	1927992	1927993	ZMO0781	989.514	1927930	1927931	TSS_4180	-	-62	ZMO0781 (LysR)	TF homology	ZMO1875
ZM4	1965679	1965680	ZMO0781	18.627	1965803	1965804	TSS_4297	+	-124	ZMO0781 (LysR)	TF homology	ZMO1913
ZM4	2045839	2045840	ZMO0781	453.44	2045899	2045900	TSS_4417	+	-60	ZMO0781 (LysR)	TF homology	ZMO1983
pZM32	11862	11863	ZMO0781	139.229	11969	11970	TSS_4449	+	-107	ZMO0781 (LysR)	TF homology	ZMOp32x010
pZM33	2377	2378	ZMO0781	4274.79	2327	2328	TSS_4498	-	-50	ZMO0781 (LysR)	TF homology	ZMOp33x004
pZM33	4710	4711	ZMO0781	2771.32	4574	4575	TSS_4504	-	-136	ZMO0781 (LysR)	TF homology	ZMOp33x008
pZM33	13547	13548	ZMO0781	128.727	13446	13447	TSS_4522	+	101	ZMO0781 (LysR)	TF homology	ZMOp33x018
ZM4	318419	318420	ZMO0925	22.211	318303	318304	TSS_0612	-	-116	ZMO0925 (Cold shock)	Predicted DBD	ZMO0315
ZM4	18302	18303	ZMO0940	47.6094	18318	18319	TSS_0019	+	-16	ZMO0940 (MarR)	TF homology	ZMO0016
ZM4	26077	26078	ZMO0940	432.142	26028	26029	TSS_0027	-	-49	ZMO0940 (MarR)	TF homology	ZMO0022
ZM4	34154	34155	ZMO0940	41.417	34171	34172	TSS_0032	+	-17	ZMO0940 (MarR)	TF homology	ZMO0030
ZM4	41151	41152	ZMO0940	77.4649	41041	41042	TSS_0056	-	-110	ZMO0940 (MarR)	TF homology	ZMO0039
ZM4	43340	43341	ZMO0940	1801.17	43156	43157	TSS_0059	-	-184	ZMO0940 (MarR)	TF homology	ZMO0043
ZM4	50890	50891	ZMO0940	67.014	50901	50902	TSS_0064	-	11	ZMO0940 (MarR)	TF homology	ZMO0055
ZM4	52853	52854	ZMO0940	301.147	52847	52848	TSS_0067	-	-6	ZMO0940 (MarR)	TF homology	ZMO0056
ZM4	59945	59946	ZMO0940	3008.81	60122	60123	TSS_0077	+	-177	ZMO0940 (MarR)	TF homology	ZMO0068
ZM4	61505	61506	ZMO0940	176.004	61521	61522	TSS_0079	+	-16	ZMO0940 (MarR)	TF homology	ZMO0069
ZM4	66982	66983	ZMO0940	23.843	67080	67081	TSS_0090	-	98	ZMO0940 (MarR)	TF homology	ZMO0075
ZM4	71542	71543	ZMO0940	18.1358	71485	71486	TSS_0095	-	-57	ZMO0940 (MarR)	TF homology	ZMO0081
ZM4	79658	79659	ZMO0940	433.486	79619	79620	TSS_0102	-	-39	ZMO0940 (MarR)	TF homology	ZMO0087
ZM4	83651	83652	ZMO0940	25479.3	83751	83752	TSS_0108	+	-100	ZMO0940 (MarR)	TF homology	ZMO0094
ZM4	85389	85390	ZMO0940	521.2	85198	85199	TSS_0111	-	-191	ZMO0940 (MarR)	TF homology	ZMO0095
ZM4	89761	89762	ZMO0940	1583.55	89833	89834	TSS_0116	+	-72	ZMO0940 (MarR)	TF homology	ZMO0103
ZM4	110437	110438	ZMO0940	43.8996	110455	110456	TSS_0154	+	-18	ZMO0940 (MarR)	TF homology	ZMO0122
ZM4	124235	124236	ZMO0940	50.3252	124201	124202	TSS_0180	+	34	ZMO0940 (MarR)	TF homology	ZMO2041
ZM4	161794	161795	ZMO0940	18.6275	161767	161768	TSS_0289	+	27	ZMO0940 (MarR)	TF homology	ZMO0176
ZM4	165013	165014	ZMO0940	6938.37	165095	165096	TSS_0324	+	-82	ZMO0940 (MarR)	TF homology	ZMO0178
ZM4	167110	167111	ZMO0940	3461.49	167061	167062	TSS_0327	+	49	ZMO0940 (MarR)	TF homology	ZMO0179
ZM4	175569	175570	ZMO0940	408.008	175568	175569	TSS_0372	+	1	ZMO0940 (MarR)	TF homology	ZMO0187
ZM4	197201	197202	ZMO0940	91.3139	197126	197127	TSS_0402	+	75	ZMO0940 (MarR)	TF homology	ZMO0202
ZM4	205161	205162	ZMO0940	440.883	205071	205072	TSS_0415	-	-90	ZMO0940 (MarR)	TF homology	ZMO0211
ZM4	216762	216763	ZMO0940	50.3608	216845	216846	TSS_0429	+	-83	ZMO0940 (MarR)	TF homology	ZMO0221
ZM4	220025	220026	ZMO0940	291.372	219888	219889	TSS_0434	-	-137	ZMO0940 (MarR)	TF homology	ZMO0224
ZM4	228081	228082	ZMO0940	2048.28	228082	228083	TSS_0442	+	-1	ZMO0940 (MarR)	TF homology	ZMO0231
ZM4	234191	234192	ZMO0940	500.147	234091	234092	TSS_0457	+	100	ZMO0940 (MarR)	TF homology	ZMO0238
ZM4	243023	243024	ZMO0940	99.0918	242970	242971	TSS_0489	+	53	ZMO0940 (MarR)	TF homology	ZMO0249
ZM4	245014	245015	ZMO0940	349.039	245089	245090	TSS_0500	+	-75	ZMO0940 (MarR)	TF homology	ZMO0252
ZM4	258823	258824	ZMO0940	557.727	259009	259010	TSS_0512	+	-186	ZMO0940 (MarR)	TF homology	ZMO0256
ZM4	276423	276424	ZMO0940	241.235	276580	276581	TSS_0538	+	-157	ZMO0940 (MarR)	TF homology	ZMO0271
ZM4	282816	282817	ZMO0940	388.993	282731	282732	TSS_0547	-	-85	ZMO0940 (MarR)	TF homology	ZMO0275
ZM4	294217	294218	ZMO0940	87.6983	294294	294295	TSS_0581	-	77	ZMO0940 (MarR)	TF homology	ZMO0286
ZM4	299277	299278	ZMO0940	33.2118	299414	299415	TSS_0587	-	137	ZMO0940 (MarR)	TF homology	ZMO0293
ZM4	300073	300074	ZMO0940	65.9781	300226	300227	TSS_0589	-	153	ZMO0940 (MarR)	TF homology	ZMO0294
ZM4	312490	312491	ZMO0940	30.6223	312500	312501	TSS_0603	+	-10	ZMO0940 (MarR)	TF homology	ZMO0309
ZM4	314410	314411	ZMO0940	78.2509	314512	314513	TSS_0606	-	102	ZMO0940 (MarR)	TF homology	ZMO0311
ZM4	332229	332230	ZMO0940	47.2435	332345	332346	TSS_0644	-	116	ZMO0940 (MarR)	TF homology	ZMO0332
ZM4	338796	338797	ZMO0940	277.932	338784	338785	TSS_0659	-	-12	ZMO0940 (MarR)	TF homology	ZMO0343
ZM4	340234	340235	ZMO0940	51.8319	340224	340225	TSS_0665	+	10	ZMO0940 (MarR)	TF homology	ZMO0345
ZM4	346493	346494	ZMO0940	203.77	346690	346691	TSS_0687	+	-197	ZMO0940 (MarR)	TF homology	ZMO0351
ZM4	357245	357246	ZMO0940	13498.8	357222	357223	TSS_0700	+	23	ZMO0940 (MarR)	TF homology	ZMO0355
ZM4	363783	363784	ZMO0940	190.418	363690	363691	TSS_0711	+	93	ZMO0940 (MarR)	TF homology	ZMO0361
ZM4	367375	367376	ZMO0940	123.321	367275	367276	TSS_0720	+	100	ZMO0940 (MarR)	TF homology	ZMO0363
ZM4	372668	372669	ZMO0940	81.0224	372624	372625	TSS_0745	+	44	ZMO0940 (MarR)	TF homology	ZMO0367
ZM4	391726	391727	ZMO0940	262.247	391738	391739	TSS_0793	+	-12	ZMO0940 (MarR)	TF homology	ZMO0385
ZM4	397694	397695	ZMO0940	1736.61	397722	397723	TSS_0795	+	-28	ZMO0940 (MarR)	TF homology	ZMO0395
ZM4	405792	405793	ZMO0940	149.917	405797	405798	TSS_0803	-	5	ZMO0940 (MarR)	TF homology	ZMO0402
ZM4	406768	406769	ZMO0940	73.8975	406810	406811	TSS_0804	-	42	ZMO0940 (MarR)	TF homology	ZMO0403
ZM4	410569	410570	ZMO0940	32.424	410669	410670	TSS_0814	+	-100	ZMO0940 (MarR)	TF homology	ZMO0407
ZM4	419944	419945	ZMO0940	447.412	419827	419828	TSS_0833	-	-117	ZMO0940 (MarR)	TF homology	ZMO0414
ZM4	425311	425312	ZMO0940	58.2329	425420	425421	TSS_0839	+	-109	ZMO0940 (MarR)	TF homology	ZMO0422
ZM4	425439	425440	ZMO0940	168.068	425420	425421	TSS_0839	+	19	ZMO0940 (MarR)	TF homology	ZMO0422
ZM4	434984	434985	ZMO0940	651.788	434909	434910	TSS_0853	-	-75	ZMO0940 (MarR)	TF homology	ZMO0433
ZM4	470667	470668	ZMO0940	867.421	470633	470634	TSS_0953	-	-34	ZMO0940 (MarR)	TF homology	ZMO0477
ZM4	472244	472245	ZMO0940	272.62	472301	472302	TSS_0960	+	-57	ZMO0940 (MarR)	TF homology	ZMO0480
ZM4	472718	472719	ZMO0940	24.9417	472678	472679	TSS_0962	+	40	ZMO0940 (MarR)	TF homology	ZMO0480
ZM4	487823	487824	ZMO0940	12.0686	487927	487928	TSS_1008	+	-104	ZMO0940 (MarR)	TF homology	ZMO0492
ZM4	488388	488389	ZMO0940	241.05	488384	488385	TSS_1018	+	4	ZMO0940 (MarR)	TF homology	ZMO0493
ZM4	489946	489947	ZMO0940	18.282	489935	489936	TSS_1023	+	11	ZMO0940 (MarR)	TF homology	ZMO0494
ZM4	509294	509295	ZMO0940	21.967	509404	509405	TSS_1045	+	-110	ZMO0940 (MarR)	TF homology	ZMO0507
ZM4	509530	509531	ZMO0940	7914.78	509404	509405	TSS_1045	+	126	ZMO0940 (MarR)	TF homology	ZMO0507
ZM4	516727	516728	ZMO0940	5170.86	516633	516634	TSS_1073	+	94	ZMO0940 (MarR)	TF homology	ZMO0515
ZM4	527796	527797	ZMO0940	173.525	527862	527863	TSS_1179	+	-66	ZMO0940 (MarR)	TF homology	ZMO0532
ZM4	543544	543545	ZMO0940	234.958	543526	543527	TSS_1287	-	-18	ZMO0940 (MarR)	TF homology	ZMO2050
ZM4	544561	544562	ZMO0940	461.917	544541	544542	TSS_1289	-	-20	ZMO0940 (MarR)	TF homology	ZMO0547
ZM4	556711	556712	ZMO0940	412.01	556627	556628	TSS_1327	-	-84	ZMO0940 (MarR)	TF homology	ZMO0557
ZM4	559116	559117	ZMO0940	395.001	559230	559231	TSS_1328	+	-114	ZMO0940 (MarR)	TF homology	ZMO0560
ZM4	569894	569895	ZMO0940	1908.19	569906	569907	TSS_1353	-	12	ZMO0940 (MarR)	TF homology	ZMO0566
ZM4	573525	573526	ZMO0940	29.0389	573476	573477	TSS_1369	+	49	ZMO0940 (MarR)	TF homology	ZMO0571
ZM4	591409	591410	ZMO0940	496.969	591469	591470	TSS_1383	-	60	ZMO0940 (MarR)	TF homology	ZMO0588
ZM4	592937	592938	ZMO0940	55.9412	592852	592853	TSS_1386	+	85	ZMO0940 (MarR)	TF homology	ZMO0590
ZM4	606149	606150	ZMO0940	98.6913	606167	606168	TSS_1409	-	18	ZMO0940 (MarR)	TF homology	ZMO0603
ZM4	610655	610656	ZMO0940	171.382	610824	610825	TSS_1416	-	169	ZMO0940 (MarR)	TF homology	ZMO0608
ZM4	618963	618964	ZMO0940	4117.92	619099	619100	TSS_1442	+	-136	ZMO0940 (MarR)	TF homology	ZMO0624
ZM4	620581	620582	ZMO0940	37.1545	620685	620686	TSS_1445	+	-104	ZMO0940 (MarR)	TF homology	ZMO0625
ZM4	625347	625348	ZMO0940	34.1445	625384	625385	TSS_1453	-	37	ZMO0940 (MarR)	TF homology	ZMO0629
ZM4	625793	625794	ZMO0940	17.2054	625894	625895	TSS_1454	+	-101	ZMO0940 (MarR)	TF homology	ZMO0631
ZM4	640980	640981	ZMO0940	35.0604	641037	641038	TSS_1471	+	-57	ZMO0940 (MarR)	TF homology	ZMO0651
ZM4	642642	642643	ZMO0940	748.513	642643	642644	TSS_1477	+	-1	ZMO0940 (MarR)	TF homology	ZMO0652
ZM4	644372	644373	ZMO0940	342.33	644525	644526	TSS_1488	-	153	ZMO0940 (MarR)	TF homology	ZMO0653
ZM4	652696	652697	ZMO0940	49.6931	652673	652674	TSS_1496	+	23	ZMO0940 (MarR)	TF homology	ZMO0659
ZM4	659133	659134	ZMO0940	69.1788	659134	659135	TSS_1515	+	-1	ZMO0940 (MarR)	TF homology	ZMO0664
ZM4	662394	662395	ZMO0940	66.4695	662411	662412	TSS_1519	+	-17	ZMO0940 (MarR)	TF homology	ZMO0665
ZM4	672773	672774	ZMO0940	527.18	672719	672720	TSS_1558	-	-54	ZMO0940 (MarR)	TF homology	ZMO0677
ZM4	687601	687602	ZMO0940	15.6151	687621	687622	TSS_1575	-	20	ZMO0940 (MarR)	TF homology	ZMO0689
ZM4	704179	704180	ZMO0940	587.547	703984	703985	TSS_1605	-	-195	ZMO0940 (MarR)	TF homology	ZMO0704
ZM4	707707	707708	ZMO0940	4.77644	707658	707659	TSS_1608	-	-49	ZMO0940 (MarR)	TF homology	ZMO0709
ZM4	711985	711986	ZMO0940	7934.28	711827	711828	TSS_1619	+	158	ZMO0940 (MarR)	TF homology	ZMO0713
ZM4	740342	740343	ZMO0940	103.239	740400	740401	TSS_1713	+	-58	ZMO0940 (MarR)	TF homology	ZMO0738
ZM4	748378	748379	ZMO0940	6897.21	748436	748437	TSS_1738	-	58	ZMO0940 (MarR)	TF homology	ZMO0748
ZM4	749767	749768	ZMO0940	139.592	749710	749711	TSS_1751	-	-57	ZMO0940 (MarR)	TF homology	ZMO0749
ZM4	771288	771289	ZMO0940	196.985	771418	771419	TSS_1786	+	-130	ZMO0940 (MarR)	TF homology	ZMO0776
ZM4	771545	771546	ZMO0940	46.4762	771418	771419	TSS_1786	+	127	ZMO0940 (MarR)	TF homology	ZMO0776
ZM4	771823	771824	ZMO0940	11.9983	771695	771696	TSS_1787	+	128	ZMO0940 (MarR)	TF homology	ZMO0776
ZM4	773215	773216	ZMO0940	19.2631	773232	773233	TSS_1788	-	17	ZMO0940 (MarR)	TF homology	ZMO0777
ZM4	784582	784583	ZMO0940	3468.34	784638	784639	TSS_1801	+	-56	ZMO0940 (MarR)	TF homology	ZMO0786
ZM4	800902	800903	ZMO0940	37.9018	800836	800837	TSS_1811	-	-66	ZMO0940 (MarR)	TF homology	ZMO0797
ZM4	812973	812974	ZMO0940	41.6603	812943	812944	TSS_1816	-	-30	ZMO0940 (MarR)	TF homology	ZMO0806
ZM4	814493	814494	ZMO0940	3038.7	814346	814347	TSS_1818	-	-147	ZMO0940 (MarR)	TF homology	ZMO0807
ZM4	824582	824583	ZMO0940	847.099	824565	824566	TSS_1866	+	17	ZMO0940 (MarR)	TF homology	ZMO0821
ZM4	825179	825180	ZMO0940	1050.88	825345	825346	TSS_1867	+	-166	ZMO0940 (MarR)	TF homology	ZMO0822
ZM4	826805	826806	ZMO0940	210.065	826778	826779	TSS_1868	+	27	ZMO0940 (MarR)	TF homology	ZMO0823
ZM4	831937	831938	ZMO0940	57.3105	831738	831739	TSS_1873	+	199	ZMO0940 (MarR)	TF homology	ZMO0827
ZM4	845402	845403	ZMO0940	37.0819	845509	845510	TSS_1896	+	-107	ZMO0940 (MarR)	TF homology	ZMO0840
ZM4	858225	858226	ZMO0940	543.202	858191	858192	TSS_1917	+	34	ZMO0940 (MarR)	TF homology	ZMO0847
ZM4	862319	862320	ZMO0940	72.6703	862488	862489	TSS_1919	+	-169	ZMO0940 (MarR)	TF homology	ZMO0850
ZM4	862675	862676	ZMO0940	17.9265	862764	862765	TSS_1922	+	-89	ZMO0940 (MarR)	TF homology	ZMO0850
ZM4	862867	862868	ZMO0940	35.9918	862766	862767	TSS_1923	+	101	ZMO0940 (MarR)	TF homology	ZMO0850
ZM4	871134	871135	ZMO0940	24.2511	871328	871329	TSS_1939	+	-194	ZMO0940 (MarR)	TF homology	Zms16
ZM4	871520	871521	ZMO0940	1136.64	871576	871577	TSS_1946	+	-56	ZMO0940 (MarR)	TF homology	ZMO0861
ZM4	875197	875198	ZMO0940	16.0719	875072	875073	TSS_1953	+	125	ZMO0940 (MarR)	TF homology	ZMO0865
ZM4	876366	876367	ZMO0940	10827.3	876426	876427	TSS_1956	+	-60	ZMO0940 (MarR)	TF homology	ZMO0866
ZM4	876858	876859	ZMO0940	155.165	876775	876776	TSS_1957	+	83	ZMO0940 (MarR)	TF homology	ZMO0866
ZM4	877897	877898	ZMO0940	27.3148	877979	877980	TSS_1958	+	-82	ZMO0940 (MarR)	TF homology	ZMO0867
ZM4	885254	885255	ZMO0940	459.324	885260	885261	TSS_1965	+	-6	ZMO0940 (MarR)	TF homology	ZMO0873
ZM4	888250	888251	ZMO0940	563.851	888204	888205	TSS_1972	-	-46	ZMO0940 (MarR)	TF homology	ZMO0875
ZM4	892889	892890	ZMO0940	50.5234	892798	892799	TSS_1989	-	-91	ZMO0940 (MarR)	TF homology	ZMO0880
ZM4	894380	894381	ZMO0940	589.076	894384	894385	TSS_1991	-	4	ZMO0940 (MarR)	TF homology	ZMO0882
ZM4	895658	895659	ZMO0940	891.057	895606	895607	TSS_1998	-	-52	ZMO0940 (MarR)	TF homology	ZMO0884
ZM4	899167	899168	ZMO0940	841.373	899111	899112	TSS_2003	-	-56	ZMO0940 (MarR)	TF homology	ZMO0889
ZM4	932586	932587	ZMO0940	64.7559	932566	932567	TSS_2068	+	20	ZMO0940 (MarR)	TF homology	ZMO0915
ZM4	935207	935208	ZMO0940	115.497	935263	935264	TSS_2073	+	-56	ZMO0940 (MarR)	TF homology	ZMO0917
ZM4	937101	937102	ZMO0940	140.261	937176	937177	TSS_2079	+	-75	ZMO0940 (MarR)	TF homology	ZMO0918
ZM4	938807	938808	ZMO0940	655.516	938778	938779	TSS_2085	+	29	ZMO0940 (MarR)	TF homology	ZMO0919
ZM4	951197	951198	ZMO0940	35.3736	951136	951137	TSS_2105	-	-61	ZMO0940 (MarR)	TF homology	ZMO0927
ZM4	957583	957584	ZMO0940	8002.13	957435	957436	TSS_2111	-	-148	ZMO0940 (MarR)	TF homology	ZMO0937
ZM4	965712	965713	ZMO0940	89.5982	965587	965588	TSS_2132	+	125	ZMO0940 (MarR)	TF homology	ZMO0946
ZM4	968154	968155	ZMO0940	322.439	968192	968193	TSS_2139	+	-38	ZMO0940 (MarR)	TF homology	ZMO0948
ZM4	972288	972289	ZMO0940	1268.45	972262	972263	TSS_2153	-	-26	ZMO0940 (MarR)	TF homology	ZMO0952
ZM4	978050	978051	ZMO0940	7.33176	977944	977945	TSS_2160	+	106	ZMO0940 (MarR)	TF homology	ZMO0961
ZM4	980185	980186	ZMO0940	1721.05	980120	980121	TSS_2162	+	65	ZMO0940 (MarR)	TF homology	ZMO0964
ZM4	984876	984877	ZMO0940	548.857	984710	984711	TSS_2178	+	166	ZMO0940 (MarR)	TF homology	ZMO0967
ZM4	1008322	1008323	ZMO0940	79.398	1008319	1008320	TSS_2205	-	-3	ZMO0940 (MarR)	TF homology	ZMO0986
ZM4	1010348	1010349	ZMO0940	103.025	1010381	1010382	TSS_2224	-	33	ZMO0940 (MarR)	TF homology	ZMO0989
ZM4	1012398	1012399	ZMO0940	28.9533	1012360	1012361	TSS_2228	-	-38	ZMO0940 (MarR)	TF homology	ZMO0992
ZM4	1015650	1015651	ZMO0940	48.6406	1015590	1015591	TSS_2246	+	60	ZMO0940 (MarR)	TF homology	ZMO0998
ZM4	1041119	1041120	ZMO0940	206.628	1041285	1041286	TSS_2309	+	-166	ZMO0940 (MarR)	TF homology	ZMO1023
ZM4	1042698	1042699	ZMO0940	140.261	1042612	1042613	TSS_2312	+	86	ZMO0940 (MarR)	TF homology	ZMO1025
ZM4	1047195	1047196	ZMO0940	2.03789	1047209	1047210	TSS_2319	+	-14	ZMO0940 (MarR)	TF homology	ZMO1032
ZM4	1055183	1055184	ZMO0940	15.5431	1055163	1055164	TSS_2348	+	20	ZMO0940 (MarR)	TF homology	ZMO1040
ZM4	1061251	1061252	ZMO0940	395.646	1061294	1061295	TSS_2358	+	-43	ZMO0940 (MarR)	TF homology	ZMO1044
ZM4	1071497	1071498	ZMO0940	192.563	1071475	1071476	TSS_2379	+	22	ZMO0940 (MarR)	TF homology	ZMO1055
ZM4	1083370	1083371	ZMO0940	57.8069	1083368	1083369	TSS_2419	-	-2	ZMO0940 (MarR)	TF homology	ZMO1070
ZM4	1094525	1094526	ZMO0940	239.156	1094581	1094582	TSS_2437	+	-56	ZMO0940 (MarR)	TF homology	ZMO1085
ZM4	1098781	1098782	ZMO0940	331.943	1098806	1098807	TSS_2440	+	-25	ZMO0940 (MarR)	TF homology	ZMO1086
ZM4	1119382	1119383	ZMO0940	326.749	1119183	1119184	TSS_2458	-	-199	ZMO0940 (MarR)	TF homology	ZMO1100
ZM4	1119908	1119909	ZMO0940	50.0502	1119792	1119793	TSS_2459	-	-116	ZMO0940 (MarR)	TF homology	ZMO1101
ZM4	1127170	1127171	ZMO0940	123.224	1127127	1127128	TSS_2486	-	-43	ZMO0940 (MarR)	TF homology	ZMO1109
ZM4	1130912	1130913	ZMO0940	113.07	1130795	1130796	TSS_2501	+	117	ZMO0940 (MarR)	TF homology	ZMO1114
ZM4	1132809	1132810	ZMO0940	37330.1	1132916	1132917	TSS_2506	+	-107	ZMO0940 (MarR)	TF homology	ZMO1116
ZM4	1139145	1139146	ZMO0940	64.8012	1139181	1139182	TSS_2512	+	-36	ZMO0940 (MarR)	TF homology	ZMO1118
ZM4	1140721	1140722	ZMO0940	58.599	1140919	1140920	TSS_2513	-	198	ZMO0940 (MarR)	TF homology	ZMO1121
ZM4	1163290	1163291	ZMO0940	499.513	1163348	1163349	TSS_2573	-	58	ZMO0940 (MarR)	TF homology	ZMO1142
ZM4	1169941	1169942	ZMO0940	69.6269	1169859	1169860	TSS_2589	-	-82	ZMO0940 (MarR)	TF homology	ZMO1148
ZM4	1176656	1176657	ZMO0940	292.53	1176582	1176583	TSS_2618	+	74	ZMO0940 (MarR)	TF homology	ZMO2060
ZM4	1179558	1179559	ZMO0940	121.99	1179567	1179568	TSS_2624	+	-9	ZMO0940 (MarR)	TF homology	ZMO1162
ZM4	1189137	1189138	ZMO0940	25.179	1189129	1189130	TSS_2641	+	8	ZMO0940 (MarR)	TF homology	ZMO1172
ZM4	1194833	1194834	ZMO0940	737.684	1194887	1194888	TSS_2649	-	54	ZMO0940 (MarR)	TF homology	ZMO1173
ZM4	1198790	1198791	ZMO0940	8.41262	1198920	1198921	TSS_2655	-	130	ZMO0940 (MarR)	TF homology	ZMO1176
ZM4	1199502	1199503	ZMO0940	287.721	1199496	1199497	TSS_2659	-	-6	ZMO0940 (MarR)	TF homology	ZMO1178
ZM4	1202393	1202394	ZMO0940	225.561	1202368	1202369	TSS_2665	-	-25	ZMO0940 (MarR)	TF homology	ZMO1180
ZM4	1208190	1208191	ZMO0940	214.727	1208156	1208157	TSS_2678	-	-34	ZMO0940 (MarR)	TF homology	ZMO1184
ZM4	1226924	1226925	ZMO0940	46.8117	1226918	1226919	TSS_2697	+	6	ZMO0940 (MarR)	TF homology	ZMO1200
ZM4	1230911	1230912	ZMO0940	1647.7	1230974	1230975	TSS_2704	-	63	ZMO0940 (MarR)	TF homology	ZMO1205
ZM4	1236239	1236240	ZMO0940	70.7061	1236263	1236264	TSS_2716	-	24	ZMO0940 (MarR)	TF homology	ZMO1209
ZM4	1242113	1242114	ZMO0940	1332.23	1242123	1242124	TSS_2746	+	-10	ZMO0940 (MarR)	TF homology	ZMO1215
ZM4	1245247	1245248	ZMO0940	95.778	1245168	1245169	TSS_2763	+	79	ZMO0940 (MarR)	TF homology	Zms14
ZM4	1248120	1248121	ZMO0940	2785.9	1248120	1248121	TSS_2769	-	0	ZMO0940 (MarR)	TF homology	ZMO1220
ZM4	1250542	1250543	ZMO0940	635.202	1250594	1250595	TSS_2779	+	-52	ZMO0940 (MarR)	TF homology	ZMO1225
ZM4	1260933	1260934	ZMO0940	556.84	1260890	1260891	TSS_2807	-	-43	ZMO0940 (MarR)	TF homology	ZMO1234
ZM4	1264583	1264584	ZMO0940	4703.02	1264569	1264570	TSS_2830	-	-14	ZMO0940 (MarR)	TF homology	ZMO1237
ZM4	1278762	1278763	ZMO0940	1350.88	1278786	1278787	TSS_2859	+	-24	ZMO0940 (MarR)	TF homology	ZMO1261
ZM4	1286424	1286425	ZMO0940	2662.51	1286430	1286431	TSS_2868	+	-6	ZMO0940 (MarR)	TF homology	ZMO2012
ZM4	1302596	1302597	ZMO0940	607.309	1302461	1302462	TSS_2908	-	-135	ZMO0940 (MarR)	TF homology	ZMO1286
ZM4	1307745	1307746	ZMO0940	8843.52	1307713	1307714	TSS_2933	-	-32	ZMO0940 (MarR)	TF homology	ZMO1291
ZM4	1308133	1308134	ZMO0940	1268.71	1308264	1308265	TSS_2934	+	-131	ZMO0940 (MarR)	TF homology	ZMO1294
ZM4	1312976	1312977	ZMO0940	68.2721	1312976	1312977	TSS_2941	+	0	ZMO0940 (MarR)	TF homology	ZMO1298
ZM4	1315298	1315299	ZMO0940	1074.42	1315308	1315309	TSS_2945	+	-10	ZMO0940 (MarR)	TF homology	ZMO2016
ZM4	1316003	1316004	ZMO0940	6.07233	1316003	1316004	TSS_2951	+	0	ZMO0940 (MarR)	TF homology	ZMO2017
ZM4	1331699	1331700	ZMO0940	82.7514	1331692	1331693	TSS_2980	+	7	ZMO0940 (MarR)	TF homology	ZMO1313
ZM4	1334522	1334523	ZMO0940	39.2857	1334504	1334505	TSS_2982	-	-18	ZMO0940 (MarR)	TF homology	ZMO1315
ZM4	1335840	1335841	ZMO0940	69.9537	1335874	1335875	TSS_2983	-	34	ZMO0940 (MarR)	TF homology	ZMO1316
ZM4	1341875	1341876	ZMO0940	82.4181	1341676	1341677	TSS_2995	+	199	ZMO0940 (MarR)	TF homology	ZMO1322
ZM4	1352674	1352675	ZMO0940	9989.48	1352574	1352575	TSS_3025	+	100	ZMO0940 (MarR)	TF homology	ZMO1335
ZM4	1353293	1353294	ZMO0940	441.38	1353460	1353461	TSS_3027	-	167	ZMO0940 (MarR)	TF homology	Zms4
ZM4	1358820	1358821	ZMO0940	57.256	1358762	1358763	TSS_3046	+	58	ZMO0940 (MarR)	TF homology	ZMO1344
ZM4	1363168	1363169	ZMO0940	12.7545	1362997	1362998	TSS_3050	-	-171	ZMO0940 (MarR)	TF homology	ZMO1345
ZM4	1363765	1363766	ZMO0940	130.989	1363959	1363960	TSS_3053	-	194	ZMO0940 (MarR)	TF homology	ZMO1346
ZM4	1368684	1368685	ZMO0940	100.807	1368730	1368731	TSS_3070	-	46	ZMO0940 (MarR)	TF homology	ZMO1352
ZM4	1377712	1377713	ZMO0940	229.901	1377709	1377710	TSS_3118	-	-3	ZMO0940 (MarR)	TF homology	ZMO1360
ZM4	1383201	1383202	ZMO0940	4163.79	1383305	1383306	TSS_3129	+	-104	ZMO0940 (MarR)	TF homology	ZMO1366
ZM4	1395410	1395411	ZMO0940	4739.44	1395415	1395416	TSS_3155	-	5	ZMO0940 (MarR)	TF homology	ZMO1380
ZM4	1399185	1399186	ZMO0940	272.127	1399254	1399255	TSS_3158	+	-69	ZMO0940 (MarR)	TF homology	ZMO1385
ZM4	1413434	1413435	ZMO0940	4266.93	1413590	1413591	TSS_3177	+	-156	ZMO0940 (MarR)	TF homology	ZMO1399
ZM4	1420851	1420852	ZMO0940	191.698	1420890	1420891	TSS_3191	-	39	ZMO0940 (MarR)	TF homology	ZMO1406
ZM4	1429532	1429533	ZMO0940	53.428	1429455	1429456	TSS_3228	-	-77	ZMO0940 (MarR)	TF homology	ZMO1415
ZM4	1451143	1451144	ZMO0940	933.464	1451208	1451209	TSS_3251	-	65	ZMO0940 (MarR)	TF homology	ZMO1432
ZM4	1459629	1459630	ZMO0940	9.22589	1459607	1459608	TSS_3260	-	-22	ZMO0940 (MarR)	TF homology	ZMO1440
ZM4	1459787	1459788	ZMO0940	22.8605	1459881	1459882	TSS_3261	+	-94	ZMO0940 (MarR)	TF homology	ZMO1441
ZM4	1462070	1462071	ZMO0940	3806	1462045	1462046	TSS_3264	-	-25	ZMO0940 (MarR)	TF homology	ZMO1442
ZM4	1466919	1466920	ZMO0940	279.428	1466925	1466926	TSS_3269	-	6	ZMO0940 (MarR)	TF homology	ZMO1446
ZM4	1467175	1467176	ZMO0940	174.965	1467079	1467080	TSS_3270	+	96	ZMO0940 (MarR)	TF homology	ZMO1447
ZM4	1480827	1480828	ZMO0940	2.48716	1480998	1480999	TSS_3279	-	171	ZMO0940 (MarR)	TF homology	ZMO1459
ZM4	1480976	1480977	ZMO0940	7.59148	1480998	1480999	TSS_3279	-	22	ZMO0940 (MarR)	TF homology	ZMO1459
ZM4	1486472	1486473	ZMO0940	225.296	1486365	1486366	TSS_3285	-	-107	ZMO0940 (MarR)	TF homology	ZMO1464
ZM4	1492547	1492548	ZMO0940	203.63	1492604	1492605	TSS_3294	-	57	ZMO0940 (MarR)	TF homology	ZMO1468
ZM4	1495867	1495868	ZMO0940	240.916	1495871	1495872	TSS_3298	+	-4	ZMO0940 (MarR)	TF homology	ZMO1473
ZM4	1499977	1499978	ZMO0940	1402.2	1500148	1500149	TSS_3302	+	-171	ZMO0940 (MarR)	TF homology	ZMO1476
ZM4	1505465	1505466	ZMO0940	118.323	1505529	1505530	TSS_3319	-	64	ZMO0940 (MarR)	TF homology	ZMO1481
ZM4	1505725	1505726	ZMO0940	540.488	1505529	1505530	TSS_3319	-	-196	ZMO0940 (MarR)	TF homology	ZMO1481
ZM4	1517081	1517082	ZMO0940	969.524	1517065	1517066	TSS_3342	+	16	ZMO0940 (MarR)	TF homology	ZMO1490
ZM4	1522469	1522470	ZMO0940	281.852	1522536	1522537	TSS_3381	+	-67	ZMO0940 (MarR)	TF homology	ZMO1496
ZM4	1527197	1527198	ZMO0940	22.3701	1527173	1527174	TSS_3393	-	-24	ZMO0940 (MarR)	TF homology	ZMO1497
ZM4	1531733	1531734	ZMO0940	2229.38	1531682	1531683	TSS_3397	+	51	ZMO0940 (MarR)	TF homology	ZMO1506
ZM4	1543353	1543354	ZMO0940	796.256	1543379	1543380	TSS_3415	-	26	ZMO0940 (MarR)	TF homology	ZMO2020
ZM4	1546366	1546367	ZMO0940	166.782	1546229	1546230	TSS_3435	-	-137	ZMO0940 (MarR)	TF homology	ZMO1520
ZM4	1547126	1547127	ZMO0940	43.7986	1547277	1547278	TSS_3436	+	-151	ZMO0940 (MarR)	TF homology	ZMO1522
ZM4	1550654	1550655	ZMO0940	1171.43	1550719	1550720	TSS_3456	+	-65	ZMO0940 (MarR)	TF homology	ZMO1524
ZM4	1573866	1573867	ZMO0940	37.8042	1573897	1573898	TSS_3495	+	-31	ZMO0940 (MarR)	TF homology	ZMO1540
ZM4	1587709	1587710	ZMO0940	43.311	1587839	1587840	TSS_3521	+	-130	ZMO0940 (MarR)	TF homology	ZMO1554
ZM4	1588877	1588878	ZMO0940	52.2146	1588942	1588943	TSS_3522	+	-65	ZMO0940 (MarR)	TF homology	ZMO1556
ZM4	1590508	1590509	ZMO0940	54.4181	1590449	1590450	TSS_3523	+	59	ZMO0940 (MarR)	TF homology	ZMO1557
ZM4	1604571	1604572	ZMO0940	248.667	1604521	1604522	TSS_3543	-	-50	ZMO0940 (MarR)	TF homology	ZMO1570
ZM4	1604952	1604953	ZMO0940	71.5813	1605086	1605087	TSS_3544	+	-134	ZMO0940 (MarR)	TF homology	ZMO1571
ZM4	1648651	1648652	ZMO0940	159.938	1648656	1648657	TSS_3598	-	5	ZMO0940 (MarR)	TF homology	ZMO1604
ZM4	1654993	1654994	ZMO0940	846.356	1655015	1655016	TSS_3630	+	-22	ZMO0940 (MarR)	TF homology	ZMO1612
ZM4	1669153	1669154	ZMO0940	39.7013	1669286	1669287	TSS_3662	+	-133	ZMO0940 (MarR)	TF homology	Zms15
ZM4	1677088	1677089	ZMO0940	137.391	1676955	1676956	TSS_3668	-	-133	ZMO0940 (MarR)	TF homology	ZMO1631
ZM4	1681917	1681918	ZMO0940	466.961	1681866	1681867	TSS_3678	-	-51	ZMO0940 (MarR)	TF homology	ZMO1636
ZM4	1705379	1705380	ZMO0940	2501.03	1705407	1705408	TSS_3734	+	-28	ZMO0940 (MarR)	TF homology	ZMO1656
ZM4	1708219	1708220	ZMO0940	3376.6	1708308	1708309	TSS_3740	+	-89	ZMO0940 (MarR)	TF homology	ZMO1659
ZM4	1715183	1715184	ZMO0940	1.43221	1715213	1715214	TSS_3747	+	-30	ZMO0940 (MarR)	TF homology	ZMO1667
ZM4	1715381	1715382	ZMO0940	7.58104	1715213	1715214	TSS_3747	+	168	ZMO0940 (MarR)	TF homology	ZMO1667
ZM4	1725618	1725619	ZMO0940	87.2954	1725645	1725646	TSS_3765	-	27	ZMO0940 (MarR)	TF homology	ZMO1679
ZM4	1726671	1726672	ZMO0940	2113.14	1726705	1726706	TSS_3767	+	-34	ZMO0940 (MarR)	TF homology	ZMO1681
ZM4	1730323	1730324	ZMO0940	370.573	1730155	1730156	TSS_3769	+	168	ZMO0940 (MarR)	TF homology	ZMO1683
ZM4	1734615	1734616	ZMO0940	150.977	1734703	1734704	TSS_3772	+	-88	ZMO0940 (MarR)	TF homology	ZMO1686
ZM4	1755537	1755538	ZMO0940	7.4199	1755522	1755523	TSS_3815	+	15	ZMO0940 (MarR)	TF homology	ZMO1703
ZM4	1755704	1755705	ZMO0940	93.8338	1755577	1755578	TSS_3816	+	127	ZMO0940 (MarR)	TF homology	ZMO1703
ZM4	1761153	1761154	ZMO0940	43.146	1761090	1761091	TSS_3831	+	63	ZMO0940 (MarR)	TF homology	ZMO1711
ZM4	1763784	1763785	ZMO0940	48.2172	1763800	1763801	TSS_3839	-	16	ZMO0940 (MarR)	TF homology	ZMO1713
ZM4	1767011	1767012	ZMO0940	272.978	1766945	1766946	TSS_3864	+	66	ZMO0940 (MarR)	TF homology	ZMO1718
ZM4	1776846	1776847	ZMO0940	31.2633	1776972	1776973	TSS_3891	-	126	ZMO0940 (MarR)	TF homology	ZMO1728
ZM4	1777095	1777096	ZMO0940	57.3807	1776972	1776973	TSS_3891	-	-123	ZMO0940 (MarR)	TF homology	ZMO1728
ZM4	1779126	1779127	ZMO0940	25.3974	1779117	1779118	TSS_3896	-	-9	ZMO0940 (MarR)	TF homology	ZMO1732
ZM4	1780327	1780328	ZMO0940	2862.89	1780429	1780430	TSS_3907	+	-102	ZMO0940 (MarR)	TF homology	ZMO1734
ZM4	1794317	1794318	ZMO0940	50.95	1794364	1794365	TSS_3925	+	-47	ZMO0940 (MarR)	TF homology	ZMO1749
ZM4	1796742	1796743	ZMO0940	8.88813	1796927	1796928	TSS_3931	+	-185	ZMO0940 (MarR)	TF homology	ZMO1751
ZM4	1798062	1798063	ZMO0940	356.47	1798073	1798074	TSS_3960	+	-11	ZMO0940 (MarR)	TF homology	ZMO1753
ZM4	1800669	1800670	ZMO0940	133.251	1800736	1800737	TSS_3964	-	67	ZMO0940 (MarR)	TF homology	ZMO1754
ZM4	1811351	1811352	ZMO0940	29.8832	1811258	1811259	TSS_3980	-	-93	ZMO0940 (MarR)	TF homology	ZMO1764
ZM4	1816452	1816453	ZMO0940	14172.2	1816476	1816477	TSS_3989	-	24	ZMO0940 (MarR)	TF homology	ZMO1770
ZM4	1821148	1821149	ZMO0940	39.2691	1821000	1821001	TSS_3999	+	148	ZMO0940 (MarR)	TF homology	ZMO1776
ZM4	1827449	1827450	ZMO0940	1724.55	1827380	1827381	TSS_4024	-	-69	ZMO0940 (MarR)	TF homology	ZMO1780
ZM4	1842530	1842531	ZMO0940	41.2433	1842683	1842684	TSS_4069	+	-153	ZMO0940 (MarR)	TF homology	ZMO1798
ZM4	1845945	1845946	ZMO0940	13470.8	1845879	1845880	TSS_4080	+	66	ZMO0940 (MarR)	TF homology	ZMO1801
ZM4	1849919	1849920	ZMO0940	334.787	1849748	1849749	TSS_4086	-	-171	ZMO0940 (MarR)	TF homology	ZMO1806
ZM4	1885067	1885068	ZMO0940	371.826	1884937	1884938	TSS_4122	-	-130	ZMO0940 (MarR)	TF homology	ZMO1842
ZM4	1890193	1890194	ZMO0940	203.783	1890387	1890388	TSS_4135	+	-194	ZMO0940 (MarR)	TF homology	ZMO1849
ZM4	1890398	1890399	ZMO0940	132.471	1890387	1890388	TSS_4135	+	11	ZMO0940 (MarR)	TF homology	ZMO1849
ZM4	1893352	1893353	ZMO0940	1763.36	1893193	1893194	TSS_4139	-	-159	ZMO0940 (MarR)	TF homology	ZMO1850
ZM4	1908846	1908847	ZMO0940	34.4999	1908781	1908782	TSS_4144	-	-65	ZMO0940 (MarR)	TF homology	ZMO1860
ZM4	1922765	1922766	ZMO0940	105.172	1922694	1922695	TSS_4160	-	-71	ZMO0940 (MarR)	TF homology	ZMO1867
ZM4	1927187	1927188	ZMO0940	115.467	1927204	1927205	TSS_4174	-	17	ZMO0940 (MarR)	TF homology	ZMO1873
ZM4	1928124	1928125	ZMO0940	1599.18	1928140	1928141	TSS_4184	+	-16	ZMO0940 (MarR)	TF homology	ZMO1876
ZM4	1934713	1934714	ZMO0940	60.2632	1934616	1934617	TSS_4217	+	97	ZMO0940 (MarR)	TF homology	ZMO1882
ZM4	1939247	1939248	ZMO0940	933.875	1939167	1939168	TSS_4219	-	-80	ZMO0940 (MarR)	TF homology	ZMO1885
ZM4	1953098	1953099	ZMO0940	6.22202	1953176	1953177	TSS_4249	-	78	ZMO0940 (MarR)	TF homology	ZMO2031
ZM4	1953257	1953258	ZMO0940	165.803	1953179	1953180	TSS_4251	-	-78	ZMO0940 (MarR)	TF homology	ZMO2031
ZM4	1973040	1973041	ZMO0940	5648.06	1973040	1973041	TSS_4317	+	0	ZMO0940 (MarR)	TF homology	ZMO1920
ZM4	2036549	2036550	ZMO0940	208.378	2036639	2036640	TSS_4412	+	-90	ZMO0940 (MarR)	TF homology	ZMO1974
ZM4	2053632	2053633	ZMO0940	531.901	2053613	2053614	TSS_4423	+	19	ZMO0940 (MarR)	TF homology	ZMO1993
pZM32	11489	11490	ZMO0940	1.60417	11401	11402	TSS_4446	-	-88	ZMO0940 (MarR)	TF homology	ZMOp32x009
pZM33	4765	4766	ZMO0940	39.1902	4574	4575	TSS_4504	-	-191	ZMO0940 (MarR)	TF homology	ZMOp33x008
pZM33	10288	10289	ZMO0940	1400.22	10339	10340	TSS_4510	+	-51	ZMO0940 (MarR)	TF homology	ZMOp33x014
pZM33	13466	13467	ZMO0940	15.4612	13446	13447	TSS_4522	+	20	ZMO0940 (MarR)	TF homology	ZMOp33x018
pZM33	24654	24655	ZMO0940	761.361	24849	24850	TSS_4556	-	195	ZMO0940 (MarR)	TF homology	ZMOp33x027
pZM33	27753	27754	ZMO0940	42.2576	27771	27772	TSS_4562	+	-18	ZMO0940 (MarR)	TF homology	ZMOp33x031
pZM33	29102	29103	ZMO0940	339.778	29066	29067	TSS_4568	+	36	ZMO0940 (MarR)	TF homology	ZMOp33x033
pZM33	30482	30483	ZMO0940	354.716	30621	30622	TSS_4572	-	139	ZMO0940 (MarR)	TF homology	ZMOp33x035
pZM39	21267	21268	ZMO0940	784.216	21422	21423	TSS_4624	+	-155	ZMO0940 (MarR)	TF homology	ZMOp39x020
pZM39	24634	24635	ZMO0940	840.423	24671	24672	TSS_4629	-	37	ZMO0940 (MarR)	TF homology	ZMOp39x026
pZM39	34329	34330	ZMO0940	354.716	34261	34262	TSS_4644	-	-68	ZMO0940 (MarR)	TF homology	ZMOp39x030
ZM4	18486	18487	ZMO1061	55.4588	18633	18634	TSS_0023	+	-147	ZMO1061 (Fis-σ54)	TF homology	ZMO0017
ZM4	66921	66922	ZMO1061	108.754	67080	67081	TSS_0090	-	159	ZMO1061 (Fis-σ54)	TF homology	ZMO0075
ZM4	71515	71516	ZMO1061	251.831	71485	71486	TSS_0095	-	-30	ZMO1061 (Fis-σ54)	TF homology	ZMO0081
ZM4	130552	130553	ZMO1061	5887.91	130628	130629	TSS_0195	+	-76	ZMO1061 (Fis-σ54)	TF homology	ZMO0142
ZM4	145774	145775	ZMO1061	1388.74	145844	145845	TSS_0236	+	-70	ZMO1061 (Fis-σ54)	TF homology	ZMO0160
ZM4	232514	232515	ZMO1061	47.0678	232569	232570	TSS_0453	-	55	ZMO1061 (Fis-σ54)	TF homology	ZMO0234
ZM4	243505	243506	ZMO1061	62.0885	243473	243474	TSS_0494	+	32	ZMO1061 (Fis-σ54)	TF homology	ZMO0249
ZM4	266490	266491	ZMO1061	29.7402	266314	266315	TSS_0529	-	-176	ZMO1061 (Fis-σ54)	TF homology	ZMO0263
ZM4	320338	320339	ZMO1061	13.0453	320224	320225	TSS_0623	+	114	ZMO1061 (Fis-σ54)	TF homology	ZMO0321
ZM4	332223	332224	ZMO1061	61.8448	332345	332346	TSS_0644	-	122	ZMO1061 (Fis-σ54)	TF homology	ZMO0332
ZM4	465006	465007	ZMO1061	790.495	465014	465015	TSS_0947	-	8	ZMO1061 (Fis-σ54)	TF homology	ZMO0469
ZM4	479008	479009	ZMO1061	1547.54	479088	479089	TSS_0973	+	-80	ZMO1061 (Fis-σ54)	TF homology	ZMO0485
ZM4	543339	543340	ZMO1061	203.441	543526	543527	TSS_1287	-	187	ZMO1061 (Fis-σ54)	TF homology	ZMO2050
ZM4	596752	596753	ZMO1061	199.263	596812	596813	TSS_1396	-	60	ZMO1061 (Fis-σ54)	TF homology	ZMO0594
ZM4	619057	619058	ZMO1061	3009.9	619099	619100	TSS_1442	+	-42	ZMO1061 (Fis-σ54)	TF homology	ZMO0624
ZM4	625833	625834	ZMO1061	51.8681	625894	625895	TSS_1454	+	-61	ZMO1061 (Fis-σ54)	TF homology	ZMO0631
ZM4	635047	635048	ZMO1061	10.5248	635196	635197	TSS_1465	+	-149	ZMO1061 (Fis-σ54)	TF homology	ZMO0642
ZM4	693705	693706	ZMO1061	14.1595	693748	693749	TSS_1591	-	43	ZMO1061 (Fis-σ54)	TF homology	ZMO0694
ZM4	816657	816658	ZMO1061	289.519	816731	816732	TSS_1820	+	-74	ZMO1061 (Fis-σ54)	TF homology	ZMO0812
ZM4	843834	843835	ZMO1061	7.46789	843877	843878	TSS_1890	+	-43	ZMO1061 (Fis-σ54)	TF homology	ZMO0837
ZM4	1013653	1013654	ZMO1061	9.22397	1013576	1013577	TSS_2239	-	-77	ZMO1061 (Fis-σ54)	TF homology	ZMO0994
ZM4	1077906	1077907	ZMO1061	53633.4	1078025	1078026	TSS_2390	+	-119	ZMO1061 (Fis-σ54)	TF homology	ZMO1062
ZM4	1124726	1124727	ZMO1061	315.646	1124737	1124738	TSS_2466	+	-11	ZMO1061 (Fis-σ54)	TF homology	ZMO1107
ZM4	1177057	1177058	ZMO1061	3405.56	1176964	1176965	TSS_2620	+	93	ZMO1061 (Fis-σ54)	TF homology	ZMO1158
ZM4	1198868	1198869	ZMO1061	67.572	1198920	1198921	TSS_2655	-	52	ZMO1061 (Fis-σ54)	TF homology	ZMO1176
ZM4	1203794	1203795	ZMO1061	460.84	1203670	1203671	TSS_2667	-	-124	ZMO1061 (Fis-σ54)	TF homology	ZMO1181
ZM4	1253175	1253176	ZMO1061	30.6569	1253138	1253139	TSS_2793	-	-37	ZMO1061 (Fis-σ54)	TF homology	ZMO1228
ZM4	1305837	1305838	ZMO1061	13.6144	1305837	1305838	TSS_2930	-	0	ZMO1061 (Fis-σ54)	TF homology	ZMO1289
ZM4	1312945	1312946	ZMO1061	18573.1	1312976	1312977	TSS_2941	+	-31	ZMO1061 (Fis-σ54)	TF homology	ZMO1298
ZM4	1364977	1364978	ZMO1061	33.6988	1365071	1365072	TSS_3059	-	94	ZMO1061 (Fis-σ54)	TF homology	ZMO1347
ZM4	1409088	1409089	ZMO1061	86.0391	1409050	1409051	TSS_3171	-	-38	ZMO1061 (Fis-σ54)	TF homology	ZMO1392
ZM4	1427150	1427151	ZMO1061	126.879	1427047	1427048	TSS_3220	-	-103	ZMO1061 (Fis-σ54)	TF homology	ZMO1411
ZM4	1492632	1492633	ZMO1061	969.322	1492604	1492605	TSS_3294	-	-28	ZMO1061 (Fis-σ54)	TF homology	ZMO1468
ZM4	1496086	1496087	ZMO1061	35.0755	1495948	1495949	TSS_3299	-	-138	ZMO1061 (Fis-σ54)	TF homology	ZMO1471
ZM4	1517197	1517198	ZMO1061	24.6131	1517256	1517257	TSS_3343	+	-59	ZMO1061 (Fis-σ54)	TF homology	ZMO1490
ZM4	1536184	1536185	ZMO1061	14.9074	1536286	1536287	TSS_3408	+	-102	ZMO1061 (Fis-σ54)	TF homology	ZMO1511
ZM4	1653481	1653482	ZMO1061	1935.04	1653433	1653434	TSS_3622	+	48	ZMO1061 (Fis-σ54)	TF homology	ZMO1610
ZM4	1694959	1694960	ZMO1061	80.1096	1694878	1694879	TSS_3703	-	-81	ZMO1061 (Fis-σ54)	TF homology	ZMOt040
ZM4	1704018	1704019	ZMO1061	11.8653	1703841	1703842	TSS_3731	-	-177	ZMO1061 (Fis-σ54)	TF homology	ZMO1653
ZM4	1729804	1729805	ZMO1061	45.9739	1729998	1729999	TSS_3768	+	-194	ZMO1061 (Fis-σ54)	TF homology	ZMO1683
ZM4	1739937	1739938	ZMO1061	7.55623	1739910	1739911	TSS_3780	+	27	ZMO1061 (Fis-σ54)	TF homology	ZMO1690
ZM4	1779052	1779053	ZMO1061	222.147	1778995	1778996	TSS_3895	+	57	ZMO1061 (Fis-σ54)	TF homology	ZMO1733
ZM4	1794199	1794200	ZMO1061	28.5467	1794364	1794365	TSS_3925	+	-165	ZMO1061 (Fis-σ54)	TF homology	ZMO1749
ZM4	1811200	1811201	ZMO1061	2404.29	1811168	1811169	TSS_3979	-	-32	ZMO1061 (Fis-σ54)	TF homology	ZMO1764
ZM4	1882268	1882269	ZMO1061	3443	1882290	1882291	TSS_4110	-	22	ZMO1061 (Fis-σ54)	TF homology	ZMO1838
ZM4	1964444	1964445	ZMO1061	266.499	1964283	1964284	TSS_4292	+	161	ZMO1061 (Fis-σ54)	TF homology	ZMO1912
ZM4	1982254	1982255	ZMO1061	2607.86	1982248	1982249	TSS_4331	-	-6	ZMO1061 (Fis-σ54)	TF homology	ZMO1925
ZM4	2015457	2015458	ZMO1061	5439.04	2015319	2015320	TSS_4388	-	-138	ZMO1061 (Fis-σ54)	TF homology	ZMO1956
ZM4	2056960	2056961	ZMO1061	108.655	2057069	2057070	TSS_4427	-	109	ZMO1061 (Fis-σ54)	TF homology	ZMO1997
pZM33	27839	27840	ZMO1061	131.891	27887	27888	TSS_4565	+	-48	ZMO1061 (Fis-σ54)	TF homology	ZMOp33x031
pZM36	24123	24124	ZMO1061	21.8378	24074	24075	TSS_4600	-	-49	ZMO1061 (Fis-σ54)	TF homology	ZMOp36x032
pZM39	127	128	ZMO1061	1238.05	26	27	TSS_4608	+	101	ZMO1061 (Fis-σ54)	TF homology	ZMOp39x002
ZM4	14522	14523	ZMO1121	69.1798	14514	14515	TSS_0014	-	-8	ZMO1121 (MerR)	TF homology	ZMO0011
ZM4	79667	79668	ZMO1121	59.7239	79619	79620	TSS_0102	-	-48	ZMO1121 (MerR)	TF homology	ZMO0087
ZM4	99743	99744	ZMO1121	9.08089	99831	99832	TSS_0138	+	-88	ZMO1121 (MerR)	TF homology	ZMO0112
ZM4	166774	166775	ZMO1121	23.174	166932	166933	TSS_0325	+	-158	ZMO1121 (MerR)	TF homology	ZMO0179
ZM4	185217	185218	ZMO1121	5.53879	185047	185048	TSS_0381	-	-170	ZMO1121 (MerR)	TF homology	ZMO0192
ZM4	196936	196937	ZMO1121	4.71125	196961	196962	TSS_0399	+	-25	ZMO1121 (MerR)	TF homology	ZMO0202
ZM4	208764	208765	ZMO1121	1.36249	208720	208721	TSS_0417	-	-44	ZMO1121 (MerR)	TF homology	ZMO0213
ZM4	293869	293870	ZMO1121	52.4814	293932	293933	TSS_0579	+	-63	ZMO1121 (MerR)	TF homology	ZMO0287
ZM4	299300	299301	ZMO1121	35.4575	299414	299415	TSS_0587	-	114	ZMO1121 (MerR)	TF homology	ZMO0293
ZM4	318408	318409	ZMO1121	27.4837	318303	318304	TSS_0612	-	-105	ZMO1121 (MerR)	TF homology	ZMO0315
ZM4	363679	363680	ZMO1121	15.4394	363690	363691	TSS_0711	+	-11	ZMO1121 (MerR)	TF homology	ZMO0361
ZM4	434101	434102	ZMO1121	29.7068	433937	433938	TSS_0852	-	-164	ZMO1121 (MerR)	TF homology	ZMO0432
ZM4	440968	440969	ZMO1121	85.6799	440988	440989	TSS_0869	+	-20	ZMO1121 (MerR)	TF homology	ZMO0444
ZM4	460746	460747	ZMO1121	109.2	460742	460743	TSS_0932	+	4	ZMO1121 (MerR)	TF homology	ZMO0467
ZM4	476831	476832	ZMO1121	17.5031	476840	476841	TSS_0970	-	9	ZMO1121 (MerR)	TF homology	ZMO0482
ZM4	535953	535954	ZMO1121	7.53613	536066	536067	TSS_1234	+	-113	ZMO1121 (MerR)	TF homology	ZMO0543
ZM4	573421	573422	ZMO1121	5.5734	573476	573477	TSS_1369	+	-55	ZMO1121 (MerR)	TF homology	ZMO0571
ZM4	603042	603043	ZMO1121	45.5078	603093	603094	TSS_1405	+	-51	ZMO1121 (MerR)	TF homology	ZMO2051
ZM4	619056	619057	ZMO1121	70.9034	619099	619100	TSS_1442	+	-43	ZMO1121 (MerR)	TF homology	ZMO0624
ZM4	644392	644393	ZMO1121	1.32891	644525	644526	TSS_1488	-	133	ZMO1121 (MerR)	TF homology	ZMO0653
ZM4	673736	673737	ZMO1121	6.14286	673600	673601	TSS_1559	-	-136	ZMO1121 (MerR)	TF homology	ZMO0678
ZM4	771558	771559	ZMO1121	123.889	771695	771696	TSS_1787	+	-137	ZMO1121 (MerR)	TF homology	ZMO0776
ZM4	826952	826953	ZMO1121	33.1649	826778	826779	TSS_1868	+	174	ZMO1121 (MerR)	TF homology	ZMO0823
ZM4	862692	862693	ZMO1121	5.57473	862764	862765	TSS_1922	+	-72	ZMO1121 (MerR)	TF homology	ZMO0850
ZM4	876799	876800	ZMO1121	24.3215	876775	876776	TSS_1957	+	24	ZMO1121 (MerR)	TF homology	ZMO0866
ZM4	899148	899149	ZMO1121	1065.76	899111	899112	TSS_2003	-	-37	ZMO1121 (MerR)	TF homology	ZMO0889
ZM4	928149	928150	ZMO1121	71.9525	928347	928348	TSS_2057	+	-198	ZMO1121 (MerR)	TF homology	ZMO0912
ZM4	931459	931460	ZMO1121	12.0062	931469	931470	TSS_2060	-	10	ZMO1121 (MerR)	TF homology	ZMO0913
ZM4	935206	935207	ZMO1121	11.1536	935263	935264	TSS_2073	+	-57	ZMO1121 (MerR)	TF homology	ZMO0917
ZM4	935436	935437	ZMO1121	8.81274	935535	935536	TSS_2074	+	-99	ZMO1121 (MerR)	TF homology	ZMO0917
ZM4	974418	974419	ZMO1121	46.0912	974364	974365	TSS_2157	+	54	ZMO1121 (MerR)	TF homology	ZMO0956
ZM4	992214	992215	ZMO1121	171.333	992235	992236	TSS_2186	+	-21	ZMO1121 (MerR)	TF homology	ZMO0974
ZM4	1013374	1013375	ZMO1121	1040.96	1013306	1013307	TSS_2238	+	68	ZMO1121 (MerR)	TF homology	ZMO0996
ZM4	1055252	1055253	ZMO1121	392.856	1055305	1055306	TSS_2350	+	-53	ZMO1121 (MerR)	TF homology	ZMO1040
ZM4	1067725	1067726	ZMO1121	28.7179	1067834	1067835	TSS_2373	+	-109	ZMO1121 (MerR)	TF homology	ZMO1052
ZM4	1071534	1071535	ZMO1121	10.6916	1071475	1071476	TSS_2379	+	59	ZMO1121 (MerR)	TF homology	ZMO1055
ZM4	1089257	1089258	ZMO1121	68.1317	1089330	1089331	TSS_2433	+	-73	ZMO1121 (MerR)	TF homology	ZMO1080
ZM4	1132798	1132799	ZMO1121	14.6832	1132916	1132917	TSS_2506	+	-118	ZMO1121 (MerR)	TF homology	ZMO1116
ZM4	1156026	1156027	ZMO1121	61.0763	1155873	1155874	TSS_2544	-	-153	ZMO1121 (MerR)	TF homology	ZMO1136
ZM4	1203360	1203361	ZMO1121	8.407	1203316	1203317	TSS_2666	-	-44	ZMO1121 (MerR)	TF homology	ZMO1181
ZM4	1208189	1208190	ZMO1121	1.7767	1208156	1208157	TSS_2678	-	-33	ZMO1121 (MerR)	TF homology	ZMO1184
ZM4	1263001	1263002	ZMO1121	43.6877	1262861	1262862	TSS_2826	-	-140	ZMO1121 (MerR)	TF homology	ZMO1236
ZM4	1278796	1278797	ZMO1121	14.8154	1278786	1278787	TSS_2859	+	10	ZMO1121 (MerR)	TF homology	ZMO1261
ZM4	1296658	1296659	ZMO1121	166.325	1296662	1296663	TSS_2890	-	4	ZMO1121 (MerR)	TF homology	ZMO1278
ZM4	1302784	1302785	ZMO1121	14.3702	1302961	1302962	TSS_2909	-	177	ZMO1121 (MerR)	TF homology	ZMO1286
ZM4	1303983	1303984	ZMO1121	6.49954	1304150	1304151	TSS_2916	+	-167	ZMO1121 (MerR)	TF homology	ZMO1288
ZM4	1307794	1307795	ZMO1121	152.103	1307713	1307714	TSS_2933	-	-81	ZMO1121 (MerR)	TF homology	ZMO1291
ZM4	1311344	1311345	ZMO1121	150.368	1311230	1311231	TSS_2940	-	-114	ZMO1121 (MerR)	TF homology	ZMO2015
ZM4	1313007	1313008	ZMO1121	7.29593	1312979	1312980	TSS_2943	+	28	ZMO1121 (MerR)	TF homology	ZMO1298
ZM4	1327801	1327802	ZMO1121	18.7306	1327727	1327728	TSS_2973	+	74	ZMO1121 (MerR)	TF homology	ZMO1311
ZM4	1425348	1425349	ZMO1121	12.7725	1425415	1425416	TSS_3198	-	67	ZMO1121 (MerR)	TF homology	ZMO1409
ZM4	1437755	1437756	ZMO1121	7.43777	1437737	1437738	TSS_3235	-	-18	ZMO1121 (MerR)	TF homology	ZMO1422
ZM4	1459656	1459657	ZMO1121	12.6896	1459607	1459608	TSS_3260	-	-49	ZMO1121 (MerR)	TF homology	ZMO1440
ZM4	1522295	1522296	ZMO1121	21.1295	1522124	1522125	TSS_3380	-	-171	ZMO1121 (MerR)	TF homology	ZMO1495
ZM4	1547128	1547129	ZMO1121	22.4416	1547277	1547278	TSS_3436	+	-149	ZMO1121 (MerR)	TF homology	ZMO1522
ZM4	1550570	1550571	ZMO1121	759.716	1550719	1550720	TSS_3456	+	-149	ZMO1121 (MerR)	TF homology	ZMO1524
ZM4	1573834	1573835	ZMO1121	2.63532	1573897	1573898	TSS_3495	+	-63	ZMO1121 (MerR)	TF homology	ZMO1540
ZM4	1677116	1677117	ZMO1121	40.3302	1676955	1676956	TSS_3668	-	-161	ZMO1121 (MerR)	TF homology	ZMO1631
ZM4	1703876	1703877	ZMO1121	20.4084	1703841	1703842	TSS_3731	-	-35	ZMO1121 (MerR)	TF homology	ZMO1653
ZM4	1726654	1726655	ZMO1121	809.021	1726705	1726706	TSS_3767	+	-51	ZMO1121 (MerR)	TF homology	ZMO1681
ZM4	1730126	1730127	ZMO1121	22.3919	1730155	1730156	TSS_3769	+	-29	ZMO1121 (MerR)	TF homology	ZMO1683
ZM4	1731467	1731468	ZMO1121	543.761	1731666	1731667	TSS_3771	+	-199	ZMO1121 (MerR)	TF homology	ZMO1684
ZM4	1765855	1765856	ZMO1121	6.14281	1765873	1765874	TSS_3850	-	18	ZMO1121 (MerR)	TF homology	ZMO1716
ZM4	1780351	1780352	ZMO1121	16.2531	1780429	1780430	TSS_3907	+	-78	ZMO1121 (MerR)	TF homology	ZMO1734
ZM4	1794461	1794462	ZMO1121	133.153	1794468	1794469	TSS_3926	-	7	ZMO1121 (MerR)	TF homology	ZMO1748
ZM4	1796901	1796902	ZMO1121	883.559	1796927	1796928	TSS_3931	+	-26	ZMO1121 (MerR)	TF homology	ZMO1751
ZM4	1797912	1797913	ZMO1121	26.308	1797947	1797948	TSS_3957	+	-35	ZMO1121 (MerR)	TF homology	ZMO1753
ZM4	1798135	1798136	ZMO1121	1.84601	1798084	1798085	TSS_3961	+	51	ZMO1121 (MerR)	TF homology	ZMO1753
ZM4	1800647	1800648	ZMO1121	32.8595	1800736	1800737	TSS_3964	-	89	ZMO1121 (MerR)	TF homology	ZMO1754
ZM4	1801881	1801882	ZMO1121	90.565	1801999	1802000	TSS_3966	+	-118	ZMO1121 (MerR)	TF homology	ZMO1756
ZM4	1821007	1821008	ZMO1121	23.9796	1821000	1821001	TSS_3999	+	7	ZMO1121 (MerR)	TF homology	ZMO1776
ZM4	1845795	1845796	ZMO1121	32.4107	1845856	1845857	TSS_4078	+	-61	ZMO1121 (MerR)	TF homology	ZMO1801
ZM4	1849835	1849836	ZMO1121	5.70731	1849748	1849749	TSS_4086	-	-87	ZMO1121 (MerR)	TF homology	ZMO1806
ZM4	1860625	1860626	ZMO1121	23.9307	1860551	1860552	TSS_4093	-	-74	ZMO1121 (MerR)	TF homology	ZMO1815
ZM4	1890272	1890273	ZMO1121	80.9045	1890387	1890388	TSS_4135	+	-115	ZMO1121 (MerR)	TF homology	ZMO1849
ZM4	1922547	1922548	ZMO1121	15.893	1922589	1922590	TSS_4158	-	42	ZMO1121 (MerR)	TF homology	ZMO1867
ZM4	1934804	1934805	ZMO1121	14.5557	1934616	1934617	TSS_4217	+	188	ZMO1121 (MerR)	TF homology	ZMO1882
ZM4	1939258	1939259	ZMO1121	25.2829	1939167	1939168	TSS_4219	-	-91	ZMO1121 (MerR)	TF homology	ZMO1885
ZM4	1954656	1954657	ZMO1121	130.876	1954553	1954554	TSS_4255	-	-103	ZMO1121 (MerR)	TF homology	ZMO1901
ZM4	1971048	1971049	ZMO1121	14.5616	1971103	1971104	TSS_4309	-	55	ZMO1121 (MerR)	TF homology	ZMO1917
ZM4	1972930	1972931	ZMO1121	33.1571	1973025	1973026	TSS_4311	+	-95	ZMO1121 (MerR)	TF homology	ZMO1920
ZM4	2025830	2025831	ZMO1121	28.9281	2025846	2025847	TSS_4400	-	16	ZMO1121 (MerR)	TF homology	ZMO1963
pZM33	2401	2402	ZMO1121	14.2532	2327	2328	TSS_4498	-	-74	ZMO1121 (MerR)	TF homology	ZMOp33x004
pZM33	2401	2402	ZMO1121	14.2532	2475	2476	TSS_4499	+	-74	ZMO1121 (MerR)	TF homology	ZMOp33x005
pZM33	4756	4757	ZMO1121	10.3826	4574	4575	TSS_4504	-	-182	ZMO1121 (MerR)	TF homology	ZMOp33x008
pZM36	24201	24202	ZMO1121	116.394	24196	24197	TSS_4601	+	5	ZMO1121 (MerR)	TF homology	ZMOp36x033
ZM4	318413	318414	ZMO1124	16.4314	318303	318304	TSS_0612	-	-110	ZMO1124 (Fis-σ54)	TF homology	ZMO0315
ZM4	877892	877893	ZMO1124	58.3249	877979	877980	TSS_1958	+	-87	ZMO1124 (Fis-σ54)	TF homology	ZMO0867
ZM4	34175	34176	ZMO1126	331.007	34171	34172	TSS_0032	+	4	ZMO1126 (Fis)	TF homology	ZMO0030
ZM4	42283	42284	ZMO1126	273.656	42112	42113	TSS_0057	-	-171	ZMO1126 (Fis)	TF homology	ZMO0040
ZM4	57493	57494	ZMO1126	75.5371	57608	57609	TSS_0074	-	115	ZMO1126 (Fis)	TF homology	ZMO0062
ZM4	61323	61324	ZMO1126	2620.98	61521	61522	TSS_0079	+	-198	ZMO1126 (Fis)	TF homology	ZMO0069
ZM4	64879	64880	ZMO1126	658.154	64871	64872	TSS_0082	-	-8	ZMO1126 (Fis)	TF homology	ZMO0072
ZM4	65580	65581	ZMO1126	29.1214	65546	65547	TSS_0087	-	-34	ZMO1126 (Fis)	TF homology	ZMO0073
ZM4	89943	89944	ZMO1126	336.04	89879	89880	TSS_0117	+	64	ZMO1126 (Fis)	TF homology	ZMO0103
ZM4	129787	129788	ZMO1126	40.4297	129849	129850	TSS_0193	-	62	ZMO1126 (Fis)	TF homology	ZMO0139
ZM4	150469	150470	ZMO1126	41.9309	150353	150354	TSS_0243	+	116	ZMO1126 (Fis)	TF homology	ZMO0166
ZM4	166756	166757	ZMO1126	279.609	166932	166933	TSS_0325	+	-176	ZMO1126 (Fis)	TF homology	ZMO0179
ZM4	245105	245106	ZMO1126	53.7573	245089	245090	TSS_0500	+	16	ZMO1126 (Fis)	TF homology	ZMO0252
ZM4	276744	276745	ZMO1126	2883.77	276580	276581	TSS_0538	+	164	ZMO1126 (Fis)	TF homology	ZMO0271
ZM4	282688	282689	ZMO1126	3905.45	282731	282732	TSS_0547	-	43	ZMO1126 (Fis)	TF homology	ZMO0275
ZM4	359848	359849	ZMO1126	5506.48	359813	359814	TSS_0706	+	35	ZMO1126 (Fis)	TF homology	ZMO0359
ZM4	446395	446396	ZMO1126	33.9023	446368	446369	TSS_0880	-	-27	ZMO1126 (Fis)	TF homology	ZMO0448
ZM4	456968	456969	ZMO1126	385.707	457025	457026	TSS_0911	-	57	ZMO1126 (Fis)	TF homology	ZMO0460
ZM4	465087	465088	ZMO1126	290.507	465014	465015	TSS_0947	-	-73	ZMO1126 (Fis)	TF homology	ZMO0469
ZM4	543104	543105	ZMO1126	13.3016	543015	543016	TSS_1286	-	-89	ZMO1126 (Fis)	TF homology	ZMO2050
ZM4	543329	543330	ZMO1126	150.616	543526	543527	TSS_1287	-	197	ZMO1126 (Fis)	TF homology	ZMO2050
ZM4	548457	548458	ZMO1126	20.5314	548441	548442	TSS_1300	-	-16	ZMO1126 (Fis)	TF homology	ZMO0550
ZM4	570869	570870	ZMO1126	46.3233	571041	571042	TSS_1354	-	172	ZMO1126 (Fis)	TF homology	ZMO0567
ZM4	571492	571493	ZMO1126	180.287	571603	571604	TSS_1355	+	-111	ZMO1126 (Fis)	TF homology	ZMO0570
ZM4	612477	612478	ZMO1126	18286.7	612589	612590	TSS_1424	-	112	ZMO1126 (Fis)	TF homology	ZMO0610
ZM4	620695	620696	ZMO1126	56.1269	620685	620686	TSS_1445	+	10	ZMO1126 (Fis)	TF homology	ZMO0625
ZM4	625978	625979	ZMO1126	59.4919	625945	625946	TSS_1456	+	33	ZMO1126 (Fis)	TF homology	ZMO0631
ZM4	648211	648212	ZMO1126	3711.18	648223	648224	TSS_1491	-	12	ZMO1126 (Fis)	TF homology	ZMO0654
ZM4	659372	659373	ZMO1126	216.4	659222	659223	TSS_1516	+	150	ZMO1126 (Fis)	TF homology	ZMO0664
ZM4	662383	662384	ZMO1126	22.5205	662411	662412	TSS_1519	+	-28	ZMO1126 (Fis)	TF homology	ZMO0665
ZM4	703903	703904	ZMO1126	103.364	703889	703890	TSS_1603	-	-14	ZMO1126 (Fis)	TF homology	ZMO0704
ZM4	761413	761414	ZMO1126	764.776	761329	761330	TSS_1775	+	84	ZMO1126 (Fis)	TF homology	ZMO0766
ZM4	880360	880361	ZMO1126	617.733	880165	880166	TSS_1961	+	195	ZMO1126 (Fis)	TF homology	ZMO0869
ZM4	895708	895709	ZMO1126	1142.85	895795	895796	TSS_2000	+	-87	ZMO1126 (Fis)	TF homology	ZMO0885
ZM4	948216	948217	ZMO1126	25.4593	948276	948277	TSS_2097	+	-60	ZMO1126 (Fis)	TF homology	ZMO0925
ZM4	951112	951113	ZMO1126	51.4241	951136	951137	TSS_2105	-	24	ZMO1126 (Fis)	TF homology	ZMO0927
ZM4	966855	966856	ZMO1126	65.2425	966858	966859	TSS_2138	+	-3	ZMO1126 (Fis)	TF homology	ZMO0947
ZM4	989714	989715	ZMO1126	267.189	989699	989700	TSS_2182	+	15	ZMO1126 (Fis)	TF homology	ZMO0972
ZM4	992940	992941	ZMO1126	236.953	992908	992909	TSS_2189	+	32	ZMO1126 (Fis)	TF homology	ZMO0975
ZM4	1005471	1005472	ZMO1126	215.389	1005664	1005665	TSS_2204	-	193	ZMO1126 (Fis)	TF homology	ZMO0983
ZM4	1021596	1021597	ZMO1126	387.647	1021550	1021551	TSS_2261	+	46	ZMO1126 (Fis)	TF homology	ZMO1002
ZM4	1023764	1023765	ZMO1126	5260.74	1023743	1023744	TSS_2263	+	21	ZMO1126 (Fis)	TF homology	ZMO1004
ZM4	1026829	1026830	ZMO1126	97.4411	1027024	1027025	TSS_2267	+	-195	ZMO1126 (Fis)	TF homology	ZMO1007
ZM4	1034074	1034075	ZMO1126	18.6128	1034259	1034260	TSS_2290	-	185	ZMO1126 (Fis)	TF homology	ZMO1015
ZM4	1036807	1036808	ZMO1126	19.3716	1036940	1036941	TSS_2295	-	133	ZMO1126 (Fis)	TF homology	ZMO1018
ZM4	1038689	1038690	ZMO1126	4837.44	1038660	1038661	TSS_2298	-	-29	ZMO1126 (Fis)	TF homology	ZMO1019
ZM4	1041452	1041453	ZMO1126	258.625	1041340	1041341	TSS_2310	+	112	ZMO1126 (Fis)	TF homology	ZMO1023
ZM4	1063536	1063537	ZMO1126	1748.06	1063532	1063533	TSS_2366	-	-4	ZMO1126 (Fis)	TF homology	ZMO1045
ZM4	1063800	1063801	ZMO1126	34.8451	1063726	1063727	TSS_2368	+	74	ZMO1126 (Fis)	TF homology	ZMO1047
ZM4	1068035	1068036	ZMO1126	2670.45	1067835	1067836	TSS_2374	+	200	ZMO1126 (Fis)	TF homology	ZMO1052
ZM4	1075323	1075324	ZMO1126	34829.4	1075241	1075242	TSS_2383	+	82	ZMO1126 (Fis)	TF homology	ZMO1059
ZM4	1101445	1101446	ZMO1126	408.503	1101310	1101311	TSS_2445	+	135	ZMO1126 (Fis)	TF homology	ZMO1089
ZM4	1133109	1133110	ZMO1126	2419.4	1132918	1132919	TSS_2507	+	191	ZMO1126 (Fis)	TF homology	ZMO1116
ZM4	1151103	1151104	ZMO1126	353.222	1151105	1151106	TSS_2532	-	2	ZMO1126 (Fis)	TF homology	ZMO1132
ZM4	1154271	1154272	ZMO1126	200.311	1154148	1154149	TSS_2538	-	-123	ZMO1126 (Fis)	TF homology	ZMO1135
ZM4	1230215	1230216	ZMO1126	285.438	1230397	1230398	TSS_2702	-	182	ZMO1126 (Fis)	TF homology	ZMO2061
ZM4	1236582	1236583	ZMO1126	516.732	1236429	1236430	TSS_2724	-	-153	ZMO1126 (Fis)	TF homology	ZMO1209
ZM4	1322131	1322132	ZMO1126	1541.48	1322319	1322320	TSS_2955	-	188	ZMO1126 (Fis)	TF homology	ZMO1304
ZM4	1327269	1327270	ZMO1126	29.3279	1327375	1327376	TSS_2967	+	-106	ZMO1126 (Fis)	TF homology	ZMO1311
ZM4	1335983	1335984	ZMO1126	31.0841	1335874	1335875	TSS_2983	-	-109	ZMO1126 (Fis)	TF homology	ZMO1316
ZM4	1353297	1353298	ZMO1126	3525.95	1353460	1353461	TSS_3027	-	163	ZMO1126 (Fis)	TF homology	Zms4
ZM4	1362955	1362956	ZMO1126	59.5694	1362997	1362998	TSS_3050	-	42	ZMO1126 (Fis)	TF homology	ZMO1345
ZM4	1366433	1366434	ZMO1126	3233.99	1366529	1366530	TSS_3066	+	-96	ZMO1126 (Fis)	TF homology	ZMO1351
ZM4	1377604	1377605	ZMO1126	44.7639	1377635	1377636	TSS_3117	-	31	ZMO1126 (Fis)	TF homology	ZMO1360
ZM4	1383791	1383792	ZMO1126	140.993	1383941	1383942	TSS_3134	+	-150	ZMO1126 (Fis)	TF homology	ZMO1369
ZM4	1395561	1395562	ZMO1126	4322.7	1395415	1395416	TSS_3155	-	-146	ZMO1126 (Fis)	TF homology	ZMO1380
ZM4	1419100	1419101	ZMO1126	294.685	1419108	1419109	TSS_3186	-	8	ZMO1126 (Fis)	TF homology	ZMO1404
ZM4	1422452	1422453	ZMO1126	1781.04	1422354	1422355	TSS_3194	-	-98	ZMO1126 (Fis)	TF homology	ZMO1407
ZM4	1425800	1425801	ZMO1126	252.181	1425891	1425892	TSS_3212	+	-91	ZMO1126 (Fis)	TF homology	ZMO1410
ZM4	1426048	1426049	ZMO1126	344.196	1425903	1425904	TSS_3216	+	145	ZMO1126 (Fis)	TF homology	ZMO1410
ZM4	1453213	1453214	ZMO1126	16.7649	1453174	1453175	TSS_3252	-	-39	ZMO1126 (Fis)	TF homology	ZMO1434
ZM4	1453213	1453214	ZMO1126	16.7649	1453252	1453253	TSS_3253	-	39	ZMO1126 (Fis)	TF homology	ZMO1434
ZM4	1462143	1462144	ZMO1126	212.276	1462045	1462046	TSS_3264	-	-98	ZMO1126 (Fis)	TF homology	ZMO1442
ZM4	1504248	1504249	ZMO1126	33388.7	1504207	1504208	TSS_3316	-	-41	ZMO1126 (Fis)	TF homology	ZMO1480
ZM4	1522428	1522429	ZMO1126	222.377	1522536	1522537	TSS_3381	+	-108	ZMO1126 (Fis)	TF homology	ZMO1496
ZM4	1590662	1590663	ZMO1126	10891	1590726	1590727	TSS_3525	+	-64	ZMO1126 (Fis)	TF homology	ZMO1557
ZM4	1626378	1626379	ZMO1126	35.482	1626402	1626403	TSS_3563	+	-24	ZMO1126 (Fis)	TF homology	ZMO1587
ZM4	1646743	1646744	ZMO1126	1403.79	1646797	1646798	TSS_3596	+	-54	ZMO1126 (Fis)	TF homology	ZMO1603
ZM4	1703825	1703826	ZMO1126	40.4398	1703827	1703828	TSS_3727	-	2	ZMO1126 (Fis)	TF homology	ZMO1653
ZM4	1729867	1729868	ZMO1126	2056.01	1729998	1729999	TSS_3768	+	-131	ZMO1126 (Fis)	TF homology	ZMO1683
ZM4	1738159	1738160	ZMO1126	83.8557	1738133	1738134	TSS_3776	+	26	ZMO1126 (Fis)	TF homology	ZMO1689
ZM4	1751327	1751328	ZMO1126	75.1108	1751423	1751424	TSS_3806	-	96	ZMO1126 (Fis)	TF homology	ZMO1699
ZM4	1755299	1755300	ZMO1126	121.77	1755471	1755472	TSS_3811	-	172	ZMO1126 (Fis)	TF homology	ZMO1702
ZM4	1758336	1758337	ZMO1126	58.4997	1758460	1758461	TSS_3822	-	124	ZMO1126 (Fis)	TF homology	ZMO1705
ZM4	1772713	1772714	ZMO1126	305.023	1772739	1772740	TSS_3884	-	26	ZMO1126 (Fis)	TF homology	ZMO1723
ZM4	1773051	1773052	ZMO1126	32282.9	1772877	1772878	TSS_3885	-	-174	ZMO1126 (Fis)	TF homology	ZMO1723
ZM4	1778515	1778516	ZMO1126	40.0725	1778351	1778352	TSS_3893	-	-164	ZMO1126 (Fis)	TF homology	ZMO1730
ZM4	1800727	1800728	ZMO1126	744.372	1800736	1800737	TSS_3964	-	9	ZMO1126 (Fis)	TF homology	ZMO1754
ZM4	1802070	1802071	ZMO1126	3565.08	1801999	1802000	TSS_3966	+	71	ZMO1126 (Fis)	TF homology	ZMO1756
ZM4	1817695	1817696	ZMO1126	713.465	1817850	1817851	TSS_3990	-	155	ZMO1126 (Fis)	TF homology	ZMO1771
ZM4	1818129	1818130	ZMO1126	104.532	1817955	1817956	TSS_3992	-	-174	ZMO1126 (Fis)	TF homology	ZMO1771
ZM4	1819802	1819803	ZMO1126	5246.82	1819947	1819948	TSS_3993	-	145	ZMO1126 (Fis)	TF homology	ZMO1773
ZM4	1842700	1842701	ZMO1126	57.5216	1842683	1842684	TSS_4069	+	17	ZMO1126 (Fis)	TF homology	ZMO1798
ZM4	1864271	1864272	ZMO1126	904.554	1864306	1864307	TSS_4096	+	-35	ZMO1126 (Fis)	TF homology	ZMO1818
ZM4	1884717	1884718	ZMO1126	19.1912	1884874	1884875	TSS_4119	-	157	ZMO1126 (Fis)	TF homology	ZMO1842
ZM4	1889670	1889671	ZMO1126	177.614	1889721	1889722	TSS_4132	-	51	ZMO1126 (Fis)	TF homology	ZMO1848
ZM4	1924007	1924008	ZMO1126	547.299	1924136	1924137	TSS_4167	-	129	ZMO1126 (Fis)	TF homology	ZMO1869
ZM4	1928028	1928029	ZMO1126	1541.56	1928055	1928056	TSS_4182	+	-27	ZMO1126 (Fis)	TF homology	ZMO1876
ZM4	1930092	1930093	ZMO1126	576.951	1930277	1930278	TSS_4192	-	185	ZMO1126 (Fis)	TF homology	ZMO1877
ZM4	1949971	1949972	ZMO1126	347.183	1950035	1950036	TSS_4246	-	64	ZMO1126 (Fis)	TF homology	ZMO1898
ZM4	1958655	1958656	ZMO1126	33.483	1958838	1958839	TSS_4267	-	183	ZMO1126 (Fis)	TF homology	ZMO1906
ZM4	2053003	2053004	ZMO1126	654.437	2052954	2052955	TSS_4422	+	49	ZMO1126 (Fis)	TF homology	ZMO1992
pZM33	333	334	ZMO1126	101.407	383	384	TSS_4491	+	-50	ZMO1126 (Fis)	TF homology	ZMOp33x001
pZM33	13544	13545	ZMO1126	134.043	13446	13447	TSS_4522	+	98	ZMO1126 (Fis)	TF homology	ZMOp33x018
pZM33	30917	30918	ZMO1126	3478.05	30842	30843	TSS_4574	-	-75	ZMO1126 (Fis)	TF homology	ZMOp33x035
ZM4	26158	26159	ZMO1206	710.453	26028	26029	TSS_0027	-	-130	ZMO1206 (LysR)	TF homology	ZMO0022
ZM4	33970	33971	ZMO1206	183.373	34058	34059	TSS_0031	+	-88	ZMO1206 (LysR)	TF homology	ZMO0030
ZM4	34256	34257	ZMO1206	64.036	34171	34172	TSS_0032	+	85	ZMO1206 (LysR)	TF homology	ZMO0030
ZM4	52801	52802	ZMO1206	4.72975	52847	52848	TSS_0067	-	46	ZMO1206 (LysR)	TF homology	ZMO0056
ZM4	53519	53520	ZMO1206	23.1201	53528	53529	TSS_0069	-	9	ZMO1206 (LysR)	TF homology	ZMO0057
ZM4	59946	59947	ZMO1206	51.3733	60122	60123	TSS_0077	+	-176	ZMO1206 (LysR)	TF homology	ZMO0068
ZM4	79675	79676	ZMO1206	226.361	79619	79620	TSS_0102	-	-56	ZMO1206 (LysR)	TF homology	ZMO0087
ZM4	82740	82741	ZMO1206	288.503	82635	82636	TSS_0107	-	-105	ZMO1206 (LysR)	TF homology	ZMO0090
ZM4	85228	85229	ZMO1206	45.2466	85198	85199	TSS_0111	-	-30	ZMO1206 (LysR)	TF homology	ZMO0095
ZM4	100759	100760	ZMO1206	98.2669	100905	100906	TSS_0139	+	-146	ZMO1206 (LysR)	TF homology	ZMO0113
ZM4	101070	101071	ZMO1206	459.73	100905	100906	TSS_0139	+	165	ZMO1206 (LysR)	TF homology	ZMO0113
ZM4	103850	103851	ZMO1206	78.8303	103994	103995	TSS_0143	+	-144	ZMO1206 (LysR)	TF homology	ZMO0116
ZM4	107534	107535	ZMO1206	93.3507	107533	107534	TSS_0148	+	1	ZMO1206 (LysR)	TF homology	ZMO0120
ZM4	118121	118122	ZMO1206	13.3191	118105	118106	TSS_0165	-	-16	ZMO1206 (LysR)	TF homology	ZMO0128
ZM4	150717	150718	ZMO1206	170.141	150727	150728	TSS_0247	+	-10	ZMO1206 (LysR)	TF homology	ZMO0166
ZM4	160926	160927	ZMO1206	70.3084	160904	160905	TSS_0284	-	-22	ZMO1206 (LysR)	TF homology	ZMO0173
ZM4	169388	169389	ZMO1206	261.157	169342	169343	TSS_0332	-	-46	ZMO1206 (LysR)	TF homology	ZMO0180
ZM4	172908	172909	ZMO1206	60.2856	173062	173063	TSS_0344	-	154	ZMO1206 (LysR)	TF homology	ZMO0183
ZM4	173261	173262	ZMO1206	2650.08	173165	173166	TSS_0346	-	-96	ZMO1206 (LysR)	TF homology	ZMO0183
ZM4	185194	185195	ZMO1206	207.208	185047	185048	TSS_0381	-	-147	ZMO1206 (LysR)	TF homology	ZMO0192
ZM4	196771	196772	ZMO1206	12.0593	196961	196962	TSS_0399	+	-190	ZMO1206 (LysR)	TF homology	ZMO0202
ZM4	196909	196910	ZMO1206	6.44092	196961	196962	TSS_0399	+	-52	ZMO1206 (LysR)	TF homology	ZMO0202
ZM4	203458	203459	ZMO1206	31.6234	203393	203394	TSS_0405	-	-65	ZMO1206 (LysR)	TF homology	ZMO0207
ZM4	218129	218130	ZMO1206	76.4293	218162	218163	TSS_0433	+	-33	ZMO1206 (LysR)	TF homology	ZMO0223
ZM4	227980	227981	ZMO1206	9.51438	228082	228083	TSS_0442	+	-102	ZMO1206 (LysR)	TF homology	ZMO0231
ZM4	232720	232721	ZMO1206	17.7599	232592	232593	TSS_0454	-	-128	ZMO1206 (LysR)	TF homology	ZMO0234
ZM4	243133	243134	ZMO1206	518.381	242970	242971	TSS_0489	+	163	ZMO1206 (LysR)	TF homology	ZMO0249
ZM4	245015	245016	ZMO1206	893.07	245089	245090	TSS_0500	+	-74	ZMO1206 (LysR)	TF homology	ZMO0252
ZM4	258943	258944	ZMO1206	40.0935	259009	259010	TSS_0512	+	-66	ZMO1206 (LysR)	TF homology	ZMO0256
ZM4	266296	266297	ZMO1206	1364.3	266314	266315	TSS_0529	-	18	ZMO1206 (LysR)	TF homology	ZMO0263
ZM4	276974	276975	ZMO1206	3659.03	277111	277112	TSS_0539	+	-137	ZMO1206 (LysR)	TF homology	ZMO0271
ZM4	284862	284863	ZMO1206	38.2505	284913	284914	TSS_0552	+	-51	ZMO1206 (LysR)	TF homology	ZMO0279
ZM4	299304	299305	ZMO1206	529.274	299414	299415	TSS_0587	-	110	ZMO1206 (LysR)	TF homology	ZMO0293
ZM4	300300	300301	ZMO1206	58.6983	300287	300288	TSS_0593	-	-13	ZMO1206 (LysR)	TF homology	ZMO0294
ZM4	301126	301127	ZMO1206	32.542	301158	301159	TSS_0595	+	-32	ZMO1206 (LysR)	TF homology	ZMO0297
ZM4	315928	315929	ZMO1206	32.4757	315795	315796	TSS_0609	+	133	ZMO1206 (LysR)	TF homology	ZMO0313
ZM4	318488	318489	ZMO1206	332.833	318573	318574	TSS_0613	+	-85	ZMO1206 (LysR)	TF homology	ZMO0318
ZM4	319658	319659	ZMO1206	578.806	319710	319711	TSS_0617	-	52	ZMO1206 (LysR)	TF homology	ZMO0319
ZM4	329010	329011	ZMO1206	783.361	328935	328936	TSS_0637	+	75	ZMO1206 (LysR)	TF homology	ZMO0328
ZM4	332338	332339	ZMO1206	523.481	332345	332346	TSS_0644	-	7	ZMO1206 (LysR)	TF homology	ZMO0332
ZM4	338785	338786	ZMO1206	53.9874	338784	338785	TSS_0659	-	-1	ZMO1206 (LysR)	TF homology	ZMO0343
ZM4	352138	352139	ZMO1206	20.5206	352124	352125	TSS_0691	+	14	ZMO1206 (LysR)	TF homology	ZMO0352
ZM4	363532	363533	ZMO1206	944.469	363690	363691	TSS_0711	+	-158	ZMO1206 (LysR)	TF homology	ZMO0361
ZM4	363753	363754	ZMO1206	815.095	363690	363691	TSS_0711	+	63	ZMO1206 (LysR)	TF homology	ZMO0361
ZM4	370805	370806	ZMO1206	231.334	370845	370846	TSS_0723	+	-40	ZMO1206 (LysR)	TF homology	ZMO0366
ZM4	385555	385556	ZMO1206	14.4616	385497	385498	TSS_0790	-	-58	ZMO1206 (LysR)	TF homology	ZMO0376
ZM4	397753	397754	ZMO1206	259.503	397722	397723	TSS_0795	+	31	ZMO1206 (LysR)	TF homology	ZMO0395
ZM4	407614	407615	ZMO1206	1182.88	407652	407653	TSS_0810	+	-38	ZMO1206 (LysR)	TF homology	ZMO0405
ZM4	418254	418255	ZMO1206	21.1873	418225	418226	TSS_0828	-	-29	ZMO1206 (LysR)	TF homology	ZMO0412
ZM4	452496	452497	ZMO1206	215.914	452446	452447	TSS_0908	-	-50	ZMO1206 (LysR)	TF homology	ZMO0454
ZM4	476808	476809	ZMO1206	261.775	476782	476783	TSS_0969	-	-26	ZMO1206 (LysR)	TF homology	ZMO0482
ZM4	485961	485962	ZMO1206	274.58	485965	485966	TSS_1001	+	-4	ZMO1206 (LysR)	TF homology	ZMO0491
ZM4	516713	516714	ZMO1206	1377.92	516633	516634	TSS_1073	+	80	ZMO1206 (LysR)	TF homology	ZMO0515
ZM4	518292	518293	ZMO1206	32.53	518215	518216	TSS_1078	+	77	ZMO1206 (LysR)	TF homology	ZMO0516
ZM4	535977	535978	ZMO1206	136.947	536066	536067	TSS_1234	+	-89	ZMO1206 (LysR)	TF homology	ZMO0543
ZM4	559183	559184	ZMO1206	1792.87	559230	559231	TSS_1328	+	-47	ZMO1206 (LysR)	TF homology	ZMO0560
ZM4	563416	563417	ZMO1206	15.7974	563393	563394	TSS_1338	-	-23	ZMO1206 (LysR)	TF homology	ZMO0561
ZM4	563686	563687	ZMO1206	112.951	563578	563579	TSS_1339	-	-108	ZMO1206 (LysR)	TF homology	ZMO0561
ZM4	564672	564673	ZMO1206	60.5009	564672	564673	TSS_1347	+	0	ZMO1206 (LysR)	TF homology	ZMO0564
ZM4	632544	632545	ZMO1206	175.828	632567	632568	TSS_1461	+	-23	ZMO1206 (LysR)	TF homology	ZMO0638
ZM4	635066	635067	ZMO1206	530.619	635196	635197	TSS_1465	+	-130	ZMO1206 (LysR)	TF homology	ZMO0642
ZM4	663667	663668	ZMO1206	614.317	663608	663609	TSS_1533	+	59	ZMO1206 (LysR)	TF homology	ZMO0667
ZM4	673715	673716	ZMO1206	2536.84	673600	673601	TSS_1559	-	-115	ZMO1206 (LysR)	TF homology	ZMO0678
ZM4	678291	678292	ZMO1206	156.246	678246	678247	TSS_1561	+	45	ZMO1206 (LysR)	TF homology	ZMO0682
ZM4	685043	685044	ZMO1206	6.73284	684966	684967	TSS_1565	-	-77	ZMO1206 (LysR)	TF homology	ZMO0687
ZM4	687805	687806	ZMO1206	10.7431	687621	687622	TSS_1575	-	-184	ZMO1206 (LysR)	TF homology	ZMO0689
ZM4	704119	704120	ZMO1206	25.1244	703984	703985	TSS_1605	-	-135	ZMO1206 (LysR)	TF homology	ZMO0704
ZM4	711999	712000	ZMO1206	102.96	711827	711828	TSS_1619	+	172	ZMO1206 (LysR)	TF homology	ZMO0713
ZM4	714291	714292	ZMO1206	62.9181	714298	714299	TSS_1620	+	-7	ZMO1206 (LysR)	TF homology	ZMO0715
ZM4	741759	741760	ZMO1206	35.1344	741807	741808	TSS_1715	-	48	ZMO1206 (LysR)	TF homology	ZMO0739
ZM4	746105	746106	ZMO1206	112.382	746200	746201	TSS_1737	+	-95	ZMO1206 (LysR)	TF homology	ZMO0746
ZM4	820493	820494	ZMO1206	95.5945	820663	820664	TSS_1857	+	-170	ZMO1206 (LysR)	TF homology	ZMO0819
ZM4	853097	853098	ZMO1206	48.4047	853157	853158	TSS_1910	+	-60	ZMO1206 (LysR)	TF homology	ZMO0845
ZM4	862664	862665	ZMO1206	131.554	862579	862580	TSS_1921	+	85	ZMO1206 (LysR)	TF homology	ZMO0850
ZM4	864682	864683	ZMO1206	179.318	864682	864683	TSS_1927	-	0	ZMO1206 (LysR)	TF homology	ZMO0851
ZM4	869578	869579	ZMO1206	1065.82	869458	869459	TSS_1936	-	-120	ZMO1206 (LysR)	TF homology	ZMO0857
ZM4	876780	876781	ZMO1206	1269.37	876775	876776	TSS_1957	+	5	ZMO1206 (LysR)	TF homology	ZMO0866
ZM4	888225	888226	ZMO1206	1102.27	888204	888205	TSS_1972	-	-21	ZMO1206 (LysR)	TF homology	ZMO0875
ZM4	890991	890992	ZMO1206	195.198	890937	890938	TSS_1988	-	-54	ZMO1206 (LysR)	TF homology	ZMO0878
ZM4	899123	899124	ZMO1206	501.674	899111	899112	TSS_2003	-	-12	ZMO1206 (LysR)	TF homology	ZMO0889
ZM4	906267	906268	ZMO1206	48.2812	906229	906230	TSS_2013	-	-38	ZMO1206 (LysR)	TF homology	ZMO0894
ZM4	924911	924912	ZMO1206	40.3937	924784	924785	TSS_2042	-	-127	ZMO1206 (LysR)	TF homology	ZMO0908
ZM4	925868	925869	ZMO1206	6.07082	926039	926040	TSS_2045	-	171	ZMO1206 (LysR)	TF homology	ZMO0909
ZM4	927153	927154	ZMO1206	57.7311	927121	927122	TSS_2054	-	-32	ZMO1206 (LysR)	TF homology	ZMO0910
ZM4	928175	928176	ZMO1206	35.938	928347	928348	TSS_2057	+	-172	ZMO1206 (LysR)	TF homology	ZMO0912
ZM4	949308	949309	ZMO1206	62.3633	949302	949303	TSS_2103	+	6	ZMO1206 (LysR)	TF homology	ZMO0926
ZM4	954232	954233	ZMO1206	72.2315	954142	954143	TSS_2106	-	-90	ZMO1206 (LysR)	TF homology	ZMO0934
ZM4	955177	955178	ZMO1206	713.486	954996	954997	TSS_2109	-	-181	ZMO1206 (LysR)	TF homology	ZMO0935
ZM4	957586	957587	ZMO1206	121.334	957435	957436	TSS_2111	-	-151	ZMO1206 (LysR)	TF homology	ZMO0937
ZM4	965329	965330	ZMO1206	69.0339	965357	965358	TSS_2121	-	28	ZMO1206 (LysR)	TF homology	ZMO0945
ZM4	980035	980036	ZMO1206	39.6359	980120	980121	TSS_2162	+	-85	ZMO1206 (LysR)	TF homology	ZMO0964
ZM4	990481	990482	ZMO1206	18.9768	990422	990423	TSS_2184	+	59	ZMO1206 (LysR)	TF homology	ZMO0973
ZM4	1013320	1013321	ZMO1206	478.923	1013306	1013307	TSS_2238	+	14	ZMO1206 (LysR)	TF homology	ZMO0996
ZM4	1054768	1054769	ZMO1206	29.3738	1054772	1054773	TSS_2347	-	4	ZMO1206 (LysR)	TF homology	ZMO1039
ZM4	1055207	1055208	ZMO1206	833	1055163	1055164	TSS_2348	+	44	ZMO1206 (LysR)	TF homology	ZMO1040
ZM4	1071477	1071478	ZMO1206	148.754	1071475	1071476	TSS_2379	+	2	ZMO1206 (LysR)	TF homology	ZMO1055
ZM4	1089343	1089344	ZMO1206	46.3601	1089333	1089334	TSS_2434	+	10	ZMO1206 (LysR)	TF homology	ZMO1080
ZM4	1098759	1098760	ZMO1206	18.9768	1098806	1098807	TSS_2440	+	-47	ZMO1206 (LysR)	TF homology	ZMO1086
ZM4	1127126	1127127	ZMO1206	30.2198	1127127	1127128	TSS_2486	-	1	ZMO1206 (LysR)	TF homology	ZMO1109
ZM4	1132910	1132911	ZMO1206	1458.7	1132916	1132917	TSS_2506	+	-6	ZMO1206 (LysR)	TF homology	ZMO1116
ZM4	1169464	1169465	ZMO1206	90.853	1169434	1169435	TSS_2586	-	-30	ZMO1206 (LysR)	TF homology	ZMO1148
ZM4	1170792	1170793	ZMO1206	3.52844	1170971	1170972	TSS_2591	-	179	ZMO1206 (LysR)	TF homology	ZMO1149
ZM4	1170893	1170894	ZMO1206	23.9804	1170971	1170972	TSS_2591	-	78	ZMO1206 (LysR)	TF homology	ZMO1149
ZM4	1179592	1179593	ZMO1206	216.774	1179567	1179568	TSS_2624	+	25	ZMO1206 (LysR)	TF homology	ZMO1162
ZM4	1189110	1189111	ZMO1206	67.2766	1189129	1189130	TSS_2641	+	-19	ZMO1206 (LysR)	TF homology	ZMO1172
ZM4	1204514	1204515	ZMO1206	13.0739	1204323	1204324	TSS_2670	-	-191	ZMO1206 (LysR)	TF homology	ZMO1182
ZM4	1208082	1208083	ZMO1206	43.8273	1208025	1208026	TSS_2675	+	57	ZMO1206 (LysR)	TF homology	ZMO1185
ZM4	1208199	1208200	ZMO1206	36.9504	1208156	1208157	TSS_2678	-	-43	ZMO1206 (LysR)	TF homology	ZMO1184
ZM4	1209096	1209097	ZMO1206	36.8251	1208971	1208972	TSS_2679	+	125	ZMO1206 (LysR)	TF homology	ZMO1186
ZM4	1232193	1232194	ZMO1206	41426.4	1232237	1232238	TSS_2707	+	-44	ZMO1206 (LysR)	TF homology	ZMO1207
ZM4	1262929	1262930	ZMO1206	2092.77	1262861	1262862	TSS_2826	-	-68	ZMO1206 (LysR)	TF homology	ZMO1236
ZM4	1278732	1278733	ZMO1206	396.54	1278786	1278787	TSS_2859	+	-54	ZMO1206 (LysR)	TF homology	ZMO1261
ZM4	1297360	1297361	ZMO1206	1000.83	1297477	1297478	TSS_2904	+	-117	ZMO1206 (LysR)	TF homology	ZMO1283
ZM4	1302438	1302439	ZMO1206	228.545	1302461	1302462	TSS_2908	-	23	ZMO1206 (LysR)	TF homology	ZMO1286
ZM4	1304013	1304014	ZMO1206	1868.3	1304150	1304151	TSS_2916	+	-137	ZMO1206 (LysR)	TF homology	ZMO1288
ZM4	1307760	1307761	ZMO1206	1391.79	1307713	1307714	TSS_2933	-	-47	ZMO1206 (LysR)	TF homology	ZMO1291
ZM4	1311283	1311284	ZMO1206	35.8339	1311230	1311231	TSS_2940	-	-53	ZMO1206 (LysR)	TF homology	ZMO2015
ZM4	1312951	1312952	ZMO1206	493.182	1312976	1312977	TSS_2941	+	-25	ZMO1206 (LysR)	TF homology	ZMO1298
ZM4	1316160	1316161	ZMO1206	128.165	1316003	1316004	TSS_2951	+	157	ZMO1206 (LysR)	TF homology	ZMO2017
ZM4	1327474	1327475	ZMO1206	133.704	1327473	1327474	TSS_2969	-	-1	ZMO1206 (LysR)	TF homology	ZMO1309
ZM4	1341681	1341682	ZMO1206	59.384	1341676	1341677	TSS_2995	+	5	ZMO1206 (LysR)	TF homology	ZMO1322
ZM4	1342322	1342323	ZMO1206	40.1841	1342259	1342260	TSS_2996	+	63	ZMO1206 (LysR)	TF homology	ZMO1323
ZM4	1354409	1354410	ZMO1206	148.587	1354443	1354444	TSS_3030	+	-34	ZMO1206 (LysR)	TF homology	ZMO1337
ZM4	1365018	1365019	ZMO1206	91.8956	1365071	1365072	TSS_3059	-	53	ZMO1206 (LysR)	TF homology	ZMO1347
ZM4	1368614	1368615	ZMO1206	46.01	1368619	1368620	TSS_3069	-	5	ZMO1206 (LysR)	TF homology	ZMO1352
ZM4	1368768	1368769	ZMO1206	22.798	1368745	1368746	TSS_3071	-	-23	ZMO1206 (LysR)	TF homology	ZMO1352
ZM4	1379839	1379840	ZMO1206	30.2753	1379883	1379884	TSS_3124	+	-44	ZMO1206 (LysR)	TF homology	ZMO1365
ZM4	1388217	1388218	ZMO1206	74.7975	1388128	1388129	TSS_3143	+	89	ZMO1206 (LysR)	TF homology	ZMO1373
ZM4	1401433	1401434	ZMO1206	77.1848	1401423	1401424	TSS_3161	+	10	ZMO1206 (LysR)	TF homology	ZMO1387
ZM4	1420073	1420074	ZMO1206	64.1841	1420006	1420007	TSS_3190	-	-67	ZMO1206 (LysR)	TF homology	ZMO1405
ZM4	1420884	1420885	ZMO1206	23.0508	1420890	1420891	TSS_3191	-	6	ZMO1206 (LysR)	TF homology	ZMO1406
ZM4	1437759	1437760	ZMO1206	196.453	1437737	1437738	TSS_3235	-	-22	ZMO1206 (LysR)	TF homology	ZMO1422
ZM4	1440684	1440685	ZMO1206	129.067	1440794	1440795	TSS_3236	+	-110	ZMO1206 (LysR)	TF homology	ZMO1424
ZM4	1444377	1444378	ZMO1206	313.552	1444240	1444241	TSS_3241	+	137	ZMO1206 (LysR)	TF homology	ZMO1426
ZM4	1467178	1467179	ZMO1206	73.8152	1467079	1467080	TSS_3270	+	99	ZMO1206 (LysR)	TF homology	ZMO1447
ZM4	1475919	1475920	ZMO1206	184.713	1476000	1476001	TSS_3276	+	-81	ZMO1206 (LysR)	TF homology	ZMO1456
ZM4	1486439	1486440	ZMO1206	47.6223	1486365	1486366	TSS_3285	-	-74	ZMO1206 (LysR)	TF homology	ZMO1464
ZM4	1492685	1492686	ZMO1206	12.6217	1492604	1492605	TSS_3294	-	-81	ZMO1206 (LysR)	TF homology	ZMO1468
ZM4	1496114	1496115	ZMO1206	13.9679	1495948	1495949	TSS_3299	-	-166	ZMO1206 (LysR)	TF homology	ZMO1471
ZM4	1505681	1505682	ZMO1206	4.14913	1505529	1505530	TSS_3319	-	-152	ZMO1206 (LysR)	TF homology	ZMO1481
ZM4	1515247	1515248	ZMO1206	28.3856	1515197	1515198	TSS_3332	-	-50	ZMO1206 (LysR)	TF homology	ZMO1487
ZM4	1517070	1517071	ZMO1206	36.6416	1517065	1517066	TSS_3342	+	5	ZMO1206 (LysR)	TF homology	ZMO1490
ZM4	1517280	1517281	ZMO1206	21.5637	1517288	1517289	TSS_3348	+	-8	ZMO1206 (LysR)	TF homology	ZMO1490
ZM4	1522223	1522224	ZMO1206	330.196	1522124	1522125	TSS_3380	-	-99	ZMO1206 (LysR)	TF homology	ZMO1495
ZM4	1522499	1522500	ZMO1206	144.575	1522536	1522537	TSS_3381	+	-37	ZMO1206 (LysR)	TF homology	ZMO1496
ZM4	1527148	1527149	ZMO1206	331.445	1527145	1527146	TSS_3391	-	-3	ZMO1206 (LysR)	TF homology	ZMO1497
ZM4	1527720	1527721	ZMO1206	12.1637	1527693	1527694	TSS_3394	-	-27	ZMO1206 (LysR)	TF homology	ZMO1498
ZM4	1532790	1532791	ZMO1206	12.0983	1532836	1532837	TSS_3404	+	-46	ZMO1206 (LysR)	TF homology	ZMO1508
ZM4	1545891	1545892	ZMO1206	733.174	1545795	1545796	TSS_3434	-	-96	ZMO1206 (LysR)	TF homology	ZMO1519
ZM4	1550591	1550592	ZMO1206	60.2594	1550719	1550720	TSS_3456	+	-128	ZMO1206 (LysR)	TF homology	ZMO1524
ZM4	1573861	1573862	ZMO1206	39.7383	1573897	1573898	TSS_3495	+	-36	ZMO1206 (LysR)	TF homology	ZMO1540
ZM4	1604578	1604579	ZMO1206	831.787	1604521	1604522	TSS_3543	-	-57	ZMO1206 (LysR)	TF homology	ZMO1570
ZM4	1604933	1604934	ZMO1206	116.095	1605086	1605087	TSS_3544	+	-153	ZMO1206 (LysR)	TF homology	ZMO1571
ZM4	1636589	1636590	ZMO1206	13.0333	1636761	1636762	TSS_3575	+	-172	ZMO1206 (LysR)	TF homology	ZMO1596
ZM4	1655030	1655031	ZMO1206	3870.87	1655015	1655016	TSS_3630	+	15	ZMO1206 (LysR)	TF homology	ZMO1612
ZM4	1677113	1677114	ZMO1206	183.267	1676955	1676956	TSS_3668	-	-158	ZMO1206 (LysR)	TF homology	ZMO1631
ZM4	1695542	1695543	ZMO1206	6.67295	1695623	1695624	TSS_3704	+	-81	ZMO1206 (LysR)	TF homology	ZMO1648
ZM4	1697709	1697710	ZMO1206	248.933	1697725	1697726	TSS_3715	+	-16	ZMO1206 (LysR)	TF homology	ZMO1650
ZM4	1718717	1718718	ZMO1206	7.22017	1718669	1718670	TSS_3753	+	48	ZMO1206 (LysR)	TF homology	ZMO1671
ZM4	1726590	1726591	ZMO1206	860.684	1726705	1726706	TSS_3767	+	-115	ZMO1206 (LysR)	TF homology	ZMO1681
ZM4	1730102	1730103	ZMO1206	59.1153	1730155	1730156	TSS_3769	+	-53	ZMO1206 (LysR)	TF homology	ZMO1683
ZM4	1734564	1734565	ZMO1206	24.9707	1734703	1734704	TSS_3772	+	-139	ZMO1206 (LysR)	TF homology	ZMO1686
ZM4	1739805	1739806	ZMO1206	5432.09	1739858	1739859	TSS_3778	+	-53	ZMO1206 (LysR)	TF homology	ZMO1690
ZM4	1751581	1751582	ZMO1206	167.38	1751553	1751554	TSS_3807	+	28	ZMO1206 (LysR)	TF homology	ZMO1700
ZM4	1751721	1751722	ZMO1206	140.119	1751658	1751659	TSS_3808	+	63	ZMO1206 (LysR)	TF homology	ZMO1700
ZM4	1770098	1770099	ZMO1206	51.4285	1770141	1770142	TSS_3877	-	43	ZMO1206 (LysR)	TF homology	ZMO1720
ZM4	1775048	1775049	ZMO1206	94.1185	1775017	1775018	TSS_3889	-	-31	ZMO1206 (LysR)	TF homology	ZMO1725
ZM4	1779144	1779145	ZMO1206	89.8855	1779145	1779146	TSS_3897	-	1	ZMO1206 (LysR)	TF homology	ZMO1732
ZM4	1780287	1780288	ZMO1206	528.074	1780429	1780430	TSS_3907	+	-142	ZMO1206 (LysR)	TF homology	ZMO1734
ZM4	1794474	1794475	ZMO1206	93.5757	1794468	1794469	TSS_3926	-	-6	ZMO1206 (LysR)	TF homology	ZMO1748
ZM4	1796821	1796822	ZMO1206	441.749	1796927	1796928	TSS_3931	+	-106	ZMO1206 (LysR)	TF homology	ZMO1751
ZM4	1797701	1797702	ZMO1206	22.2834	1797526	1797527	TSS_3956	+	175	ZMO1206 (LysR)	TF homology	ZMO1752
ZM4	1797913	1797914	ZMO1206	80.9156	1797947	1797948	TSS_3957	+	-34	ZMO1206 (LysR)	TF homology	ZMO1753
ZM4	1798100	1798101	ZMO1206	108.567	1798084	1798085	TSS_3961	+	16	ZMO1206 (LysR)	TF homology	ZMO1753
ZM4	1800697	1800698	ZMO1206	27.077	1800736	1800737	TSS_3964	-	39	ZMO1206 (LysR)	TF homology	ZMO1754
ZM4	1816477	1816478	ZMO1206	146.528	1816476	1816477	TSS_3989	-	-1	ZMO1206 (LysR)	TF homology	ZMO1770
ZM4	1820757	1820758	ZMO1206	635.015	1820819	1820820	TSS_3998	+	-62	ZMO1206 (LysR)	TF homology	ZMO1776
ZM4	1821103	1821104	ZMO1206	61.9639	1821000	1821001	TSS_3999	+	103	ZMO1206 (LysR)	TF homology	ZMO1776
ZM4	1824060	1824061	ZMO1206	27.4119	1823956	1823957	TSS_4003	+	104	ZMO1206 (LysR)	TF homology	ZMO1777
ZM4	1827275	1827276	ZMO1206	37.0799	1827250	1827251	TSS_4020	-	-25	ZMO1206 (LysR)	TF homology	ZMO1780
ZM4	1842575	1842576	ZMO1206	72.6977	1842683	1842684	TSS_4069	+	-108	ZMO1206 (LysR)	TF homology	ZMO1798
ZM4	1849895	1849896	ZMO1206	69.4245	1849748	1849749	TSS_4086	-	-147	ZMO1206 (LysR)	TF homology	ZMO1806
ZM4	1860467	1860468	ZMO1206	2361.95	1860550	1860551	TSS_4092	-	83	ZMO1206 (LysR)	TF homology	ZMO1815
ZM4	1860724	1860725	ZMO1206	715.01	1860551	1860552	TSS_4093	-	-173	ZMO1206 (LysR)	TF homology	ZMO1815
ZM4	1884281	1884282	ZMO1206	183.693	1884164	1884165	TSS_4116	-	-117	ZMO1206 (LysR)	TF homology	ZMO1841
ZM4	1884857	1884858	ZMO1206	10609.6	1884874	1884875	TSS_4119	-	17	ZMO1206 (LysR)	TF homology	ZMO1842
ZM4	1889761	1889762	ZMO1206	35.7836	1889724	1889725	TSS_4133	-	-37	ZMO1206 (LysR)	TF homology	ZMO1848
ZM4	1890290	1890291	ZMO1206	521.888	1890387	1890388	TSS_4135	+	-97	ZMO1206 (LysR)	TF homology	ZMO1849
ZM4	1893242	1893243	ZMO1206	1385.47	1893193	1893194	TSS_4139	-	-49	ZMO1206 (LysR)	TF homology	ZMO1850
ZM4	1908794	1908795	ZMO1206	41.3534	1908781	1908782	TSS_4144	-	-13	ZMO1206 (LysR)	TF homology	ZMO1860
ZM4	1909344	1909345	ZMO1206	46.3501	1909340	1909341	TSS_4145	-	-4	ZMO1206 (LysR)	TF homology	ZMO1860
ZM4	1910329	1910330	ZMO1206	44.213	1910302	1910303	TSS_4149	-	-27	ZMO1206 (LysR)	TF homology	ZMO1861
ZM4	1910493	1910494	ZMO1206	65.9818	1910302	1910303	TSS_4149	-	-191	ZMO1206 (LysR)	TF homology	ZMO1861
ZM4	1927990	1927991	ZMO1206	35.9534	1927930	1927931	TSS_4180	-	-60	ZMO1206 (LysR)	TF homology	ZMO1875
ZM4	1934812	1934813	ZMO1206	46.0312	1934616	1934617	TSS_4217	+	196	ZMO1206 (LysR)	TF homology	ZMO1882
ZM4	1939270	1939271	ZMO1206	5254.12	1939167	1939168	TSS_4219	-	-103	ZMO1206 (LysR)	TF homology	ZMO1885
ZM4	1965635	1965636	ZMO1206	21.5921	1965803	1965804	TSS_4297	+	-168	ZMO1206 (LysR)	TF homology	ZMO1913
ZM4	1972881	1972882	ZMO1206	181.838	1973025	1973026	TSS_4311	+	-144	ZMO1206 (LysR)	TF homology	ZMO1920
ZM4	1977413	1977414	ZMO1206	69.4438	1977451	1977452	TSS_4324	+	-38	ZMO1206 (LysR)	TF homology	ZMO1923
ZM4	1984609	1984610	ZMO1206	16.2242	1984647	1984648	TSS_4349	+	-38	ZMO1206 (LysR)	TF homology	ZMO1929
ZM4	2013336	2013337	ZMO1206	4.71745	2013493	2013494	TSS_4384	-	157	ZMO1206 (LysR)	TF homology	ZMO1955
ZM4	2013559	2013560	ZMO1206	23.5389	2013557	2013558	TSS_4386	-	-2	ZMO1206 (LysR)	TF homology	ZMO1955
ZM4	2015301	2015302	ZMO1206	31.5553	2015316	2015317	TSS_4387	-	15	ZMO1206 (LysR)	TF homology	ZMO1956
ZM4	2030857	2030858	ZMO1206	98.4304	2031057	2031058	TSS_4404	+	-200	ZMO1206 (LysR)	TF homology	ZMO1967
ZM4	2045823	2045824	ZMO1206	2051.84	2045899	2045900	TSS_4417	+	-76	ZMO1206 (LysR)	TF homology	ZMO1983
pZM33	2375	2376	ZMO1206	1589.85	2327	2328	TSS_4498	-	-48	ZMO1206 (LysR)	TF homology	ZMOp33x004
pZM33	10446	10447	ZMO1206	131.487	10408	10409	TSS_4511	+	38	ZMO1206 (LysR)	TF homology	ZMOp33x014
pZM36	24179	24180	ZMO1206	32.0034	24196	24197	TSS_4601	+	-17	ZMO1206 (LysR)	TF homology	ZMOp36x033
pZM36	28360	28361	ZMO1206	2246.12	28416	28417	TSS_4603	+	-56	ZMO1206 (LysR)	TF homology	ZMOp36x039
pZM36	28769	28770	ZMO1206	1180.91	28793	28794	TSS_4604	+	-24	ZMO1206 (LysR)	TF homology	ZMOp36x039
pZM39	2679	2680	ZMO1206	80.7145	2677	2678	TSS_4613	+	2	ZMO1206 (LysR)	TF homology	ZMOp39x005
ZM4	759261	759262	ZMO1235	1404.43	759281	759282	TSS_1766	+	-20	ZMO1235 (Fur)	TF homology	ZMO0765
ZM4	845631	845632	ZMO1235	772.917	845509	845510	TSS_1896	+	122	ZMO1235 (Fur)	TF homology	ZMO0840
ZM4	1307804	1307805	ZMO1235	23.6176	1307713	1307714	TSS_2933	-	-91	ZMO1235 (Fur)	TF homology	ZMO1291
ZM4	1573836	1573837	ZMO1235	18634.8	1573897	1573898	TSS_3495	+	-61	ZMO1235 (Fur)	TF homology	ZMO1540
ZM4	397663	397664	ZMO1268	302.838	397722	397723	TSS_0795	+	-59	ZMO1268 (MarR?)	TF homology	ZMO0395
ZM4	14512	14513	ZMO1336	105.27	14514	14515	TSS_0014	-	2	ZMO1336 (LysR)	TF homology	ZMO0011
ZM4	18181	18182	ZMO1336	55.0156	18245	18246	TSS_0018	+	-64	ZMO1336 (LysR)	TF homology	ZMO0016
ZM4	26139	26140	ZMO1336	1408.31	26028	26029	TSS_0027	-	-111	ZMO1336 (LysR)	TF homology	ZMO0022
ZM4	33996	33997	ZMO1336	56.3151	34058	34059	TSS_0031	+	-62	ZMO1336 (LysR)	TF homology	ZMO0030
ZM4	59942	59943	ZMO1336	17.9952	60122	60123	TSS_0077	+	-180	ZMO1336 (LysR)	TF homology	ZMO0068
ZM4	61452	61453	ZMO1336	3255.19	61521	61522	TSS_0079	+	-69	ZMO1336 (LysR)	TF homology	ZMO0069
ZM4	74974	74975	ZMO1336	294.403	74934	74935	TSS_0099	-	-40	ZMO1336 (LysR)	TF homology	ZMO0084
ZM4	85190	85191	ZMO1336	138.747	85196	85197	TSS_0110	-	6	ZMO1336 (LysR)	TF homology	ZMO0095
ZM4	108791	108792	ZMO1336	38.4641	108978	108979	TSS_0152	+	-187	ZMO1336 (LysR)	TF homology	ZMO0121
ZM4	118169	118170	ZMO1336	8.76689	118105	118106	TSS_0165	-	-64	ZMO1336 (LysR)	TF homology	ZMO0128
ZM4	119066	119067	ZMO1336	62.0426	119234	119235	TSS_0171	-	168	ZMO1336 (LysR)	TF homology	ZMO0130
ZM4	119262	119263	ZMO1336	718.027	119236	119237	TSS_0172	-	-26	ZMO1336 (LysR)	TF homology	ZMO0130
ZM4	130438	130439	ZMO1336	492.359	130434	130435	TSS_0194	-	-4	ZMO1336 (LysR)	TF homology	ZMO0140
ZM4	140832	140833	ZMO1336	2.5324	140771	140772	TSS_0218	+	61	ZMO1336 (LysR)	TF homology	ZMO2043
ZM4	150724	150725	ZMO1336	22.2668	150727	150728	TSS_0247	+	-3	ZMO1336 (LysR)	TF homology	ZMO0166
ZM4	157516	157517	ZMO1336	96.4813	157635	157636	TSS_0267	+	-119	ZMO1336 (LysR)	TF homology	ZMO0172
ZM4	166794	166795	ZMO1336	60.6666	166932	166933	TSS_0325	+	-138	ZMO1336 (LysR)	TF homology	ZMO0179
ZM4	173269	173270	ZMO1336	91.7548	173165	173166	TSS_0346	-	-104	ZMO1336 (LysR)	TF homology	ZMO0183
ZM4	173550	173551	ZMO1336	8.73806	173662	173663	TSS_0347	+	-112	ZMO1336 (LysR)	TF homology	ZMO0184
ZM4	185170	185171	ZMO1336	163.84	185047	185048	TSS_0381	-	-123	ZMO1336 (LysR)	TF homology	ZMO0192
ZM4	188393	188394	ZMO1336	173.657	188434	188435	TSS_0387	-	41	ZMO1336 (LysR)	TF homology	ZMO0193
ZM4	196293	196294	ZMO1336	3.41828	196200	196201	TSS_0398	-	-93	ZMO1336 (LysR)	TF homology	ZMO0201
ZM4	196834	196835	ZMO1336	223.113	196961	196962	TSS_0399	+	-127	ZMO1336 (LysR)	TF homology	ZMO0202
ZM4	197192	197193	ZMO1336	31.3888	197126	197127	TSS_0402	+	66	ZMO1336 (LysR)	TF homology	ZMO0202
ZM4	244261	244262	ZMO1336	12.2112	244224	244225	TSS_0499	-	-37	ZMO1336 (LysR)	TF homology	ZMO0250
ZM4	244992	244993	ZMO1336	2311.67	245089	245090	TSS_0500	+	-97	ZMO1336 (LysR)	TF homology	ZMO0252
ZM4	258983	258984	ZMO1336	44.1014	259009	259010	TSS_0512	+	-26	ZMO1336 (LysR)	TF homology	ZMO0256
ZM4	267752	267753	ZMO1336	1346.03	267770	267771	TSS_0530	-	18	ZMO1336 (LysR)	TF homology	ZMO0264
ZM4	286960	286961	ZMO1336	17.045	286960	286961	TSS_0572	+	0	ZMO1336 (LysR)	TF homology	ZMO0282
ZM4	293814	293815	ZMO1336	293.726	293765	293766	TSS_0578	-	-49	ZMO1336 (LysR)	TF homology	ZMO0286
ZM4	299279	299280	ZMO1336	1934.07	299414	299415	TSS_0587	-	135	ZMO1336 (LysR)	TF homology	ZMO0293
ZM4	299589	299590	ZMO1336	76.4524	299414	299415	TSS_0587	-	-175	ZMO1336 (LysR)	TF homology	ZMO0293
ZM4	301119	301120	ZMO1336	65.5672	301158	301159	TSS_0595	+	-39	ZMO1336 (LysR)	TF homology	ZMO0297
ZM4	318470	318471	ZMO1336	5.20561	318573	318574	TSS_0613	+	-103	ZMO1336 (LysR)	TF homology	ZMO0318
ZM4	319755	319756	ZMO1336	99.2713	319710	319711	TSS_0617	-	-45	ZMO1336 (LysR)	TF homology	ZMO0319
ZM4	339130	339131	ZMO1336	163.875	338982	338983	TSS_0660	+	148	ZMO1336 (LysR)	TF homology	ZMO0344
ZM4	340602	340603	ZMO1336	245.43	340636	340637	TSS_0666	+	-34	ZMO1336 (LysR)	TF homology	ZMO0345
ZM4	341524	341525	ZMO1336	109.901	341537	341538	TSS_0668	+	-13	ZMO1336 (LysR)	TF homology	ZMO0346
ZM4	343191	343192	ZMO1336	19.7493	343197	343198	TSS_0679	+	-6	ZMO1336 (LysR)	TF homology	ZMO0347
ZM4	363624	363625	ZMO1336	1150.57	363690	363691	TSS_0711	+	-66	ZMO1336 (LysR)	TF homology	ZMO0361
ZM4	370411	370412	ZMO1336	60.328	370589	370590	TSS_0722	+	-178	ZMO1336 (LysR)	TF homology	ZMO0366
ZM4	370881	370882	ZMO1336	33.2485	370873	370874	TSS_0724	+	8	ZMO1336 (LysR)	TF homology	ZMO0366
ZM4	378352	378353	ZMO1336	631.441	378389	378390	TSS_0771	+	-37	ZMO1336 (LysR)	TF homology	ZMO0372
ZM4	385583	385584	ZMO1336	407.719	385497	385498	TSS_0790	-	-86	ZMO1336 (LysR)	TF homology	ZMO0376
ZM4	391556	391557	ZMO1336	69.2066	391738	391739	TSS_0793	+	-182	ZMO1336 (LysR)	TF homology	ZMO0385
ZM4	418246	418247	ZMO1336	8.1028	418225	418226	TSS_0828	-	-21	ZMO1336 (LysR)	TF homology	ZMO0412
ZM4	425115	425116	ZMO1336	46.4839	425032	425033	TSS_0837	-	-83	ZMO1336 (LysR)	TF homology	ZMO0421
ZM4	434104	434105	ZMO1336	98.1648	433937	433938	TSS_0852	-	-167	ZMO1336 (LysR)	TF homology	ZMO0432
ZM4	437776	437777	ZMO1336	228.107	437845	437846	TSS_0861	+	-69	ZMO1336 (LysR)	TF homology	ZMO0440
ZM4	440864	440865	ZMO1336	493.437	440929	440930	TSS_0867	+	-65	ZMO1336 (LysR)	TF homology	ZMO0444
ZM4	452497	452498	ZMO1336	187.759	452446	452447	TSS_0908	-	-51	ZMO1336 (LysR)	TF homology	ZMO0454
ZM4	457100	457101	ZMO1336	55.9918	457130	457131	TSS_0914	+	-30	ZMO1336 (LysR)	TF homology	Zms6
ZM4	460770	460771	ZMO1336	31.3132	460742	460743	TSS_0932	+	28	ZMO1336 (LysR)	TF homology	ZMO0467
ZM4	470618	470619	ZMO1336	3.8765	470633	470634	TSS_0953	-	15	ZMO1336 (LysR)	TF homology	ZMO0477
ZM4	472724	472725	ZMO1336	2.55754	472678	472679	TSS_0962	+	46	ZMO1336 (LysR)	TF homology	ZMO0480
ZM4	472883	472884	ZMO1336	28.7887	472788	472789	TSS_0963	+	95	ZMO1336 (LysR)	TF homology	ZMO0480
ZM4	479085	479086	ZMO1336	30.3239	479088	479089	TSS_0973	+	-3	ZMO1336 (LysR)	TF homology	ZMO0485
ZM4	515468	515469	ZMO1336	33.4571	515448	515449	TSS_1060	+	20	ZMO1336 (LysR)	TF homology	Zms3
ZM4	529461	529462	ZMO1336	33.1537	529504	529505	TSS_1189	+	-43	ZMO1336 (LysR)	TF homology	ZMO0536
ZM4	535940	535941	ZMO1336	1150.26	536066	536067	TSS_1234	+	-126	ZMO1336 (LysR)	TF homology	ZMO0543
ZM4	553747	553748	ZMO1336	153.128	553623	553624	TSS_1310	-	-124	ZMO1336 (LysR)	TF homology	ZMO0554
ZM4	556710	556711	ZMO1336	52.0814	556627	556628	TSS_1327	-	-83	ZMO1336 (LysR)	TF homology	ZMO0557
ZM4	559174	559175	ZMO1336	610.844	559230	559231	TSS_1328	+	-56	ZMO1336 (LysR)	TF homology	ZMO0560
ZM4	569996	569997	ZMO1336	242.283	569906	569907	TSS_1353	-	-90	ZMO1336 (LysR)	TF homology	ZMO0566
ZM4	571066	571067	ZMO1336	8.34186	571041	571042	TSS_1354	-	-25	ZMO1336 (LysR)	TF homology	ZMO0567
ZM4	583562	583563	ZMO1336	203.433	583750	583751	TSS_1374	-	188	ZMO1336 (LysR)	TF homology	ZMO0578
ZM4	583829	583830	ZMO1336	340.59	583872	583873	TSS_1375	-	43	ZMO1336 (LysR)	TF homology	ZMO0578
ZM4	619025	619026	ZMO1336	86.4043	619099	619100	TSS_1442	+	-74	ZMO1336 (LysR)	TF homology	ZMO0624
ZM4	625490	625491	ZMO1336	33.7735	625384	625385	TSS_1453	-	-106	ZMO1336 (LysR)	TF homology	ZMO0629
ZM4	663949	663950	ZMO1336	32.8393	663903	663904	TSS_1535	+	46	ZMO1336 (LysR)	TF homology	ZMO0668
ZM4	673702	673703	ZMO1336	131.668	673600	673601	TSS_1559	-	-102	ZMO1336 (LysR)	TF homology	ZMO0678
ZM4	678298	678299	ZMO1336	36.8395	678246	678247	TSS_1561	+	52	ZMO1336 (LysR)	TF homology	ZMO0682
ZM4	693786	693787	ZMO1336	226.562	693748	693749	TSS_1591	-	-38	ZMO1336 (LysR)	TF homology	ZMO0694
ZM4	707685	707686	ZMO1336	46.0733	707658	707659	TSS_1608	-	-27	ZMO1336 (LysR)	TF homology	ZMO0709
ZM4	727525	727526	ZMO1336	161.025	727586	727587	TSS_1676	+	-61	ZMO1336 (LysR)	TF homology	ZMO0731
ZM4	764171	764172	ZMO1336	10110.4	764204	764205	TSS_1779	+	-33	ZMO1336 (LysR)	TF homology	ZMO0767
ZM4	771297	771298	ZMO1336	257.257	771418	771419	TSS_1786	+	-121	ZMO1336 (LysR)	TF homology	ZMO0776
ZM4	771592	771593	ZMO1336	132.619	771695	771696	TSS_1787	+	-103	ZMO1336 (LysR)	TF homology	ZMO0776
ZM4	784643	784644	ZMO1336	56.4886	784638	784639	TSS_1801	+	5	ZMO1336 (LysR)	TF homology	ZMO0786
ZM4	820119	820120	ZMO1336	3.11599	820157	820158	TSS_1853	+	-38	ZMO1336 (LysR)	TF homology	ZMO0818
ZM4	845357	845358	ZMO1336	56.8147	845509	845510	TSS_1896	+	-152	ZMO1336 (LysR)	TF homology	ZMO0840
ZM4	862359	862360	ZMO1336	66.4029	862488	862489	TSS_1919	+	-129	ZMO1336 (LysR)	TF homology	ZMO0850
ZM4	862677	862678	ZMO1336	189.892	862764	862765	TSS_1922	+	-87	ZMO1336 (LysR)	TF homology	ZMO0850
ZM4	869635	869636	ZMO1336	843.298	869458	869459	TSS_1936	-	-177	ZMO1336 (LysR)	TF homology	ZMO0857
ZM4	876750	876751	ZMO1336	90.6123	876775	876776	TSS_1957	+	-25	ZMO1336 (LysR)	TF homology	ZMO0866
ZM4	877828	877829	ZMO1336	12.0995	877979	877980	TSS_1958	+	-151	ZMO1336 (LysR)	TF homology	ZMO0867
ZM4	888331	888332	ZMO1336	3511.22	888415	888416	TSS_1973	+	-84	ZMO1336 (LysR)	TF homology	ZMO0876
ZM4	890961	890962	ZMO1336	39.4476	890937	890938	TSS_1988	-	-24	ZMO1336 (LysR)	TF homology	ZMO0878
ZM4	894462	894463	ZMO1336	52.5115	894384	894385	TSS_1991	-	-78	ZMO1336 (LysR)	TF homology	ZMO0882
ZM4	896952	896953	ZMO1336	18.0371	896865	896866	TSS_2001	-	-87	ZMO1336 (LysR)	TF homology	ZMO0886
ZM4	899173	899174	ZMO1336	268.836	899111	899112	TSS_2003	-	-62	ZMO1336 (LysR)	TF homology	ZMO0889
ZM4	915999	916000	ZMO1336	109.311	915920	915921	TSS_2027	-	-79	ZMO1336 (LysR)	TF homology	ZMO0903
ZM4	924652	924653	ZMO1336	2.72995	924784	924785	TSS_2042	-	132	ZMO1336 (LysR)	TF homology	ZMO0908
ZM4	926690	926691	ZMO1336	775.413	926796	926797	TSS_2046	+	-106	ZMO1336 (LysR)	TF homology	ZMO0911
ZM4	927211	927212	ZMO1336	375.741	927121	927122	TSS_2054	-	-90	ZMO1336 (LysR)	TF homology	ZMO0910
ZM4	935203	935204	ZMO1336	27.7552	935263	935264	TSS_2073	+	-60	ZMO1336 (LysR)	TF homology	ZMO0917
ZM4	935424	935425	ZMO1336	121.595	935535	935536	TSS_2074	+	-111	ZMO1336 (LysR)	TF homology	ZMO0917
ZM4	938785	938786	ZMO1336	192.73	938778	938779	TSS_2085	+	7	ZMO1336 (LysR)	TF homology	ZMO0919
ZM4	948501	948502	ZMO1336	8.56064	948575	948576	TSS_2099	+	-74	ZMO1336 (LysR)	TF homology	ZMO0925
ZM4	948684	948685	ZMO1336	9.68884	948693	948694	TSS_2101	+	-9	ZMO1336 (LysR)	TF homology	ZMO0926
ZM4	951205	951206	ZMO1336	19.968	951136	951137	TSS_2105	-	-69	ZMO1336 (LysR)	TF homology	ZMO0927
ZM4	954254	954255	ZMO1336	32.0277	954142	954143	TSS_2106	-	-112	ZMO1336 (LysR)	TF homology	ZMO0934
ZM4	955126	955127	ZMO1336	60.5301	954996	954997	TSS_2109	-	-130	ZMO1336 (LysR)	TF homology	ZMO0935
ZM4	957548	957549	ZMO1336	130.927	957435	957436	TSS_2111	-	-113	ZMO1336 (LysR)	TF homology	ZMO0937
ZM4	964191	964192	ZMO1336	52.5234	964162	964163	TSS_2119	-	-29	ZMO1336 (LysR)	TF homology	ZMO0942
ZM4	965728	965729	ZMO1336	5.40249	965587	965588	TSS_2132	+	141	ZMO1336 (LysR)	TF homology	ZMO0946
ZM4	972346	972347	ZMO1336	60.9731	972262	972263	TSS_2153	-	-84	ZMO1336 (LysR)	TF homology	ZMO0952
ZM4	989595	989596	ZMO1336	90.7845	989685	989686	TSS_2181	+	-90	ZMO1336 (LysR)	TF homology	ZMO0972
ZM4	995799	995800	ZMO1336	8463.79	995765	995766	TSS_2194	-	-34	ZMO1336 (LysR)	TF homology	ZMO0976
ZM4	1012392	1012393	ZMO1336	27.8958	1012360	1012361	TSS_2228	-	-32	ZMO1336 (LysR)	TF homology	ZMO0992
ZM4	1013404	1013405	ZMO1336	859.484	1013306	1013307	TSS_2238	+	98	ZMO1336 (LysR)	TF homology	ZMO0996
ZM4	1017201	1017202	ZMO1336	4.90691	1017150	1017151	TSS_2249	-	-51	ZMO1336 (LysR)	TF homology	ZMO0999
ZM4	1020224	1020225	ZMO1336	754.723	1020047	1020048	TSS_2259	+	177	ZMO1336 (LysR)	TF homology	ZMO1001
ZM4	1027933	1027934	ZMO1336	66.5429	1027928	1027929	TSS_2272	+	5	ZMO1336 (LysR)	TF homology	ZMO1008
ZM4	1050850	1050851	ZMO1336	2.10555	1050833	1050834	TSS_2325	-	-17	ZMO1336 (LysR)	TF homology	ZMO1034
ZM4	1055128	1055129	ZMO1336	245.702	1055163	1055164	TSS_2348	+	-35	ZMO1336 (LysR)	TF homology	ZMO1040
ZM4	1061192	1061193	ZMO1336	20.1208	1061294	1061295	TSS_2358	+	-102	ZMO1336 (LysR)	TF homology	ZMO1044
ZM4	1071434	1071435	ZMO1336	38.6697	1071475	1071476	TSS_2379	+	-41	ZMO1336 (LysR)	TF homology	ZMO1055
ZM4	1076741	1076742	ZMO1336	14.9049	1076724	1076725	TSS_2389	-	-17	ZMO1336 (LysR)	TF homology	ZMO1060
ZM4	1077917	1077918	ZMO1336	14.8002	1078025	1078026	TSS_2390	+	-108	ZMO1336 (LysR)	TF homology	ZMO1062
ZM4	1124858	1124859	ZMO1336	13.0741	1124873	1124874	TSS_2467	+	-15	ZMO1336 (LysR)	TF homology	ZMO1107
ZM4	1127249	1127250	ZMO1336	4.08991	1127268	1127269	TSS_2491	+	-19	ZMO1336 (LysR)	TF homology	ZMO1111
ZM4	1132788	1132789	ZMO1336	9.99524	1132916	1132917	TSS_2506	+	-128	ZMO1336 (LysR)	TF homology	ZMO1116
ZM4	1151171	1151172	ZMO1336	117.476	1151171	1151172	TSS_2536	+	0	ZMO1336 (LysR)	TF homology	ZMO1133
ZM4	1156040	1156041	ZMO1336	293.539	1155873	1155874	TSS_2544	-	-167	ZMO1336 (LysR)	TF homology	ZMO1136
ZM4	1176667	1176668	ZMO1336	11.0492	1176582	1176583	TSS_2618	+	85	ZMO1336 (LysR)	TF homology	ZMO2060
ZM4	1180952	1180953	ZMO1336	61.0978	1180956	1180957	TSS_2628	+	-4	ZMO1336 (LysR)	TF homology	ZMO1163
ZM4	1199109	1199110	ZMO1336	601.398	1199101	1199102	TSS_2656	-	-8	ZMO1336 (LysR)	TF homology	ZMO1177
ZM4	1202190	1202191	ZMO1336	71.323	1202318	1202319	TSS_2664	-	128	ZMO1336 (LysR)	TF homology	ZMO1180
ZM4	1202444	1202445	ZMO1336	143.336	1202368	1202369	TSS_2665	-	-76	ZMO1336 (LysR)	TF homology	ZMO1180
ZM4	1204523	1204524	ZMO1336	48.9272	1204323	1204324	TSS_2670	-	-200	ZMO1336 (LysR)	TF homology	ZMO1182
ZM4	1208191	1208192	ZMO1336	283.386	1208156	1208157	TSS_2678	-	-35	ZMO1336 (LysR)	TF homology	ZMO1184
ZM4	1231029	1231030	ZMO1336	1066.45	1231054	1231055	TSS_2705	-	25	ZMO1336 (LysR)	TF homology	ZMO1205
ZM4	1242079	1242080	ZMO1336	6.88317	1242099	1242100	TSS_2745	+	-20	ZMO1336 (LysR)	TF homology	ZMO1215
ZM4	1250333	1250334	ZMO1336	5.67843	1250410	1250411	TSS_2776	-	77	ZMO1336 (LysR)	TF homology	ZMO1223
ZM4	1278769	1278770	ZMO1336	2813.73	1278786	1278787	TSS_2859	+	-17	ZMO1336 (LysR)	TF homology	ZMO1261
ZM4	1283511	1283512	ZMO1336	50.6802	1283501	1283502	TSS_2860	+	10	ZMO1336 (LysR)	TF homology	ZMO1267
ZM4	1286731	1286732	ZMO1336	33.5531	1286733	1286734	TSS_2869	+	-2	ZMO1336 (LysR)	TF homology	ZMO1270
ZM4	1297396	1297397	ZMO1336	8.66827	1297477	1297478	TSS_2904	+	-81	ZMO1336 (LysR)	TF homology	ZMO1283
ZM4	1302489	1302490	ZMO1336	371.037	1302461	1302462	TSS_2908	-	-28	ZMO1336 (LysR)	TF homology	ZMO1286
ZM4	1302768	1302769	ZMO1336	70.4044	1302961	1302962	TSS_2909	-	193	ZMO1336 (LysR)	TF homology	ZMO1286
ZM4	1305868	1305869	ZMO1336	1.50659	1305837	1305838	TSS_2930	-	-31	ZMO1336 (LysR)	TF homology	ZMO1289
ZM4	1307659	1307660	ZMO1336	77.9613	1307710	1307711	TSS_2932	-	51	ZMO1336 (LysR)	TF homology	ZMO1291
ZM4	1311342	1311343	ZMO1336	263.226	1311230	1311231	TSS_2940	-	-112	ZMO1336 (LysR)	TF homology	ZMO2015
ZM4	1312993	1312994	ZMO1336	212.546	1312979	1312980	TSS_2943	+	14	ZMO1336 (LysR)	TF homology	ZMO1298
ZM4	1315938	1315939	ZMO1336	35.6006	1315933	1315934	TSS_2949	+	5	ZMO1336 (LysR)	TF homology	ZMO2017
ZM4	1322743	1322744	ZMO1336	17.6968	1322654	1322655	TSS_2961	-	-89	ZMO1336 (LysR)	TF homology	ZMO1305
ZM4	1341630	1341631	ZMO1336	85.8407	1341676	1341677	TSS_2995	+	-46	ZMO1336 (LysR)	TF homology	ZMO1322
ZM4	1351637	1351638	ZMO1336	39638.3	1351697	1351698	TSS_3020	+	-60	ZMO1336 (LysR)	TF homology	ZMO1334
ZM4	1354415	1354416	ZMO1336	33522.1	1354443	1354444	TSS_3030	+	-28	ZMO1336 (LysR)	TF homology	ZMO1337
ZM4	1379946	1379947	ZMO1336	42.3642	1379883	1379884	TSS_3124	+	63	ZMO1336 (LysR)	TF homology	ZMO1365
ZM4	1388130	1388131	ZMO1336	6.8434	1388128	1388129	TSS_3143	+	2	ZMO1336 (LysR)	TF homology	ZMO1373
ZM4	1401348	1401349	ZMO1336	50.0755	1401288	1401289	TSS_3160	+	60	ZMO1336 (LysR)	TF homology	ZMO1387
ZM4	1413539	1413540	ZMO1336	28.7255	1413590	1413591	TSS_3177	+	-51	ZMO1336 (LysR)	TF homology	ZMO1399
ZM4	1422214	1422215	ZMO1336	23.2715	1422132	1422133	TSS_3193	-	-82	ZMO1336 (LysR)	TF homology	ZMO1407
ZM4	1429530	1429531	ZMO1336	54.7208	1429455	1429456	TSS_3228	-	-75	ZMO1336 (LysR)	TF homology	ZMO1415
ZM4	1440661	1440662	ZMO1336	111.091	1440794	1440795	TSS_3236	+	-133	ZMO1336 (LysR)	TF homology	ZMO1424
ZM4	1443683	1443684	ZMO1336	12.9573	1443683	1443684	TSS_3240	+	0	ZMO1336 (LysR)	TF homology	ZMO1426
ZM4	1444183	1444184	ZMO1336	54.3516	1444240	1444241	TSS_3241	+	-57	ZMO1336 (LysR)	TF homology	ZMO1426
ZM4	1456218	1456219	ZMO1336	132.517	1456148	1456149	TSS_3255	-	-70	ZMO1336 (LysR)	TF homology	ZMO1436
ZM4	1459699	1459700	ZMO1336	16.2231	1459607	1459608	TSS_3260	-	-92	ZMO1336 (LysR)	TF homology	ZMO1440
ZM4	1473666	1473667	ZMO1336	26.6538	1473707	1473708	TSS_3273	-	41	ZMO1336 (LysR)	TF homology	ZMO1451
ZM4	1480981	1480982	ZMO1336	36.3992	1480998	1480999	TSS_3279	-	17	ZMO1336 (LysR)	TF homology	ZMO1459
ZM4	1486398	1486399	ZMO1336	13.6399	1486365	1486366	TSS_3285	-	-33	ZMO1336 (LysR)	TF homology	ZMO1464
ZM4	1489096	1489097	ZMO1336	18.3477	1489121	1489122	TSS_3290	+	-25	ZMO1336 (LysR)	TF homology	ZMO1467
ZM4	1492495	1492496	ZMO1336	60.2008	1492604	1492605	TSS_3294	-	109	ZMO1336 (LysR)	TF homology	ZMO1468
ZM4	1496117	1496118	ZMO1336	329.496	1495948	1495949	TSS_3299	-	-169	ZMO1336 (LysR)	TF homology	ZMO1471
ZM4	1505672	1505673	ZMO1336	34.7707	1505529	1505530	TSS_3319	-	-143	ZMO1336 (LysR)	TF homology	ZMO1481
ZM4	1517181	1517182	ZMO1336	426.671	1517256	1517257	TSS_3343	+	-75	ZMO1336 (LysR)	TF homology	ZMO1490
ZM4	1522012	1522013	ZMO1336	61.6472	1522124	1522125	TSS_3380	-	112	ZMO1336 (LysR)	TF homology	ZMO1495
ZM4	1522293	1522294	ZMO1336	6960.98	1522124	1522125	TSS_3380	-	-169	ZMO1336 (LysR)	TF homology	ZMO1495
ZM4	1547177	1547178	ZMO1336	310.063	1547277	1547278	TSS_3436	+	-100	ZMO1336 (LysR)	TF homology	ZMO1522
ZM4	1550693	1550694	ZMO1336	59.9606	1550719	1550720	TSS_3456	+	-26	ZMO1336 (LysR)	TF homology	ZMO1524
ZM4	1563145	1563146	ZMO1336	715.255	1563124	1563125	TSS_3474	+	21	ZMO1336 (LysR)	TF homology	ZMO1530
ZM4	1573816	1573817	ZMO1336	14.1134	1573897	1573898	TSS_3495	+	-81	ZMO1336 (LysR)	TF homology	ZMO1540
ZM4	1590376	1590377	ZMO1336	39.5294	1590449	1590450	TSS_3523	+	-73	ZMO1336 (LysR)	TF homology	ZMO1557
ZM4	1590621	1590622	ZMO1336	12.9317	1590726	1590727	TSS_3525	+	-105	ZMO1336 (LysR)	TF homology	ZMO1557
ZM4	1593645	1593646	ZMO1336	380.349	1593641	1593642	TSS_3527	+	4	ZMO1336 (LysR)	TF homology	ZMO1561
ZM4	1604952	1604953	ZMO1336	114.408	1605086	1605087	TSS_3544	+	-134	ZMO1336 (LysR)	TF homology	ZMO1571
ZM4	1635900	1635901	ZMO1336	475.635	1635892	1635893	TSS_3570	-	-8	ZMO1336 (LysR)	TF homology	ZMO1593
ZM4	1636134	1636135	ZMO1336	3225.03	1635946	1635947	TSS_3573	-	-188	ZMO1336 (LysR)	TF homology	ZMO1593
ZM4	1638297	1638298	ZMO1336	20.1877	1638361	1638362	TSS_3584	+	-64	ZMO1336 (LysR)	TF homology	ZMO1598
ZM4	1643298	1643299	ZMO1336	16.7128	1643341	1643342	TSS_3588	+	-43	ZMO1336 (LysR)	TF homology	ZMO1600
ZM4	1677084	1677085	ZMO1336	214.965	1676955	1676956	TSS_3668	-	-129	ZMO1336 (LysR)	TF homology	ZMO1631
ZM4	1695530	1695531	ZMO1336	308.892	1695623	1695624	TSS_3704	+	-93	ZMO1336 (LysR)	TF homology	ZMO1648
ZM4	1726634	1726635	ZMO1336	71.325	1726705	1726706	TSS_3767	+	-71	ZMO1336 (LysR)	TF homology	ZMO1681
ZM4	1739690	1739691	ZMO1336	705.474	1739858	1739859	TSS_3778	+	-168	ZMO1336 (LysR)	TF homology	ZMO1690
ZM4	1751785	1751786	ZMO1336	1014.08	1751658	1751659	TSS_3808	+	127	ZMO1336 (LysR)	TF homology	ZMO1700
ZM4	1765890	1765891	ZMO1336	137.99	1765875	1765876	TSS_3851	-	-15	ZMO1336 (LysR)	TF homology	ZMO1716
ZM4	1767016	1767017	ZMO1336	96.1251	1766945	1766946	TSS_3864	+	71	ZMO1336 (LysR)	TF homology	ZMO1718
ZM4	1777118	1777119	ZMO1336	5167.81	1776972	1776973	TSS_3891	-	-146	ZMO1336 (LysR)	TF homology	ZMO1728
ZM4	1780472	1780473	ZMO1336	691.515	1780429	1780430	TSS_3907	+	43	ZMO1336 (LysR)	TF homology	ZMO1734
ZM4	1794346	1794347	ZMO1336	189.913	1794364	1794365	TSS_3925	+	-18	ZMO1336 (LysR)	TF homology	ZMO1749
ZM4	1796847	1796848	ZMO1336	709.545	1796927	1796928	TSS_3931	+	-80	ZMO1336 (LysR)	TF homology	ZMO1751
ZM4	1798061	1798062	ZMO1336	76.5382	1798073	1798074	TSS_3960	+	-12	ZMO1336 (LysR)	TF homology	ZMO1753
ZM4	1801851	1801852	ZMO1336	5245.93	1801999	1802000	TSS_3966	+	-148	ZMO1336 (LysR)	TF homology	ZMO1756
ZM4	1802151	1802152	ZMO1336	100.479	1801999	1802000	TSS_3966	+	152	ZMO1336 (LysR)	TF homology	ZMO1756
ZM4	1820641	1820642	ZMO1336	3.5775	1820819	1820820	TSS_3998	+	-178	ZMO1336 (LysR)	TF homology	ZMO1776
ZM4	1821019	1821020	ZMO1336	143.813	1821000	1821001	TSS_3999	+	19	ZMO1336 (LysR)	TF homology	ZMO1776
ZM4	1834841	1834842	ZMO1336	55.9918	1834853	1834854	TSS_4035	+	-12	ZMO1336 (LysR)	TF homology	ZMO1790
ZM4	1845804	1845805	ZMO1336	3.75915	1845856	1845857	TSS_4078	+	-52	ZMO1336 (LysR)	TF homology	ZMO1801
ZM4	1849777	1849778	ZMO1336	3231.49	1849748	1849749	TSS_4086	-	-29	ZMO1336 (LysR)	TF homology	ZMO1806
ZM4	1864606	1864607	ZMO1336	100.222	1864521	1864522	TSS_4101	+	85	ZMO1336 (LysR)	TF homology	ZMO1818
ZM4	1885049	1885050	ZMO1336	125.801	1884937	1884938	TSS_4122	-	-112	ZMO1336 (LysR)	TF homology	ZMO1842
ZM4	1889731	1889732	ZMO1336	300.425	1889724	1889725	TSS_4133	-	-7	ZMO1336 (LysR)	TF homology	ZMO1848
ZM4	1890241	1890242	ZMO1336	12.6296	1890387	1890388	TSS_4135	+	-146	ZMO1336 (LysR)	TF homology	ZMO1849
ZM4	1908844	1908845	ZMO1336	40.9453	1908781	1908782	TSS_4144	-	-63	ZMO1336 (LysR)	TF homology	ZMO1860
ZM4	1922569	1922570	ZMO1336	39.8183	1922589	1922590	TSS_4158	-	20	ZMO1336 (LysR)	TF homology	ZMO1867
ZM4	1928173	1928174	ZMO1336	801.603	1928142	1928143	TSS_4185	+	31	ZMO1336 (LysR)	TF homology	ZMO1876
ZM4	1934792	1934793	ZMO1336	18.9321	1934616	1934617	TSS_4217	+	176	ZMO1336 (LysR)	TF homology	ZMO1882
ZM4	1939294	1939295	ZMO1336	111.677	1939167	1939168	TSS_4219	-	-127	ZMO1336 (LysR)	TF homology	ZMO1885
ZM4	1954646	1954647	ZMO1336	78.9182	1954553	1954554	TSS_4255	-	-93	ZMO1336 (LysR)	TF homology	ZMO1901
ZM4	1965652	1965653	ZMO1336	172.34	1965803	1965804	TSS_4297	+	-151	ZMO1336 (LysR)	TF homology	ZMO1913
ZM4	2013561	2013562	ZMO1336	2100.81	2013557	2013558	TSS_4386	-	-4	ZMO1336 (LysR)	TF homology	ZMO1955
ZM4	2056334	2056335	ZMO1336	80.1185	2056376	2056377	TSS_4425	-	42	ZMO1336 (LysR)	TF homology	ZMO1996
pZM32	14257	14258	ZMO1336	2854.74	14287	14288	TSS_4453	+	-30	ZMO1336 (LysR)	TF homology	ZMOp32x012
pZM33	2366	2367	ZMO1336	118.37	2327	2328	TSS_4498	-	-39	ZMO1336 (LysR)	TF homology	ZMOp33x004
pZM33	4732	4733	ZMO1336	28.5047	4574	4575	TSS_4504	-	-158	ZMO1336 (LysR)	TF homology	ZMOp33x008
pZM36	24187	24188	ZMO1336	92.2587	24196	24197	TSS_4601	+	-9	ZMO1336 (LysR)	TF homology	ZMOp36x033
pZM36	28492	28493	ZMO1336	14.5074	28416	28417	TSS_4603	+	76	ZMO1336 (LysR)	TF homology	ZMOp36x039
ZM4	299278	299279	ZMO1356	295.974	299414	299415	TSS_0587	-	136	ZMO1356 (DnaA)	NAP homology	ZMO0293
ZM4	340682	340683	ZMO1356	30.5179	340636	340637	TSS_0666	+	46	ZMO1356 (DnaA)	NAP homology	ZMO0345
ZM4	472737	472738	ZMO1356	678.765	472788	472789	TSS_0963	+	-51	ZMO1356 (DnaA)	NAP homology	ZMO0480
ZM4	498356	498357	ZMO1356	2.92695	498429	498430	TSS_1029	+	-73	ZMO1356 (DnaA)	NAP homology	ZMO0498
ZM4	528822	528823	ZMO1356	37.4705	528932	528933	TSS_1182	+	-110	ZMO1356 (DnaA)	NAP homology	ZMO0534
ZM4	678180	678181	ZMO1356	265.862	678192	678193	TSS_1560	+	-12	ZMO1356 (DnaA)	NAP homology	ZMO0682
ZM4	693641	693642	ZMO1356	29.1055	693748	693749	TSS_1591	-	107	ZMO1356 (DnaA)	NAP homology	ZMO0694
ZM4	764227	764228	ZMO1356	7967.27	764204	764205	TSS_1779	+	23	ZMO1356 (DnaA)	NAP homology	ZMO0767
ZM4	865054	865055	ZMO1356	29.3241	865249	865250	TSS_1928	-	195	ZMO1356 (DnaA)	NAP homology	ZMO0851
ZM4	989663	989664	ZMO1356	634.756	989685	989686	TSS_2181	+	-22	ZMO1356 (DnaA)	NAP homology	ZMO0972
ZM4	1075261	1075262	ZMO1356	46367	1075241	1075242	TSS_2383	+	20	ZMO1356 (DnaA)	NAP homology	ZMO1059
ZM4	1111747	1111748	ZMO1356	33.3245	1111838	1111839	TSS_2452	-	91	ZMO1356 (DnaA)	NAP homology	ZMO1097
ZM4	1620842	1620843	ZMO1356	429.262	1620985	1620986	TSS_3553	+	-143	ZMO1356 (DnaA)	NAP homology	ZMO1581
ZM4	1718686	1718687	ZMO1356	99.5855	1718669	1718670	TSS_3753	+	17	ZMO1356 (DnaA)	NAP homology	ZMO1671
ZM4	2058255	2058256	ZMO1356	54379.6	2058164	2058165	TSS_4428	-	-91	ZMO1356 (DnaA)	NAP homology	ZMO1998
ZM4	318410	318411	ZMO1383	37.1911	318303	318304	TSS_0612	-	-107	ZMO1383 (0.99)	Predicted DBD	ZMO0315
ZM4	14522	14523	ZMO1412	1798.14	14514	14515	TSS_0014	-	-8	ZMO1412 (MucR)	TF homology	ZMO0011
ZM4	26162	26163	ZMO1412	2183.41	26028	26029	TSS_0027	-	-134	ZMO1412 (MucR)	TF homology	ZMO0022
ZM4	33975	33976	ZMO1412	1572.25	34058	34059	TSS_0031	+	-83	ZMO1412 (MucR)	TF homology	ZMO0030
ZM4	43329	43330	ZMO1412	4847.69	43156	43157	TSS_0059	-	-173	ZMO1412 (MucR)	TF homology	ZMO0043
ZM4	50951	50952	ZMO1412	134.04	50901	50902	TSS_0064	-	-50	ZMO1412 (MucR)	TF homology	ZMO0055
ZM4	59941	59942	ZMO1412	265.728	60122	60123	TSS_0077	+	-181	ZMO1412 (MucR)	TF homology	ZMO0068
ZM4	61492	61493	ZMO1412	270.838	61521	61522	TSS_0079	+	-29	ZMO1412 (MucR)	TF homology	ZMO0069
ZM4	74948	74949	ZMO1412	203.128	74934	74935	TSS_0099	-	-14	ZMO1412 (MucR)	TF homology	ZMO0084
ZM4	79675	79676	ZMO1412	232.545	79619	79620	TSS_0102	-	-56	ZMO1412 (MucR)	TF homology	ZMO0087
ZM4	85228	85229	ZMO1412	618.414	85198	85199	TSS_0111	-	-30	ZMO1412 (MucR)	TF homology	ZMO0095
ZM4	99728	99729	ZMO1412	121.292	99644	99645	TSS_0137	-	-84	ZMO1412 (MucR)	TF homology	ZMO0111
ZM4	100800	100801	ZMO1412	42.6295	100905	100906	TSS_0139	+	-105	ZMO1412 (MucR)	TF homology	ZMO0113
ZM4	103888	103889	ZMO1412	57.3942	103994	103995	TSS_0143	+	-106	ZMO1412 (MucR)	TF homology	ZMO0116
ZM4	119276	119277	ZMO1412	2544.81	119236	119237	TSS_0172	-	-40	ZMO1412 (MucR)	TF homology	ZMO0130
ZM4	121670	121671	ZMO1412	202.629	121810	121811	TSS_0174	+	-140	ZMO1412 (MucR)	TF homology	ZMO0133
ZM4	137356	137357	ZMO1412	595.941	137393	137394	TSS_0202	-	37	ZMO1412 (MucR)	TF homology	ZMO0148
ZM4	140733	140734	ZMO1412	13.8893	140724	140725	TSS_0215	+	9	ZMO1412 (MucR)	TF homology	ZMO2043
ZM4	143881	143882	ZMO1412	167.645	143908	143909	TSS_0224	-	27	ZMO1412 (MucR)	TF homology	ZMO0156
ZM4	146267	146268	ZMO1412	424.642	146265	146266	TSS_0237	+	2	ZMO1412 (MucR)	TF homology	ZMO0160
ZM4	148774	148775	ZMO1412	253.522	148737	148738	TSS_0239	+	37	ZMO1412 (MucR)	TF homology	ZMO0165
ZM4	150707	150708	ZMO1412	3119.94	150698	150699	TSS_0246	+	9	ZMO1412 (MucR)	TF homology	ZMO0166
ZM4	166800	166801	ZMO1412	1358.41	166932	166933	TSS_0325	+	-132	ZMO1412 (MucR)	TF homology	ZMO0179
ZM4	169432	169433	ZMO1412	154.266	169474	169475	TSS_0333	+	-42	ZMO1412 (MucR)	TF homology	ZMO0182
ZM4	173256	173257	ZMO1412	338.791	173165	173166	TSS_0346	-	-91	ZMO1412 (MucR)	TF homology	ZMO0183
ZM4	173530	173531	ZMO1412	428.987	173662	173663	TSS_0347	+	-132	ZMO1412 (MucR)	TF homology	ZMO0184
ZM4	185236	185237	ZMO1412	2337.91	185047	185048	TSS_0381	-	-189	ZMO1412 (MucR)	TF homology	ZMO0192
ZM4	189636	189637	ZMO1412	89.9809	189463	189464	TSS_0389	+	173	ZMO1412 (MucR)	TF homology	ZMO0197
ZM4	196153	196154	ZMO1412	12.7779	196200	196201	TSS_0398	-	47	ZMO1412 (MucR)	TF homology	ZMO0201
ZM4	196862	196863	ZMO1412	6346.97	196961	196962	TSS_0399	+	-99	ZMO1412 (MucR)	TF homology	ZMO0202
ZM4	218137	218138	ZMO1412	182.298	218162	218163	TSS_0433	+	-25	ZMO1412 (MucR)	TF homology	ZMO0223
ZM4	232507	232508	ZMO1412	713.821	232569	232570	TSS_0453	-	62	ZMO1412 (MucR)	TF homology	ZMO0234
ZM4	243309	243310	ZMO1412	75.7277	243436	243437	TSS_0490	+	-127	ZMO1412 (MucR)	TF homology	ZMO0249
ZM4	245018	245019	ZMO1412	5228.14	245089	245090	TSS_0500	+	-71	ZMO1412 (MucR)	TF homology	ZMO0252
ZM4	258956	258957	ZMO1412	84.4615	259009	259010	TSS_0512	+	-53	ZMO1412 (MucR)	TF homology	ZMO0256
ZM4	266352	266353	ZMO1412	2095.45	266314	266315	TSS_0529	-	-38	ZMO1412 (MucR)	TF homology	ZMO0263
ZM4	267779	267780	ZMO1412	22.5378	267770	267771	TSS_0530	-	-9	ZMO1412 (MucR)	TF homology	ZMO0264
ZM4	276409	276410	ZMO1412	270.251	276580	276581	TSS_0538	+	-171	ZMO1412 (MucR)	TF homology	ZMO0271
ZM4	276734	276735	ZMO1412	27.0181	276580	276581	TSS_0538	+	154	ZMO1412 (MucR)	TF homology	ZMO0271
ZM4	277010	277011	ZMO1412	1020.9	277111	277112	TSS_0539	+	-101	ZMO1412 (MucR)	TF homology	ZMO0271
ZM4	282739	282740	ZMO1412	205.881	282731	282732	TSS_0547	-	-8	ZMO1412 (MucR)	TF homology	ZMO0275
ZM4	293851	293852	ZMO1412	820.538	293932	293933	TSS_0579	+	-81	ZMO1412 (MucR)	TF homology	ZMO0287
ZM4	299285	299286	ZMO1412	10850.7	299414	299415	TSS_0587	-	129	ZMO1412 (MucR)	TF homology	ZMO0293
ZM4	301071	301072	ZMO1412	508.927	301158	301159	TSS_0595	+	-87	ZMO1412 (MucR)	TF homology	ZMO0297
ZM4	312379	312380	ZMO1412	1226.43	312500	312501	TSS_0603	+	-121	ZMO1412 (MucR)	TF homology	ZMO0309
ZM4	318412	318413	ZMO1412	388.223	318303	318304	TSS_0612	-	-109	ZMO1412 (MucR)	TF homology	ZMO0315
ZM4	319744	319745	ZMO1412	1706.56	319710	319711	TSS_0617	-	-34	ZMO1412 (MucR)	TF homology	ZMO0319
ZM4	332433	332434	ZMO1412	205.051	332383	332384	TSS_0646	-	-50	ZMO1412 (MucR)	TF homology	ZMO0332
ZM4	334171	334172	ZMO1412	180.489	334244	334245	TSS_0651	+	-73	ZMO1412 (MucR)	TF homology	ZMO0339
ZM4	338774	338775	ZMO1412	951.449	338771	338772	TSS_0658	-	-3	ZMO1412 (MucR)	TF homology	ZMO0343
ZM4	340533	340534	ZMO1412	576.7	340636	340637	TSS_0666	+	-103	ZMO1412 (MucR)	TF homology	ZMO0345
ZM4	343190	343191	ZMO1412	1849.4	343197	343198	TSS_0679	+	-7	ZMO1412 (MucR)	TF homology	ZMO0347
ZM4	363610	363611	ZMO1412	2816.76	363690	363691	TSS_0711	+	-80	ZMO1412 (MucR)	TF homology	ZMO0361
ZM4	363795	363796	ZMO1412	2310.09	363690	363691	TSS_0711	+	105	ZMO1412 (MucR)	TF homology	ZMO0361
ZM4	370849	370850	ZMO1412	3128.45	370845	370846	TSS_0723	+	4	ZMO1412 (MucR)	TF homology	ZMO0366
ZM4	378328	378329	ZMO1412	651.418	378389	378390	TSS_0771	+	-61	ZMO1412 (MucR)	TF homology	ZMO0372
ZM4	385561	385562	ZMO1412	446.283	385497	385498	TSS_0790	-	-64	ZMO1412 (MucR)	TF homology	ZMO0376
ZM4	397726	397727	ZMO1412	8365.03	397722	397723	TSS_0795	+	4	ZMO1412 (MucR)	TF homology	ZMO0395
ZM4	419849	419850	ZMO1412	78.9837	419827	419828	TSS_0833	-	-22	ZMO1412 (MucR)	TF homology	ZMO0414
ZM4	425160	425161	ZMO1412	1031.68	425032	425033	TSS_0837	-	-128	ZMO1412 (MucR)	TF homology	ZMO0421
ZM4	425476	425477	ZMO1412	52.3769	425420	425421	TSS_0839	+	56	ZMO1412 (MucR)	TF homology	ZMO0422
ZM4	431345	431346	ZMO1412	87.4836	431194	431195	TSS_0845	+	151	ZMO1412 (MucR)	TF homology	ZMO0430
ZM4	434101	434102	ZMO1412	360.691	433937	433938	TSS_0852	-	-164	ZMO1412 (MucR)	TF homology	ZMO0432
ZM4	452460	452461	ZMO1412	545.896	452446	452447	TSS_0908	-	-14	ZMO1412 (MucR)	TF homology	ZMO0454
ZM4	466879	466880	ZMO1412	45.5767	466854	466855	TSS_0950	-	-25	ZMO1412 (MucR)	TF homology	ZMO0472
ZM4	470708	470709	ZMO1412	130.172	470768	470769	TSS_0956	+	-60	ZMO1412 (MucR)	TF homology	ZMO0478
ZM4	472225	472226	ZMO1412	56.7762	472301	472302	TSS_0960	+	-76	ZMO1412 (MucR)	TF homology	ZMO0480
ZM4	476837	476838	ZMO1412	961.222	476840	476841	TSS_0970	-	3	ZMO1412 (MucR)	TF homology	ZMO0482
ZM4	479051	479052	ZMO1412	932.725	479088	479089	TSS_0973	+	-37	ZMO1412 (MucR)	TF homology	ZMO0485
ZM4	485999	486000	ZMO1412	63.4041	485993	485994	TSS_1004	+	6	ZMO1412 (MucR)	TF homology	ZMO0491
ZM4	489959	489960	ZMO1412	45.9133	489935	489936	TSS_1023	+	24	ZMO1412 (MucR)	TF homology	ZMO0494
ZM4	504166	504167	ZMO1412	64.8912	504288	504289	TSS_1040	-	122	ZMO1412 (MucR)	TF homology	ZMO0500
ZM4	509281	509282	ZMO1412	574.032	509404	509405	TSS_1045	+	-123	ZMO1412 (MucR)	TF homology	ZMO0507
ZM4	511302	511303	ZMO1412	19.3042	511301	511302	TSS_1048	+	1	ZMO1412 (MucR)	TF homology	ZMO0510
ZM4	532611	532612	ZMO1412	148.604	532615	532616	TSS_1196	+	-4	ZMO1412 (MucR)	TF homology	ZMO0539
ZM4	535981	535982	ZMO1412	710.956	536066	536067	TSS_1234	+	-85	ZMO1412 (MucR)	TF homology	ZMO0543
ZM4	559195	559196	ZMO1412	4208.76	559230	559231	TSS_1328	+	-35	ZMO1412 (MucR)	TF homology	ZMO0560
ZM4	569985	569986	ZMO1412	81.8186	569906	569907	TSS_1353	-	-79	ZMO1412 (MucR)	TF homology	ZMO0566
ZM4	583797	583798	ZMO1412	230.14	583750	583751	TSS_1374	-	-47	ZMO1412 (MucR)	TF homology	ZMO0578
ZM4	583931	583932	ZMO1412	170.669	583872	583873	TSS_1375	-	-59	ZMO1412 (MucR)	TF homology	ZMO0578
ZM4	606082	606083	ZMO1412	594.676	606103	606104	TSS_1408	-	21	ZMO1412 (MucR)	TF homology	ZMO0603
ZM4	608527	608528	ZMO1412	390.24	608481	608482	TSS_1413	-	-46	ZMO1412 (MucR)	TF homology	ZMO0605
ZM4	617402	617403	ZMO1412	473.207	617213	617214	TSS_1436	+	189	ZMO1412 (MucR)	TF homology	ZMO0619
ZM4	619034	619035	ZMO1412	321.124	619099	619100	TSS_1442	+	-65	ZMO1412 (MucR)	TF homology	ZMO0624
ZM4	625513	625514	ZMO1412	300.835	625384	625385	TSS_1453	-	-129	ZMO1412 (MucR)	TF homology	ZMO0629
ZM4	635080	635081	ZMO1412	1555.46	635196	635197	TSS_1465	+	-116	ZMO1412 (MucR)	TF homology	ZMO0642
ZM4	644375	644376	ZMO1412	218.291	644525	644526	TSS_1488	-	150	ZMO1412 (MucR)	TF homology	ZMO0653
ZM4	652721	652722	ZMO1412	127.823	652673	652674	TSS_1496	+	48	ZMO1412 (MucR)	TF homology	ZMO0659
ZM4	659167	659168	ZMO1412	95.2998	659134	659135	TSS_1515	+	33	ZMO1412 (MucR)	TF homology	ZMO0664
ZM4	666069	666070	ZMO1412	383.004	666129	666130	TSS_1540	+	-60	ZMO1412 (MucR)	TF homology	ZMO0672
ZM4	673782	673783	ZMO1412	2408.81	673600	673601	TSS_1559	-	-182	ZMO1412 (MucR)	TF homology	ZMO0678
ZM4	678225	678226	ZMO1412	1126.9	678246	678247	TSS_1561	+	-21	ZMO1412 (MucR)	TF homology	ZMO0682
ZM4	693786	693787	ZMO1412	3895.31	693748	693749	TSS_1591	-	-38	ZMO1412 (MucR)	TF homology	ZMO0694
ZM4	708446	708447	ZMO1412	35.8267	708446	708447	TSS_1614	+	0	ZMO1412 (MucR)	TF homology	ZMO0711
ZM4	714430	714431	ZMO1412	86.5263	714298	714299	TSS_1620	+	132	ZMO1412 (MucR)	TF homology	ZMO0715
ZM4	741938	741939	ZMO1412	2031.87	741940	741941	TSS_1720	+	-2	ZMO1412 (MucR)	TF homology	ZMO0740
ZM4	742255	742256	ZMO1412	49.2925	742256	742257	TSS_1728	+	-1	ZMO1412 (MucR)	TF homology	ZMO0743
ZM4	744268	744269	ZMO1412	348.403	744285	744286	TSS_1731	+	-17	ZMO1412 (MucR)	TF homology	ZMO0744
ZM4	764209	764210	ZMO1412	43.6401	764204	764205	TSS_1779	+	5	ZMO1412 (MucR)	TF homology	ZMO0767
ZM4	784647	784648	ZMO1412	287.05	784638	784639	TSS_1801	+	9	ZMO1412 (MucR)	TF homology	ZMO0786
ZM4	791925	791926	ZMO1412	1659.22	792107	792108	TSS_1806	+	-182	ZMO1412 (MucR)	TF homology	ZMO0791
ZM4	820111	820112	ZMO1412	239.306	820157	820158	TSS_1853	+	-46	ZMO1412 (MucR)	TF homology	ZMO0818
ZM4	826939	826940	ZMO1412	1110.56	826778	826779	TSS_1868	+	161	ZMO1412 (MucR)	TF homology	ZMO0823
ZM4	843697	843698	ZMO1412	233.113	843741	843742	TSS_1886	+	-44	ZMO1412 (MucR)	TF homology	ZMO0837
ZM4	858367	858368	ZMO1412	763.196	858288	858289	TSS_1918	+	79	ZMO1412 (MucR)	TF homology	ZMO0847
ZM4	862415	862416	ZMO1412	1816.5	862488	862489	TSS_1919	+	-73	ZMO1412 (MucR)	TF homology	ZMO0850
ZM4	862711	862712	ZMO1412	5407.2	862764	862765	TSS_1922	+	-53	ZMO1412 (MucR)	TF homology	ZMO0850
ZM4	869589	869590	ZMO1412	2031.57	869458	869459	TSS_1936	-	-131	ZMO1412 (MucR)	TF homology	ZMO0857
ZM4	876774	876775	ZMO1412	5074.04	876775	876776	TSS_1957	+	-1	ZMO1412 (MucR)	TF homology	ZMO0866
ZM4	890972	890973	ZMO1412	2010.01	890937	890938	TSS_1988	-	-35	ZMO1412 (MucR)	TF homology	ZMO0878
ZM4	894459	894460	ZMO1412	395.647	894384	894385	TSS_1991	-	-75	ZMO1412 (MucR)	TF homology	ZMO0882
ZM4	899163	899164	ZMO1412	9826.34	899111	899112	TSS_2003	-	-52	ZMO1412 (MucR)	TF homology	ZMO0889
ZM4	906394	906395	ZMO1412	86.6936	906229	906230	TSS_2013	-	-165	ZMO1412 (MucR)	TF homology	ZMO0894
ZM4	915983	915984	ZMO1412	40.9779	915920	915921	TSS_2027	-	-63	ZMO1412 (MucR)	TF homology	ZMO0903
ZM4	924595	924596	ZMO1412	594.948	924784	924785	TSS_2042	-	189	ZMO1412 (MucR)	TF homology	ZMO0908
ZM4	926684	926685	ZMO1412	352.521	926796	926797	TSS_2046	+	-112	ZMO1412 (MucR)	TF homology	ZMO0911
ZM4	928312	928313	ZMO1412	113.959	928347	928348	TSS_2057	+	-35	ZMO1412 (MucR)	TF homology	ZMO0912
ZM4	931461	931462	ZMO1412	84.827	931469	931470	TSS_2060	-	8	ZMO1412 (MucR)	TF homology	ZMO0913
ZM4	932375	932376	ZMO1412	5.93595	932413	932414	TSS_2062	-	38	ZMO1412 (MucR)	TF homology	ZMO0914
ZM4	935205	935206	ZMO1412	1414.36	935263	935264	TSS_2073	+	-58	ZMO1412 (MucR)	TF homology	ZMO0917
ZM4	935393	935394	ZMO1412	516.276	935263	935264	TSS_2073	+	130	ZMO1412 (MucR)	TF homology	ZMO0917
ZM4	937039	937040	ZMO1412	109.618	937176	937177	TSS_2079	+	-137	ZMO1412 (MucR)	TF homology	ZMO0918
ZM4	938822	938823	ZMO1412	621.437	938778	938779	TSS_2085	+	44	ZMO1412 (MucR)	TF homology	ZMO0919
ZM4	948532	948533	ZMO1412	738.91	948575	948576	TSS_2099	+	-43	ZMO1412 (MucR)	TF homology	ZMO0925
ZM4	954234	954235	ZMO1412	559.833	954142	954143	TSS_2106	-	-92	ZMO1412 (MucR)	TF homology	ZMO0934
ZM4	955172	955173	ZMO1412	4837.07	954996	954997	TSS_2109	-	-176	ZMO1412 (MucR)	TF homology	ZMO0935
ZM4	957551	957552	ZMO1412	1866.88	957435	957436	TSS_2111	-	-116	ZMO1412 (MucR)	TF homology	ZMO0937
ZM4	986044	986045	ZMO1412	337.071	986158	986159	TSS_2179	+	-114	ZMO1412 (MucR)	TF homology	ZMO0969
ZM4	1008396	1008397	ZMO1412	388.383	1008411	1008412	TSS_2207	+	-15	ZMO1412 (MucR)	TF homology	ZMO0987
ZM4	1009135	1009136	ZMO1412	109.003	1009013	1009014	TSS_2216	+	122	ZMO1412 (MucR)	TF homology	ZMO0988
ZM4	1012409	1012410	ZMO1412	106.562	1012360	1012361	TSS_2228	-	-49	ZMO1412 (MucR)	TF homology	ZMO0992
ZM4	1013348	1013349	ZMO1412	1520.55	1013306	1013307	TSS_2238	+	42	ZMO1412 (MucR)	TF homology	ZMO0996
ZM4	1027939	1027940	ZMO1412	882.28	1027928	1027929	TSS_2272	+	11	ZMO1412 (MucR)	TF homology	ZMO1008
ZM4	1037039	1037040	ZMO1412	46.039	1036987	1036988	TSS_2296	-	-52	ZMO1412 (MucR)	TF homology	ZMO1018
ZM4	1039591	1039592	ZMO1412	92.8535	1039533	1039534	TSS_2301	-	-58	ZMO1412 (MucR)	TF homology	ZMO1020
ZM4	1055189	1055190	ZMO1412	4017.34	1055163	1055164	TSS_2348	+	26	ZMO1412 (MucR)	TF homology	ZMO1040
ZM4	1061206	1061207	ZMO1412	107.675	1061294	1061295	TSS_2358	+	-88	ZMO1412 (MucR)	TF homology	ZMO1044
ZM4	1067715	1067716	ZMO1412	219.168	1067834	1067835	TSS_2373	+	-119	ZMO1412 (MucR)	TF homology	ZMO1052
ZM4	1071505	1071506	ZMO1412	1244.4	1071475	1071476	TSS_2379	+	30	ZMO1412 (MucR)	TF homology	ZMO1055
ZM4	1076741	1076742	ZMO1412	39.2519	1076724	1076725	TSS_2389	-	-17	ZMO1412 (MucR)	TF homology	ZMO1060
ZM4	1077955	1077956	ZMO1412	661.081	1078025	1078026	TSS_2390	+	-70	ZMO1412 (MucR)	TF homology	ZMO1062
ZM4	1089291	1089292	ZMO1412	718.835	1089330	1089331	TSS_2433	+	-39	ZMO1412 (MucR)	TF homology	ZMO1080
ZM4	1098730	1098731	ZMO1412	1132.06	1098695	1098696	TSS_2439	+	35	ZMO1412 (MucR)	TF homology	ZMO1086
ZM4	1124895	1124896	ZMO1412	99.5056	1124873	1124874	TSS_2467	+	22	ZMO1412 (MucR)	TF homology	ZMO1107
ZM4	1127140	1127141	ZMO1412	89.9291	1127127	1127128	TSS_2486	-	-13	ZMO1412 (MucR)	TF homology	ZMO1109
ZM4	1132791	1132792	ZMO1412	93.4362	1132916	1132917	TSS_2506	+	-125	ZMO1412 (MucR)	TF homology	ZMO1116
ZM4	1139140	1139141	ZMO1412	82.2519	1139181	1139182	TSS_2512	+	-41	ZMO1412 (MucR)	TF homology	ZMO1118
ZM4	1151144	1151145	ZMO1412	87.3475	1151133	1151134	TSS_2535	-	-11	ZMO1412 (MucR)	TF homology	ZMO1132
ZM4	1155846	1155847	ZMO1412	294.416	1155829	1155830	TSS_2543	-	-17	ZMO1412 (MucR)	TF homology	ZMO1136
ZM4	1156052	1156053	ZMO1412	1482.08	1155873	1155874	TSS_2544	-	-179	ZMO1412 (MucR)	TF homology	ZMO1136
ZM4	1157959	1157960	ZMO1412	91.3657	1157784	1157785	TSS_2554	+	175	ZMO1412 (MucR)	TF homology	ZMO1139
ZM4	1176685	1176686	ZMO1412	358.184	1176582	1176583	TSS_2618	+	103	ZMO1412 (MucR)	TF homology	ZMO2060
ZM4	1180932	1180933	ZMO1412	87.9749	1180926	1180927	TSS_2627	+	6	ZMO1412 (MucR)	TF homology	ZMO1163
ZM4	1202489	1202490	ZMO1412	49.2209	1202368	1202369	TSS_2665	-	-121	ZMO1412 (MucR)	TF homology	ZMO1180
ZM4	1203369	1203370	ZMO1412	4955.9	1203316	1203317	TSS_2666	-	-53	ZMO1412 (MucR)	TF homology	ZMO1181
ZM4	1208167	1208168	ZMO1412	215.243	1208156	1208157	TSS_2678	-	-11	ZMO1412 (MucR)	TF homology	ZMO1184
ZM4	1208798	1208799	ZMO1412	277.087	1208971	1208972	TSS_2679	+	-173	ZMO1412 (MucR)	TF homology	ZMO1186
ZM4	1209105	1209106	ZMO1412	10.4688	1208971	1208972	TSS_2679	+	134	ZMO1412 (MucR)	TF homology	ZMO1186
ZM4	1211892	1211893	ZMO1412	52.0861	1211854	1211855	TSS_2681	-	-38	ZMO1412 (MucR)	TF homology	ZMO1187
ZM4	1225529	1225530	ZMO1412	22.4484	1225593	1225594	TSS_2694	+	-64	ZMO1412 (MucR)	TF homology	ZMO1198
ZM4	1231042	1231043	ZMO1412	3008.82	1231054	1231055	TSS_2705	-	12	ZMO1412 (MucR)	TF homology	ZMO1205
ZM4	1236311	1236312	ZMO1412	63.201	1236263	1236264	TSS_2716	-	-48	ZMO1412 (MucR)	TF homology	ZMO1209
ZM4	1239763	1239764	ZMO1412	1400.94	1239730	1239731	TSS_2740	-	-33	ZMO1412 (MucR)	TF homology	ZMO1212
ZM4	1262951	1262952	ZMO1412	3518.22	1262861	1262862	TSS_2826	-	-90	ZMO1412 (MucR)	TF homology	ZMO1236
ZM4	1264546	1264547	ZMO1412	19.7933	1264569	1264570	TSS_2830	-	23	ZMO1412 (MucR)	TF homology	ZMO1237
ZM4	1278722	1278723	ZMO1412	2979.44	1278786	1278787	TSS_2859	+	-64	ZMO1412 (MucR)	TF homology	ZMO1261
ZM4	1296677	1296678	ZMO1412	85.9257	1296662	1296663	TSS_2890	-	-15	ZMO1412 (MucR)	TF homology	ZMO1278
ZM4	1297390	1297391	ZMO1412	225.691	1297477	1297478	TSS_2904	+	-87	ZMO1412 (MucR)	TF homology	ZMO1283
ZM4	1302505	1302506	ZMO1412	301.598	1302461	1302462	TSS_2908	-	-44	ZMO1412 (MucR)	TF homology	ZMO1286
ZM4	1302796	1302797	ZMO1412	1219.27	1302961	1302962	TSS_2909	-	165	ZMO1412 (MucR)	TF homology	ZMO1286
ZM4	1303988	1303989	ZMO1412	577.439	1304150	1304151	TSS_2916	+	-162	ZMO1412 (MucR)	TF homology	ZMO1288
ZM4	1305811	1305812	ZMO1412	58.7975	1305817	1305818	TSS_2920	-	6	ZMO1412 (MucR)	TF homology	ZMO1289
ZM4	1307816	1307817	ZMO1412	6696.16	1307713	1307714	TSS_2933	-	-103	ZMO1412 (MucR)	TF homology	ZMO1291
ZM4	1311310	1311311	ZMO1412	3619.9	1311230	1311231	TSS_2940	-	-80	ZMO1412 (MucR)	TF homology	ZMO2015
ZM4	1312997	1312998	ZMO1412	5310.5	1312979	1312980	TSS_2943	+	18	ZMO1412 (MucR)	TF homology	ZMO1298
ZM4	1316016	1316017	ZMO1412	1093.34	1316003	1316004	TSS_2951	+	13	ZMO1412 (MucR)	TF homology	ZMO2017
ZM4	1341583	1341584	ZMO1412	53.7428	1341572	1341573	TSS_2994	+	11	ZMO1412 (MucR)	TF homology	ZMO1322
ZM4	1354420	1354421	ZMO1412	1725.02	1354443	1354444	TSS_3030	+	-23	ZMO1412 (MucR)	TF homology	ZMO1337
ZM4	1365002	1365003	ZMO1412	85.2491	1365071	1365072	TSS_3059	-	69	ZMO1412 (MucR)	TF homology	ZMO1347
ZM4	1368741	1368742	ZMO1412	165.705	1368745	1368746	TSS_3071	-	4	ZMO1412 (MucR)	TF homology	ZMO1352
ZM4	1370865	1370866	ZMO1412	246.756	1370866	1370867	TSS_3092	-	1	ZMO1412 (MucR)	TF homology	ZMO1354
ZM4	1379919	1379920	ZMO1412	885.753	1379883	1379884	TSS_3124	+	36	ZMO1412 (MucR)	TF homology	ZMO1365
ZM4	1388145	1388146	ZMO1412	22.2208	1388128	1388129	TSS_3143	+	17	ZMO1412 (MucR)	TF homology	ZMO1373
ZM4	1399252	1399253	ZMO1412	149.084	1399254	1399255	TSS_3158	+	-2	ZMO1412 (MucR)	TF homology	ZMO1385
ZM4	1401330	1401331	ZMO1412	211.911	1401288	1401289	TSS_3160	+	42	ZMO1412 (MucR)	TF homology	ZMO1387
ZM4	1420888	1420889	ZMO1412	92.272	1420890	1420891	TSS_3191	-	2	ZMO1412 (MucR)	TF homology	ZMO1406
ZM4	1422131	1422132	ZMO1412	67.4333	1422132	1422133	TSS_3193	-	1	ZMO1412 (MucR)	TF homology	ZMO1407
ZM4	1425546	1425547	ZMO1412	71.0093	1425556	1425557	TSS_3199	+	-10	ZMO1412 (MucR)	TF homology	ZMO2019
ZM4	1427060	1427061	ZMO1412	29.5931	1427047	1427048	TSS_3220	-	-13	ZMO1412 (MucR)	TF homology	ZMO1411
ZM4	1427786	1427787	ZMO1412	2444.39	1427735	1427736	TSS_3224	-	-51	ZMO1412 (MucR)	TF homology	ZMO1412
ZM4	1429549	1429550	ZMO1412	151.775	1429639	1429640	TSS_3229	+	-90	ZMO1412 (MucR)	TF homology	ZMO1417
ZM4	1437757	1437758	ZMO1412	758.888	1437737	1437738	TSS_3235	-	-20	ZMO1412 (MucR)	TF homology	ZMO1422
ZM4	1440677	1440678	ZMO1412	5630.58	1440794	1440795	TSS_3236	+	-117	ZMO1412 (MucR)	TF homology	ZMO1424
ZM4	1444204	1444205	ZMO1412	45.5491	1444240	1444241	TSS_3241	+	-36	ZMO1412 (MucR)	TF homology	ZMO1426
ZM4	1459670	1459671	ZMO1412	3202.11	1459607	1459608	TSS_3260	-	-63	ZMO1412 (MucR)	TF homology	ZMO1440
ZM4	1462067	1462068	ZMO1412	371.555	1462045	1462046	TSS_3264	-	-22	ZMO1412 (MucR)	TF homology	ZMO1442
ZM4	1473599	1473600	ZMO1412	43.5688	1473707	1473708	TSS_3273	-	108	ZMO1412 (MucR)	TF homology	ZMO1451
ZM4	1480940	1480941	ZMO1412	2113.7	1480998	1480999	TSS_3279	-	58	ZMO1412 (MucR)	TF homology	ZMO1459
ZM4	1486404	1486405	ZMO1412	503.716	1486365	1486366	TSS_3285	-	-39	ZMO1412 (MucR)	TF homology	ZMO1464
ZM4	1489097	1489098	ZMO1412	462.177	1489121	1489122	TSS_3290	+	-24	ZMO1412 (MucR)	TF homology	ZMO1467
ZM4	1492449	1492450	ZMO1412	7347.38	1492604	1492605	TSS_3294	-	155	ZMO1412 (MucR)	TF homology	ZMO1468
ZM4	1496072	1496073	ZMO1412	1657.53	1495948	1495949	TSS_3299	-	-124	ZMO1412 (MucR)	TF homology	ZMO1471
ZM4	1500118	1500119	ZMO1412	50.1635	1500148	1500149	TSS_3302	+	-30	ZMO1412 (MucR)	TF homology	ZMO1476
ZM4	1505691	1505692	ZMO1412	129.527	1505529	1505530	TSS_3319	-	-162	ZMO1412 (MucR)	TF homology	ZMO1481
ZM4	1517209	1517210	ZMO1412	2449.84	1517256	1517257	TSS_3343	+	-47	ZMO1412 (MucR)	TF homology	ZMO1490
ZM4	1518055	1518056	ZMO1412	33.3365	1517997	1517998	TSS_3369	+	58	ZMO1412 (MucR)	TF homology	ZMO1491
ZM4	1518202	1518203	ZMO1412	23.7941	1518237	1518238	TSS_3372	+	-35	ZMO1412 (MucR)	TF homology	ZMO1491
ZM4	1522283	1522284	ZMO1412	3167.69	1522124	1522125	TSS_3380	-	-159	ZMO1412 (MucR)	TF homology	ZMO1495
ZM4	1522462	1522463	ZMO1412	5349.77	1522536	1522537	TSS_3381	+	-74	ZMO1412 (MucR)	TF homology	ZMO1496
ZM4	1527184	1527185	ZMO1412	1339.57	1527173	1527174	TSS_3393	-	-11	ZMO1412 (MucR)	TF homology	ZMO1497
ZM4	1527699	1527700	ZMO1412	1115.16	1527693	1527694	TSS_3394	-	-6	ZMO1412 (MucR)	TF homology	ZMO1498
ZM4	1547095	1547096	ZMO1412	4984.27	1547277	1547278	TSS_3436	+	-182	ZMO1412 (MucR)	TF homology	ZMO1522
ZM4	1550595	1550596	ZMO1412	1164.27	1550719	1550720	TSS_3456	+	-124	ZMO1412 (MucR)	TF homology	ZMO1524
ZM4	1563158	1563159	ZMO1412	597.495	1563184	1563185	TSS_3475	-	26	ZMO1412 (MucR)	TF homology	ZMO1529
ZM4	1565677	1565678	ZMO1412	3.33619	1565786	1565787	TSS_3480	+	-109	ZMO1412 (MucR)	TF homology	ZMO1533
ZM4	1573862	1573863	ZMO1412	43.9433	1573897	1573898	TSS_3495	+	-35	ZMO1412 (MucR)	TF homology	ZMO1540
ZM4	1587723	1587724	ZMO1412	106.082	1587839	1587840	TSS_3521	+	-116	ZMO1412 (MucR)	TF homology	ZMO1554
ZM4	1588855	1588856	ZMO1412	270.968	1588942	1588943	TSS_3522	+	-87	ZMO1412 (MucR)	TF homology	ZMO1556
ZM4	1590538	1590539	ZMO1412	643.472	1590449	1590450	TSS_3523	+	89	ZMO1412 (MucR)	TF homology	ZMO1557
ZM4	1593530	1593531	ZMO1412	15.465	1593641	1593642	TSS_3527	+	-111	ZMO1412 (MucR)	TF homology	ZMO1561
ZM4	1593660	1593661	ZMO1412	216.814	1593641	1593642	TSS_3527	+	19	ZMO1412 (MucR)	TF homology	ZMO1561
ZM4	1594469	1594470	ZMO1412	1084.2	1594412	1594413	TSS_3529	+	57	ZMO1412 (MucR)	TF homology	ZMO1562
ZM4	1604586	1604587	ZMO1412	441.45	1604521	1604522	TSS_3543	-	-65	ZMO1412 (MucR)	TF homology	ZMO1570
ZM4	1604951	1604952	ZMO1412	816.663	1605086	1605087	TSS_3544	+	-135	ZMO1412 (MucR)	TF homology	ZMO1571
ZM4	1636635	1636636	ZMO1412	4020.52	1636761	1636762	TSS_3575	+	-126	ZMO1412 (MucR)	TF homology	ZMO1596
ZM4	1648651	1648652	ZMO1412	54.5138	1648656	1648657	TSS_3598	-	5	ZMO1412 (MucR)	TF homology	ZMO1604
ZM4	1655023	1655024	ZMO1412	918.467	1655015	1655016	TSS_3630	+	8	ZMO1412 (MucR)	TF homology	ZMO1612
ZM4	1669127	1669128	ZMO1412	1238.24	1669286	1669287	TSS_3662	+	-159	ZMO1412 (MucR)	TF homology	Zms15
ZM4	1677102	1677103	ZMO1412	5098.63	1676955	1676956	TSS_3668	-	-147	ZMO1412 (MucR)	TF homology	ZMO1631
ZM4	1681961	1681962	ZMO1412	48.9267	1682016	1682017	TSS_3679	+	-55	ZMO1412 (MucR)	TF homology	ZMO1638
ZM4	1695512	1695513	ZMO1412	6618.91	1695623	1695624	TSS_3704	+	-111	ZMO1412 (MucR)	TF homology	ZMO1648
ZM4	1697810	1697811	ZMO1412	248.676	1697872	1697873	TSS_3716	+	-62	ZMO1412 (MucR)	TF homology	ZMO1650
ZM4	1705375	1705376	ZMO1412	88.9383	1705407	1705408	TSS_3734	+	-32	ZMO1412 (MucR)	TF homology	ZMO1656
ZM4	1718625	1718626	ZMO1412	42.2745	1718669	1718670	TSS_3753	+	-44	ZMO1412 (MucR)	TF homology	ZMO1671
ZM4	1726648	1726649	ZMO1412	2538.67	1726705	1726706	TSS_3767	+	-57	ZMO1412 (MucR)	TF homology	ZMO1681
ZM4	1739765	1739766	ZMO1412	259.167	1739858	1739859	TSS_3778	+	-93	ZMO1412 (MucR)	TF homology	ZMO1690
ZM4	1748692	1748693	ZMO1412	69.9342	1748683	1748684	TSS_3804	+	9	ZMO1412 (MucR)	TF homology	ZMO1697
ZM4	1751751	1751752	ZMO1412	4887.4	1751658	1751659	TSS_3808	+	93	ZMO1412 (MucR)	TF homology	ZMO1700
ZM4	1760475	1760476	ZMO1412	87.9339	1760439	1760440	TSS_3830	+	36	ZMO1412 (MucR)	TF homology	ZMO1710
ZM4	1765876	1765877	ZMO1412	2871.45	1765875	1765876	TSS_3851	-	-1	ZMO1412 (MucR)	TF homology	ZMO1716
ZM4	1767034	1767035	ZMO1412	3810.56	1766945	1766946	TSS_3864	+	89	ZMO1412 (MucR)	TF homology	ZMO1718
ZM4	1768393	1768394	ZMO1412	7341.37	1768475	1768476	TSS_3866	+	-82	ZMO1412 (MucR)	TF homology	ZMO1719
ZM4	1770169	1770170	ZMO1412	65.1497	1770141	1770142	TSS_3877	-	-28	ZMO1412 (MucR)	TF homology	ZMO1720
ZM4	1777028	1777029	ZMO1412	151.693	1776972	1776973	TSS_3891	-	-56	ZMO1412 (MucR)	TF homology	ZMO1728
ZM4	1779143	1779144	ZMO1412	60.2476	1779145	1779146	TSS_3897	-	2	ZMO1412 (MucR)	TF homology	ZMO1732
ZM4	1780309	1780310	ZMO1412	6117.29	1780429	1780430	TSS_3907	+	-120	ZMO1412 (MucR)	TF homology	ZMO1734
ZM4	1794335	1794336	ZMO1412	222.721	1794364	1794365	TSS_3925	+	-29	ZMO1412 (MucR)	TF homology	ZMO1749
ZM4	1796767	1796768	ZMO1412	3299.43	1796927	1796928	TSS_3931	+	-160	ZMO1412 (MucR)	TF homology	ZMO1751
ZM4	1797888	1797889	ZMO1412	1299.9	1797947	1797948	TSS_3957	+	-59	ZMO1412 (MucR)	TF homology	ZMO1753
ZM4	1798067	1798068	ZMO1412	1004.75	1798073	1798074	TSS_3960	+	-6	ZMO1412 (MucR)	TF homology	ZMO1753
ZM4	1800642	1800643	ZMO1412	2238.28	1800736	1800737	TSS_3964	-	94	ZMO1412 (MucR)	TF homology	ZMO1754
ZM4	1801800	1801801	ZMO1412	8651.4	1801999	1802000	TSS_3966	+	-199	ZMO1412 (MucR)	TF homology	ZMO1756
ZM4	1811214	1811215	ZMO1412	320.523	1811258	1811259	TSS_3980	-	44	ZMO1412 (MucR)	TF homology	ZMO1764
ZM4	1820748	1820749	ZMO1412	169.024	1820819	1820820	TSS_3998	+	-71	ZMO1412 (MucR)	TF homology	ZMO1776
ZM4	1821077	1821078	ZMO1412	2824.13	1821000	1821001	TSS_3999	+	77	ZMO1412 (MucR)	TF homology	ZMO1776
ZM4	1823995	1823996	ZMO1412	48.3025	1823956	1823957	TSS_4003	+	39	ZMO1412 (MucR)	TF homology	ZMO1777
ZM4	1845835	1845836	ZMO1412	894.375	1845856	1845857	TSS_4078	+	-21	ZMO1412 (MucR)	TF homology	ZMO1801
ZM4	1849879	1849880	ZMO1412	1040.87	1849748	1849749	TSS_4086	-	-131	ZMO1412 (MucR)	TF homology	ZMO1806
ZM4	1860647	1860648	ZMO1412	5493.49	1860551	1860552	TSS_4093	-	-96	ZMO1412 (MucR)	TF homology	ZMO1815
ZM4	1868444	1868445	ZMO1412	905.345	1868635	1868636	TSS_4103	+	-191	ZMO1412 (MucR)	TF homology	ZMO1823
ZM4	1882326	1882327	ZMO1412	2505.31	1882292	1882293	TSS_4112	-	-34	ZMO1412 (MucR)	TF homology	ZMO1838
ZM4	1883246	1883247	ZMO1412	132.423	1883214	1883215	TSS_4115	-	-32	ZMO1412 (MucR)	TF homology	ZMO1840
ZM4	1885014	1885015	ZMO1412	1486.29	1884937	1884938	TSS_4122	-	-77	ZMO1412 (MucR)	TF homology	ZMO1842
ZM4	1889743	1889744	ZMO1412	311.88	1889724	1889725	TSS_4133	-	-19	ZMO1412 (MucR)	TF homology	ZMO1848
ZM4	1890275	1890276	ZMO1412	2361.27	1890387	1890388	TSS_4135	+	-112	ZMO1412 (MucR)	TF homology	ZMO1849
ZM4	1893353	1893354	ZMO1412	2461.75	1893193	1893194	TSS_4139	-	-160	ZMO1412 (MucR)	TF homology	ZMO1850
ZM4	1908836	1908837	ZMO1412	2954.83	1908781	1908782	TSS_4144	-	-55	ZMO1412 (MucR)	TF homology	ZMO1860
ZM4	1909147	1909148	ZMO1412	31.7096	1909340	1909341	TSS_4145	-	193	ZMO1412 (MucR)	TF homology	ZMO1860
ZM4	1909306	1909307	ZMO1412	87.5239	1909340	1909341	TSS_4145	-	34	ZMO1412 (MucR)	TF homology	ZMO1860
ZM4	1910326	1910327	ZMO1412	97.7851	1910302	1910303	TSS_4149	-	-24	ZMO1412 (MucR)	TF homology	ZMO1861
ZM4	1927975	1927976	ZMO1412	170.808	1927930	1927931	TSS_4180	-	-45	ZMO1412 (MucR)	TF homology	ZMO1875
ZM4	1929629	1929630	ZMO1412	74.2513	1929752	1929753	TSS_4189	-	123	ZMO1412 (MucR)	TF homology	ZMO1877
ZM4	1934806	1934807	ZMO1412	3453.81	1934616	1934617	TSS_4217	+	190	ZMO1412 (MucR)	TF homology	ZMO1882
ZM4	1939261	1939262	ZMO1412	2543.84	1939167	1939168	TSS_4219	-	-94	ZMO1412 (MucR)	TF homology	ZMO1885
ZM4	1950152	1950153	ZMO1412	18.7037	1950035	1950036	TSS_4246	-	-117	ZMO1412 (MucR)	TF homology	ZMO1898
ZM4	1953294	1953295	ZMO1412	78.1871	1953179	1953180	TSS_4251	-	-115	ZMO1412 (MucR)	TF homology	ZMO2031
ZM4	1954273	1954274	ZMO1412	77.1099	1954444	1954445	TSS_4253	-	171	ZMO1412 (MucR)	TF homology	ZMO1901
ZM4	1954645	1954646	ZMO1412	192.094	1954553	1954554	TSS_4255	-	-92	ZMO1412 (MucR)	TF homology	ZMO1901
ZM4	1965633	1965634	ZMO1412	3846.68	1965803	1965804	TSS_4297	+	-170	ZMO1412 (MucR)	TF homology	ZMO1913
ZM4	1972920	1972921	ZMO1412	196.086	1973025	1973026	TSS_4311	+	-105	ZMO1412 (MucR)	TF homology	ZMO1920
ZM4	1973107	1973108	ZMO1412	70.3012	1973075	1973076	TSS_4318	+	32	ZMO1412 (MucR)	TF homology	ZMO1920
ZM4	1977399	1977400	ZMO1412	302.45	1977370	1977371	TSS_4323	-	-29	ZMO1412 (MucR)	TF homology	ZMO1922
ZM4	2013533	2013534	ZMO1412	1233.95	2013557	2013558	TSS_4386	-	24	ZMO1412 (MucR)	TF homology	ZMO1955
ZM4	2020015	2020016	ZMO1412	120.615	2020203	2020204	TSS_4393	-	188	ZMO1412 (MucR)	TF homology	ZMO1959
ZM4	2020277	2020278	ZMO1412	134.754	2020203	2020204	TSS_4393	-	-74	ZMO1412 (MucR)	TF homology	ZMO1959
ZM4	2025788	2025789	ZMO1412	174.125	2025775	2025776	TSS_4399	-	-13	ZMO1412 (MucR)	TF homology	ZMO1963
ZM4	2030890	2030891	ZMO1412	3407.83	2031057	2031058	TSS_4404	+	-167	ZMO1412 (MucR)	TF homology	ZMO1967
ZM4	2033973	2033974	ZMO1412	77.4202	2033975	2033976	TSS_4409	-	2	ZMO1412 (MucR)	TF homology	ZMO1969
ZM4	2045821	2045822	ZMO1412	1305.51	2045899	2045900	TSS_4417	+	-78	ZMO1412 (MucR)	TF homology	ZMO1983
ZM4	2053812	2053813	ZMO1412	122.958	2053613	2053614	TSS_4423	+	199	ZMO1412 (MucR)	TF homology	ZMO1993
pZM32	11845	11846	ZMO1412	129.859	11969	11970	TSS_4449	+	-124	ZMO1412 (MucR)	TF homology	ZMOp32x010
pZM32	14380	14381	ZMO1412	172.059	14287	14288	TSS_4453	+	93	ZMO1412 (MucR)	TF homology	ZMOp32x012
pZM32	21418	21419	ZMO1412	44.5366	21293	21294	TSS_4471	+	125	ZMO1412 (MucR)	TF homology	ZMOp32x022
pZM33	2379	2380	ZMO1412	3684.8	2327	2328	TSS_4498	-	-52	ZMO1412 (MucR)	TF homology	ZMOp33x004
pZM33	10689	10690	ZMO1412	166.407	10739	10740	TSS_4514	+	-50	ZMO1412 (MucR)	TF homology	ZMOp33x015
pZM33	10909	10910	ZMO1412	690.887	10739	10740	TSS_4514	+	170	ZMO1412 (MucR)	TF homology	ZMOp33x015
pZM33	27814	27815	ZMO1412	26.4098	27777	27778	TSS_4564	-	-37	ZMO1412 (MucR)	TF homology	ZMOp33x030
pZM33	29107	29108	ZMO1412	70.0604	29066	29067	TSS_4568	+	41	ZMO1412 (MucR)	TF homology	ZMOp33x033
pZM36	15475	15476	ZMO1412	111.467	15483	15484	TSS_4583	-	8	ZMO1412 (MucR)	TF homology	ZMOp36x048
pZM36	17267	17268	ZMO1412	193.763	17283	17284	TSS_4588	-	16	ZMO1412 (MucR)	TF homology	ZMOp36x051
pZM36	24175	24176	ZMO1412	83.1393	24196	24197	TSS_4601	+	-21	ZMO1412 (MucR)	TF homology	ZMOp36x033
pZM36	28291	28292	ZMO1412	813.328	28416	28417	TSS_4603	+	-125	ZMO1412 (MucR)	TF homology	ZMOp36x039
pZM36	28731	28732	ZMO1412	715.214	28793	28794	TSS_4604	+	-62	ZMO1412 (MucR)	TF homology	ZMOp36x039
pZM39	24706	24707	ZMO1412	42.7483	24683	24684	TSS_4631	-	-23	ZMO1412 (MucR)	TF homology	ZMOp39x026
pZM39	34325	34326	ZMO1412	60.2659	34261	34262	TSS_4644	-	-64	ZMO1412 (MucR)	TF homology	ZMOp39x030
pZM39	38557	38558	ZMO1412	82.0205	38692	38693	TSS_4650	-	135	ZMO1412 (MucR)	TF homology	ZMOp39x037
ZM4	208886	208887	ZMO1511	6.57571	208720	208721	TSS_0417	-	-166	ZMO1511 (1.00)	Predicted DBD	ZMO0213
ZM4	318410	318411	ZMO1511	33.9035	318303	318304	TSS_0612	-	-107	ZMO1511 (1.00)	Predicted DBD	ZMO0315
ZM4	363660	363661	ZMO1511	19.3278	363690	363691	TSS_0711	+	-30	ZMO1511 (1.00)	Predicted DBD	ZMO0361
ZM4	1055095	1055096	ZMO1511	1.8299	1055163	1055164	TSS_2348	+	-68	ZMO1511 (1.00)	Predicted DBD	ZMO1040
ZM4	1312997	1312998	ZMO1511	7.89878	1312979	1312980	TSS_2943	+	18	ZMO1511 (1.00)	Predicted DBD	ZMO1298
ZM4	1547077	1547078	ZMO1511	294.387	1547277	1547278	TSS_3436	+	-200	ZMO1511 (1.00)	Predicted DBD	ZMO1522
ZM4	1731486	1731487	ZMO1511	4.82111	1731666	1731667	TSS_3771	+	-180	ZMO1511 (1.00)	Predicted DBD	ZMO1684
ZM4	1751753	1751754	ZMO1511	20.0969	1751658	1751659	TSS_3808	+	95	ZMO1511 (1.00)	Predicted DBD	ZMO1700
ZM4	1780329	1780330	ZMO1511	2.92608	1780429	1780430	TSS_3907	+	-100	ZMO1511 (1.00)	Predicted DBD	ZMO1734
ZM4	1860625	1860626	ZMO1511	13.998	1860551	1860552	TSS_4093	-	-74	ZMO1511 (1.00)	Predicted DBD	ZMO1815
ZM4	318415	318416	ZMO1547	23.1017	318303	318304	TSS_0612	-	-112	ZMO1547 (TetR)	TF homology	ZMO0315
ZM4	14521	14522	ZMO1574	32.231	14514	14515	TSS_0014	-	-7	ZMO1574 (LysR)	TF homology	ZMO0011
ZM4	43282	43283	ZMO1574	2.40065	43156	43157	TSS_0059	-	-126	ZMO1574 (LysR)	TF homology	ZMO0043
ZM4	85242	85243	ZMO1574	31.0864	85198	85199	TSS_0111	-	-44	ZMO1574 (LysR)	TF homology	ZMO0095
ZM4	166770	166771	ZMO1574	10.6847	166932	166933	TSS_0325	+	-162	ZMO1574 (LysR)	TF homology	ZMO0179
ZM4	185094	185095	ZMO1574	20.6313	185047	185048	TSS_0381	-	-47	ZMO1574 (LysR)	TF homology	ZMO0192
ZM4	363597	363598	ZMO1574	178.85	363690	363691	TSS_0711	+	-93	ZMO1574 (LysR)	TF homology	ZMO0361
ZM4	397693	397694	ZMO1574	213.415	397722	397723	TSS_0795	+	-29	ZMO1574 (LysR)	TF homology	ZMO0395
ZM4	652488	652489	ZMO1574	34.451	652487	652488	TSS_1494	+	1	ZMO1574 (LysR)	TF homology	ZMO0659
ZM4	890977	890978	ZMO1574	54.6897	890937	890938	TSS_1988	-	-40	ZMO1574 (LysR)	TF homology	ZMO0878
ZM4	899163	899164	ZMO1574	42.5679	899111	899112	TSS_2003	-	-52	ZMO1574 (LysR)	TF homology	ZMO0889
ZM4	1098742	1098743	ZMO1574	45.8476	1098695	1098696	TSS_2439	+	47	ZMO1574 (LysR)	TF homology	ZMO1086
ZM4	1278801	1278802	ZMO1574	9.68345	1278786	1278787	TSS_2859	+	15	ZMO1574 (LysR)	TF homology	ZMO1261
ZM4	1304096	1304097	ZMO1574	33.9251	1304150	1304151	TSS_2916	+	-54	ZMO1574 (LysR)	TF homology	ZMO1288
ZM4	1311284	1311285	ZMO1574	192.632	1311230	1311231	TSS_2940	-	-54	ZMO1574 (LysR)	TF homology	ZMO2015
ZM4	1312960	1312961	ZMO1574	7.43073	1312976	1312977	TSS_2941	+	-16	ZMO1574 (LysR)	TF homology	ZMO1298
ZM4	1322354	1322355	ZMO1574	64.6567	1322319	1322320	TSS_2955	-	-35	ZMO1574 (LysR)	TF homology	ZMO1304
ZM4	1440680	1440681	ZMO1574	37.8182	1440794	1440795	TSS_3236	+	-114	ZMO1574 (LysR)	TF homology	ZMO1424
ZM4	1636644	1636645	ZMO1574	328.437	1636761	1636762	TSS_3575	+	-117	ZMO1574 (LysR)	TF homology	ZMO1596
ZM4	1748657	1748658	ZMO1574	19.4956	1748683	1748684	TSS_3804	+	-26	ZMO1574 (LysR)	TF homology	ZMO1697
ZM4	1751769	1751770	ZMO1574	7.54146	1751658	1751659	TSS_3808	+	111	ZMO1574 (LysR)	TF homology	ZMO1700
ZM4	1780325	1780326	ZMO1574	609.696	1780429	1780430	TSS_3907	+	-104	ZMO1574 (LysR)	TF homology	ZMO1734
ZM4	1800625	1800626	ZMO1574	23.0982	1800736	1800737	TSS_3964	-	111	ZMO1574 (LysR)	TF homology	ZMO1754
ZM4	1801957	1801958	ZMO1574	25.0025	1801999	1802000	TSS_3966	+	-42	ZMO1574 (LysR)	TF homology	ZMO1756
ZM4	1860665	1860666	ZMO1574	38.3522	1860551	1860552	TSS_4093	-	-114	ZMO1574 (LysR)	TF homology	ZMO1815
ZM4	1882313	1882314	ZMO1574	60.1329	1882292	1882293	TSS_4112	-	-21	ZMO1574 (LysR)	TF homology	ZMO1838
ZM4	1893282	1893283	ZMO1574	7.59388	1893193	1893194	TSS_4139	-	-89	ZMO1574 (LysR)	TF homology	ZMO1850
ZM4	2045843	2045844	ZMO1574	2857.55	2045899	2045900	TSS_4417	+	-56	ZMO1574 (LysR)	TF homology	ZMO1983
ZM4	69573	69574	ZMO1697	42.0421	69489	69490	TSS_0092	-	-84	ZMO1697 (HxlR)	TF homology	ZMO0078
ZM4	110531	110532	ZMO1697	3.65897	110458	110459	TSS_0156	+	73	ZMO1697 (HxlR)	TF homology	ZMO0122
ZM4	137262	137263	ZMO1697	14.565	137247	137248	TSS_0201	-	-15	ZMO1697 (HxlR)	TF homology	ZMO0148
ZM4	140518	140519	ZMO1697	10.4267	140521	140522	TSS_0208	-	3	ZMO1697 (HxlR)	TF homology	ZMO0152
ZM4	143834	143835	ZMO1697	44.5525	143908	143909	TSS_0224	-	74	ZMO1697 (HxlR)	TF homology	ZMO0156
ZM4	161676	161677	ZMO1697	135.687	161621	161622	TSS_0288	-	-55	ZMO1697 (HxlR)	TF homology	ZMO0175
ZM4	161927	161928	ZMO1697	2.58192	161767	161768	TSS_0289	+	160	ZMO1697 (HxlR)	TF homology	ZMO0176
ZM4	165087	165088	ZMO1697	251.552	165095	165096	TSS_0324	+	-8	ZMO1697 (HxlR)	TF homology	ZMO0178
ZM4	169292	169293	ZMO1697	53.5123	169279	169280	TSS_0331	-	-13	ZMO1697 (HxlR)	TF homology	ZMO0180
ZM4	204127	204128	ZMO1697	136.586	204111	204112	TSS_0407	-	-16	ZMO1697 (HxlR)	TF homology	ZMO0208
ZM4	216762	216763	ZMO1697	56.7244	216845	216846	TSS_0429	+	-83	ZMO1697 (HxlR)	TF homology	ZMO0221
ZM4	217045	217046	ZMO1697	3.88952	216980	216981	TSS_0432	+	65	ZMO1697 (HxlR)	TF homology	ZMO0221
ZM4	220046	220047	ZMO1697	13.5356	219888	219889	TSS_0434	-	-158	ZMO1697 (HxlR)	TF homology	ZMO0224
ZM4	236176	236177	ZMO1697	14.1546	236239	236240	TSS_0465	+	-63	ZMO1697 (HxlR)	TF homology	ZMO0240
ZM4	267923	267924	ZMO1697	83.8495	267770	267771	TSS_0530	-	-153	ZMO1697 (HxlR)	TF homology	ZMO0264
ZM4	284968	284969	ZMO1697	153.428	284936	284937	TSS_0562	+	32	ZMO1697 (HxlR)	TF homology	ZMO0279
ZM4	295384	295385	ZMO1697	10.7121	295366	295367	TSS_0583	+	18	ZMO1697 (HxlR)	TF homology	ZMO0290
ZM4	300293	300294	ZMO1697	73.8781	300287	300288	TSS_0593	-	-6	ZMO1697 (HxlR)	TF homology	ZMO0294
ZM4	312522	312523	ZMO1697	95.1969	312500	312501	TSS_0603	+	22	ZMO1697 (HxlR)	TF homology	ZMO0309
ZM4	332201	332202	ZMO1697	37.1115	332345	332346	TSS_0644	-	144	ZMO1697 (HxlR)	TF homology	ZMO0332
ZM4	332381	332382	ZMO1697	10.5459	332383	332384	TSS_0646	-	2	ZMO1697 (HxlR)	TF homology	ZMO0332
ZM4	334093	334094	ZMO1697	10.5118	334244	334245	TSS_0651	+	-151	ZMO1697 (HxlR)	TF homology	ZMO0339
ZM4	334270	334271	ZMO1697	40.668	334246	334247	TSS_0652	+	24	ZMO1697 (HxlR)	TF homology	ZMO0339
ZM4	340211	340212	ZMO1697	62.7518	340218	340219	TSS_0664	+	-7	ZMO1697 (HxlR)	TF homology	ZMO0345
ZM4	340719	340720	ZMO1697	15.0712	340636	340637	TSS_0666	+	83	ZMO1697 (HxlR)	TF homology	ZMO0345
ZM4	357237	357238	ZMO1697	9.8086	357222	357223	TSS_0700	+	15	ZMO1697 (HxlR)	TF homology	ZMO0355
ZM4	373634	373635	ZMO1697	2.54885	373645	373646	TSS_0750	+	-11	ZMO1697 (HxlR)	TF homology	ZMO0368
ZM4	378537	378538	ZMO1697	32.8133	378392	378393	TSS_0773	+	145	ZMO1697 (HxlR)	TF homology	ZMO0372
ZM4	405749	405750	ZMO1697	52.5929	405797	405798	TSS_0803	-	48	ZMO1697 (HxlR)	TF homology	ZMO0402
ZM4	435779	435780	ZMO1697	15.1385	435595	435596	TSS_0859	-	-184	ZMO1697 (HxlR)	TF homology	ZMO0435
ZM4	464876	464877	ZMO1697	16.0312	464940	464941	TSS_0943	-	64	ZMO1697 (HxlR)	TF homology	ZMO0469
ZM4	477087	477088	ZMO1697	4.06655	477010	477011	TSS_0971	-	-77	ZMO1697 (HxlR)	TF homology	ZMO0482
ZM4	479142	479143	ZMO1697	53.7146	479154	479155	TSS_0975	+	-12	ZMO1697 (HxlR)	TF homology	ZMO0485
ZM4	483505	483506	ZMO1697	14.2808	483504	483505	TSS_0990	-	-1	ZMO1697 (HxlR)	TF homology	ZMO0488
ZM4	486011	486012	ZMO1697	40.6688	486014	486015	TSS_1005	+	-3	ZMO1697 (HxlR)	TF homology	ZMO0491
ZM4	498474	498475	ZMO1697	3.3089	498519	498520	TSS_1030	+	-45	ZMO1697 (HxlR)	TF homology	ZMO0498
ZM4	498474	498475	ZMO1697	3.3089	498429	498430	TSS_1029	+	45	ZMO1697 (HxlR)	TF homology	ZMO0498
ZM4	498597	498598	ZMO1697	5.17781	498519	498520	TSS_1030	+	78	ZMO1697 (HxlR)	TF homology	ZMO0498
ZM4	509472	509473	ZMO1697	9.49936	509404	509405	TSS_1045	+	68	ZMO1697 (HxlR)	TF homology	ZMO0507
ZM4	516711	516712	ZMO1697	15.5078	516633	516634	TSS_1073	+	78	ZMO1697 (HxlR)	TF homology	ZMO0515
ZM4	524773	524774	ZMO1697	104.105	524780	524781	TSS_1154	+	-7	ZMO1697 (HxlR)	TF homology	ZMO0524
ZM4	526637	526638	ZMO1697	4.00656	526607	526608	TSS_1172	+	30	ZMO1697 (HxlR)	TF homology	ZMO0529
ZM4	526831	526832	ZMO1697	78.3107	526889	526890	TSS_1176	+	-58	ZMO1697 (HxlR)	TF homology	ZMO0529
ZM4	527836	527837	ZMO1697	11.693	527862	527863	TSS_1179	+	-26	ZMO1697 (HxlR)	TF homology	ZMO0532
ZM4	543547	543548	ZMO1697	19.1637	543526	543527	TSS_1287	-	-21	ZMO1697 (HxlR)	TF homology	ZMO2050
ZM4	548799	548800	ZMO1697	84.2269	548633	548634	TSS_1304	-	-166	ZMO1697 (HxlR)	TF homology	ZMO0550
ZM4	556610	556611	ZMO1697	26.844	556627	556628	TSS_1327	-	17	ZMO1697 (HxlR)	TF homology	ZMO0557
ZM4	559133	559134	ZMO1697	10.7197	559230	559231	TSS_1328	+	-97	ZMO1697 (HxlR)	TF homology	ZMO0560
ZM4	571567	571568	ZMO1697	40.6969	571603	571604	TSS_1355	+	-36	ZMO1697 (HxlR)	TF homology	ZMO0570
ZM4	590326	590327	ZMO1697	199.347	590371	590372	TSS_1381	-	45	ZMO1697 (HxlR)	TF homology	ZMO0586
ZM4	607225	607226	ZMO1697	30.6444	607071	607072	TSS_1410	-	-154	ZMO1697 (HxlR)	TF homology	ZMO0604
ZM4	612119	612120	ZMO1697	2.62635	612159	612160	TSS_1421	-	40	ZMO1697 (HxlR)	TF homology	ZMO0609
ZM4	612630	612631	ZMO1697	4.98633	612589	612590	TSS_1424	-	-41	ZMO1697 (HxlR)	TF homology	ZMO0610
ZM4	612776	612777	ZMO1697	12.8723	612724	612725	TSS_1425	-	-52	ZMO1697 (HxlR)	TF homology	ZMO0610
ZM4	614603	614604	ZMO1697	50.5236	614434	614435	TSS_1430	-	-169	ZMO1697 (HxlR)	TF homology	ZMO0612
ZM4	625818	625819	ZMO1697	86.6575	625894	625895	TSS_1454	+	-76	ZMO1697 (HxlR)	TF homology	ZMO0631
ZM4	635074	635075	ZMO1697	28.4189	635196	635197	TSS_1465	+	-122	ZMO1697 (HxlR)	TF homology	ZMO0642
ZM4	638849	638850	ZMO1697	6.27685	638856	638857	TSS_1469	+	-7	ZMO1697 (HxlR)	TF homology	ZMO0649
ZM4	642292	642293	ZMO1697	147.195	642444	642445	TSS_1475	+	-152	ZMO1697 (HxlR)	TF homology	ZMO0652
ZM4	642633	642634	ZMO1697	62.5154	642643	642644	TSS_1477	+	-10	ZMO1697 (HxlR)	TF homology	ZMO0652
ZM4	644720	644721	ZMO1697	15.0725	644525	644526	TSS_1488	-	-195	ZMO1697 (HxlR)	TF homology	ZMO0653
ZM4	652683	652684	ZMO1697	19.5972	652673	652674	TSS_1496	+	10	ZMO1697 (HxlR)	TF homology	ZMO0659
ZM4	658954	658955	ZMO1697	6.0534	658785	658786	TSS_1514	+	169	ZMO1697 (HxlR)	TF homology	ZMO0664
ZM4	662298	662299	ZMO1697	61.5622	662313	662314	TSS_1518	+	-15	ZMO1697 (HxlR)	TF homology	ZMO0665
ZM4	662452	662453	ZMO1697	8.94848	662435	662436	TSS_1520	+	17	ZMO1697 (HxlR)	TF homology	ZMO0666
ZM4	692142	692143	ZMO1697	19.7408	692242	692243	TSS_1582	-	100	ZMO1697 (HxlR)	TF homology	ZMO0692
ZM4	692665	692666	ZMO1697	6.8053	692733	692734	TSS_1584	-	68	ZMO1697 (HxlR)	TF homology	ZMO0693
ZM4	707599	707600	ZMO1697	37.6231	707658	707659	TSS_1608	-	59	ZMO1697 (HxlR)	TF homology	ZMO0709
ZM4	742303	742304	ZMO1697	79.8252	742256	742257	TSS_1728	+	47	ZMO1697 (HxlR)	TF homology	ZMO0743
ZM4	744469	744470	ZMO1697	37.6231	744285	744286	TSS_1731	+	184	ZMO1697 (HxlR)	TF homology	ZMO0744
ZM4	749785	749786	ZMO1697	26.558	749710	749711	TSS_1751	-	-75	ZMO1697 (HxlR)	TF homology	ZMO0749
ZM4	784630	784631	ZMO1697	24.9864	784638	784639	TSS_1801	+	-8	ZMO1697 (HxlR)	TF homology	ZMO0786
ZM4	797192	797193	ZMO1697	81.2488	797196	797197	TSS_1808	-	4	ZMO1697 (HxlR)	TF homology	ZMO0794
ZM4	800771	800772	ZMO1697	18.0296	800835	800836	TSS_1810	-	64	ZMO1697 (HxlR)	TF homology	ZMO0797
ZM4	824497	824498	ZMO1697	4.91413	824509	824510	TSS_1863	+	-12	ZMO1697 (HxlR)	TF homology	ZMO0821
ZM4	824692	824693	ZMO1697	235.899	824565	824566	TSS_1866	+	127	ZMO1697 (HxlR)	TF homology	ZMO0821
ZM4	828801	828802	ZMO1697	2.95125	828701	828702	TSS_1871	+	100	ZMO1697 (HxlR)	TF homology	ZMO0825
ZM4	862479	862480	ZMO1697	21.5319	862488	862489	TSS_1919	+	-9	ZMO1697 (HxlR)	TF homology	ZMO0850
ZM4	866611	866612	ZMO1697	52.9887	866650	866651	TSS_1929	-	39	ZMO1697 (HxlR)	TF homology	ZMO0853
ZM4	868509	868510	ZMO1697	57.7283	868592	868593	TSS_1930	-	83	ZMO1697 (HxlR)	TF homology	ZMO0855
ZM4	868718	868719	ZMO1697	21.9532	868716	868717	TSS_1935	-	-2	ZMO1697 (HxlR)	TF homology	ZMO0856
ZM4	878010	878011	ZMO1697	51.5732	877979	877980	TSS_1958	+	31	ZMO1697 (HxlR)	TF homology	ZMO0867
ZM4	883224	883225	ZMO1697	12.8723	883194	883195	TSS_1963	+	30	ZMO1697 (HxlR)	TF homology	ZMO0872
ZM4	901215	901216	ZMO1697	12.8723	901173	901174	TSS_2008	-	-42	ZMO1697 (HxlR)	TF homology	ZMO0890
ZM4	901564	901565	ZMO1697	3.82165	901378	901379	TSS_2011	-	-186	ZMO1697 (HxlR)	TF homology	ZMO0890
ZM4	906405	906406	ZMO1697	29.0674	906229	906230	TSS_2013	-	-176	ZMO1697 (HxlR)	TF homology	ZMO0894
ZM4	909560	909561	ZMO1697	6.0534	909738	909739	TSS_2023	+	-178	ZMO1697 (HxlR)	TF homology	ZMO0900
ZM4	915883	915884	ZMO1697	16.8994	915918	915919	TSS_2026	-	35	ZMO1697 (HxlR)	TF homology	ZMO0903
ZM4	916223	916224	ZMO1697	2.57988	916224	916225	TSS_2028	-	1	ZMO1697 (HxlR)	TF homology	ZMO0903
ZM4	919345	919346	ZMO1697	58.6373	919306	919307	TSS_2031	+	39	ZMO1697 (HxlR)	TF homology	ZMO0905
ZM4	931361	931362	ZMO1697	1.33579	931469	931470	TSS_2060	-	108	ZMO1697 (HxlR)	TF homology	ZMO0913
ZM4	932426	932427	ZMO1697	6.52972	932435	932436	TSS_2063	-	9	ZMO1697 (HxlR)	TF homology	ZMO0914
ZM4	932627	932628	ZMO1697	51.567	932566	932567	TSS_2068	+	61	ZMO1697 (HxlR)	TF homology	ZMO0915
ZM4	934279	934280	ZMO1697	5.40253	934326	934327	TSS_2070	+	-47	ZMO1697 (HxlR)	TF homology	ZMO0916
ZM4	934498	934499	ZMO1697	4.58408	934591	934592	TSS_2071	+	-93	ZMO1697 (HxlR)	TF homology	ZMO0916
ZM4	945326	945327	ZMO1697	21.8557	945338	945339	TSS_2088	-	12	ZMO1697 (HxlR)	TF homology	ZMO0923
ZM4	954060	954061	ZMO1697	23.4512	954142	954143	TSS_2106	-	82	ZMO1697 (HxlR)	TF homology	ZMO0934
ZM4	968507	968508	ZMO1697	28.9838	968524	968525	TSS_2143	+	-17	ZMO1697 (HxlR)	TF homology	ZMO0949
ZM4	980329	980330	ZMO1697	3.9685	980358	980359	TSS_2164	-	29	ZMO1697 (HxlR)	TF homology	ZMO0963
ZM4	981718	981719	ZMO1697	24.599	981745	981746	TSS_2174	+	-27	ZMO1697 (HxlR)	TF homology	ZMO0965
ZM4	984541	984542	ZMO1697	10.0102	984710	984711	TSS_2178	+	-169	ZMO1697 (HxlR)	TF homology	ZMO0967
ZM4	984772	984773	ZMO1697	21.9532	984710	984711	TSS_2178	+	62	ZMO1697 (HxlR)	TF homology	ZMO0967
ZM4	989797	989798	ZMO1697	24.599	989699	989700	TSS_2182	+	98	ZMO1697 (HxlR)	TF homology	ZMO0972
ZM4	993010	993011	ZMO1697	24.2147	992908	992909	TSS_2189	+	102	ZMO1697 (HxlR)	TF homology	ZMO0975
ZM4	1013254	1013255	ZMO1697	12.951	1013254	1013255	TSS_2233	-	0	ZMO1697 (HxlR)	TF homology	ZMO0994
ZM4	1034061	1034062	ZMO1697	5.83289	1034259	1034260	TSS_2290	-	198	ZMO1697 (HxlR)	TF homology	ZMO1015
ZM4	1034767	1034768	ZMO1697	29.8094	1034596	1034597	TSS_2293	-	-171	ZMO1697 (HxlR)	TF homology	ZMO1015
ZM4	1042646	1042647	ZMO1697	10.3124	1042612	1042613	TSS_2312	+	34	ZMO1697 (HxlR)	TF homology	ZMO1025
ZM4	1045926	1045927	ZMO1697	37.1726	1046066	1046067	TSS_2317	+	-140	ZMO1697 (HxlR)	TF homology	ZMO1030
ZM4	1048974	1048975	ZMO1697	17.3477	1048782	1048783	TSS_2320	+	192	ZMO1697 (HxlR)	TF homology	ZMO1033
ZM4	1054798	1054799	ZMO1697	15.94	1054772	1054773	TSS_2347	-	-26	ZMO1697 (HxlR)	TF homology	ZMO1039
ZM4	1063544	1063545	ZMO1697	20.2666	1063532	1063533	TSS_2366	-	-12	ZMO1697 (HxlR)	TF homology	ZMO1045
ZM4	1083390	1083391	ZMO1697	760.106	1083368	1083369	TSS_2419	-	-22	ZMO1697 (HxlR)	TF homology	ZMO1070
ZM4	1098646	1098647	ZMO1697	13.479	1098695	1098696	TSS_2439	+	-49	ZMO1697 (HxlR)	TF homology	ZMO1086
ZM4	1101176	1101177	ZMO1697	39.9084	1101310	1101311	TSS_2445	+	-134	ZMO1697 (HxlR)	TF homology	ZMO1089
ZM4	1127124	1127125	ZMO1697	43.819	1127127	1127128	TSS_2486	-	3	ZMO1697 (HxlR)	TF homology	ZMO1109
ZM4	1166380	1166381	ZMO1697	13.479	1166349	1166350	TSS_2581	-	-31	ZMO1697 (HxlR)	TF homology	ZMO1147
ZM4	1173557	1173558	ZMO1697	26.1615	1173741	1173742	TSS_2594	-	184	ZMO1697 (HxlR)	TF homology	ZMO1153
ZM4	1176324	1176325	ZMO1697	29.8094	1176433	1176434	TSS_2606	-	109	ZMO1697 (HxlR)	TF homology	ZMO1156
ZM4	1180959	1180960	ZMO1697	38.7476	1180956	1180957	TSS_2628	+	3	ZMO1697 (HxlR)	TF homology	ZMO1163
ZM4	1197179	1197180	ZMO1697	4.00656	1197158	1197159	TSS_2653	-	-21	ZMO1697 (HxlR)	TF homology	ZMO1174
ZM4	1202361	1202362	ZMO1697	9.73734	1202368	1202369	TSS_2665	-	7	ZMO1697 (HxlR)	TF homology	ZMO1180
ZM4	1208024	1208025	ZMO1697	28.2372	1208024	1208025	TSS_2674	-	0	ZMO1697 (HxlR)	TF homology	ZMO1184
ZM4	1208948	1208949	ZMO1697	10.5404	1208971	1208972	TSS_2679	+	-23	ZMO1697 (HxlR)	TF homology	ZMO1186
ZM4	1232310	1232311	ZMO1697	12.0163	1232253	1232254	TSS_2708	+	57	ZMO1697 (HxlR)	TF homology	ZMO1207
ZM4	1244285	1244286	ZMO1697	14.5152	1244428	1244429	TSS_2755	+	-143	ZMO1697 (HxlR)	TF homology	ZMO2011
ZM4	1247603	1247604	ZMO1697	4.80325	1247585	1247586	TSS_2766	-	-18	ZMO1697 (HxlR)	TF homology	ZMO1220
ZM4	1247712	1247713	ZMO1697	15.6888	1247655	1247656	TSS_2768	-	-57	ZMO1697 (HxlR)	TF homology	ZMO1220
ZM4	1253227	1253228	ZMO1697	78.8953	1253138	1253139	TSS_2793	-	-89	ZMO1697 (HxlR)	TF homology	ZMO1228
ZM4	1254227	1254228	ZMO1697	15.5634	1254064	1254065	TSS_2800	-	-163	ZMO1697 (HxlR)	TF homology	ZMO1229
ZM4	1261556	1261557	ZMO1697	63.6195	1261555	1261556	TSS_2808	-	-1	ZMO1697 (HxlR)	TF homology	ZMO1235
ZM4	1283619	1283620	ZMO1697	20.2925	1283501	1283502	TSS_2860	+	118	ZMO1697 (HxlR)	TF homology	ZMO1267
ZM4	1286189	1286190	ZMO1697	78.8953	1286232	1286233	TSS_2863	-	43	ZMO1697 (HxlR)	TF homology	ZMO1268
ZM4	1286872	1286873	ZMO1697	4.98633	1286733	1286734	TSS_2869	+	139	ZMO1697 (HxlR)	TF homology	ZMO1270
ZM4	1315246	1315247	ZMO1697	48.1469	1315308	1315309	TSS_2945	+	-62	ZMO1697 (HxlR)	TF homology	ZMO2016
ZM4	1322317	1322318	ZMO1697	86.5695	1322319	1322320	TSS_2955	-	2	ZMO1697 (HxlR)	TF homology	ZMO1304
ZM4	1327357	1327358	ZMO1697	161.784	1327375	1327376	TSS_2967	+	-18	ZMO1697 (HxlR)	TF homology	ZMO1311
ZM4	1327694	1327695	ZMO1697	19.6754	1327671	1327672	TSS_2972	+	23	ZMO1697 (HxlR)	TF homology	ZMO1311
ZM4	1334598	1334599	ZMO1697	40.3249	1334504	1334505	TSS_2982	-	-94	ZMO1697 (HxlR)	TF homology	ZMO1315
ZM4	1345432	1345433	ZMO1697	15.3058	1345427	1345428	TSS_3001	+	5	ZMO1697 (HxlR)	TF homology	ZMO1326
ZM4	1370753	1370754	ZMO1697	29.8094	1370733	1370734	TSS_3087	-	-20	ZMO1697 (HxlR)	TF homology	ZMO1354
ZM4	1370952	1370953	ZMO1697	13.4901	1371021	1371022	TSS_3096	-	69	ZMO1697 (HxlR)	TF homology	ZMO1354
ZM4	1376036	1376037	ZMO1697	111.907	1376031	1376032	TSS_3107	-	-5	ZMO1697 (HxlR)	TF homology	ZMO1358
ZM4	1412971	1412972	ZMO1697	4.13586	1413024	1413025	TSS_3173	-	53	ZMO1697 (HxlR)	TF homology	ZMO1396
ZM4	1418085	1418086	ZMO1697	145.349	1418109	1418110	TSS_3184	-	24	ZMO1697 (HxlR)	TF homology	ZMO1403
ZM4	1419119	1419120	ZMO1697	17.0105	1419108	1419109	TSS_3186	-	-11	ZMO1697 (HxlR)	TF homology	ZMO1404
ZM4	1420906	1420907	ZMO1697	9.47395	1420890	1420891	TSS_3191	-	-16	ZMO1697 (HxlR)	TF homology	ZMO1406
ZM4	1425930	1425931	ZMO1697	11.9257	1425903	1425904	TSS_3216	+	27	ZMO1697 (HxlR)	TF homology	ZMO1410
ZM4	1429678	1429679	ZMO1697	39.4476	1429639	1429640	TSS_3229	+	39	ZMO1697 (HxlR)	TF homology	ZMO1417
ZM4	1444553	1444554	ZMO1697	9.95966	1444544	1444545	TSS_3242	+	9	ZMO1697 (HxlR)	TF homology	ZMO1428
ZM4	1448795	1448796	ZMO1697	5.51292	1448803	1448804	TSS_3247	-	8	ZMO1697 (HxlR)	TF homology	ZMO1430
ZM4	1448959	1448960	ZMO1697	27.085	1448803	1448804	TSS_3247	-	-156	ZMO1697 (HxlR)	TF homology	ZMO1430
ZM4	1451096	1451097	ZMO1697	33.0544	1451208	1451209	TSS_3251	-	112	ZMO1697 (HxlR)	TF homology	ZMO1432
ZM4	1451266	1451267	ZMO1697	21.0935	1451208	1451209	TSS_3251	-	-58	ZMO1697 (HxlR)	TF homology	ZMO1432
ZM4	1456269	1456270	ZMO1697	206.022	1456331	1456332	TSS_3256	-	62	ZMO1697 (HxlR)	TF homology	ZMO1436
ZM4	1458715	1458716	ZMO1697	5.93801	1458639	1458640	TSS_3257	-	-76	ZMO1697 (HxlR)	TF homology	ZMO1439
ZM4	1462065	1462066	ZMO1697	21.2429	1462045	1462046	TSS_3264	-	-20	ZMO1697 (HxlR)	TF homology	ZMO1442
ZM4	1466889	1466890	ZMO1697	22.2009	1466925	1466926	TSS_3269	-	36	ZMO1697 (HxlR)	TF homology	ZMO1446
ZM4	1467186	1467187	ZMO1697	57.8116	1467079	1467080	TSS_3270	+	107	ZMO1697 (HxlR)	TF homology	ZMO1447
ZM4	1468856	1468857	ZMO1697	39.9997	1468913	1468914	TSS_3272	-	57	ZMO1697 (HxlR)	TF homology	ZMO1448
ZM4	1486332	1486333	ZMO1697	10.9482	1486364	1486365	TSS_3284	-	32	ZMO1697 (HxlR)	TF homology	ZMO1464
ZM4	1500279	1500280	ZMO1697	14.5338	1500148	1500149	TSS_3302	+	131	ZMO1697 (HxlR)	TF homology	ZMO1476
ZM4	1517266	1517267	ZMO1697	105.72	1517267	1517268	TSS_3345	+	-1	ZMO1697 (HxlR)	TF homology	ZMO1490
ZM4	1517648	1517649	ZMO1697	1.6737899999999999	1517576	1517577	TSS_3368	-	-72	ZMO1697 (HxlR)	TF homology	ZMO1489
ZM4	1517822	1517823	ZMO1697	17.4894	1517997	1517998	TSS_3369	+	-175	ZMO1697 (HxlR)	TF homology	ZMO1491
ZM4	1518160	1518161	ZMO1697	10.4184	1518162	1518163	TSS_3371	+	-2	ZMO1697 (HxlR)	TF homology	ZMO1491
ZM4	1518366	1518367	ZMO1697	65.1927	1518240	1518241	TSS_3374	+	126	ZMO1697 (HxlR)	TF homology	ZMO1491
ZM4	1531061	1531062	ZMO1697	51.5324	1531066	1531067	TSS_3395	-	5	ZMO1697 (HxlR)	TF homology	ZMO1502
ZM4	1531236	1531237	ZMO1697	5.50276	1531154	1531155	TSS_3396	+	82	ZMO1697 (HxlR)	TF homology	ZMO1504
ZM4	1543170	1543171	ZMO1697	71.7935	1543125	1543126	TSS_3414	-	-45	ZMO1697 (HxlR)	TF homology	ZMO1514
ZM4	1543490	1543491	ZMO1697	11.3646	1543477	1543478	TSS_3420	-	-13	ZMO1697 (HxlR)	TF homology	ZMO2020
ZM4	1565798	1565799	ZMO1697	43.6695	1565803	1565804	TSS_3481	+	-5	ZMO1697 (HxlR)	TF homology	ZMO1533
ZM4	1594231	1594232	ZMO1697	17.3865	1594299	1594300	TSS_3528	+	-68	ZMO1697 (HxlR)	TF homology	ZMO1562
ZM4	1643505	1643506	ZMO1697	18.7747	1643384	1643385	TSS_3590	+	121	ZMO1697 (HxlR)	TF homology	ZMO1600
ZM4	1648638	1648639	ZMO1697	26.8285	1648656	1648657	TSS_3598	-	18	ZMO1697 (HxlR)	TF homology	ZMO1604
ZM4	1653088	1653089	ZMO1697	6.96615	1653272	1653273	TSS_3605	-	184	ZMO1697 (HxlR)	TF homology	ZMO1608
ZM4	1653793	1653794	ZMO1697	26.0336	1653805	1653806	TSS_3627	+	-12	ZMO1697 (HxlR)	TF homology	ZMO1610
ZM4	1655029	1655030	ZMO1697	26.9948	1655015	1655016	TSS_3630	+	14	ZMO1697 (HxlR)	TF homology	ZMO1612
ZM4	1679718	1679719	ZMO1697	12.709	1679692	1679693	TSS_3672	-	-26	ZMO1697 (HxlR)	TF homology	ZMO1634
ZM4	1681732	1681733	ZMO1697	17.3633	1681798	1681799	TSS_3673	-	66	ZMO1697 (HxlR)	TF homology	ZMO1636
ZM4	1685512	1685513	ZMO1697	16.9396	1685495	1685496	TSS_3688	+	17	ZMO1697 (HxlR)	TF homology	ZMO1641
ZM4	1687554	1687555	ZMO1697	20.4932	1687584	1687585	TSS_3697	-	30	ZMO1697 (HxlR)	TF homology	ZMO1642
ZM4	1691283	1691284	ZMO1697	23.3067	1691109	1691110	TSS_3700	+	174	ZMO1697 (HxlR)	TF homology	ZMO1646
ZM4	1696665	1696666	ZMO1697	60.7191	1696589	1696590	TSS_3708	+	76	ZMO1697 (HxlR)	TF homology	ZMO1649
ZM4	1708856	1708857	ZMO1697	35.759	1708737	1708738	TSS_3741	+	119	ZMO1697 (HxlR)	TF homology	ZMO1659
ZM4	1715198	1715199	ZMO1697	1.80858	1715213	1715214	TSS_3747	+	-15	ZMO1697 (HxlR)	TF homology	ZMO1667
ZM4	1720653	1720654	ZMO1697	57.2913	1720787	1720788	TSS_3758	-	134	ZMO1697 (HxlR)	TF homology	ZMO1673
ZM4	1725595	1725596	ZMO1697	3.23995	1725645	1725646	TSS_3765	-	50	ZMO1697 (HxlR)	TF homology	ZMO1679
ZM4	1730241	1730242	ZMO1697	24.6072	1730155	1730156	TSS_3769	+	86	ZMO1697 (HxlR)	TF homology	ZMO1683
ZM4	1746610	1746611	ZMO1697	39.0366	1746747	1746748	TSS_3787	-	137	ZMO1697 (HxlR)	TF homology	ZMO1694
ZM4	1747133	1747134	ZMO1697	5.3852	1747080	1747081	TSS_3799	-	-53	ZMO1697 (HxlR)	TF homology	ZMO1694
ZM4	1748711	1748712	ZMO1697	1792.38	1748683	1748684	TSS_3804	+	28	ZMO1697 (HxlR)	TF homology	ZMO1697
ZM4	1755698	1755699	ZMO1697	27.7214	1755577	1755578	TSS_3816	+	121	ZMO1697 (HxlR)	TF homology	ZMO1703
ZM4	1763724	1763725	ZMO1697	223.793	1763734	1763735	TSS_3835	-	10	ZMO1697 (HxlR)	TF homology	ZMO1713
ZM4	1765749	1765750	ZMO1697	33.1661	1765873	1765874	TSS_3850	-	124	ZMO1697 (HxlR)	TF homology	ZMO1716
ZM4	1772918	1772919	ZMO1697	61.6822	1772877	1772878	TSS_3885	-	-41	ZMO1697 (HxlR)	TF homology	ZMO1723
ZM4	1773021	1773022	ZMO1697	41.4262	1772877	1772878	TSS_3885	-	-144	ZMO1697 (HxlR)	TF homology	ZMO1723
ZM4	1774806	1774807	ZMO1697	56.7091	1775004	1775005	TSS_3887	-	198	ZMO1697 (HxlR)	TF homology	ZMO1725
ZM4	1776902	1776903	ZMO1697	2.98401	1776972	1776973	TSS_3891	-	70	ZMO1697 (HxlR)	TF homology	ZMO1728
ZM4	1779159	1779160	ZMO1697	9.86709	1779145	1779146	TSS_3897	-	-14	ZMO1697 (HxlR)	TF homology	ZMO1732
ZM4	1783906	1783907	ZMO1697	21.9921	1783917	1783918	TSS_3909	-	11	ZMO1697 (HxlR)	TF homology	ZMO1738
ZM4	1784102	1784103	ZMO1697	68.6595	1784117	1784118	TSS_3912	-	15	ZMO1697 (HxlR)	TF homology	ZMO1738
ZM4	1794603	1794604	ZMO1697	23.8909	1794544	1794545	TSS_3928	+	59	ZMO1697 (HxlR)	TF homology	ZMO1749
ZM4	1796954	1796955	ZMO1697	93.7783	1796945	1796946	TSS_3939	+	9	ZMO1697 (HxlR)	TF homology	ZMO1751
ZM4	1807593	1807594	ZMO1697	40.2807	1807607	1807608	TSS_3976	+	-14	ZMO1697 (HxlR)	TF homology	ZMO1761
ZM4	1812649	1812650	ZMO1697	5.45804	1812784	1812785	TSS_3982	-	135	ZMO1697 (HxlR)	TF homology	ZMO1766
ZM4	1812759	1812760	ZMO1697	9.31676	1812784	1812785	TSS_3982	-	25	ZMO1697 (HxlR)	TF homology	ZMO1766
ZM4	1816465	1816466	ZMO1697	41.3182	1816476	1816477	TSS_3989	-	11	ZMO1697 (HxlR)	TF homology	ZMO1770
ZM4	1820039	1820040	ZMO1697	31.6223	1819949	1819950	TSS_3995	-	-90	ZMO1697 (HxlR)	TF homology	ZMO1773
ZM4	1820736	1820737	ZMO1697	33.8772	1820819	1820820	TSS_3998	+	-83	ZMO1697 (HxlR)	TF homology	ZMO1776
ZM4	1823961	1823962	ZMO1697	59.8151	1823956	1823957	TSS_4003	+	5	ZMO1697 (HxlR)	TF homology	ZMO1777
ZM4	1826698	1826699	ZMO1697	6.22593	1826504	1826505	TSS_4005	-	-194	ZMO1697 (HxlR)	TF homology	ZMO1778
ZM4	1849208	1849209	ZMO1697	9.54641	1849012	1849013	TSS_4085	-	-196	ZMO1697 (HxlR)	TF homology	ZMO1805
ZM4	1855023	1855024	ZMO1697	24.1004	1855211	1855212	TSS_4087	-	188	ZMO1697 (HxlR)	TF homology	ZMO1811
ZM4	1857695	1857696	ZMO1697	316.609	1857841	1857842	TSS_4089	-	146	ZMO1697 (HxlR)	TF homology	ZMO1814
ZM4	1884033	1884034	ZMO1697	4.56258	1884164	1884165	TSS_4116	-	131	ZMO1697 (HxlR)	TF homology	ZMO1841
ZM4	1884244	1884245	ZMO1697	101.571	1884164	1884165	TSS_4116	-	-80	ZMO1697 (HxlR)	TF homology	ZMO1841
ZM4	1923479	1923480	ZMO1697	14.7175	1923435	1923436	TSS_4166	-	-44	ZMO1697 (HxlR)	TF homology	ZMO1868
ZM4	1925381	1925382	ZMO1697	31.4205	1925471	1925472	TSS_4168	-	90	ZMO1697 (HxlR)	TF homology	ZMO1870
ZM4	1926414	1926415	ZMO1697	54.432	1926411	1926412	TSS_4172	-	-3	ZMO1697 (HxlR)	TF homology	ZMO1871
ZM4	1929862	1929863	ZMO1697	45.3158	1929860	1929861	TSS_4191	+	2	ZMO1697 (HxlR)	TF homology	ZMO1878
ZM4	1934724	1934725	ZMO1697	116.42	1934616	1934617	TSS_4217	+	108	ZMO1697 (HxlR)	TF homology	ZMO1882
ZM4	1955746	1955747	ZMO1697	1.32124	1955546	1955547	TSS_4261	-	-200	ZMO1697 (HxlR)	TF homology	ZMO1902
ZM4	1959026	1959027	ZMO1697	12.2532	1958887	1958888	TSS_4269	-	-139	ZMO1697 (HxlR)	TF homology	ZMO1906
ZM4	1962027	1962028	ZMO1697	20.4622	1961931	1961932	TSS_4277	-	-96	ZMO1697 (HxlR)	TF homology	ZMO1907
ZM4	1963185	1963186	ZMO1697	25.2762	1963336	1963337	TSS_4291	+	-151	ZMO1697 (HxlR)	TF homology	ZMO1911
ZM4	1971141	1971142	ZMO1697	14.3154	1971103	1971104	TSS_4309	-	-38	ZMO1697 (HxlR)	TF homology	ZMO1917
ZM4	1980036	1980037	ZMO1697	10.498	1980115	1980116	TSS_4328	-	79	ZMO1697 (HxlR)	TF homology	ZMO1924
ZM4	1982229	1982230	ZMO1697	123.522	1982248	1982249	TSS_4331	-	19	ZMO1697 (HxlR)	TF homology	ZMO1925
ZM4	1994262	1994263	ZMO1697	6.1522	1994250	1994251	TSS_4371	-	-12	ZMO1697 (HxlR)	TF homology	ZMO1934
ZM4	1994510	1994511	ZMO1697	47.7697	1994502	1994503	TSS_4372	-	-8	ZMO1697 (HxlR)	TF homology	ZMO2033
ZM4	2017216	2017217	ZMO1697	10.4047	2017407	2017408	TSS_4390	-	191	ZMO1697 (HxlR)	TF homology	ZMO1958
ZM4	2058270	2058271	ZMO1697	28.9155	2058164	2058165	TSS_4428	-	-106	ZMO1697 (HxlR)	TF homology	ZMO1998
pZM32	11819	11820	ZMO1697	26.1615	11969	11970	TSS_4449	+	-150	ZMO1697 (HxlR)	TF homology	ZMOp32x010
pZM33	24989	24990	ZMO1697	50.0232	24893	24894	TSS_4559	-	-96	ZMO1697 (HxlR)	TF homology	ZMOp33x027
pZM36	22574	22575	ZMO1697	4.00656	22455	22456	TSS_4594	-	-119	ZMO1697 (HxlR)	TF homology	ZMOp36x029
pZM36	24392	24393	ZMO1697	22.3243	24219	24220	TSS_4602	-	-173	ZMO1697 (HxlR)	TF homology	ZMOp36x032
pZM39	34763	34764	ZMO1697	64.7129	34728	34729	TSS_4648	-	-35	ZMO1697 (HxlR)	TF homology	ZMOp39x030
ZM4	1204520	1204521	ZMO1733	12.7212	1204323	1204324	TSS_2670	-	-197	ZMO1733 (OxyR)	TF homology	ZMO1182
ZM4	1459699	1459700	ZMO1733	41.7902	1459607	1459608	TSS_3260	-	-92	ZMO1733 (OxyR)	TF homology	ZMO1440
ZM4	1779225	1779226	ZMO1733	18.9676	1779238	1779239	TSS_3900	+	-13	ZMO1733 (OxyR)	TF homology	ZMO1733
ZM4	1797869	1797870	ZMO1733	16158.7	1797947	1797948	TSS_3957	+	-78	ZMO1733 (OxyR)	TF homology	ZMO1753
ZM4	17384	17385	ZMO1787	333.626	17332	17333	TSS_0016	+	52	ZMO1787 (0.93)	Predicted DBD	ZMO0015
ZM4	37884	37885	ZMO1787	105.469	37928	37929	TSS_0035	+	-44	ZMO1787 (0.93)	Predicted DBD	ZMO0035
ZM4	39763	39764	ZMO1787	927.285	39800	39801	TSS_0043	-	37	ZMO1787 (0.93)	Predicted DBD	ZMO0037
ZM4	53000	53001	ZMO1787	23.5351	52847	52848	TSS_0067	-	-153	ZMO1787 (0.93)	Predicted DBD	ZMO0056
ZM4	57420	57421	ZMO1787	321.859	57608	57609	TSS_0074	-	188	ZMO1787 (0.93)	Predicted DBD	ZMO0062
ZM4	71462	71463	ZMO1787	191.076	71485	71486	TSS_0095	-	23	ZMO1787 (0.93)	Predicted DBD	ZMO0081
ZM4	74878	74879	ZMO1787	101.158	74906	74907	TSS_0098	-	28	ZMO1787 (0.93)	Predicted DBD	ZMO0084
ZM4	75130	75131	ZMO1787	125.881	74934	74935	TSS_0099	-	-196	ZMO1787 (0.93)	Predicted DBD	ZMO0084
ZM4	79604	79605	ZMO1787	614.6	79614	79615	TSS_0101	-	10	ZMO1787 (0.93)	Predicted DBD	ZMO0087
ZM4	91216	91217	ZMO1787	726.979	91307	91308	TSS_0118	+	-91	ZMO1787 (0.93)	Predicted DBD	ZMO0105
ZM4	108585	108586	ZMO1787	269.464	108585	108586	TSS_0151	+	0	ZMO1787 (0.93)	Predicted DBD	ZMO0121
ZM4	115724	115725	ZMO1787	1215.84	115697	115698	TSS_0163	-	-27	ZMO1787 (0.93)	Predicted DBD	ZMO0127
ZM4	118683	118684	ZMO1787	148.458	118565	118566	TSS_0168	-	-118	ZMO1787 (0.93)	Predicted DBD	ZMO0128
ZM4	121934	121935	ZMO1787	45.6905	121810	121811	TSS_0174	+	124	ZMO1787 (0.93)	Predicted DBD	ZMO0133
ZM4	130024	130025	ZMO1787	1105.04	129849	129850	TSS_0193	-	-175	ZMO1787 (0.93)	Predicted DBD	ZMO0139
ZM4	130499	130500	ZMO1787	10.8898	130434	130435	TSS_0194	-	-65	ZMO1787 (0.93)	Predicted DBD	ZMO0140
ZM4	130684	130685	ZMO1787	111.788	130630	130631	TSS_0196	+	54	ZMO1787 (0.93)	Predicted DBD	ZMO0142
ZM4	132116	132117	ZMO1787	40.6297	132249	132250	TSS_0198	+	-133	ZMO1787 (0.93)	Predicted DBD	ZMO0144
ZM4	137184	137185	ZMO1787	1153.3	137247	137248	TSS_0201	-	63	ZMO1787 (0.93)	Predicted DBD	ZMO0148
ZM4	140465	140466	ZMO1787	1226.64	140512	140513	TSS_0207	-	47	ZMO1787 (0.93)	Predicted DBD	ZMO0152
ZM4	145771	145772	ZMO1787	174.884	145844	145845	TSS_0236	+	-73	ZMO1787 (0.93)	Predicted DBD	ZMO0160
ZM4	145980	145981	ZMO1787	53.8644	145844	145845	TSS_0236	+	136	ZMO1787 (0.93)	Predicted DBD	ZMO0160
ZM4	149265	149266	ZMO1787	96.3396	149242	149243	TSS_0242	+	23	ZMO1787 (0.93)	Predicted DBD	ZMO0165
ZM4	150327	150328	ZMO1787	30.972	150353	150354	TSS_0243	+	-26	ZMO1787 (0.93)	Predicted DBD	ZMO0166
ZM4	150606	150607	ZMO1787	179.122	150695	150696	TSS_0245	+	-89	ZMO1787 (0.93)	Predicted DBD	ZMO0166
ZM4	161174	161175	ZMO1787	223.544	161161	161162	TSS_0285	-	-13	ZMO1787 (0.93)	Predicted DBD	ZMO0174
ZM4	161420	161421	ZMO1787	422.783	161444	161445	TSS_0287	+	-24	ZMO1787 (0.93)	Predicted DBD	ZMO0176
ZM4	163301	163302	ZMO1787	157.763	163365	163366	TSS_0290	+	-64	ZMO1787 (0.93)	Predicted DBD	ZMO0177
ZM4	163570	163571	ZMO1787	680.595	163694	163695	TSS_0292	+	-124	ZMO1787 (0.93)	Predicted DBD	ZMO0177
ZM4	169367	169368	ZMO1787	172.836	169342	169343	TSS_0332	-	-25	ZMO1787 (0.93)	Predicted DBD	ZMO0180
ZM4	194463	194464	ZMO1787	1841.41	194458	194459	TSS_0396	-	-5	ZMO1787 (0.93)	Predicted DBD	ZMO0199
ZM4	196116	196117	ZMO1787	125.915	196200	196201	TSS_0398	-	84	ZMO1787 (0.93)	Predicted DBD	ZMO0201
ZM4	196258	196259	ZMO1787	6.27606	196200	196201	TSS_0398	-	-58	ZMO1787 (0.93)	Predicted DBD	ZMO0201
ZM4	197248	197249	ZMO1787	193.806	197126	197127	TSS_0402	+	122	ZMO1787 (0.93)	Predicted DBD	ZMO0202
ZM4	204654	204655	ZMO1787	7.3293	204633	204634	TSS_0410	-	-21	ZMO1787 (0.93)	Predicted DBD	ZMO0209
ZM4	216809	216810	ZMO1787	857.031	216845	216846	TSS_0429	+	-36	ZMO1787 (0.93)	Predicted DBD	ZMO0221
ZM4	219883	219884	ZMO1787	20.547	219888	219889	TSS_0434	-	5	ZMO1787 (0.93)	Predicted DBD	ZMO0224
ZM4	234144	234145	ZMO1787	12.235900000000001	234091	234092	TSS_0457	+	53	ZMO1787 (0.93)	Predicted DBD	ZMO0238
ZM4	234263	234264	ZMO1787	19.6165	234091	234092	TSS_0457	+	172	ZMO1787 (0.93)	Predicted DBD	ZMO0238
ZM4	235992	235993	ZMO1787	375.136	235955	235956	TSS_0464	+	37	ZMO1787 (0.93)	Predicted DBD	ZMO0240
ZM4	237181	237182	ZMO1787	21.7572	237179	237180	TSS_0468	+	2	ZMO1787 (0.93)	Predicted DBD	ZMO0241
ZM4	238456	238457	ZMO1787	22.0696	238508	238509	TSS_0469	+	-52	ZMO1787 (0.93)	Predicted DBD	ZMO0242
ZM4	241235	241236	ZMO1787	66.9729	241186	241187	TSS_0487	-	-49	ZMO1787 (0.93)	Predicted DBD	ZMO0244
ZM4	242785	242786	ZMO1787	138.18	242970	242971	TSS_0489	+	-185	ZMO1787 (0.93)	Predicted DBD	ZMO0249
ZM4	266502	266503	ZMO1787	356.17	266314	266315	TSS_0529	-	-188	ZMO1787 (0.93)	Predicted DBD	ZMO0263
ZM4	270796	270797	ZMO1787	21.6983	270955	270956	TSS_0534	-	159	ZMO1787 (0.93)	Predicted DBD	ZMO0266
ZM4	270955	270956	ZMO1787	70.3805	270955	270956	TSS_0534	-	0	ZMO1787 (0.93)	Predicted DBD	ZMO0266
ZM4	274018	274019	ZMO1787	37.7649	273919	273920	TSS_0537	-	-99	ZMO1787 (0.93)	Predicted DBD	ZMO0268
ZM4	276998	276999	ZMO1787	384.526	277111	277112	TSS_0539	+	-113	ZMO1787 (0.93)	Predicted DBD	ZMO0271
ZM4	282791	282792	ZMO1787	154.768	282731	282732	TSS_0547	-	-60	ZMO1787 (0.93)	Predicted DBD	ZMO0275
ZM4	285079	285080	ZMO1787	18.129	285049	285050	TSS_0563	-	-30	ZMO1787 (0.93)	Predicted DBD	ZMO0278
ZM4	293580	293581	ZMO1787	401.29	293575	293576	TSS_0576	+	5	ZMO1787 (0.93)	Predicted DBD	ZMO0287
ZM4	294409	294410	ZMO1787	651.282	294294	294295	TSS_0581	-	-115	ZMO1787 (0.93)	Predicted DBD	ZMO0286
ZM4	294737	294738	ZMO1787	5.96533	294766	294767	TSS_0582	+	-29	ZMO1787 (0.93)	Predicted DBD	ZMO0290
ZM4	294944	294945	ZMO1787	344.78	294766	294767	TSS_0582	+	178	ZMO1787 (0.93)	Predicted DBD	ZMO0290
ZM4	301009	301010	ZMO1787	26.429	301158	301159	TSS_0595	+	-149	ZMO1787 (0.93)	Predicted DBD	ZMO0297
ZM4	303411	303412	ZMO1787	769.788	303405	303406	TSS_0596	-	-6	ZMO1787 (0.93)	Predicted DBD	ZMO0298
ZM4	304481	304482	ZMO1787	109.779	304584	304585	TSS_0597	+	-103	ZMO1787 (0.93)	Predicted DBD	ZMO0300
ZM4	312565	312566	ZMO1787	52.8653	312500	312501	TSS_0603	+	65	ZMO1787 (0.93)	Predicted DBD	ZMO0309
ZM4	320074	320075	ZMO1787	115.085	320224	320225	TSS_0623	+	-150	ZMO1787 (0.93)	Predicted DBD	ZMO0321
ZM4	325272	325273	ZMO1787	176.148	325382	325383	TSS_0632	+	-110	ZMO1787 (0.93)	Predicted DBD	ZMO0325
ZM4	334267	334268	ZMO1787	71.7382	334246	334247	TSS_0652	+	21	ZMO1787 (0.93)	Predicted DBD	ZMO0339
ZM4	346770	346771	ZMO1787	36.1901	346690	346691	TSS_0687	+	80	ZMO1787 (0.93)	Predicted DBD	ZMO0351
ZM4	352049	352050	ZMO1787	21.9873	352110	352111	TSS_0690	+	-61	ZMO1787 (0.93)	Predicted DBD	ZMO0352
ZM4	352281	352282	ZMO1787	332.15	352155	352156	TSS_0692	+	126	ZMO1787 (0.93)	Predicted DBD	ZMO0352
ZM4	353455	353456	ZMO1787	29.2889	353419	353420	TSS_0694	+	36	ZMO1787 (0.93)	Predicted DBD	ZMO0353
ZM4	359154	359155	ZMO1787	210.814	359278	359279	TSS_0705	+	-124	ZMO1787 (0.93)	Predicted DBD	ZMO0357
ZM4	359377	359378	ZMO1787	45.9507	359278	359279	TSS_0705	+	99	ZMO1787 (0.93)	Predicted DBD	ZMO0357
ZM4	359619	359620	ZMO1787	145.079	359813	359814	TSS_0706	+	-194	ZMO1787 (0.93)	Predicted DBD	ZMO0359
ZM4	359813	359814	ZMO1787	84.8123	359813	359814	TSS_0706	+	0	ZMO1787 (0.93)	Predicted DBD	ZMO0359
ZM4	360104	360105	ZMO1787	666.294	360122	360123	TSS_0707	+	-18	ZMO1787 (0.93)	Predicted DBD	ZMO0359
ZM4	362166	362167	ZMO1787	43.377	361997	361998	TSS_0709	+	169	ZMO1787 (0.93)	Predicted DBD	ZMO0360
ZM4	363874	363875	ZMO1787	70.5398	363690	363691	TSS_0711	+	184	ZMO1787 (0.93)	Predicted DBD	ZMO0361
ZM4	367387	367388	ZMO1787	9.55715	367275	367276	TSS_0720	+	112	ZMO1787 (0.93)	Predicted DBD	ZMO0363
ZM4	370638	370639	ZMO1787	103.034	370589	370590	TSS_0722	+	49	ZMO1787 (0.93)	Predicted DBD	ZMO0366
ZM4	370947	370948	ZMO1787	36.5955	370955	370956	TSS_0731	+	-8	ZMO1787 (0.93)	Predicted DBD	ZMO0366
ZM4	373358	373359	ZMO1787	117.081	373457	373458	TSS_0747	+	-99	ZMO1787 (0.93)	Predicted DBD	ZMO0368
ZM4	373859	373860	ZMO1787	153.843	373881	373882	TSS_0754	+	-22	ZMO1787 (0.93)	Predicted DBD	ZMO0368
ZM4	374006	374007	ZMO1787	598.813	373959	373960	TSS_0756	+	47	ZMO1787 (0.93)	Predicted DBD	ZMO0368
ZM4	376013	376014	ZMO1787	37.8182	376022	376023	TSS_0767	+	-9	ZMO1787 (0.93)	Predicted DBD	ZMO0369
ZM4	385681	385682	ZMO1787	64.3344	385497	385498	TSS_0790	-	-184	ZMO1787 (0.93)	Predicted DBD	ZMO0376
ZM4	389984	389985	ZMO1787	741.122	390011	390012	TSS_0792	+	-27	ZMO1787 (0.93)	Predicted DBD	ZMO0381
ZM4	397700	397701	ZMO1787	726.552	397722	397723	TSS_0795	+	-22	ZMO1787 (0.93)	Predicted DBD	ZMO0395
ZM4	407715	407716	ZMO1787	138.238	407681	407682	TSS_0811	+	34	ZMO1787 (0.93)	Predicted DBD	ZMO0405
ZM4	410979	410980	ZMO1787	272.813	410956	410957	TSS_0820	+	23	ZMO1787 (0.93)	Predicted DBD	ZMO0407
ZM4	411056	411057	ZMO1787	229.212	411060	411061	TSS_0821	+	-4	ZMO1787 (0.93)	Predicted DBD	ZMO0407
ZM4	431896	431897	ZMO1787	213.102	432046	432047	TSS_0846	+	-150	ZMO1787 (0.93)	Predicted DBD	ZMO0431
ZM4	433764	433765	ZMO1787	476.385	433937	433938	TSS_0852	-	173	ZMO1787 (0.93)	Predicted DBD	ZMO0432
ZM4	437913	437914	ZMO1787	310.126	437845	437846	TSS_0861	+	68	ZMO1787 (0.93)	Predicted DBD	ZMO0440
ZM4	438585	438586	ZMO1787	991.05	438572	438573	TSS_0863	+	13	ZMO1787 (0.93)	Predicted DBD	ZMO0442
ZM4	441078	441079	ZMO1787	361.916	440988	440989	TSS_0869	+	90	ZMO1787 (0.93)	Predicted DBD	ZMO0444
ZM4	446324	446325	ZMO1787	61.3194	446368	446369	TSS_0880	-	44	ZMO1787 (0.93)	Predicted DBD	ZMO0448
ZM4	446924	446925	ZMO1787	507.276	446871	446872	TSS_0900	+	53	ZMO1787 (0.93)	Predicted DBD	ZMO0449
ZM4	452624	452625	ZMO1787	229.198	452586	452587	TSS_0909	+	38	ZMO1787 (0.93)	Predicted DBD	ZMO0456
ZM4	452795	452796	ZMO1787	632.222	452669	452670	TSS_0910	+	126	ZMO1787 (0.93)	Predicted DBD	ZMO0456
ZM4	460639	460640	ZMO1787	168.241	460647	460648	TSS_0926	-	8	ZMO1787 (0.93)	Predicted DBD	ZMO0465
ZM4	466806	466807	ZMO1787	163.853	466854	466855	TSS_0950	-	48	ZMO1787 (0.93)	Predicted DBD	ZMO0472
ZM4	470732	470733	ZMO1787	172.802	470768	470769	TSS_0956	+	-36	ZMO1787 (0.93)	Predicted DBD	ZMO0478
ZM4	483510	483511	ZMO1787	37.0065	483504	483505	TSS_0990	-	-6	ZMO1787 (0.93)	Predicted DBD	ZMO0488
ZM4	488285	488286	ZMO1787	146.766	488226	488227	TSS_1017	+	59	ZMO1787 (0.93)	Predicted DBD	ZMO0493
ZM4	489771	489772	ZMO1787	32.2483	489902	489903	TSS_1022	+	-131	ZMO1787 (0.93)	Predicted DBD	ZMO0494
ZM4	497678	497679	ZMO1787	73.1495	497665	497666	TSS_1028	-	-13	ZMO1787 (0.93)	Predicted DBD	ZMO0496
ZM4	515980	515981	ZMO1787	226.921	515948	515949	TSS_1070	+	32	ZMO1787 (0.93)	Predicted DBD	ZMO0514
ZM4	516792	516793	ZMO1787	612.017	516633	516634	TSS_1073	+	159	ZMO1787 (0.93)	Predicted DBD	ZMO0515
ZM4	518998	518999	ZMO1787	60.2304	518854	518855	TSS_1098	+	144	ZMO1787 (0.93)	Predicted DBD	ZMO0516
ZM4	521628	521629	ZMO1787	84.442	521650	521651	TSS_1124	+	-22	ZMO1787 (0.93)	Predicted DBD	ZMO0519
ZM4	523033	523034	ZMO1787	359.982	523094	523095	TSS_1132	+	-61	ZMO1787 (0.93)	Predicted DBD	ZMO2004
ZM4	525774	525775	ZMO1787	189.047	525729	525730	TSS_1168	+	45	ZMO1787 (0.93)	Predicted DBD	ZMO0527
ZM4	526036	526037	ZMO1787	335.336	526060	526061	TSS_1169	+	-24	ZMO1787 (0.93)	Predicted DBD	ZMO0528
ZM4	527138	527139	ZMO1787	117.935	527107	527108	TSS_1177	+	31	ZMO1787 (0.93)	Predicted DBD	ZMO0530
ZM4	528842	528843	ZMO1787	89.9756	528932	528933	TSS_1182	+	-90	ZMO1787 (0.93)	Predicted DBD	ZMO0534
ZM4	529380	529381	ZMO1787	15.7198	529504	529505	TSS_1189	+	-124	ZMO1787 (0.93)	Predicted DBD	ZMO0536
ZM4	533061	533062	ZMO1787	283.342	533031	533032	TSS_1210	+	30	ZMO1787 (0.93)	Predicted DBD	ZMO0540
ZM4	535531	535532	ZMO1787	29.2331	535519	535520	TSS_1232	+	12	ZMO1787 (0.93)	Predicted DBD	ZMO0543
ZM4	542772	542773	ZMO1787	212.988	542697	542698	TSS_1247	+	75	ZMO1787 (0.93)	Predicted DBD	Zms13
ZM4	543466	543467	ZMO1787	34.1417	543526	543527	TSS_1287	-	60	ZMO1787 (0.93)	Predicted DBD	ZMO2050
ZM4	545502	545503	ZMO1787	233.063	545686	545687	TSS_1290	-	184	ZMO1787 (0.93)	Predicted DBD	ZMO0548
ZM4	550293	550294	ZMO1787	172.039	550473	550474	TSS_1308	-	180	ZMO1787 (0.93)	Predicted DBD	ZMO0553
ZM4	553648	553649	ZMO1787	50.2281	553623	553624	TSS_1310	-	-25	ZMO1787 (0.93)	Predicted DBD	ZMO0554
ZM4	556428	556429	ZMO1787	1.7855	556627	556628	TSS_1327	-	199	ZMO1787 (0.93)	Predicted DBD	ZMO0557
ZM4	564456	564457	ZMO1787	63.0893	564414	564415	TSS_1340	+	42	ZMO1787 (0.93)	Predicted DBD	ZMO0564
ZM4	591269	591270	ZMO1787	178.13	591218	591219	TSS_1382	-	-51	ZMO1787 (0.93)	Predicted DBD	ZMO0587
ZM4	593944	593945	ZMO1787	263.713	593832	593833	TSS_1387	+	112	ZMO1787 (0.93)	Predicted DBD	ZMO0591
ZM4	599081	599082	ZMO1787	266.736	599110	599111	TSS_1401	+	-29	ZMO1787 (0.93)	Predicted DBD	ZMO0599
ZM4	607115	607116	ZMO1787	63.5173	607071	607072	TSS_1410	-	-44	ZMO1787 (0.93)	Predicted DBD	ZMO0604
ZM4	610948	610949	ZMO1787	39.5536	610960	610961	TSS_1419	-	12	ZMO1787 (0.93)	Predicted DBD	ZMO0608
ZM4	611096	611097	ZMO1787	47.2035	610960	610961	TSS_1419	-	-136	ZMO1787 (0.93)	Predicted DBD	ZMO0608
ZM4	611674	611675	ZMO1787	108.567	611624	611625	TSS_1420	-	-50	ZMO1787 (0.93)	Predicted DBD	ZMO0609
ZM4	612331	612332	ZMO1787	345.929	612164	612165	TSS_1422	-	-167	ZMO1787 (0.93)	Predicted DBD	ZMO0609
ZM4	612703	612704	ZMO1787	3.01228	612724	612725	TSS_1425	-	21	ZMO1787 (0.93)	Predicted DBD	ZMO0610
ZM4	618196	618197	ZMO1787	30.9621	618091	618092	TSS_1438	+	105	ZMO1787 (0.93)	Predicted DBD	ZMO0622
ZM4	621378	621379	ZMO1787	94.9911	621261	621262	TSS_1446	+	117	ZMO1787 (0.93)	Predicted DBD	ZMO0625
ZM4	625297	625298	ZMO1787	155.993	625384	625385	TSS_1453	-	87	ZMO1787 (0.93)	Predicted DBD	ZMO0629
ZM4	625951	625952	ZMO1787	806.56	625945	625946	TSS_1456	+	6	ZMO1787 (0.93)	Predicted DBD	ZMO0631
ZM4	629428	629429	ZMO1787	968.649	629308	629309	TSS_1459	+	120	ZMO1787 (0.93)	Predicted DBD	ZMO0635
ZM4	632798	632799	ZMO1787	521.727	632715	632716	TSS_1462	+	83	ZMO1787 (0.93)	Predicted DBD	ZMO0638
ZM4	638768	638769	ZMO1787	234.823	638856	638857	TSS_1469	+	-88	ZMO1787 (0.93)	Predicted DBD	ZMO0649
ZM4	641237	641238	ZMO1787	1173.85	641037	641038	TSS_1471	+	200	ZMO1787 (0.93)	Predicted DBD	ZMO0651
ZM4	653124	653125	ZMO1787	7.36118	653068	653069	TSS_1497	+	56	ZMO1787 (0.93)	Predicted DBD	ZMO0660
ZM4	654952	654953	ZMO1787	18.4477	655078	655079	TSS_1506	+	-126	ZMO1787 (0.93)	Predicted DBD	ZMO0661
ZM4	655052	655053	ZMO1787	91.2211	655078	655079	TSS_1506	+	-26	ZMO1787 (0.93)	Predicted DBD	ZMO0661
ZM4	663248	663249	ZMO1787	269.339	663249	663250	TSS_1524	+	-1	ZMO1787 (0.93)	Predicted DBD	ZMO2005
ZM4	663718	663719	ZMO1787	608.772	663608	663609	TSS_1533	+	110	ZMO1787 (0.93)	Predicted DBD	ZMO0667
ZM4	670599	670600	ZMO1787	86.887200000000007	670663	670664	TSS_1550	-	64	ZMO1787 (0.93)	Predicted DBD	ZMO0675
ZM4	671422	671423	ZMO1787	15.0647	671607	671608	TSS_1551	-	185	ZMO1787 (0.93)	Predicted DBD	ZMO0676
ZM4	672110	672111	ZMO1787	41.8329	672208	672209	TSS_1555	-	98	ZMO1787 (0.93)	Predicted DBD	ZMO0676
ZM4	673577	673578	ZMO1787	435.286	673600	673601	TSS_1559	-	23	ZMO1787 (0.93)	Predicted DBD	ZMO0678
ZM4	686160	686161	ZMO1787	39.4693	686349	686350	TSS_1568	-	189	ZMO1787 (0.93)	Predicted DBD	ZMO0688
ZM4	686305	686306	ZMO1787	21.8356	686349	686350	TSS_1568	-	44	ZMO1787 (0.93)	Predicted DBD	ZMO0688
ZM4	686410	686411	ZMO1787	16.3858	686355	686356	TSS_1569	-	-55	ZMO1787 (0.93)	Predicted DBD	ZMO0688
ZM4	689724	689725	ZMO1787	204.111	689612	689613	TSS_1577	-	-112	ZMO1787 (0.93)	Predicted DBD	ZMO0691
ZM4	692880	692881	ZMO1787	79.3078	692837	692838	TSS_1588	-	-43	ZMO1787 (0.93)	Predicted DBD	ZMO0693
ZM4	693653	693654	ZMO1787	251.271	693748	693749	TSS_1591	-	95	ZMO1787 (0.93)	Predicted DBD	ZMO0694
ZM4	693807	693808	ZMO1787	17.7157	693748	693749	TSS_1591	-	-59	ZMO1787 (0.93)	Predicted DBD	ZMO0694
ZM4	703998	703999	ZMO1787	158.252	703984	703985	TSS_1605	-	-14	ZMO1787 (0.93)	Predicted DBD	ZMO0704
ZM4	707344	707345	ZMO1787	91.8458	707345	707346	TSS_1607	+	-1	ZMO1787 (0.93)	Predicted DBD	ZMO0710
ZM4	707628	707629	ZMO1787	67.4276	707658	707659	TSS_1608	-	30	ZMO1787 (0.93)	Predicted DBD	ZMO0709
ZM4	707815	707816	ZMO1787	13.7881	707769	707770	TSS_1612	-	-46	ZMO1787 (0.93)	Predicted DBD	ZMO0709
ZM4	707952	707953	ZMO1787	74.8964	707769	707770	TSS_1612	-	-183	ZMO1787 (0.93)	Predicted DBD	ZMO0709
ZM4	711772	711773	ZMO1787	32.7789	711827	711828	TSS_1619	+	-55	ZMO1787 (0.93)	Predicted DBD	ZMO0713
ZM4	714217	714218	ZMO1787	513.478	714298	714299	TSS_1620	+	-81	ZMO1787 (0.93)	Predicted DBD	ZMO0715
ZM4	716579	716580	ZMO1787	88.1183	716449	716450	TSS_1624	+	130	ZMO1787 (0.93)	Predicted DBD	ZMO0716
ZM4	720440	720441	ZMO1787	441.381	720584	720585	TSS_1634	+	-144	ZMO1787 (0.93)	Predicted DBD	ZMO0721
ZM4	720720	720721	ZMO1787	52.7987	720584	720585	TSS_1634	+	136	ZMO1787 (0.93)	Predicted DBD	ZMO0721
ZM4	721353	721354	ZMO1787	382.782	721303	721304	TSS_1637	+	50	ZMO1787 (0.93)	Predicted DBD	ZMO0722
ZM4	723827	723828	ZMO1787	295.758	723850	723851	TSS_1645	+	-23	ZMO1787 (0.93)	Predicted DBD	ZMOt013
ZM4	725781	725782	ZMO1787	24.0058	725915	725916	TSS_1660	+	-134	ZMO1787 (0.93)	Predicted DBD	ZMO0727
ZM4	726723	726724	ZMO1787	1032.11	726746	726747	TSS_1667	+	-23	ZMO1787 (0.93)	Predicted DBD	ZMO0728
ZM4	727563	727564	ZMO1787	742.921	727586	727587	TSS_1676	+	-23	ZMO1787 (0.93)	Predicted DBD	ZMO0731
ZM4	741822	741823	ZMO1787	14.6739	741809	741810	TSS_1716	-	-13	ZMO1787 (0.93)	Predicted DBD	ZMO0739
ZM4	742579	742580	ZMO1787	1314.11	742521	742522	TSS_1729	+	58	ZMO1787 (0.93)	Predicted DBD	ZMO0743
ZM4	751876	751877	ZMO1787	106.592	751890	751891	TSS_1757	+	-14	ZMO1787 (0.93)	Predicted DBD	ZMO0753
ZM4	759056	759057	ZMO1787	16.3858	759207	759208	TSS_1765	+	-151	ZMO1787 (0.93)	Predicted DBD	ZMO0765
ZM4	760646	760647	ZMO1787	902.576	760763	760764	TSS_1772	+	-117	ZMO1787 (0.93)	Predicted DBD	ZMO0766
ZM4	761150	761151	ZMO1787	9.9565	761326	761327	TSS_1773	+	-176	ZMO1787 (0.93)	Predicted DBD	ZMO0766
ZM4	761325	761326	ZMO1787	98.17	761326	761327	TSS_1773	+	-1	ZMO1787 (0.93)	Predicted DBD	ZMO0766
ZM4	773288	773289	ZMO1787	137.392	773264	773265	TSS_1789	+	24	ZMO1787 (0.93)	Predicted DBD	ZMO0778
ZM4	779255	779256	ZMO1787	208.939	779323	779324	TSS_1792	+	-68	ZMO1787 (0.93)	Predicted DBD	ZMO0781
ZM4	800786	800787	ZMO1787	648.018	800835	800836	TSS_1810	-	49	ZMO1787 (0.93)	Predicted DBD	ZMO0797
ZM4	817249	817250	ZMO1787	39.4693	817283	817284	TSS_1822	+	-34	ZMO1787 (0.93)	Predicted DBD	ZMO0813
ZM4	819813	819814	ZMO1787	84.7722	819811	819812	TSS_1827	-	-2	ZMO1787 (0.93)	Predicted DBD	ZMO0815
ZM4	820505	820506	ZMO1787	6.67351	820663	820664	TSS_1857	+	-158	ZMO1787 (0.93)	Predicted DBD	ZMO0819
ZM4	820584	820585	ZMO1787	11.3273	820663	820664	TSS_1857	+	-79	ZMO1787 (0.93)	Predicted DBD	ZMO0819
ZM4	826883	826884	ZMO1787	572.124	826778	826779	TSS_1868	+	105	ZMO1787 (0.93)	Predicted DBD	ZMO0823
ZM4	851912	851913	ZMO1787	265.004	851821	851822	TSS_1907	+	91	ZMO1787 (0.93)	Predicted DBD	ZMO0844
ZM4	871196	871197	ZMO1787	51.2509	871328	871329	TSS_1939	+	-132	ZMO1787 (0.93)	Predicted DBD	Zms16
ZM4	875030	875031	ZMO1787	602.292	875070	875071	TSS_1952	+	-40	ZMO1787 (0.93)	Predicted DBD	ZMO0865
ZM4	888392	888393	ZMO1787	124.087	888415	888416	TSS_1973	+	-23	ZMO1787 (0.93)	Predicted DBD	ZMO0876
ZM4	888618	888619	ZMO1787	78.0443	888569	888570	TSS_1980	+	49	ZMO1787 (0.93)	Predicted DBD	ZMO0876
ZM4	895905	895906	ZMO1787	6.77201	895795	895796	TSS_2000	+	110	ZMO1787 (0.93)	Predicted DBD	ZMO0885
ZM4	896799	896800	ZMO1787	4.54982	896865	896866	TSS_2001	-	66	ZMO1787 (0.93)	Predicted DBD	ZMO0886
ZM4	900995	900996	ZMO1787	96.8946	901168	901169	TSS_2006	-	173	ZMO1787 (0.93)	Predicted DBD	ZMO0890
ZM4	909589	909590	ZMO1787	17.0624	909738	909739	TSS_2023	+	-149	ZMO1787 (0.93)	Predicted DBD	ZMO0900
ZM4	909763	909764	ZMO1787	131.739	909738	909739	TSS_2023	+	25	ZMO1787 (0.93)	Predicted DBD	ZMO0900
ZM4	927056	927057	ZMO1787	217.876	927121	927122	TSS_2054	-	65	ZMO1787 (0.93)	Predicted DBD	ZMO0910
ZM4	932187	932188	ZMO1787	50.7386	932007	932008	TSS_2061	+	180	ZMO1787 (0.93)	Predicted DBD	ZMO0915
ZM4	934614	934615	ZMO1787	119.975	934591	934592	TSS_2071	+	23	ZMO1787 (0.93)	Predicted DBD	ZMO0916
ZM4	934696	934697	ZMO1787	191.423	934591	934592	TSS_2071	+	105	ZMO1787 (0.93)	Predicted DBD	ZMO0916
ZM4	936612	936613	ZMO1787	721.522	936642	936643	TSS_2077	+	-30	ZMO1787 (0.93)	Predicted DBD	ZMO0918
ZM4	937246	937247	ZMO1787	470.482	937179	937180	TSS_2081	+	67	ZMO1787 (0.93)	Predicted DBD	ZMO0918
ZM4	938808	938809	ZMO1787	122.295	938778	938779	TSS_2085	+	30	ZMO1787 (0.93)	Predicted DBD	ZMO0919
ZM4	948839	948840	ZMO1787	63.1202	948693	948694	TSS_2101	+	146	ZMO1787 (0.93)	Predicted DBD	ZMO0926
ZM4	951154	951155	ZMO1787	262.413	951136	951137	TSS_2105	-	-18	ZMO1787 (0.93)	Predicted DBD	ZMO0927
ZM4	953995	953996	ZMO1787	18.6284	954142	954143	TSS_2106	-	147	ZMO1787 (0.93)	Predicted DBD	ZMO0934
ZM4	954188	954189	ZMO1787	1022.6	954142	954143	TSS_2106	-	-46	ZMO1787 (0.93)	Predicted DBD	ZMO0934
ZM4	966962	966963	ZMO1787	1011.26	966858	966859	TSS_2138	+	104	ZMO1787 (0.93)	Predicted DBD	ZMO0947
ZM4	972229	972230	ZMO1787	900.196	972262	972263	TSS_2153	-	33	ZMO1787 (0.93)	Predicted DBD	ZMO0952
ZM4	972389	972390	ZMO1787	149.647	972262	972263	TSS_2153	-	-127	ZMO1787 (0.93)	Predicted DBD	ZMO0952
ZM4	974120	974121	ZMO1787	41.8329	974237	974238	TSS_2155	+	-117	ZMO1787 (0.93)	Predicted DBD	ZMO0956
ZM4	979978	979979	ZMO1787	7.85457	980120	980121	TSS_2162	+	-142	ZMO1787 (0.93)	Predicted DBD	ZMO0964
ZM4	980147	980148	ZMO1787	27.1933	980120	980121	TSS_2162	+	27	ZMO1787 (0.93)	Predicted DBD	ZMO0964
ZM4	990217	990218	ZMO1787	492.882	990372	990373	TSS_2183	+	-155	ZMO1787 (0.93)	Predicted DBD	ZMO0973
ZM4	996674	996675	ZMO1787	859.204	996722	996723	TSS_2196	+	-48	ZMO1787 (0.93)	Predicted DBD	ZMO0979
ZM4	1021369	1021370	ZMO1787	121.042	1021374	1021375	TSS_2260	+	-5	ZMO1787 (0.93)	Predicted DBD	ZMO1002
ZM4	1021511	1021512	ZMO1787	118.017	1021550	1021551	TSS_2261	+	-39	ZMO1787 (0.93)	Predicted DBD	ZMO1002
ZM4	1027776	1027777	ZMO1787	195.348	1027928	1027929	TSS_2272	+	-152	ZMO1787 (0.93)	Predicted DBD	ZMO1008
ZM4	1034577	1034578	ZMO1787	615.269	1034596	1034597	TSS_2293	-	19	ZMO1787 (0.93)	Predicted DBD	ZMO1015
ZM4	1037032	1037033	ZMO1787	157.548	1036987	1036988	TSS_2296	-	-45	ZMO1787 (0.93)	Predicted DBD	ZMO1018
ZM4	1042476	1042477	ZMO1787	192.978	1042612	1042613	TSS_2312	+	-136	ZMO1787 (0.93)	Predicted DBD	ZMO1025
ZM4	1042625	1042626	ZMO1787	155.525	1042612	1042613	TSS_2312	+	13	ZMO1787 (0.93)	Predicted DBD	ZMO1025
ZM4	1063820	1063821	ZMO1787	82.6231	1063726	1063727	TSS_2368	+	94	ZMO1787 (0.93)	Predicted DBD	ZMO1047
ZM4	1064656	1064657	ZMO1787	4.88736	1064741	1064742	TSS_2369	+	-85	ZMO1787 (0.93)	Predicted DBD	ZMO1048
ZM4	1064838	1064839	ZMO1787	505.213	1064743	1064744	TSS_2370	+	95	ZMO1787 (0.93)	Predicted DBD	ZMO1048
ZM4	1071667	1071668	ZMO1787	129.638	1071475	1071476	TSS_2379	+	192	ZMO1787 (0.93)	Predicted DBD	ZMO1055
ZM4	1075428	1075429	ZMO1787	198.521	1075241	1075242	TSS_2383	+	187	ZMO1787 (0.93)	Predicted DBD	ZMO1059
ZM4	1076605	1076606	ZMO1787	5.96036	1076612	1076613	TSS_2386	-	7	ZMO1787 (0.93)	Predicted DBD	ZMO1060
ZM4	1076793	1076794	ZMO1787	302.918	1076724	1076725	TSS_2389	-	-69	ZMO1787 (0.93)	Predicted DBD	ZMO1060
ZM4	1077948	1077949	ZMO1787	12.1657	1078025	1078026	TSS_2390	+	-77	ZMO1787 (0.93)	Predicted DBD	ZMO1062
ZM4	1078479	1078480	ZMO1787	468.459	1078511	1078512	TSS_2392	+	-32	ZMO1787 (0.93)	Predicted DBD	ZMO1063
ZM4	1098803	1098804	ZMO1787	19.8743	1098806	1098807	TSS_2440	+	-3	ZMO1787 (0.93)	Predicted DBD	ZMO1086
ZM4	1107673	1107674	ZMO1787	176.388	1107819	1107820	TSS_2449	+	-146	ZMO1787 (0.93)	Predicted DBD	ZMO1095
ZM4	1130661	1130662	ZMO1787	70.2688	1130795	1130796	TSS_2501	+	-134	ZMO1787 (0.93)	Predicted DBD	ZMO1114
ZM4	1132918	1132919	ZMO1787	66.8642	1132918	1132919	TSS_2507	+	0	ZMO1787 (0.93)	Predicted DBD	ZMO1116
ZM4	1139010	1139011	ZMO1787	119.267	1139181	1139182	TSS_2512	+	-171	ZMO1787 (0.93)	Predicted DBD	ZMO1118
ZM4	1145471	1145472	ZMO1787	35.3415	1145468	1145469	TSS_2521	-	-3	ZMO1787 (0.93)	Predicted DBD	ZMO1125
ZM4	1146815	1146816	ZMO1787	5.96036	1146950	1146951	TSS_2523	-	135	ZMO1787 (0.93)	Predicted DBD	ZMO1127
ZM4	1146921	1146922	ZMO1787	33.1657	1146950	1146951	TSS_2523	-	29	ZMO1787 (0.93)	Predicted DBD	ZMO1127
ZM4	1148411	1148412	ZMO1787	146.009	1148449	1148450	TSS_2528	+	-38	ZMO1787 (0.93)	Predicted DBD	ZMO1130
ZM4	1154060	1154061	ZMO1787	188.264	1154148	1154149	TSS_2538	-	88	ZMO1787 (0.93)	Predicted DBD	ZMO1135
ZM4	1157056	1157057	ZMO1787	44.7339	1157047	1157048	TSS_2546	-	-9	ZMO1787 (0.93)	Predicted DBD	ZMO1137
ZM4	1157323	1157324	ZMO1787	71.9925	1157143	1157144	TSS_2549	-	-180	ZMO1787 (0.93)	Predicted DBD	ZMO1137
ZM4	1157672	1157673	ZMO1787	104.629	1157705	1157706	TSS_2552	+	-33	ZMO1787 (0.93)	Predicted DBD	ZMO1139
ZM4	1157879	1157880	ZMO1787	59.4124	1157784	1157785	TSS_2554	+	95	ZMO1787 (0.93)	Predicted DBD	ZMO1139
ZM4	1159708	1159709	ZMO1787	761.277	1159881	1159882	TSS_2563	+	-173	ZMO1787 (0.93)	Predicted DBD	ZMO1140
ZM4	1163317	1163318	ZMO1787	61.6858	1163348	1163349	TSS_2573	-	31	ZMO1787 (0.93)	Predicted DBD	ZMO1142
ZM4	1164532	1164533	ZMO1787	445.651	1164717	1164718	TSS_2575	-	185	ZMO1787 (0.93)	Predicted DBD	ZMO1144
ZM4	1166352	1166353	ZMO1787	250.418	1166349	1166350	TSS_2581	-	-3	ZMO1787 (0.93)	Predicted DBD	ZMO1147
ZM4	1170903	1170904	ZMO1787	1280.76	1170971	1170972	TSS_2591	-	68	ZMO1787 (0.93)	Predicted DBD	ZMO1149
ZM4	1174720	1174721	ZMO1787	263.842	1174845	1174846	TSS_2597	-	125	ZMO1787 (0.93)	Predicted DBD	ZMO1154
ZM4	1175802	1175803	ZMO1787	331.11	1175720	1175721	TSS_2602	-	-82	ZMO1787 (0.93)	Predicted DBD	ZMO1155
ZM4	1176311	1176312	ZMO1787	516.587	1176433	1176434	TSS_2606	-	122	ZMO1787 (0.93)	Predicted DBD	ZMO1156
ZM4	1176819	1176820	ZMO1787	251.268	1176958	1176959	TSS_2619	+	-139	ZMO1787 (0.93)	Predicted DBD	ZMO1158
ZM4	1179331	1179332	ZMO1787	420.817	1179384	1179385	TSS_2621	-	53	ZMO1787 (0.93)	Predicted DBD	ZMO1160
ZM4	1181157	1181158	ZMO1787	157.343	1181051	1181052	TSS_2630	+	106	ZMO1787 (0.93)	Predicted DBD	ZMO1163
ZM4	1181492	1181493	ZMO1787	469.736	1181555	1181556	TSS_2631	+	-63	ZMO1787 (0.93)	Predicted DBD	ZMO1164
ZM4	1187841	1187842	ZMO1787	77.2466	1187720	1187721	TSS_2640	+	121	ZMO1787 (0.93)	Predicted DBD	ZMO1170
ZM4	1189003	1189004	ZMO1787	88.7361	1189129	1189130	TSS_2641	+	-126	ZMO1787 (0.93)	Predicted DBD	ZMO1172
ZM4	1189443	1189444	ZMO1787	115.907	1189253	1189254	TSS_2643	-	-190	ZMO1787 (0.93)	Predicted DBD	ZMO1171
ZM4	1197370	1197371	ZMO1787	110.397	1197238	1197239	TSS_2654	-	-132	ZMO1787 (0.93)	Predicted DBD	ZMO1174
ZM4	1198890	1198891	ZMO1787	35.3415	1198920	1198921	TSS_2655	-	30	ZMO1787 (0.93)	Predicted DBD	ZMO1176
ZM4	1203590	1203591	ZMO1787	61.5029	1203670	1203671	TSS_2667	-	80	ZMO1787 (0.93)	Predicted DBD	ZMO1181
ZM4	1208039	1208040	ZMO1787	34.8214	1208025	1208026	TSS_2675	+	14	ZMO1787 (0.93)	Predicted DBD	ZMO1185
ZM4	1209001	1209002	ZMO1787	856.707	1208971	1208972	TSS_2679	+	30	ZMO1787 (0.93)	Predicted DBD	ZMO1186
ZM4	1212201	1212202	ZMO1787	57.5811	1212228	1212229	TSS_2686	+	-27	ZMO1787 (0.93)	Predicted DBD	ZMO1189
ZM4	1232269	1232270	ZMO1787	28.915	1232253	1232254	TSS_2708	+	16	ZMO1787 (0.93)	Predicted DBD	ZMO1207
ZM4	1239790	1239791	ZMO1787	246.174	1239730	1239731	TSS_2740	-	-60	ZMO1787 (0.93)	Predicted DBD	ZMO1212
ZM4	1240016	1240017	ZMO1787	236.072	1239864	1239865	TSS_2742	+	152	ZMO1787 (0.93)	Predicted DBD	ZMO1213
ZM4	1240462	1240463	ZMO1787	46.4596	1240491	1240492	TSS_2743	+	-29	ZMO1787 (0.93)	Predicted DBD	ZMO1214
ZM4	1244976	1244977	ZMO1787	29.7278	1245168	1245169	TSS_2763	+	-192	ZMO1787 (0.93)	Predicted DBD	Zms14
ZM4	1249228	1249229	ZMO1787	55.4138	1249274	1249275	TSS_2773	-	46	ZMO1787 (0.93)	Predicted DBD	ZMO1222
ZM4	1250962	1250963	ZMO1787	33.1215	1250824	1250825	TSS_2788	+	138	ZMO1787 (0.93)	Predicted DBD	ZMO1226
ZM4	1261370	1261371	ZMO1787	223.62	1261555	1261556	TSS_2808	-	185	ZMO1787 (0.93)	Predicted DBD	ZMO1235
ZM4	1261774	1261775	ZMO1787	54.9263	1261923	1261924	TSS_2809	-	149	ZMO1787 (0.93)	Predicted DBD	ZMO1235
ZM4	1270697	1270698	ZMO1787	376.093	1270888	1270889	TSS_2852	-	191	ZMO1787 (0.93)	Predicted DBD	ZMO1251
ZM4	1286242	1286243	ZMO1787	112.551	1286234	1286235	TSS_2864	-	-8	ZMO1787 (0.93)	Predicted DBD	ZMO1268
ZM4	1286847	1286848	ZMO1787	172.802	1286733	1286734	TSS_2869	+	114	ZMO1787 (0.93)	Predicted DBD	ZMO1270
ZM4	1302489	1302490	ZMO1787	114.089	1302461	1302462	TSS_2908	-	-28	ZMO1787 (0.93)	Predicted DBD	ZMO1286
ZM4	1303151	1303152	ZMO1787	36.6071	1302993	1302994	TSS_2912	-	-158	ZMO1787 (0.93)	Predicted DBD	ZMO1286
ZM4	1315206	1315207	ZMO1787	3.45864	1315308	1315309	TSS_2945	+	-102	ZMO1787 (0.93)	Predicted DBD	ZMO2016
ZM4	1315433	1315434	ZMO1787	243.734	1315310	1315311	TSS_2946	+	123	ZMO1787 (0.93)	Predicted DBD	ZMO2016
ZM4	1316020	1316021	ZMO1787	80.8021	1316003	1316004	TSS_2951	+	17	ZMO1787 (0.93)	Predicted DBD	ZMO2017
ZM4	1334479	1334480	ZMO1787	62.443600000000004	1334504	1334505	TSS_2982	-	25	ZMO1787 (0.93)	Predicted DBD	ZMO1315
ZM4	1339969	1339970	ZMO1787	204.913	1340073	1340074	TSS_2987	-	104	ZMO1787 (0.93)	Predicted DBD	ZMO1320
ZM4	1340264	1340265	ZMO1787	994.774	1340074	1340075	TSS_2988	-	-190	ZMO1787 (0.93)	Predicted DBD	ZMO1320
ZM4	1341525	1341526	ZMO1787	60.3543	1341501	1341502	TSS_2993	+	24	ZMO1787 (0.93)	Predicted DBD	ZMO1322
ZM4	1341807	1341808	ZMO1787	54.5157	1341676	1341677	TSS_2995	+	131	ZMO1787 (0.93)	Predicted DBD	ZMO1322
ZM4	1342223	1342224	ZMO1787	344.067	1342259	1342260	TSS_2996	+	-36	ZMO1787 (0.93)	Predicted DBD	ZMO1323
ZM4	1344805	1344806	ZMO1787	115.907	1344632	1344633	TSS_2999	+	173	ZMO1787 (0.93)	Predicted DBD	ZMO1325
ZM4	1345693	1345694	ZMO1787	51.2509	1345567	1345568	TSS_3006	+	126	ZMO1787 (0.93)	Predicted DBD	ZMO1326
ZM4	1353366	1353367	ZMO1787	24.4661	1353460	1353461	TSS_3027	-	94	ZMO1787 (0.93)	Predicted DBD	Zms4
ZM4	1358664	1358665	ZMO1787	111.798	1358578	1358579	TSS_3034	-	-86	ZMO1787 (0.93)	Predicted DBD	ZMO1341
ZM4	1358857	1358858	ZMO1787	24.2473	1358762	1358763	TSS_3046	+	95	ZMO1787 (0.93)	Predicted DBD	ZMO1344
ZM4	1359326	1359327	ZMO1787	46.6833	1359311	1359312	TSS_3048	+	15	ZMO1787 (0.93)	Predicted DBD	ZMO1344
ZM4	1365270	1365271	ZMO1787	56.472	1365071	1365072	TSS_3059	-	-199	ZMO1787 (0.93)	Predicted DBD	ZMO1347
ZM4	1366006	1366007	ZMO1787	355.153	1365940	1365941	TSS_3065	+	66	ZMO1787 (0.93)	Predicted DBD	ZMO1350
ZM4	1368613	1368614	ZMO1787	7.60602	1368619	1368620	TSS_3069	-	6	ZMO1787 (0.93)	Predicted DBD	ZMO1352
ZM4	1368985	1368986	ZMO1787	805.031	1368795	1368796	TSS_3072	-	-190	ZMO1787 (0.93)	Predicted DBD	ZMO1352
ZM4	1369759	1369760	ZMO1787	380.867	1369706	1369707	TSS_3075	-	-53	ZMO1787 (0.93)	Predicted DBD	ZMO1353
ZM4	1376002	1376003	ZMO1787	180.483	1376029	1376030	TSS_3106	-	27	ZMO1787 (0.93)	Predicted DBD	ZMO1358
ZM4	1376149	1376150	ZMO1787	46.706	1376031	1376032	TSS_3107	-	-118	ZMO1787 (0.93)	Predicted DBD	ZMO1358
ZM4	1377722	1377723	ZMO1787	504.183	1377709	1377710	TSS_3118	-	-13	ZMO1787 (0.93)	Predicted DBD	ZMO1360
ZM4	1377899	1377900	ZMO1787	133.428	1378033	1378034	TSS_3120	-	134	ZMO1787 (0.93)	Predicted DBD	ZMO2067
ZM4	1384418	1384419	ZMO1787	143.717	1384517	1384518	TSS_3135	+	-99	ZMO1787 (0.93)	Predicted DBD	ZMO1369
ZM4	1387730	1387731	ZMO1787	283.342	1387850	1387851	TSS_3139	-	120	ZMO1787 (0.93)	Predicted DBD	ZMO1372
ZM4	1387854	1387855	ZMO1787	27.7557	1387853	1387854	TSS_3140	-	-1	ZMO1787 (0.93)	Predicted DBD	ZMO1372
ZM4	1395291	1395292	ZMO1787	67.4276	1395415	1395416	TSS_3155	-	124	ZMO1787 (0.93)	Predicted DBD	ZMO1380
ZM4	1399155	1399156	ZMO1787	43.4491	1399254	1399255	TSS_3158	+	-99	ZMO1787 (0.93)	Predicted DBD	ZMO1385
ZM4	1399303	1399304	ZMO1787	17.1705	1399293	1399294	TSS_3159	+	10	ZMO1787 (0.93)	Predicted DBD	ZMO1385
ZM4	1417099	1417100	ZMO1787	367.473	1417129	1417130	TSS_3181	-	30	ZMO1787 (0.93)	Predicted DBD	ZMO1402
ZM4	1417649	1417650	ZMO1787	22.4689	1417479	1417480	TSS_3182	-	-170	ZMO1787 (0.93)	Predicted DBD	ZMO1402
ZM4	1421932	1421933	ZMO1787	337.57	1422132	1422133	TSS_3193	-	200	ZMO1787 (0.93)	Predicted DBD	ZMO1407
ZM4	1422364	1422365	ZMO1787	308.319	1422354	1422355	TSS_3194	-	-10	ZMO1787 (0.93)	Predicted DBD	ZMO1407
ZM4	1440731	1440732	ZMO1787	36.1902	1440794	1440795	TSS_3236	+	-63	ZMO1787 (0.93)	Predicted DBD	ZMO1424
ZM4	1440930	1440931	ZMO1787	271.949	1440794	1440795	TSS_3236	+	136	ZMO1787 (0.93)	Predicted DBD	ZMO1424
ZM4	1444579	1444580	ZMO1787	69.6974	1444544	1444545	TSS_3242	+	35	ZMO1787 (0.93)	Predicted DBD	ZMO1428
ZM4	1451262	1451263	ZMO1787	39.8392	1451208	1451209	TSS_3251	-	-54	ZMO1787 (0.93)	Predicted DBD	ZMO1432
ZM4	1453171	1453172	ZMO1787	96.8946	1453174	1453175	TSS_3252	-	3	ZMO1787 (0.93)	Predicted DBD	ZMO1434
ZM4	1456251	1456252	ZMO1787	115.233	1456331	1456332	TSS_3256	-	80	ZMO1787 (0.93)	Predicted DBD	ZMO1436
ZM4	1473872	1473873	ZMO1787	58.8556	1473707	1473708	TSS_3273	-	-165	ZMO1787 (0.93)	Predicted DBD	ZMO1451
ZM4	1486515	1486516	ZMO1787	30.9648	1486365	1486366	TSS_3285	-	-150	ZMO1787 (0.93)	Predicted DBD	ZMO1464
ZM4	1489016	1489017	ZMO1787	14.2101	1489121	1489122	TSS_3290	+	-105	ZMO1787 (0.93)	Predicted DBD	ZMO1467
ZM4	1489147	1489148	ZMO1787	45.8095	1489121	1489122	TSS_3290	+	26	ZMO1787 (0.93)	Predicted DBD	ZMO1467
ZM4	1493850	1493851	ZMO1787	67.8555	1493807	1493808	TSS_3295	-	-43	ZMO1787 (0.93)	Predicted DBD	ZMO1470
ZM4	1496088	1496089	ZMO1787	191.365	1495948	1495949	TSS_3299	-	-140	ZMO1787 (0.93)	Predicted DBD	ZMO1471
ZM4	1516332	1516333	ZMO1787	290.262	1516288	1516289	TSS_3336	-	-44	ZMO1787 (0.93)	Predicted DBD	ZMO1488
ZM4	1517889	1517890	ZMO1787	454.528	1517997	1517998	TSS_3369	+	-108	ZMO1787 (0.93)	Predicted DBD	ZMO1491
ZM4	1531020	1531021	ZMO1787	159.978	1531066	1531067	TSS_3395	-	46	ZMO1787 (0.93)	Predicted DBD	ZMO1502
ZM4	1542995	1542996	ZMO1787	73.1495	1543125	1543126	TSS_3414	-	130	ZMO1787 (0.93)	Predicted DBD	ZMO1514
ZM4	1545973	1545974	ZMO1787	3.29287	1545795	1545796	TSS_3434	-	-178	ZMO1787 (0.93)	Predicted DBD	ZMO1519
ZM4	1547390	1547391	ZMO1787	337.839	1547344	1547345	TSS_3443	+	46	ZMO1787 (0.93)	Predicted DBD	ZMO1522
ZM4	1564556	1564557	ZMO1787	15.3611	1564427	1564428	TSS_3477	+	129	ZMO1787 (0.93)	Predicted DBD	ZMO1531
ZM4	1565898	1565899	ZMO1787	697.094	1565803	1565804	TSS_3481	+	95	ZMO1787 (0.93)	Predicted DBD	ZMO1533
ZM4	1576148	1576149	ZMO1787	204.913	1576170	1576171	TSS_3499	+	-22	ZMO1787 (0.93)	Predicted DBD	ZMO1542
ZM4	1584182	1584183	ZMO1787	197.814	1584147	1584148	TSS_3519	+	35	ZMO1787 (0.93)	Predicted DBD	ZMO1550
ZM4	1620909	1620910	ZMO1787	39.0852	1620985	1620986	TSS_3553	+	-76	ZMO1787 (0.93)	Predicted DBD	ZMO1581
ZM4	1627071	1627072	ZMO1787	303.398	1627080	1627081	TSS_3564	+	-9	ZMO1787 (0.93)	Predicted DBD	ZMO1588
ZM4	1635912	1635913	ZMO1787	41.0032	1635892	1635893	TSS_3570	-	-20	ZMO1787 (0.93)	Predicted DBD	ZMO1593
ZM4	1646943	1646944	ZMO1787	99.4367	1646817	1646818	TSS_3597	+	126	ZMO1787 (0.93)	Predicted DBD	ZMO1603
ZM4	1652493	1652494	ZMO1787	107.907	1652499	1652500	TSS_3603	-	6	ZMO1787 (0.93)	Predicted DBD	ZMO1607
ZM4	1654472	1654473	ZMO1787	45.4228	1654318	1654319	TSS_3629	+	154	ZMO1787 (0.93)	Predicted DBD	ZMO1611
ZM4	1657304	1657305	ZMO1787	9.9565	1657278	1657279	TSS_3633	-	-26	ZMO1787 (0.93)	Predicted DBD	ZMO1614
ZM4	1663276	1663277	ZMO1787	190.525	1663334	1663335	TSS_3649	+	-58	ZMO1787 (0.93)	Predicted DBD	ZMO1622
ZM4	1681727	1681728	ZMO1787	32.8835	1681798	1681799	TSS_3673	-	71	ZMO1787 (0.93)	Predicted DBD	ZMO1636
ZM4	1687617	1687618	ZMO1787	508.309	1687584	1687585	TSS_3697	-	-33	ZMO1787 (0.93)	Predicted DBD	ZMO1642
ZM4	1697981	1697982	ZMO1787	28.3492	1697872	1697873	TSS_3716	+	109	ZMO1787 (0.93)	Predicted DBD	ZMO1650
ZM4	1702895	1702896	ZMO1787	18.8004	1703017	1703018	TSS_3719	-	122	ZMO1787 (0.93)	Predicted DBD	ZMO1652
ZM4	1703839	1703840	ZMO1787	48.2043	1703841	1703842	TSS_3731	-	2	ZMO1787 (0.93)	Predicted DBD	ZMO1653
ZM4	1703999	1704000	ZMO1787	19.5972	1703841	1703842	TSS_3731	-	-158	ZMO1787 (0.93)	Predicted DBD	ZMO1653
ZM4	1706361	1706362	ZMO1787	631.937	1706514	1706515	TSS_3737	+	-153	ZMO1787 (0.93)	Predicted DBD	ZMO1657
ZM4	1707550	1707551	ZMO1787	450.359	1707554	1707555	TSS_3739	+	-4	ZMO1787 (0.93)	Predicted DBD	ZMO1658
ZM4	1720611	1720612	ZMO1787	42.0935	1720787	1720788	TSS_3758	-	176	ZMO1787 (0.93)	Predicted DBD	ZMO1673
ZM4	1721001	1721002	ZMO1787	142.742	1720819	1720820	TSS_3759	-	-182	ZMO1787 (0.93)	Predicted DBD	ZMO1673
ZM4	1726840	1726841	ZMO1787	299.256	1726705	1726706	TSS_3767	+	135	ZMO1787 (0.93)	Predicted DBD	ZMO1681
ZM4	1731856	1731857	ZMO1787	293.347	1731666	1731667	TSS_3771	+	190	ZMO1787 (0.93)	Predicted DBD	ZMO1684
ZM4	1737980	1737981	ZMO1787	32.1976	1738113	1738114	TSS_3774	-	133	ZMO1787 (0.93)	Predicted DBD	ZMO1688
ZM4	1740047	1740048	ZMO1787	55.7728	1739910	1739911	TSS_3780	+	137	ZMO1787 (0.93)	Predicted DBD	ZMO1690
ZM4	1742035	1742036	ZMO1787	1385.61	1742054	1742055	TSS_3782	+	-19	ZMO1787 (0.93)	Predicted DBD	ZMO1692
ZM4	1742213	1742214	ZMO1787	10.7088	1742186	1742187	TSS_3784	+	27	ZMO1787 (0.93)	Predicted DBD	ZMO1692
ZM4	1748847	1748848	ZMO1787	8.25208	1748683	1748684	TSS_3804	+	164	ZMO1787 (0.93)	Predicted DBD	ZMO1697
ZM4	1750421	1750422	ZMO1787	83.8857	1750531	1750532	TSS_3805	-	110	ZMO1787 (0.93)	Predicted DBD	ZMO1698
ZM4	1752932	1752933	ZMO1787	481.712	1752975	1752976	TSS_3809	-	43	ZMO1787 (0.93)	Predicted DBD	ZMO1701
ZM4	1755741	1755742	ZMO1787	934.748	1755577	1755578	TSS_3816	+	164	ZMO1787 (0.93)	Predicted DBD	ZMO1703
ZM4	1757574	1757575	ZMO1787	63.1735	1757680	1757681	TSS_3818	-	106	ZMO1787 (0.93)	Predicted DBD	ZMO1704
ZM4	1758711	1758712	ZMO1787	210.283	1758606	1758607	TSS_3826	+	105	ZMO1787 (0.93)	Predicted DBD	ZMO1707
ZM4	1763977	1763978	ZMO1787	485.489	1764091	1764092	TSS_3841	-	114	ZMO1787 (0.93)	Predicted DBD	ZMO1713
ZM4	1764319	1764320	ZMO1787	207.135	1764382	1764383	TSS_3843	-	63	ZMO1787 (0.93)	Predicted DBD	ZMO2025
ZM4	1768478	1768479	ZMO1787	79.2183	1768478	1768479	TSS_3869	+	0	ZMO1787 (0.93)	Predicted DBD	ZMO1719
ZM4	1770143	1770144	ZMO1787	83.6409	1770141	1770142	TSS_3877	-	-2	ZMO1787 (0.93)	Predicted DBD	ZMO1720
ZM4	1770730	1770731	ZMO1787	57.0592	1770789	1770790	TSS_3879	-	59	ZMO1787 (0.93)	Predicted DBD	ZMO1721
ZM4	1772988	1772989	ZMO1787	51.6671	1772877	1772878	TSS_3885	-	-111	ZMO1787 (0.93)	Predicted DBD	ZMO1723
ZM4	1774826	1774827	ZMO1787	37.4552	1775004	1775005	TSS_3887	-	178	ZMO1787 (0.93)	Predicted DBD	ZMO1725
ZM4	1776943	1776944	ZMO1787	80.2871	1776972	1776973	TSS_3891	-	29	ZMO1787 (0.93)	Predicted DBD	ZMO1728
ZM4	1778928	1778929	ZMO1787	6.70803	1778995	1778996	TSS_3895	+	-67	ZMO1787 (0.93)	Predicted DBD	ZMO1733
ZM4	1779156	1779157	ZMO1787	55.2875	1779145	1779146	TSS_3897	-	-11	ZMO1787 (0.93)	Predicted DBD	ZMO1732
ZM4	1783728	1783729	ZMO1787	86.0296	1783917	1783918	TSS_3909	-	189	ZMO1787 (0.93)	Predicted DBD	ZMO1738
ZM4	1784037	1784038	ZMO1787	39.8763	1784043	1784044	TSS_3911	-	6	ZMO1787 (0.93)	Predicted DBD	ZMO1738
ZM4	1785466	1785467	ZMO1787	64.3078	1785533	1785534	TSS_3913	-	67	ZMO1787 (0.93)	Predicted DBD	ZMO1739
ZM4	1787623	1787624	ZMO1787	122.416	1787442	1787443	TSS_3916	-	-181	ZMO1787 (0.93)	Predicted DBD	ZMO1741
ZM4	1792609	1792610	ZMO1787	142.134	1792570	1792571	TSS_3924	-	-39	ZMO1787 (0.93)	Predicted DBD	ZMO1746
ZM4	1794176	1794177	ZMO1787	602.312	1794364	1794365	TSS_3925	+	-188	ZMO1787 (0.93)	Predicted DBD	ZMO1749
ZM4	1794700	1794701	ZMO1787	3.43307	1794544	1794545	TSS_3928	+	156	ZMO1787 (0.93)	Predicted DBD	ZMO1749
ZM4	1797317	1797318	ZMO1787	11.1716	1797239	1797240	TSS_3955	+	78	ZMO1787 (0.93)	Predicted DBD	ZMO1752
ZM4	1797460	1797461	ZMO1787	275.416	1797526	1797527	TSS_3956	+	-66	ZMO1787 (0.93)	Predicted DBD	ZMO1752
ZM4	1800553	1800554	ZMO1787	22.8353	1800736	1800737	TSS_3964	-	183	ZMO1787 (0.93)	Predicted DBD	ZMO1754
ZM4	1800885	1800886	ZMO1787	44.1081	1800740	1800741	TSS_3965	-	-145	ZMO1787 (0.93)	Predicted DBD	ZMO1754
ZM4	1803652	1803653	ZMO1787	32.7449	1803492	1803493	TSS_3969	+	160	ZMO1787 (0.93)	Predicted DBD	ZMO1757
ZM4	1807510	1807511	ZMO1787	54.1797	1807607	1807608	TSS_3976	+	-97	ZMO1787 (0.93)	Predicted DBD	ZMO1761
ZM4	1812343	1812344	ZMO1787	17.9694	1812433	1812434	TSS_3981	-	90	ZMO1787 (0.93)	Predicted DBD	ZMO1766
ZM4	1812604	1812605	ZMO1787	15.5098	1812433	1812434	TSS_3981	-	-171	ZMO1787 (0.93)	Predicted DBD	ZMO1766
ZM4	1812792	1812793	ZMO1787	34.9012	1812784	1812785	TSS_3982	-	-8	ZMO1787 (0.93)	Predicted DBD	ZMO1766
ZM4	1827386	1827387	ZMO1787	3.8111	1827380	1827381	TSS_4024	-	-6	ZMO1787 (0.93)	Predicted DBD	ZMO1780
ZM4	1835110	1835111	ZMO1787	254.837	1834932	1834933	TSS_4037	+	178	ZMO1787 (0.93)	Predicted DBD	ZMO1790
ZM4	1840566	1840567	ZMO1787	768.943	1840565	1840566	TSS_4062	+	1	ZMO1787 (0.93)	Predicted DBD	ZMO1796
ZM4	1846053	1846054	ZMO1787	87.5491	1845879	1845880	TSS_4080	+	174	ZMO1787 (0.93)	Predicted DBD	ZMO1801
ZM4	1846476	1846477	ZMO1787	66.7719	1846317	1846318	TSS_4084	+	159	ZMO1787 (0.93)	Predicted DBD	ZMO1804
ZM4	1848897	1848898	ZMO1787	165.51	1849012	1849013	TSS_4085	-	115	ZMO1787 (0.93)	Predicted DBD	ZMO1805
ZM4	1849099	1849100	ZMO1787	14.6218	1849012	1849013	TSS_4085	-	-87	ZMO1787 (0.93)	Predicted DBD	ZMO1805
ZM4	1849680	1849681	ZMO1787	34.4398	1849748	1849749	TSS_4086	-	68	ZMO1787 (0.93)	Predicted DBD	ZMO1806
ZM4	1857787	1857788	ZMO1787	37.1423	1857841	1857842	TSS_4089	-	54	ZMO1787 (0.93)	Predicted DBD	ZMO1814
ZM4	1874214	1874215	ZMO1787	344.287	1874059	1874060	TSS_4106	+	155	ZMO1787 (0.93)	Predicted DBD	ZMO1827
ZM4	1882736	1882737	ZMO1787	46.7483	1882733	1882734	TSS_4113	-	-3	ZMO1787 (0.93)	Predicted DBD	ZMO2029
ZM4	1883377	1883378	ZMO1787	20.8046	1883214	1883215	TSS_4115	-	-163	ZMO1787 (0.93)	Predicted DBD	ZMO1840
ZM4	1886205	1886206	ZMO1787	112.888	1886392	1886393	TSS_4125	-	187	ZMO1787 (0.93)	Predicted DBD	ZMO1844
ZM4	1886712	1886713	ZMO1787	242.898	1886721	1886722	TSS_4127	-	9	ZMO1787 (0.93)	Predicted DBD	ZMO1845
ZM4	1886938	1886939	ZMO1787	69.1127	1886815	1886816	TSS_4129	-	-123	ZMO1787 (0.93)	Predicted DBD	ZMO1845
ZM4	1888729	1888730	ZMO1787	27.7127	1888831	1888832	TSS_4130	-	102	ZMO1787 (0.93)	Predicted DBD	ZMO1847
ZM4	1889809	1889810	ZMO1787	315.282	1889724	1889725	TSS_4133	-	-85	ZMO1787 (0.93)	Predicted DBD	ZMO1848
ZM4	1893265	1893266	ZMO1787	172.67	1893193	1893194	TSS_4139	-	-72	ZMO1787 (0.93)	Predicted DBD	ZMO1850
ZM4	1924212	1924213	ZMO1787	78.4968	1924136	1924137	TSS_4167	-	-76	ZMO1787 (0.93)	Predicted DBD	ZMO1869
ZM4	1927872	1927873	ZMO1787	352.049	1927872	1927873	TSS_4178	-	0	ZMO1787 (0.93)	Predicted DBD	ZMO1875
ZM4	1929411	1929412	ZMO1787	46.4637	1929478	1929479	TSS_4188	+	-67	ZMO1787 (0.93)	Predicted DBD	ZMO1878
ZM4	1929785	1929786	ZMO1787	81.4947	1929754	1929755	TSS_4190	-	-31	ZMO1787 (0.93)	Predicted DBD	ZMO1877
ZM4	1929931	1929932	ZMO1787	136.285	1929860	1929861	TSS_4191	+	71	ZMO1787 (0.93)	Predicted DBD	ZMO1878
ZM4	1932620	1932621	ZMO1787	734.233	1932644	1932645	TSS_4196	+	-24	ZMO1787 (0.93)	Predicted DBD	ZMO1879
ZM4	1953304	1953305	ZMO1787	331.428	1953179	1953180	TSS_4251	-	-125	ZMO1787 (0.93)	Predicted DBD	ZMO2031
ZM4	1955398	1955399	ZMO1787	27.7949	1955546	1955547	TSS_4261	-	148	ZMO1787 (0.93)	Predicted DBD	ZMO1902
ZM4	1955488	1955489	ZMO1787	5.56336	1955546	1955547	TSS_4261	-	58	ZMO1787 (0.93)	Predicted DBD	ZMO1902
ZM4	1955688	1955689	ZMO1787	653.118	1955546	1955547	TSS_4261	-	-142	ZMO1787 (0.93)	Predicted DBD	ZMO1902
ZM4	1956808	1956809	ZMO1787	734.569	1957007	1957008	TSS_4265	+	-199	ZMO1787 (0.93)	Predicted DBD	ZMO1905
ZM4	1958903	1958904	ZMO1787	48.611	1958887	1958888	TSS_4269	-	-16	ZMO1787 (0.93)	Predicted DBD	ZMO1906
ZM4	1961919	1961920	ZMO1787	9.04111	1961931	1961932	TSS_4277	-	12	ZMO1787 (0.93)	Predicted DBD	ZMO1907
ZM4	1962207	1962208	ZMO1787	153.604	1962206	1962207	TSS_4278	-	-1	ZMO1787 (0.93)	Predicted DBD	ZMO1908
ZM4	1970000	1970001	ZMO1787	112.775	1970168	1970169	TSS_4305	-	168	ZMO1787 (0.93)	Predicted DBD	ZMO1916
ZM4	1982114	1982115	ZMO1787	28.6413	1982248	1982249	TSS_4331	-	134	ZMO1787 (0.93)	Predicted DBD	ZMO1925
ZM4	1983855	1983856	ZMO1787	325.602	1983991	1983992	TSS_4335	-	136	ZMO1787 (0.93)	Predicted DBD	ZMO1927
ZM4	1984224	1984225	ZMO1787	37.6644	1984261	1984262	TSS_4345	+	-37	ZMO1787 (0.93)	Predicted DBD	ZMO1929
ZM4	1984574	1984575	ZMO1787	285.033	1984647	1984648	TSS_4349	+	-73	ZMO1787 (0.93)	Predicted DBD	ZMO1929
ZM4	1984847	1984848	ZMO1787	6.36351	1984672	1984673	TSS_4352	+	175	ZMO1787 (0.93)	Predicted DBD	ZMO1929
ZM4	1986355	1986356	ZMO1787	63.7982	1986320	1986321	TSS_4363	+	35	ZMO1787 (0.93)	Predicted DBD	ZMO1930
ZM4	1987626	1987627	ZMO1787	37.6143	1987728	1987729	TSS_4366	+	-102	ZMO1787 (0.93)	Predicted DBD	ZMO1931
ZM4	1994115	1994116	ZMO1787	243.327	1994250	1994251	TSS_4371	-	135	ZMO1787 (0.93)	Predicted DBD	ZMO1934
ZM4	2015243	2015244	ZMO1787	19.8366	2015316	2015317	TSS_4387	-	73	ZMO1787 (0.93)	Predicted DBD	ZMO1956
ZM4	2025665	2025666	ZMO1787	61.2855	2025775	2025776	TSS_4399	-	110	ZMO1787 (0.93)	Predicted DBD	ZMO1963
ZM4	2033913	2033914	ZMO1787	430.859	2033927	2033928	TSS_4406	-	14	ZMO1787 (0.93)	Predicted DBD	ZMO1969
ZM4	2034109	2034110	ZMO1787	13.7496	2033975	2033976	TSS_4409	-	-134	ZMO1787 (0.93)	Predicted DBD	ZMO1969
ZM4	2035830	2035831	ZMO1787	37.3225	2035817	2035818	TSS_4411	-	-13	ZMO1787 (0.93)	Predicted DBD	ZMO1954
ZM4	2053064	2053065	ZMO1787	31.8719	2052954	2052955	TSS_4422	+	110	ZMO1787 (0.93)	Predicted DBD	ZMO1992
ZM4	2058109	2058110	ZMO1787	59.3665	2058164	2058165	TSS_4428	-	55	ZMO1787 (0.93)	Predicted DBD	ZMO1998
ZM4	2058243	2058244	ZMO1787	78.662	2058164	2058165	TSS_4428	-	-79	ZMO1787 (0.93)	Predicted DBD	ZMO1998
pZM32	4058	4059	ZMO1787	19.5138	4033	4034	TSS_4431	+	25	ZMO1787 (0.93)	Predicted DBD	ZMOp32x002
pZM32	4351	4352	ZMO1787	86.887200000000007	4351	4352	TSS_4432	-	0	ZMO1787 (0.93)	Predicted DBD	ZMOp32x001
pZM32	5628	5629	ZMO1787	109.228	5676	5677	TSS_4434	+	-48	ZMO1787 (0.93)	Predicted DBD	ZMOp32x005
pZM32	28531	28532	ZMO1787	22.4689	28484	28485	TSS_4486	+	47	ZMO1787 (0.93)	Predicted DBD	ZMOp32x034
pZM32	29692	29693	ZMO1787	4.28645	29876	29877	TSS_4487	+	-184	ZMO1787 (0.93)	Predicted DBD	ZMOp32x028
pZM32	29854	29855	ZMO1787	28.8425	29876	29877	TSS_4487	+	-22	ZMO1787 (0.93)	Predicted DBD	ZMOp32x028
pZM33	8488	8489	ZMO1787	284.224	8360	8361	TSS_4507	+	128	ZMO1787 (0.93)	Predicted DBD	ZMOp33x012
pZM33	8895	8896	ZMO1787	2.68227	8824	8825	TSS_4508	+	71	ZMO1787 (0.93)	Predicted DBD	ZMOp33x012
pZM33	16660	16661	ZMO1787	8.36092	16701	16702	TSS_4525	-	41	ZMO1787 (0.93)	Predicted DBD	ZMOp33x020
pZM33	16850	16851	ZMO1787	199.317	16701	16702	TSS_4525	-	-149	ZMO1787 (0.93)	Predicted DBD	ZMOp33x020
pZM33	28909	28910	ZMO1787	461.399	29066	29067	TSS_4568	+	-157	ZMO1787 (0.93)	Predicted DBD	ZMOp33x033
pZM33	30808	30809	ZMO1787	52.7987	30842	30843	TSS_4574	-	34	ZMO1787 (0.93)	Predicted DBD	ZMOp33x035
pZM36	16605	16606	ZMO1787	1.6498	16769	16770	TSS_4586	-	164	ZMO1787 (0.93)	Predicted DBD	ZMOp36x050
pZM36	16660	16661	ZMO1787	7.1192	16769	16770	TSS_4586	-	109	ZMO1787 (0.93)	Predicted DBD	ZMOp36x050
pZM36	22854	22855	ZMO1787	62.415	22798	22799	TSS_4598	-	-56	ZMO1787 (0.93)	Predicted DBD	ZMOp36x030
pZM36	22963	22964	ZMO1787	396.254	22798	22799	TSS_4598	-	-165	ZMO1787 (0.93)	Predicted DBD	ZMOp36x030
pZM36	28362	28363	ZMO1787	223.62	28416	28417	TSS_4603	+	-54	ZMO1787 (0.93)	Predicted DBD	ZMOp36x039
pZM36	28695	28696	ZMO1787	45.716	28793	28794	TSS_4604	+	-98	ZMO1787 (0.93)	Predicted DBD	ZMOp36x039
pZM39	6932	6933	ZMO1787	151.11	6857	6858	TSS_4620	+	75	ZMO1787 (0.93)	Predicted DBD	ZMOp39x009
ZM4	26169	26170	ZMO1793	507.043	26028	26029	TSS_0027	-	-141	ZMO1793 (LysR)	TF homology	ZMO0022
ZM4	33985	33986	ZMO1793	751.68	34058	34059	TSS_0031	+	-73	ZMO1793 (LysR)	TF homology	ZMO0030
ZM4	43320	43321	ZMO1793	332.992	43156	43157	TSS_0059	-	-164	ZMO1793 (LysR)	TF homology	ZMO0043
ZM4	85220	85221	ZMO1793	216.818	85198	85199	TSS_0111	-	-22	ZMO1793 (LysR)	TF homology	ZMO0095
ZM4	119291	119292	ZMO1793	73.4236	119236	119237	TSS_0172	-	-55	ZMO1793 (LysR)	TF homology	ZMO0130
ZM4	150732	150733	ZMO1793	11.3383	150727	150728	TSS_0247	+	5	ZMO1793 (LysR)	TF homology	ZMO0166
ZM4	185163	185164	ZMO1793	31.3817	185047	185048	TSS_0381	-	-116	ZMO1793 (LysR)	TF homology	ZMO0192
ZM4	226712	226713	ZMO1793	36.6114	226866	226867	TSS_0440	+	-154	ZMO1793 (LysR)	TF homology	ZMO0230
ZM4	232699	232700	ZMO1793	14.5701	232592	232593	TSS_0454	-	-107	ZMO1793 (LysR)	TF homology	ZMO0234
ZM4	245008	245009	ZMO1793	271.731	245089	245090	TSS_0500	+	-81	ZMO1793 (LysR)	TF homology	ZMO0252
ZM4	266277	266278	ZMO1793	6.47934	266314	266315	TSS_0529	-	37	ZMO1793 (LysR)	TF homology	ZMO0263
ZM4	266412	266413	ZMO1793	14.0674	266314	266315	TSS_0529	-	-98	ZMO1793 (LysR)	TF homology	ZMO0263
ZM4	278858	278859	ZMO1793	28.1201	278858	278859	TSS_0540	+	0	ZMO1793 (LysR)	TF homology	ZMO0273
ZM4	299297	299298	ZMO1793	863.115	299414	299415	TSS_0587	-	117	ZMO1793 (LysR)	TF homology	ZMO0293
ZM4	301139	301140	ZMO1793	1550.28	301158	301159	TSS_0595	+	-19	ZMO1793 (LysR)	TF homology	ZMO0297
ZM4	303228	303229	ZMO1793	32.6326	303405	303406	TSS_0596	-	177	ZMO1793 (LysR)	TF homology	ZMO0298
ZM4	330639	330640	ZMO1793	243.132	330645	330646	TSS_0641	+	-6	ZMO1793 (LysR)	TF homology	ZMO0331
ZM4	338772	338773	ZMO1793	55.9321	338771	338772	TSS_0658	-	-1	ZMO1793 (LysR)	TF homology	ZMO0343
ZM4	340584	340585	ZMO1793	209.627	340636	340637	TSS_0666	+	-52	ZMO1793 (LysR)	TF homology	ZMO0345
ZM4	363500	363501	ZMO1793	155.454	363690	363691	TSS_0711	+	-190	ZMO1793 (LysR)	TF homology	ZMO0361
ZM4	363781	363782	ZMO1793	11.7399	363690	363691	TSS_0711	+	91	ZMO1793 (LysR)	TF homology	ZMO0361
ZM4	370758	370759	ZMO1793	24.8272	370845	370846	TSS_0723	+	-87	ZMO1793 (LysR)	TF homology	ZMO0366
ZM4	385544	385545	ZMO1793	194.102	385497	385498	TSS_0790	-	-47	ZMO1793 (LysR)	TF homology	ZMO0376
ZM4	397690	397691	ZMO1793	102.351	397722	397723	TSS_0795	+	-32	ZMO1793 (LysR)	TF homology	ZMO0395
ZM4	441010	441011	ZMO1793	5.94194	440988	440989	TSS_0869	+	22	ZMO1793 (LysR)	TF homology	ZMO0444
ZM4	452485	452486	ZMO1793	258.188	452446	452447	TSS_0908	-	-39	ZMO1793 (LysR)	TF homology	ZMO0454
ZM4	470774	470775	ZMO1793	181.998	470779	470780	TSS_0957	+	-5	ZMO1793 (LysR)	TF homology	ZMO0478
ZM4	479049	479050	ZMO1793	83.9429	479088	479089	TSS_0973	+	-39	ZMO1793 (LysR)	TF homology	ZMO0485
ZM4	487905	487906	ZMO1793	19.3463	487927	487928	TSS_1008	+	-22	ZMO1793 (LysR)	TF homology	ZMO0492
ZM4	518283	518284	ZMO1793	339.787	518215	518216	TSS_1078	+	68	ZMO1793 (LysR)	TF homology	ZMO0516
ZM4	529607	529608	ZMO1793	65.5253	529507	529508	TSS_1191	+	100	ZMO1793 (LysR)	TF homology	ZMO0536
ZM4	535991	535992	ZMO1793	739.375	536066	536067	TSS_1234	+	-75	ZMO1793 (LysR)	TF homology	ZMO0543
ZM4	559176	559177	ZMO1793	28.802	559230	559231	TSS_1328	+	-54	ZMO1793 (LysR)	TF homology	ZMO0560
ZM4	583813	583814	ZMO1793	4.14543	583872	583873	TSS_1375	-	59	ZMO1793 (LysR)	TF homology	ZMO0578
ZM4	644361	644362	ZMO1793	116.999	644525	644526	TSS_1488	-	164	ZMO1793 (LysR)	TF homology	ZMO0653
ZM4	673742	673743	ZMO1793	1981.41	673600	673601	TSS_1559	-	-142	ZMO1793 (LysR)	TF homology	ZMO0678
ZM4	678214	678215	ZMO1793	9.95888	678192	678193	TSS_1560	+	22	ZMO1793 (LysR)	TF homology	ZMO0682
ZM4	687804	687805	ZMO1793	128.064	687621	687622	TSS_1575	-	-183	ZMO1793 (LysR)	TF homology	ZMO0689
ZM4	693804	693805	ZMO1793	486.074	693748	693749	TSS_1591	-	-56	ZMO1793 (LysR)	TF homology	ZMO0694
ZM4	751786	751787	ZMO1793	105.603	751854	751855	TSS_1755	+	-68	ZMO1793 (LysR)	TF homology	ZMO0753
ZM4	817223	817224	ZMO1793	44.7082	817180	817181	TSS_1821	+	43	ZMO1793 (LysR)	TF homology	ZMO0813
ZM4	820135	820136	ZMO1793	8.43208	820157	820158	TSS_1853	+	-22	ZMO1793 (LysR)	TF homology	ZMO0818
ZM4	826767	826768	ZMO1793	213.307	826778	826779	TSS_1868	+	-11	ZMO1793 (LysR)	TF homology	ZMO0823
ZM4	843701	843702	ZMO1793	142.328	843741	843742	TSS_1886	+	-40	ZMO1793 (LysR)	TF homology	ZMO0837
ZM4	862392	862393	ZMO1793	126.867	862488	862489	TSS_1919	+	-96	ZMO1793 (LysR)	TF homology	ZMO0850
ZM4	862705	862706	ZMO1793	65.6327	862764	862765	TSS_1922	+	-59	ZMO1793 (LysR)	TF homology	ZMO0850
ZM4	862828	862829	ZMO1793	44.3606	862766	862767	TSS_1923	+	62	ZMO1793 (LysR)	TF homology	ZMO0850
ZM4	869608	869609	ZMO1793	34.6143	869458	869459	TSS_1936	-	-150	ZMO1793 (LysR)	TF homology	ZMO0857
ZM4	876781	876782	ZMO1793	74.6269	876775	876776	TSS_1957	+	6	ZMO1793 (LysR)	TF homology	ZMO0866
ZM4	877903	877904	ZMO1793	15.8278	877979	877980	TSS_1958	+	-76	ZMO1793 (LysR)	TF homology	ZMO0867
ZM4	890951	890952	ZMO1793	18.1736	890937	890938	TSS_1988	-	-14	ZMO1793 (LysR)	TF homology	ZMO0878
ZM4	899142	899143	ZMO1793	1174.69	899111	899112	TSS_2003	-	-31	ZMO1793 (LysR)	TF homology	ZMO0889
ZM4	924621	924622	ZMO1793	8.45969	924784	924785	TSS_2042	-	163	ZMO1793 (LysR)	TF homology	ZMO0908
ZM4	926675	926676	ZMO1793	41.9888	926796	926797	TSS_2046	+	-121	ZMO1793 (LysR)	TF homology	ZMO0911
ZM4	935197	935198	ZMO1793	149.736	935263	935264	TSS_2073	+	-66	ZMO1793 (LysR)	TF homology	ZMO0917
ZM4	935401	935402	ZMO1793	15.4127	935535	935536	TSS_2074	+	-134	ZMO1793 (LysR)	TF homology	ZMO0917
ZM4	937066	937067	ZMO1793	132.905	937176	937177	TSS_2079	+	-110	ZMO1793 (LysR)	TF homology	ZMO0918
ZM4	938778	938779	ZMO1793	396.414	938778	938779	TSS_2085	+	0	ZMO1793 (LysR)	TF homology	ZMO0919
ZM4	955190	955191	ZMO1793	171.384	954996	954997	TSS_2109	-	-194	ZMO1793 (LysR)	TF homology	ZMO0935
ZM4	957580	957581	ZMO1793	31.609	957435	957436	TSS_2111	-	-145	ZMO1793 (LysR)	TF homology	ZMO0937
ZM4	986043	986044	ZMO1793	42.7394	986158	986159	TSS_2179	+	-115	ZMO1793 (LysR)	TF homology	ZMO0969
ZM4	1013384	1013385	ZMO1793	39.4415	1013306	1013307	TSS_2238	+	78	ZMO1793 (LysR)	TF homology	ZMO0996
ZM4	1055193	1055194	ZMO1793	5896.75	1055163	1055164	TSS_2348	+	30	ZMO1793 (LysR)	TF homology	ZMO1040
ZM4	1061198	1061199	ZMO1793	19.7137	1061294	1061295	TSS_2358	+	-96	ZMO1793 (LysR)	TF homology	ZMO1044
ZM4	1071449	1071450	ZMO1793	15.0272	1071475	1071476	TSS_2379	+	-26	ZMO1793 (LysR)	TF homology	ZMO1055
ZM4	1077930	1077931	ZMO1793	7.37934	1078025	1078026	TSS_2390	+	-95	ZMO1793 (LysR)	TF homology	ZMO1062
ZM4	1089284	1089285	ZMO1793	46.4369	1089330	1089331	TSS_2433	+	-46	ZMO1793 (LysR)	TF homology	ZMO1080
ZM4	1098513	1098514	ZMO1793	30.1778	1098695	1098696	TSS_2439	+	-182	ZMO1793 (LysR)	TF homology	ZMO1086
ZM4	1107831	1107832	ZMO1793	18.6496	1107819	1107820	TSS_2449	+	12	ZMO1793 (LysR)	TF homology	ZMO1095
ZM4	1127139	1127140	ZMO1793	40.4495	1127127	1127128	TSS_2486	-	-12	ZMO1793 (LysR)	TF homology	ZMO1109
ZM4	1127330	1127331	ZMO1793	4.22157	1127318	1127319	TSS_2492	+	12	ZMO1793 (LysR)	TF homology	ZMO1111
ZM4	1160436	1160437	ZMO1793	35.7904	1160414	1160415	TSS_2569	+	22	ZMO1793 (LysR)	TF homology	ZMO1141
ZM4	1203375	1203376	ZMO1793	18.9694	1203316	1203317	TSS_2666	-	-59	ZMO1793 (LysR)	TF homology	ZMO1181
ZM4	1204515	1204516	ZMO1793	149.792	1204323	1204324	TSS_2670	-	-192	ZMO1793 (LysR)	TF homology	ZMO1182
ZM4	1211912	1211913	ZMO1793	22.0863	1211854	1211855	TSS_2681	-	-58	ZMO1793 (LysR)	TF homology	ZMO1187
ZM4	1231049	1231050	ZMO1793	20.6101	1231054	1231055	TSS_2705	-	5	ZMO1793 (LysR)	TF homology	ZMO1205
ZM4	1232198	1232199	ZMO1793	28.397	1232237	1232238	TSS_2707	+	-39	ZMO1793 (LysR)	TF homology	ZMO1207
ZM4	1236226	1236227	ZMO1793	21.1391	1236263	1236264	TSS_2716	-	37	ZMO1793 (LysR)	TF homology	ZMO1209
ZM4	1239762	1239763	ZMO1793	295.669	1239730	1239731	TSS_2740	-	-32	ZMO1793 (LysR)	TF homology	ZMO1212
ZM4	1262923	1262924	ZMO1793	32.2989	1262861	1262862	TSS_2826	-	-62	ZMO1793 (LysR)	TF homology	ZMO1236
ZM4	1264455	1264456	ZMO1793	14.1242	1264494	1264495	TSS_2829	-	39	ZMO1793 (LysR)	TF homology	ZMO1237
ZM4	1278734	1278735	ZMO1793	182.693	1278786	1278787	TSS_2859	+	-52	ZMO1793 (LysR)	TF homology	ZMO1261
ZM4	1303191	1303192	ZMO1793	12.4845	1302993	1302994	TSS_2912	-	-198	ZMO1793 (LysR)	TF homology	ZMO1286
ZM4	1304048	1304049	ZMO1793	19.4242	1304150	1304151	TSS_2916	+	-102	ZMO1793 (LysR)	TF homology	ZMO1288
ZM4	1307805	1307806	ZMO1793	3895.13	1307713	1307714	TSS_2933	-	-92	ZMO1793 (LysR)	TF homology	ZMO1291
ZM4	1311306	1311307	ZMO1793	106.161	1311230	1311231	TSS_2940	-	-76	ZMO1793 (LysR)	TF homology	ZMO2015
ZM4	1313003	1313004	ZMO1793	42.3292	1312979	1312980	TSS_2943	+	24	ZMO1793 (LysR)	TF homology	ZMO1298
ZM4	1315275	1315276	ZMO1793	11.9985	1315308	1315309	TSS_2945	+	-33	ZMO1793 (LysR)	TF homology	ZMO2016
ZM4	1315983	1315984	ZMO1793	1276.35	1315964	1315965	TSS_2950	+	19	ZMO1793 (LysR)	TF homology	ZMO2017
ZM4	1354405	1354406	ZMO1793	266.19	1354443	1354444	TSS_3030	+	-38	ZMO1793 (LysR)	TF homology	ZMO1337
ZM4	1368718	1368719	ZMO1793	668.64	1368730	1368731	TSS_3070	-	12	ZMO1793 (LysR)	TF homology	ZMO1352
ZM4	1377712	1377713	ZMO1793	54.3365	1377709	1377710	TSS_3118	-	-3	ZMO1793 (LysR)	TF homology	ZMO1360
ZM4	1379935	1379936	ZMO1793	412.011	1379883	1379884	TSS_3124	+	52	ZMO1793 (LysR)	TF homology	ZMO1365
ZM4	1395417	1395418	ZMO1793	35.0424	1395415	1395416	TSS_3155	-	-2	ZMO1793 (LysR)	TF homology	ZMO1380
ZM4	1420922	1420923	ZMO1793	23.9077	1420890	1420891	TSS_3191	-	-32	ZMO1793 (LysR)	TF homology	ZMO1406
ZM4	1422154	1422155	ZMO1793	7.76076	1422132	1422133	TSS_3193	-	-22	ZMO1793 (LysR)	TF homology	ZMO1407
ZM4	1427810	1427811	ZMO1793	20.8756	1427735	1427736	TSS_3224	-	-75	ZMO1793 (LysR)	TF homology	ZMO1412
ZM4	1429563	1429564	ZMO1793	12.8957	1429639	1429640	TSS_3229	+	-76	ZMO1793 (LysR)	TF homology	ZMO1417
ZM4	1459543	1459544	ZMO1793	9187.43	1459521	1459522	TSS_3259	-	-22	ZMO1793 (LysR)	TF homology	ZMO1440
ZM4	1462044	1462045	ZMO1793	11.9361	1462045	1462046	TSS_3264	-	1	ZMO1793 (LysR)	TF homology	ZMO1442
ZM4	1486398	1486399	ZMO1793	209.244	1486365	1486366	TSS_3285	-	-33	ZMO1793 (LysR)	TF homology	ZMO1464
ZM4	1492485	1492486	ZMO1793	1384.33	1492604	1492605	TSS_3294	-	119	ZMO1793 (LysR)	TF homology	ZMO1468
ZM4	1505655	1505656	ZMO1793	15.0123	1505529	1505530	TSS_3319	-	-126	ZMO1793 (LysR)	TF homology	ZMO1481
ZM4	1517248	1517249	ZMO1793	36.0251	1517256	1517257	TSS_3343	+	-8	ZMO1793 (LysR)	TF homology	ZMO1490
ZM4	1517339	1517340	ZMO1793	34.6961	1517350	1517351	TSS_3355	+	-11	ZMO1793 (LysR)	TF homology	ZMO1490
ZM4	1517636	1517637	ZMO1793	42.731	1517576	1517577	TSS_3368	-	-60	ZMO1793 (LysR)	TF homology	ZMO1489
ZM4	1522289	1522290	ZMO1793	125.777	1522124	1522125	TSS_3380	-	-165	ZMO1793 (LysR)	TF homology	ZMO1495
ZM4	1522454	1522455	ZMO1793	70.8503	1522536	1522537	TSS_3381	+	-82	ZMO1793 (LysR)	TF homology	ZMO1496
ZM4	1550618	1550619	ZMO1793	1758.94	1550719	1550720	TSS_3456	+	-101	ZMO1793 (LysR)	TF homology	ZMO1524
ZM4	1563231	1563232	ZMO1793	138.727	1563184	1563185	TSS_3475	-	-47	ZMO1793 (LysR)	TF homology	ZMO1529
ZM4	1604944	1604945	ZMO1793	48.3216	1605086	1605087	TSS_3544	+	-142	ZMO1793 (LysR)	TF homology	ZMO1571
ZM4	1620835	1620836	ZMO1793	320.301	1620985	1620986	TSS_3553	+	-150	ZMO1793 (LysR)	TF homology	ZMO1581
ZM4	1636618	1636619	ZMO1793	34.3161	1636761	1636762	TSS_3575	+	-143	ZMO1793 (LysR)	TF homology	ZMO1596
ZM4	1669149	1669150	ZMO1793	378.626	1669286	1669287	TSS_3662	+	-137	ZMO1793 (LysR)	TF homology	Zms15
ZM4	1671662	1671663	ZMO1793	306.058	1671640	1671641	TSS_3666	+	22	ZMO1793 (LysR)	TF homology	ZMO1627
ZM4	1677086	1677087	ZMO1793	198.188	1676955	1676956	TSS_3668	-	-131	ZMO1793 (LysR)	TF homology	ZMO1631
ZM4	1695527	1695528	ZMO1793	242.595	1695623	1695624	TSS_3704	+	-96	ZMO1793 (LysR)	TF homology	ZMO1648
ZM4	1696530	1696531	ZMO1793	21.5127	1696586	1696587	TSS_3707	+	-56	ZMO1793 (LysR)	TF homology	ZMO1649
ZM4	1705429	1705430	ZMO1793	66.5837	1705421	1705422	TSS_3735	+	8	ZMO1793 (LysR)	TF homology	ZMO1656
ZM4	1718579	1718580	ZMO1793	334.128	1718669	1718670	TSS_3753	+	-90	ZMO1793 (LysR)	TF homology	ZMO1671
ZM4	1726612	1726613	ZMO1793	27.886	1726705	1726706	TSS_3767	+	-93	ZMO1793 (LysR)	TF homology	ZMO1681
ZM4	1739803	1739804	ZMO1793	26.336	1739858	1739859	TSS_3778	+	-55	ZMO1793 (LysR)	TF homology	ZMO1690
ZM4	1751537	1751538	ZMO1793	1050.11	1751553	1751554	TSS_3807	+	-16	ZMO1793 (LysR)	TF homology	ZMO1700
ZM4	1751737	1751738	ZMO1793	822.254	1751658	1751659	TSS_3808	+	79	ZMO1793 (LysR)	TF homology	ZMO1700
ZM4	1767007	1767008	ZMO1793	15.5611	1766945	1766946	TSS_3864	+	62	ZMO1793 (LysR)	TF homology	ZMO1718
ZM4	1768354	1768355	ZMO1793	273.796	1768475	1768476	TSS_3866	+	-121	ZMO1793 (LysR)	TF homology	ZMO1719
ZM4	1780330	1780331	ZMO1793	4982.71	1780429	1780430	TSS_3907	+	-99	ZMO1793 (LysR)	TF homology	ZMO1734
ZM4	1796772	1796773	ZMO1793	84.3457	1796927	1796928	TSS_3931	+	-155	ZMO1793 (LysR)	TF homology	ZMO1751
ZM4	1797871	1797872	ZMO1793	49.7681	1797947	1797948	TSS_3957	+	-76	ZMO1793 (LysR)	TF homology	ZMO1753
ZM4	1798097	1798098	ZMO1793	109.01	1798084	1798085	TSS_3961	+	13	ZMO1793 (LysR)	TF homology	ZMO1753
ZM4	1820764	1820765	ZMO1793	12.9987	1820819	1820820	TSS_3998	+	-55	ZMO1793 (LysR)	TF homology	ZMO1776
ZM4	1849880	1849881	ZMO1793	4.53909	1849748	1849749	TSS_4086	-	-132	ZMO1793 (LysR)	TF homology	ZMO1806
ZM4	1860626	1860627	ZMO1793	50.3468	1860551	1860552	TSS_4093	-	-75	ZMO1793 (LysR)	TF homology	ZMO1815
ZM4	1860730	1860731	ZMO1793	89.956	1860551	1860552	TSS_4093	-	-179	ZMO1793 (LysR)	TF homology	ZMO1815
ZM4	1868465	1868466	ZMO1793	704.523	1868635	1868636	TSS_4103	+	-170	ZMO1793 (LysR)	TF homology	ZMO1823
ZM4	1882324	1882325	ZMO1793	198.484	1882292	1882293	TSS_4112	-	-32	ZMO1793 (LysR)	TF homology	ZMO1838
ZM4	1885015	1885016	ZMO1793	53.3535	1884937	1884938	TSS_4122	-	-78	ZMO1793 (LysR)	TF homology	ZMO1842
ZM4	1889762	1889763	ZMO1793	120.473	1889724	1889725	TSS_4133	-	-38	ZMO1793 (LysR)	TF homology	ZMO1848
ZM4	1890350	1890351	ZMO1793	22.809	1890387	1890388	TSS_4135	+	-37	ZMO1793 (LysR)	TF homology	ZMO1849
ZM4	1893325	1893326	ZMO1793	20.0918	1893193	1893194	TSS_4139	-	-132	ZMO1793 (LysR)	TF homology	ZMO1850
ZM4	1939265	1939266	ZMO1793	3104	1939167	1939168	TSS_4219	-	-98	ZMO1793 (LysR)	TF homology	ZMO1885
ZM4	1946041	1946042	ZMO1793	14.5414	1945935	1945936	TSS_4238	+	106	ZMO1793 (LysR)	TF homology	ZMO1895
ZM4	1965656	1965657	ZMO1793	13.1794	1965803	1965804	TSS_4297	+	-147	ZMO1793 (LysR)	TF homology	ZMO1913
ZM4	1965831	1965832	ZMO1793	47.8217	1965804	1965805	TSS_4298	+	27	ZMO1793 (LysR)	TF homology	ZMO1913
ZM4	1970082	1970083	ZMO1793	111.395	1970168	1970169	TSS_4305	-	86	ZMO1793 (LysR)	TF homology	ZMO1916
ZM4	1972962	1972963	ZMO1793	2055.13	1973025	1973026	TSS_4311	+	-63	ZMO1793 (LysR)	TF homology	ZMO1920
ZM4	2013521	2013522	ZMO1793	19.4402	2013495	2013496	TSS_4385	-	-26	ZMO1793 (LysR)	TF homology	ZMO1955
ZM4	2045841	2045842	ZMO1793	119.754	2045899	2045900	TSS_4417	+	-58	ZMO1793 (LysR)	TF homology	ZMO1983
pZM32	14321	14322	ZMO1793	16.1219	14287	14288	TSS_4453	+	34	ZMO1793 (LysR)	TF homology	ZMOp32x012
pZM33	2363	2364	ZMO1793	815.337	2327	2328	TSS_4498	-	-36	ZMO1793 (LysR)	TF homology	ZMOp33x004
pZM33	10623	10624	ZMO1793	11.2246	10739	10740	TSS_4514	+	-116	ZMO1793 (LysR)	TF homology	ZMOp33x015
pZM36	28358	28359	ZMO1793	78.6077	28416	28417	TSS_4603	+	-58	ZMO1793 (LysR)	TF homology	ZMOp36x039
pZM39	2663	2664	ZMO1793	235.993	2677	2678	TSS_4613	+	-14	ZMO1793 (LysR)	TF homology	ZMOp39x005
ZM4	1895910	1895911	ZMO1854	27019.8	1895930	1895931	TSS_4141	-	20	ZMO1854 (GntR)	TF homology	ZMO1854
ZM4	12645	12646	ZMO1857	7.95767	12709	12710	TSS_0006	+	-64	ZMO1857 (LysR)	TF homology	ZMO0010
ZM4	14342	14343	ZMO1857	40.7134	14514	14515	TSS_0014	-	172	ZMO1857 (LysR)	TF homology	ZMO0011
ZM4	14714	14715	ZMO1857	15.2742	14514	14515	TSS_0014	-	-200	ZMO1857 (LysR)	TF homology	ZMO0011
ZM4	29234	29235	ZMO1857	16.8859	29259	29260	TSS_0028	+	-25	ZMO1857 (LysR)	TF homology	ZMO0027
ZM4	60332	60333	ZMO1857	64.8588	60183	60184	TSS_0078	+	149	ZMO1857 (LysR)	TF homology	ZMO0068
ZM4	69456	69457	ZMO1857	19.9991	69489	69490	TSS_0092	-	33	ZMO1857 (LysR)	TF homology	ZMO0078
ZM4	69594	69595	ZMO1857	60.3175	69489	69490	TSS_0092	-	-105	ZMO1857 (LysR)	TF homology	ZMO0078
ZM4	103987	103988	ZMO1857	78.3893	103994	103995	TSS_0143	+	-7	ZMO1857 (LysR)	TF homology	ZMO0116
ZM4	109064	109065	ZMO1857	27.3677	108978	108979	TSS_0152	+	86	ZMO1857 (LysR)	TF homology	ZMO0121
ZM4	118131	118132	ZMO1857	281.657	118105	118106	TSS_0165	-	-26	ZMO1857 (LysR)	TF homology	ZMO0128
ZM4	121785	121786	ZMO1857	6.17987	121810	121811	TSS_0174	+	-25	ZMO1857 (LysR)	TF homology	ZMO0133
ZM4	132087	132088	ZMO1857	16.6193	132249	132250	TSS_0198	+	-162	ZMO1857 (LysR)	TF homology	ZMO0144
ZM4	149040	149041	ZMO1857	15.6414	149182	149183	TSS_0240	+	-142	ZMO1857 (LysR)	TF homology	ZMO0165
ZM4	157477	157478	ZMO1857	10.0134	157635	157636	TSS_0267	+	-158	ZMO1857 (LysR)	TF homology	ZMO0172
ZM4	160564	160565	ZMO1857	3.50465	160583	160584	TSS_0278	-	19	ZMO1857 (LysR)	TF homology	ZMO0173
ZM4	163985	163986	ZMO1857	6.37087	163801	163802	TSS_0308	+	184	ZMO1857 (LysR)	TF homology	ZMO0177
ZM4	173838	173839	ZMO1857	25.2909	173856	173857	TSS_0363	+	-18	ZMO1857 (LysR)	TF homology	ZMO0186
ZM4	194652	194653	ZMO1857	73.2892	194458	194459	TSS_0396	-	-194	ZMO1857 (LysR)	TF homology	ZMO0199
ZM4	228269	228270	ZMO1857	24.9374	228082	228083	TSS_0442	+	187	ZMO1857 (LysR)	TF homology	ZMO0231
ZM4	234718	234719	ZMO1857	15.9303	234786	234787	TSS_0460	+	-68	ZMO1857 (LysR)	TF homology	ZMO0239
ZM4	242836	242837	ZMO1857	39.6302	242970	242971	TSS_0489	+	-134	ZMO1857 (LysR)	TF homology	ZMO0249
ZM4	244420	244421	ZMO1857	2.877	244224	244225	TSS_0499	-	-196	ZMO1857 (LysR)	TF homology	ZMO0250
ZM4	294806	294807	ZMO1857	7.80426	294766	294767	TSS_0582	+	40	ZMO1857 (LysR)	TF homology	ZMO0290
ZM4	322094	322095	ZMO1857	608.968	321934	321935	TSS_0626	+	160	ZMO1857 (LysR)	TF homology	ZMO0323
ZM4	330806	330807	ZMO1857	6.86276	330740	330741	TSS_0643	+	66	ZMO1857 (LysR)	TF homology	ZMO0331
ZM4	333579	333580	ZMO1857	5.41006	333418	333419	TSS_0650	+	161	ZMO1857 (LysR)	TF homology	ZMO0336
ZM4	338970	338971	ZMO1857	62.7657	338982	338983	TSS_0660	+	-12	ZMO1857 (LysR)	TF homology	ZMO0344
ZM4	346553	346554	ZMO1857	14.0959	346690	346691	TSS_0687	+	-137	ZMO1857 (LysR)	TF homology	ZMO0351
ZM4	378534	378535	ZMO1857	33.5077	378392	378393	TSS_0773	+	142	ZMO1857 (LysR)	TF homology	ZMO0372
ZM4	405793	405794	ZMO1857	34.3127	405797	405798	TSS_0803	-	4	ZMO1857 (LysR)	TF homology	ZMO0402
ZM4	430427	430428	ZMO1857	26.1725	430341	430342	TSS_0844	+	86	ZMO1857 (LysR)	TF homology	ZMO0428
ZM4	434006	434007	ZMO1857	37.3434	433937	433938	TSS_0852	-	-69	ZMO1857 (LysR)	TF homology	ZMO0432
ZM4	438520	438521	ZMO1857	2.35052	438521	438522	TSS_0862	+	-1	ZMO1857 (LysR)	TF homology	ZMO0442
ZM4	438765	438766	ZMO1857	15.7986	438782	438783	TSS_0865	+	-17	ZMO1857 (LysR)	TF homology	ZMO0442
ZM4	459782	459783	ZMO1857	34.9507	459770	459771	TSS_0923	-	-12	ZMO1857 (LysR)	TF homology	ZMO0464
ZM4	460818	460819	ZMO1857	31.6276	460835	460836	TSS_0933	+	-17	ZMO1857 (LysR)	TF homology	ZMO0467
ZM4	470923	470924	ZMO1857	32.031	470789	470790	TSS_0959	+	134	ZMO1857 (LysR)	TF homology	ZMO0478
ZM4	472895	472896	ZMO1857	9.9799	472788	472789	TSS_0963	+	107	ZMO1857 (LysR)	TF homology	ZMO0480
ZM4	478289	478290	ZMO1857	5.09131	478166	478167	TSS_0972	-	-123	ZMO1857 (LysR)	TF homology	ZMO0483
ZM4	483281	483282	ZMO1857	22.7625	483304	483305	TSS_0981	-	23	ZMO1857 (LysR)	TF homology	ZMO0488
ZM4	512295	512296	ZMO1857	101.041	512396	512397	TSS_1051	+	-101	ZMO1857 (LysR)	TF homology	ZMO0511
ZM4	515397	515398	ZMO1857	5.29686	515444	515445	TSS_1056	+	-47	ZMO1857 (LysR)	TF homology	Zms3
ZM4	515644	515645	ZMO1857	8.92146	515617	515618	TSS_1066	+	27	ZMO1857 (LysR)	TF homology	Zms3
ZM4	519941	519942	ZMO1857	31.5583	519929	519930	TSS_1107	+	12	ZMO1857 (LysR)	TF homology	ZMO2003
ZM4	525429	525430	ZMO1857	3.61399	525400	525401	TSS_1159	+	29	ZMO1857 (LysR)	TF homology	ZMO0526
ZM4	525549	525550	ZMO1857	2.1303	525539	525540	TSS_1164	+	10	ZMO1857 (LysR)	TF homology	ZMO0526
ZM4	527073	527074	ZMO1857	23.1255	527107	527108	TSS_1177	+	-34	ZMO1857 (LysR)	TF homology	ZMO0530
ZM4	529649	529650	ZMO1857	16.9092	529507	529508	TSS_1191	+	142	ZMO1857 (LysR)	TF homology	ZMO0536
ZM4	534139	534140	ZMO1857	6.58855	534262	534263	TSS_1216	+	-123	ZMO1857 (LysR)	TF homology	ZMO0542
ZM4	548672	548673	ZMO1857	11.2636	548633	548634	TSS_1304	-	-39	ZMO1857 (LysR)	TF homology	ZMO0550
ZM4	550274	550275	ZMO1857	19.1375	550473	550474	TSS_1308	-	199	ZMO1857 (LysR)	TF homology	ZMO0553
ZM4	553618	553619	ZMO1857	33.6239	553623	553624	TSS_1310	-	5	ZMO1857 (LysR)	TF homology	ZMO0554
ZM4	553806	553807	ZMO1857	41.9134	553623	553624	TSS_1310	-	-183	ZMO1857 (LysR)	TF homology	ZMO0554
ZM4	555997	555998	ZMO1857	17.232	556027	556028	TSS_1325	-	30	ZMO1857 (LysR)	TF homology	ZMO0556
ZM4	564792	564793	ZMO1857	17.7867	564760	564761	TSS_1350	-	-32	ZMO1857 (LysR)	TF homology	ZMO0563
ZM4	607258	607259	ZMO1857	98.8669	607071	607072	TSS_1410	-	-187	ZMO1857 (LysR)	TF homology	ZMO0604
ZM4	608622	608623	ZMO1857	4.01476	608481	608482	TSS_1413	-	-141	ZMO1857 (LysR)	TF homology	ZMO0605
ZM4	610804	610805	ZMO1857	46.0371	610824	610825	TSS_1416	-	20	ZMO1857 (LysR)	TF homology	ZMO0608
ZM4	648349	648350	ZMO1857	22.1758	648223	648224	TSS_1491	-	-126	ZMO1857 (LysR)	TF homology	ZMO0654
ZM4	652789	652790	ZMO1857	19.338	652673	652674	TSS_1496	+	116	ZMO1857 (LysR)	TF homology	ZMO0659
ZM4	652984	652985	ZMO1857	20.6394	653068	653069	TSS_1497	+	-84	ZMO1857 (LysR)	TF homology	ZMO0660
ZM4	663684	663685	ZMO1857	10.5544	663608	663609	TSS_1533	+	76	ZMO1857 (LysR)	TF homology	ZMO0667
ZM4	664029	664030	ZMO1857	36.4547	663903	663904	TSS_1535	+	126	ZMO1857 (LysR)	TF homology	ZMO0668
ZM4	670845	670846	ZMO1857	6.23448	670663	670664	TSS_1550	-	-182	ZMO1857 (LysR)	TF homology	ZMO0675
ZM4	672032	672033	ZMO1857	3.24979	672208	672209	TSS_1555	-	176	ZMO1857 (LysR)	TF homology	ZMO0676
ZM4	672216	672217	ZMO1857	8.36204	672208	672209	TSS_1555	-	-8	ZMO1857 (LysR)	TF homology	ZMO0676
ZM4	693795	693796	ZMO1857	15.5661	693748	693749	TSS_1591	-	-47	ZMO1857 (LysR)	TF homology	ZMO0694
ZM4	711627	711628	ZMO1857	9.74977	711827	711828	TSS_1619	+	-200	ZMO1857 (LysR)	TF homology	ZMO0713
ZM4	720181	720182	ZMO1857	29.9413	720049	720050	TSS_1632	+	132	ZMO1857 (LysR)	TF homology	ZMO0720
ZM4	720751	720752	ZMO1857	5.13504	720584	720585	TSS_1634	+	167	ZMO1857 (LysR)	TF homology	ZMO0721
ZM4	725803	725804	ZMO1857	21.9901	725915	725916	TSS_1660	+	-112	ZMO1857 (LysR)	TF homology	ZMO0727
ZM4	727709	727710	ZMO1857	30.3422	727753	727754	TSS_1677	+	-44	ZMO1857 (LysR)	TF homology	ZMO0731
ZM4	731638	731639	ZMO1857	4.74609	731609	731610	TSS_1685	+	29	ZMO1857 (LysR)	TF homology	ZMO0732
ZM4	737492	737493	ZMO1857	3.66657	737297	737298	TSS_1702	-	-195	ZMO1857 (LysR)	TF homology	ZMO0733
ZM4	751952	751953	ZMO1857	589.722	751890	751891	TSS_1757	+	62	ZMO1857 (LysR)	TF homology	ZMO0753
ZM4	760705	760706	ZMO1857	16.9092	760763	760764	TSS_1772	+	-58	ZMO1857 (LysR)	TF homology	ZMO0766
ZM4	771340	771341	ZMO1857	68.714	771418	771419	TSS_1786	+	-78	ZMO1857 (LysR)	TF homology	ZMO0776
ZM4	814428	814429	ZMO1857	159.547	814346	814347	TSS_1818	-	-82	ZMO1857 (LysR)	TF homology	ZMO0807
ZM4	825489	825490	ZMO1857	11.3913	825345	825346	TSS_1867	+	144	ZMO1857 (LysR)	TF homology	ZMO0822
ZM4	842292	842293	ZMO1857	21.9901	842283	842284	TSS_1879	+	9	ZMO1857 (LysR)	TF homology	ZMO0836
ZM4	866641	866642	ZMO1857	33.8712	866650	866651	TSS_1929	-	9	ZMO1857 (LysR)	TF homology	ZMO0853
ZM4	875050	875051	ZMO1857	139.015	875070	875071	TSS_1952	+	-20	ZMO1857 (LysR)	TF homology	ZMO0865
ZM4	877797	877798	ZMO1857	12.5662	877979	877980	TSS_1958	+	-182	ZMO1857 (LysR)	TF homology	ZMO0867
ZM4	892636	892637	ZMO1857	35.5147	892798	892799	TSS_1989	-	162	ZMO1857 (LysR)	TF homology	ZMO0880
ZM4	899019	899020	ZMO1857	30.2304	899111	899112	TSS_2003	-	92	ZMO1857 (LysR)	TF homology	ZMO0889
ZM4	914419	914420	ZMO1857	15.9581	914345	914346	TSS_2025	-	-74	ZMO1857 (LysR)	TF homology	ZMO0902
ZM4	934598	934599	ZMO1857	41.3768	934591	934592	TSS_2071	+	7	ZMO1857 (LysR)	TF homology	ZMO0916
ZM4	935156	935157	ZMO1857	6.4998	935263	935264	TSS_2073	+	-107	ZMO1857 (LysR)	TF homology	ZMO0917
ZM4	937083	937084	ZMO1857	40.4066	937176	937177	TSS_2079	+	-93	ZMO1857 (LysR)	TF homology	ZMO0918
ZM4	949296	949297	ZMO1857	8.68095	949302	949303	TSS_2103	+	-6	ZMO1857 (LysR)	TF homology	ZMO0926
ZM4	949422	949423	ZMO1857	2.78668	949302	949303	TSS_2103	+	120	ZMO1857 (LysR)	TF homology	ZMO0926
ZM4	964023	964024	ZMO1857	155.027	964162	964163	TSS_2119	-	139	ZMO1857 (LysR)	TF homology	ZMO0942
ZM4	968433	968434	ZMO1857	9.67736	968524	968525	TSS_2143	+	-91	ZMO1857 (LysR)	TF homology	ZMO0949
ZM4	995512	995513	ZMO1857	3.49874	995678	995679	TSS_2192	-	166	ZMO1857 (LysR)	TF homology	ZMO0976
ZM4	1000675	1000676	ZMO1857	165.704	1000486	1000487	TSS_2201	-	-189	ZMO1857 (LysR)	TF homology	ZMO0980
ZM4	1013565	1013566	ZMO1857	18.545	1013576	1013577	TSS_2239	-	11	ZMO1857 (LysR)	TF homology	ZMO0994
ZM4	1034276	1034277	ZMO1857	60.9125	1034261	1034262	TSS_2291	-	-15	ZMO1857 (LysR)	TF homology	ZMO1015
ZM4	1037524	1037525	ZMO1857	1.30866	1037347	1037348	TSS_2297	-	-177	ZMO1857 (LysR)	TF homology	ZMO1018
ZM4	1038832	1038833	ZMO1857	9.67736	1038660	1038661	TSS_2298	-	-172	ZMO1857 (LysR)	TF homology	ZMO1019
ZM4	1040056	1040057	ZMO1857	47.0112	1039950	1039951	TSS_2303	-	-106	ZMO1857 (LysR)	TF homology	ZMO1020
ZM4	1044476	1044477	ZMO1857	60.9125	1044634	1044635	TSS_2314	+	-158	ZMO1857 (LysR)	TF homology	ZMO1026
ZM4	1046136	1046137	ZMO1857	11.8145	1046066	1046067	TSS_2317	+	70	ZMO1857 (LysR)	TF homology	ZMO1030
ZM4	1048593	1048594	ZMO1857	24.5356	1048782	1048783	TSS_2320	+	-189	ZMO1857 (LysR)	TF homology	ZMO1033
ZM4	1063856	1063857	ZMO1857	1.37803	1063726	1063727	TSS_2368	+	130	ZMO1857 (LysR)	TF homology	ZMO1047
ZM4	1076604	1076605	ZMO1857	10.4577	1076612	1076613	TSS_2386	-	8	ZMO1857 (LysR)	TF homology	ZMO1060
ZM4	1111871	1111872	ZMO1857	3.5781	1111850	1111851	TSS_2454	-	-21	ZMO1857 (LysR)	TF homology	ZMO1097
ZM4	1119647	1119648	ZMO1857	27.5745	1119792	1119793	TSS_2459	-	145	ZMO1857 (LysR)	TF homology	ZMO1101
ZM4	1124417	1124418	ZMO1857	88.6259	1124611	1124612	TSS_2464	+	-194	ZMO1857 (LysR)	TF homology	ZMO1107
ZM4	1129538	1129539	ZMO1857	138.714	1129400	1129401	TSS_2498	+	138	ZMO1857 (LysR)	TF homology	ZMO1113
ZM4	1143521	1143522	ZMO1857	109.157	1143523	1143524	TSS_2519	-	2	ZMO1857 (LysR)	TF homology	ZMO1124
ZM4	1154528	1154529	ZMO1857	3.49874	1154490	1154491	TSS_2539	-	-38	ZMO1857 (LysR)	TF homology	ZMO1135
ZM4	1154654	1154655	ZMO1857	8.48641	1154644	1154645	TSS_2540	-	-10	ZMO1857 (LysR)	TF homology	ZMO1135
ZM4	1159460	1159461	ZMO1857	2.5481	1159416	1159417	TSS_2562	+	44	ZMO1857 (LysR)	TF homology	ZMO1140
ZM4	1165736	1165737	ZMO1857	9.17075	1165936	1165937	TSS_2578	-	200	ZMO1857 (LysR)	TF homology	ZMO1146
ZM4	1170881	1170882	ZMO1857	33.6239	1170971	1170972	TSS_2591	-	90	ZMO1857 (LysR)	TF homology	ZMO1149
ZM4	1174272	1174273	ZMO1857	57.3171	1174466	1174467	TSS_2595	-	194	ZMO1857 (LysR)	TF homology	ZMO1154
ZM4	1181492	1181493	ZMO1857	16.7205	1181555	1181556	TSS_2631	+	-63	ZMO1857 (LysR)	TF homology	ZMO1164
ZM4	1189367	1189368	ZMO1857	20.7084	1189253	1189254	TSS_2643	-	-114	ZMO1857 (LysR)	TF homology	ZMO1171
ZM4	1197397	1197398	ZMO1857	20.9405	1197238	1197239	TSS_2654	-	-159	ZMO1857 (LysR)	TF homology	ZMO1174
ZM4	1208848	1208849	ZMO1857	129.473	1208971	1208972	TSS_2679	+	-123	ZMO1857 (LysR)	TF homology	ZMO1186
ZM4	1208970	1208971	ZMO1857	89.7351	1208971	1208972	TSS_2679	+	-1	ZMO1857 (LysR)	TF homology	ZMO1186
ZM4	1225455	1225456	ZMO1857	43.2833	1225593	1225594	TSS_2694	+	-138	ZMO1857 (LysR)	TF homology	ZMO1198
ZM4	1238075	1238076	ZMO1857	128.23	1238053	1238054	TSS_2730	-	-22	ZMO1857 (LysR)	TF homology	ZMO1211
ZM4	1239638	1239639	ZMO1857	46.0733	1239695	1239696	TSS_2731	-	57	ZMO1857 (LysR)	TF homology	ZMO1212
ZM4	1249494	1249495	ZMO1857	20.9337	1249480	1249481	TSS_2775	-	-14	ZMO1857 (LysR)	TF homology	ZMO1222
ZM4	1259030	1259031	ZMO1857	16.5894	1258890	1258891	TSS_2806	-	-140	ZMO1857 (LysR)	TF homology	ZMO1233
ZM4	1265638	1265639	ZMO1857	11.5379	1265664	1265665	TSS_2837	-	26	ZMO1857 (LysR)	TF homology	ZMO1240
ZM4	1286606	1286607	ZMO1857	6.11519	1286733	1286734	TSS_2869	+	-127	ZMO1857 (LysR)	TF homology	ZMO1270
ZM4	1308280	1308281	ZMO1857	40.932	1308264	1308265	TSS_2934	+	16	ZMO1857 (LysR)	TF homology	ZMO1294
ZM4	1315205	1315206	ZMO1857	20.1706	1315308	1315309	TSS_2945	+	-103	ZMO1857 (LysR)	TF homology	ZMO2016
ZM4	1335934	1335935	ZMO1857	156.372	1335874	1335875	TSS_2983	-	-60	ZMO1857 (LysR)	TF homology	ZMO1316
ZM4	1345502	1345503	ZMO1857	18.6601	1345545	1345546	TSS_3005	+	-43	ZMO1857 (LysR)	TF homology	ZMO1326
ZM4	1347936	1347937	ZMO1857	40.5588	1347978	1347979	TSS_3007	+	-42	ZMO1857 (LysR)	TF homology	ZMO1331
ZM4	1351648	1351649	ZMO1857	41.3334	1351697	1351698	TSS_3020	+	-49	ZMO1857 (LysR)	TF homology	ZMO1334
ZM4	1352744	1352745	ZMO1857	129.219	1352574	1352575	TSS_3025	+	170	ZMO1857 (LysR)	TF homology	ZMO1335
ZM4	1413496	1413497	ZMO1857	22.3983	1413590	1413591	TSS_3177	+	-94	ZMO1857 (LysR)	TF homology	ZMO1399
ZM4	1420886	1420887	ZMO1857	6.80868	1420890	1420891	TSS_3191	-	4	ZMO1857 (LysR)	TF homology	ZMO1406
ZM4	1448877	1448878	ZMO1857	1.30866	1448803	1448804	TSS_3247	-	-74	ZMO1857 (LysR)	TF homology	ZMO1430
ZM4	1448998	1448999	ZMO1857	4.60307	1448803	1448804	TSS_3247	-	-195	ZMO1857 (LysR)	TF homology	ZMO1430
ZM4	1475693	1475694	ZMO1857	32.9595	1475500	1475501	TSS_3275	+	193	ZMO1857 (LysR)	TF homology	ZMO1456
ZM4	1480848	1480849	ZMO1857	31.0728	1480998	1480999	TSS_3279	-	150	ZMO1857 (LysR)	TF homology	ZMO1459
ZM4	1494178	1494179	ZMO1857	12.6691	1494144	1494145	TSS_3296	-	-34	ZMO1857 (LysR)	TF homology	ZMO1470
ZM4	1517205	1517206	ZMO1857	126.75	1517256	1517257	TSS_3343	+	-51	ZMO1857 (LysR)	TF homology	ZMO1490
ZM4	1517715	1517716	ZMO1857	19.3274	1517576	1517577	TSS_3368	-	-139	ZMO1857 (LysR)	TF homology	ZMO1489
ZM4	1518321	1518322	ZMO1857	32.9972	1518240	1518241	TSS_3374	+	81	ZMO1857 (LysR)	TF homology	ZMO1491
ZM4	1527504	1527505	ZMO1857	23.7276	1527693	1527694	TSS_3394	-	189	ZMO1857 (LysR)	TF homology	ZMO1498
ZM4	1563252	1563253	ZMO1857	107.859	1563184	1563185	TSS_3475	-	-68	ZMO1857 (LysR)	TF homology	ZMO1529
ZM4	1624538	1624539	ZMO1857	182.198	1624685	1624686	TSS_3558	-	147	ZMO1857 (LysR)	TF homology	ZMO1583
ZM4	1625713	1625714	ZMO1857	15.6475	1625857	1625858	TSS_3560	+	-144	ZMO1857 (LysR)	TF homology	ZMO1586
ZM4	1638270	1638271	ZMO1857	4.66463	1638361	1638362	TSS_3584	+	-91	ZMO1857 (LysR)	TF homology	ZMO1598
ZM4	1653348	1653349	ZMO1857	49.4432	1653357	1653358	TSS_3617	+	-9	ZMO1857 (LysR)	TF homology	ZMO1609
ZM4	1662115	1662116	ZMO1857	47.3976	1662112	1662113	TSS_3643	-	-3	ZMO1857 (LysR)	TF homology	ZMO1618
ZM4	1683891	1683892	ZMO1857	10.255	1683995	1683996	TSS_3686	+	-104	ZMO1857 (LysR)	TF homology	ZMO1640
ZM4	1687556	1687557	ZMO1857	3.77495	1687584	1687585	TSS_3697	-	28	ZMO1857 (LysR)	TF homology	ZMO1642
ZM4	1708307	1708308	ZMO1857	2.35031	1708308	1708309	TSS_3740	+	-1	ZMO1857 (LysR)	TF homology	ZMO1659
ZM4	1708717	1708718	ZMO1857	7.92513	1708737	1708738	TSS_3741	+	-20	ZMO1857 (LysR)	TF homology	ZMO1659
ZM4	1713128	1713129	ZMO1857	63.881100000000004	1713167	1713168	TSS_3746	+	-39	ZMO1857 (LysR)	TF homology	ZMO1663
ZM4	1715363	1715364	ZMO1857	27.3327	1715213	1715214	TSS_3747	+	150	ZMO1857 (LysR)	TF homology	ZMO1667
ZM4	1716933	1716934	ZMO1857	4.65555	1716912	1716913	TSS_3751	+	21	ZMO1857 (LysR)	TF homology	ZMO1668
ZM4	1725624	1725625	ZMO1857	36.2499	1725645	1725646	TSS_3765	-	21	ZMO1857 (LysR)	TF homology	ZMO1679
ZM4	1734747	1734748	ZMO1857	101.68	1734703	1734704	TSS_3772	+	44	ZMO1857 (LysR)	TF homology	ZMO1686
ZM4	1755436	1755437	ZMO1857	14.6142	1755471	1755472	TSS_3811	-	35	ZMO1857 (LysR)	TF homology	ZMO1702
ZM4	1759050	1759051	ZMO1857	14.0423	1759186	1759187	TSS_3827	+	-136	ZMO1857 (LysR)	TF homology	ZMO1708
ZM4	1759327	1759328	ZMO1857	250.43	1759186	1759187	TSS_3827	+	141	ZMO1857 (LysR)	TF homology	ZMO1708
ZM4	1764241	1764242	ZMO1857	12.7012	1764382	1764383	TSS_3843	-	141	ZMO1857 (LysR)	TF homology	ZMO2025
ZM4	1766208	1766209	ZMO1857	14.2951	1766053	1766054	TSS_3853	-	-155	ZMO1857 (LysR)	TF homology	ZMO1716
ZM4	1770755	1770756	ZMO1857	35.8188	1770789	1770790	TSS_3879	-	34	ZMO1857 (LysR)	TF homology	ZMO1721
ZM4	1770923	1770924	ZMO1857	1.77737	1770792	1770793	TSS_3882	-	-131	ZMO1857 (LysR)	TF homology	ZMO1721
ZM4	1778939	1778940	ZMO1857	13.8571	1778995	1778996	TSS_3895	+	-56	ZMO1857 (LysR)	TF homology	ZMO1733
ZM4	1779219	1779220	ZMO1857	53.7405	1779238	1779239	TSS_3900	+	-19	ZMO1857 (LysR)	TF homology	ZMO1733
ZM4	1785537	1785538	ZMO1857	2.0626	1785533	1785534	TSS_3913	-	-4	ZMO1857 (LysR)	TF homology	ZMO1739
ZM4	1785740	1785741	ZMO1857	94.0853	1785673	1785674	TSS_3914	-	-67	ZMO1857 (LysR)	TF homology	ZMO1740
ZM4	1802077	1802078	ZMO1857	170.671	1801999	1802000	TSS_3966	+	78	ZMO1857 (LysR)	TF homology	ZMO1756
ZM4	1812562	1812563	ZMO1857	23.6527	1812433	1812434	TSS_3981	-	-129	ZMO1857 (LysR)	TF homology	ZMO1766
ZM4	1812928	1812929	ZMO1857	15.6336	1812784	1812785	TSS_3982	-	-144	ZMO1857 (LysR)	TF homology	ZMO1766
ZM4	1824109	1824110	ZMO1857	1.6889	1823956	1823957	TSS_4003	+	153	ZMO1857 (LysR)	TF homology	ZMO1777
ZM4	1849802	1849803	ZMO1857	17.2195	1849748	1849749	TSS_4086	-	-54	ZMO1857 (LysR)	TF homology	ZMO1806
ZM4	1855226	1855227	ZMO1857	295.731	1855211	1855212	TSS_4087	-	-15	ZMO1857 (LysR)	TF homology	ZMO1811
ZM4	1864694	1864695	ZMO1857	118.417	1864521	1864522	TSS_4101	+	173	ZMO1857 (LysR)	TF homology	ZMO1818
ZM4	1874200	1874201	ZMO1857	15.6184	1874059	1874060	TSS_4106	+	141	ZMO1857 (LysR)	TF homology	ZMO1827
ZM4	1883176	1883177	ZMO1857	67.6059	1883212	1883213	TSS_4114	-	36	ZMO1857 (LysR)	TF homology	ZMO1840
ZM4	1888967	1888968	ZMO1857	12.101	1888831	1888832	TSS_4130	-	-136	ZMO1857 (LysR)	TF homology	ZMO1847
ZM4	1925477	1925478	ZMO1857	11.337	1925471	1925472	TSS_4168	-	-6	ZMO1857 (LysR)	TF homology	ZMO1870
ZM4	1929997	1929998	ZMO1857	27.507	1929860	1929861	TSS_4191	+	137	ZMO1857 (LysR)	TF homology	ZMO1878
ZM4	1965586	1965587	ZMO1857	25.2771	1965401	1965402	TSS_4295	+	185	ZMO1857 (LysR)	TF homology	ZMO1913
ZM4	1965803	1965804	ZMO1857	42.4123	1965803	1965804	TSS_4297	+	0	ZMO1857 (LysR)	TF homology	ZMO1913
ZM4	1971135	1971136	ZMO1857	44.2922	1971103	1971104	TSS_4309	-	-32	ZMO1857 (LysR)	TF homology	ZMO1917
ZM4	1986155	1986156	ZMO1857	9.14895	1986320	1986321	TSS_4363	+	-165	ZMO1857 (LysR)	TF homology	ZMO1930
ZM4	2017538	2017539	ZMO1857	2.41315	2017437	2017438	TSS_4391	-	-101	ZMO1857 (LysR)	TF homology	ZMO1958
ZM4	2053536	2053537	ZMO1857	40.3723	2053613	2053614	TSS_4423	+	-77	ZMO1857 (LysR)	TF homology	ZMO1993
ZM4	318414	318415	ZMO1867	26.8952	318303	318304	TSS_0612	-	-111	ZMO1867 (Baf)	TF homology	ZMO0315
ZM4	91246	91247	ZMO1937	2255.16	91307	91308	TSS_0118	+	-61	ZMO1937 (DBD)	Predicted DBD	ZMO0105
ZM4	270892	270893	ZMO1937	180.094	270955	270956	TSS_0534	-	63	ZMO1937 (DBD)	Predicted DBD	ZMO0266
ZM4	318410	318411	ZMO1937	20.0526	318303	318304	TSS_0612	-	-107	ZMO1937 (DBD)	Predicted DBD	ZMO0315
ZM4	478162	478163	ZMO1937	36.1203	478166	478167	TSS_0972	-	4	ZMO1937 (DBD)	Predicted DBD	ZMO0483
ZM4	1037260	1037261	ZMO1937	107.606	1037347	1037348	TSS_2297	-	87	ZMO1937 (DBD)	Predicted DBD	ZMO1018
ZM4	1197169	1197170	ZMO1937	18.2993	1197158	1197159	TSS_2653	-	-11	ZMO1937 (DBD)	Predicted DBD	ZMO1174
ZM4	1267538	1267539	ZMO1937	241.961	1267613	1267614	TSS_2849	+	-75	ZMO1937 (DBD)	Predicted DBD	ZMO1246
ZM4	1369809	1369810	ZMO1937	282.51	1369706	1369707	TSS_3075	-	-103	ZMO1937 (DBD)	Predicted DBD	ZMO1353
ZM4	1374552	1374553	ZMO1937	66.3845	1374707	1374708	TSS_3097	-	155	ZMO1937 (DBD)	Predicted DBD	ZMO1356
ZM4	1422089	1422090	ZMO1937	21.6752	1422132	1422133	TSS_3193	-	43	ZMO1937 (DBD)	Predicted DBD	ZMO1407
ZM4	1927486	1927487	ZMO1937	113.406	1927455	1927456	TSS_4175	-	-31	ZMO1937 (DBD)	Predicted DBD	ZMO1873
ZM4	1965541	1965542	ZMO1937	25.2262	1965401	1965402	TSS_4295	+	140	ZMO1937 (DBD)	Predicted DBD	ZMO1913
ZM4	1986489	1986490	ZMO1937	19346.6	1986320	1986321	TSS_4363	+	169	ZMO1937 (DBD)	Predicted DBD	ZMO1930
pZM32	4224	4225	ZMO1937	35.9381	4351	4352	TSS_4432	-	127	ZMO1937 (DBD)	Predicted DBD	ZMOp32x001
pZM36	15657	15658	ZMO1937	65.3832	15485	15486	TSS_4584	-	-172	ZMO1937 (DBD)	Predicted DBD	ZMOp36x048
ZM4	2003038	2003039	ZMO1944	21726.3	2003022	2003023	TSS_4374	-	-16	ZMO1944 (GntR)	TF homology	ZMO1944
