ZM4	166518	166519	Control_TF_DNA_2_peak_1	14.0556	ZM4	166932	166933	TSS_0325	.	+	-414
ZM4	246556	246557	Control_TF_DNA_2_peak_2	2.21565	ZM4	245089	245090	TSS_0500	.	+	1467
ZM4	166523	166524	Control_TF_DNA_3_peak_1	8.22102	ZM4	166932	166933	TSS_0325	.	+	-409
ZM4	166536	166537	Control_TF_DNA_4_peak_1	15.1656	ZM4	166932	166933	TSS_0325	.	+	-396
ZM4	6229	6230	ZMO0023_peak_1	1542.1	ZM4	12709	12710	TSS_0006	.	+	-6480
ZM4	6948	6949	ZMO0023_peak_2a	2.23423	ZM4	12709	12710	TSS_0006	.	+	-5761
ZM4	7084	7085	ZMO0023_peak_2b	8.25471	ZM4	12709	12710	TSS_0006	.	+	-5625
ZM4	13546	13547	ZMO0023_peak_3	3.31549	ZM4	12709	12710	TSS_0006	.	+	837
ZM4	14272	14273	ZMO0023_peak_4	13.564	ZM4	14514	14515	TSS_0014	.	-	242
ZM4	17262	17263	ZMO0023_peak_5	26.8172	ZM4	17332	17333	TSS_0016	.	+	-70
ZM4	22707	22708	ZMO0023_peak_6	21.2488	ZM4	21174	21175	TSS_0025	.	+	1533
ZM4	26848	26849	ZMO0023_peak_7	1142.47	ZM4	26028	26029	TSS_0027	.	-	-820
ZM4	30899	30900	ZMO0023_peak_8	8.33587	ZM4	29259	29260	TSS_0028	.	+	1640
ZM4	31557	31558	ZMO0023_peak_9	85.6009	ZM4	33787	33788	TSS_0030	.	+	-2230
ZM4	37147	37148	ZMO0023_peak_10	48.6678	ZM4	37928	37929	TSS_0035	.	+	-781
ZM4	43281	43282	ZMO0023_peak_11	2.01892	ZM4	43156	43157	TSS_0059	.	-	-125
ZM4	47907	47908	ZMO0023_peak_12	86.5993	ZM4	50901	50902	TSS_0064	.	-	2994
ZM4	66542	66543	ZMO0023_peak_13	11.2659	ZM4	67080	67081	TSS_0090	.	-	538
ZM4	76469	76470	ZMO0023_peak_14	2.67721	ZM4	74934	74935	TSS_0099	.	-	-1535
ZM4	80596	80597	ZMO0023_peak_15	65.5282	ZM4	79619	79620	TSS_0102	.	-	-977
ZM4	82692	82693	ZMO0023_peak_16	7.37729	ZM4	82635	82636	TSS_0107	.	-	-57
ZM4	87464	87465	ZMO0023_peak_17	7.98267	ZM4	86485	86486	TSS_0114	.	-	-979
ZM4	95331	95332	ZMO0023_peak_18a	3.41134	ZM4	94651	94652	TSS_0124	.	-	-680
ZM4	95525	95526	ZMO0023_peak_18b	8.36687	ZM4	94651	94652	TSS_0124	.	-	-874
ZM4	100071	100072	ZMO0023_peak_19	97.6303	ZM4	99831	99832	TSS_0138	.	+	240
ZM4	100830	100831	ZMO0023_peak_20	6.40863	ZM4	100905	100906	TSS_0139	.	+	-75
ZM4	104085	104086	ZMO0023_peak_21	226.773	ZM4	103994	103995	TSS_0143	.	+	91
ZM4	110341	110342	ZMO0023_peak_22	449.832	ZM4	110455	110456	TSS_0154	.	+	-114
ZM4	118357	118358	ZMO0023_peak_23	58.5084	ZM4	118480	118481	TSS_0167	.	-	123
ZM4	140672	140673	ZMO0023_peak_24	496.213	ZM4	140699	140700	TSS_0214	.	+	-27
ZM4	142539	142540	ZMO0023_peak_25	11.6294	ZM4	141216	141217	TSS_0222	.	+	1323
ZM4	149830	149831	ZMO0023_peak_26	29.0206	ZM4	150353	150354	TSS_0243	.	+	-523
ZM4	157506	157507	ZMO0023_peak_27	47.5817	ZM4	157635	157636	TSS_0267	.	+	-129
ZM4	160803	160804	ZMO0023_peak_28	11.2896	ZM4	160904	160905	TSS_0284	.	-	101
ZM4	166542	166543	ZMO0023_peak_29	47.1806	ZM4	166932	166933	TSS_0325	.	+	-390
ZM4	170719	170720	ZMO0023_peak_30	24.0012	ZM4	169499	169500	TSS_0337	.	+	1220
ZM4	191272	191273	ZMO0023_peak_31	1024.62	ZM4	192450	192451	TSS_0392	.	+	-1178
ZM4	208798	208799	ZMO0023_peak_32	49.1165	ZM4	208720	208721	TSS_0417	.	-	-78
ZM4	212215	212216	ZMO0023_peak_33	31.4823	ZM4	210627	210628	TSS_0420	.	+	1588
ZM4	212675	212676	ZMO0023_peak_34	56.7597	ZM4	210627	210628	TSS_0420	.	+	2048
ZM4	219004	219005	ZMO0023_peak_35	186.784	ZM4	218162	218163	TSS_0433	.	+	842
ZM4	227616	227617	ZMO0023_peak_36	108.602	ZM4	228082	228083	TSS_0442	.	+	-466
ZM4	245041	245042	ZMO0023_peak_37	133.787	ZM4	245089	245090	TSS_0500	.	+	-48
ZM4	246654	246655	ZMO0023_peak_38	4.50695	ZM4	245089	245090	TSS_0500	.	+	1565
ZM4	247199	247200	ZMO0023_peak_39a	2.74195	ZM4	245089	245090	TSS_0500	.	+	2110
ZM4	247340	247341	ZMO0023_peak_39b	3.212	ZM4	245089	245090	TSS_0500	.	+	2251
ZM4	247455	247456	ZMO0023_peak_39c	3.51734	ZM4	245089	245090	TSS_0500	.	+	2366
ZM4	254165	254166	ZMO0023_peak_40	309.724	ZM4	259009	259010	TSS_0512	.	+	-4844
ZM4	260068	260069	ZMO0023_peak_41	68.8847	ZM4	260896	260897	TSS_0519	.	+	-828
ZM4	284872	284873	ZMO0023_peak_42	107.524	ZM4	284913	284914	TSS_0552	.	+	-41
ZM4	293809	293810	ZMO0023_peak_43	33.3929	ZM4	293765	293766	TSS_0578	.	-	-44
ZM4	295248	295249	ZMO0023_peak_44	66.713	ZM4	295366	295367	TSS_0583	.	+	-118
ZM4	296060	296061	ZMO0023_peak_45	15.065	ZM4	295366	295367	TSS_0583	.	+	694
ZM4	296663	296664	ZMO0023_peak_46	193.091	ZM4	295366	295367	TSS_0583	.	+	1297
ZM4	297573	297574	ZMO0023_peak_47	16.8737	ZM4	298017	298018	TSS_0586	.	-	444
ZM4	306466	306467	ZMO0023_peak_48	14.6149	ZM4	304778	304779	TSS_0599	.	-	-1688
ZM4	309069	309070	ZMO0023_peak_49	9.67529	ZM4	310703	310704	TSS_0602	.	-	1634
ZM4	315670	315671	ZMO0023_peak_50	439.378	ZM4	315795	315796	TSS_0609	.	+	-125
ZM4	320831	320832	ZMO0023_peak_51	1221.32	ZM4	321062	321063	TSS_0625	.	+	-231
ZM4	321535	321536	ZMO0023_peak_52	27.5734	ZM4	321934	321935	TSS_0626	.	+	-399
ZM4	332431	332432	ZMO0023_peak_53	4.52917	ZM4	332383	332384	TSS_0646	.	-	-48
ZM4	351715	351716	ZMO0023_peak_54	20.2548	ZM4	351956	351957	TSS_0689	.	+	-241
ZM4	353047	353048	ZMO0023_peak_55	11.7492	ZM4	353417	353418	TSS_0693	.	+	-370
ZM4	353564	353565	ZMO0023_peak_56	443.119	ZM4	353593	353594	TSS_0695	.	+	-29
ZM4	360486	360487	ZMO0023_peak_57	55.6854	ZM4	360122	360123	TSS_0707	.	+	364
ZM4	365629	365630	ZMO0023_peak_58	5.16515	ZM4	364911	364912	TSS_0713	.	+	718
ZM4	370760	370761	ZMO0023_peak_59	58.7071	ZM4	370845	370846	TSS_0723	.	+	-85
ZM4	375796	375797	ZMO0023_peak_60	177.44	ZM4	375886	375887	TSS_0761	.	+	-90
ZM4	377270	377271	ZMO0023_peak_61	69.0698	ZM4	378389	378390	TSS_0771	.	+	-1119
ZM4	378332	378333	ZMO0023_peak_62	14.8176	ZM4	378389	378390	TSS_0771	.	+	-57
ZM4	399600	399601	ZMO0023_peak_63	43.9164	ZM4	397722	397723	TSS_0795	.	+	1878
ZM4	403708	403709	ZMO0023_peak_64	228.221	ZM4	405797	405798	TSS_0803	.	-	2089
ZM4	434297	434298	ZMO0023_peak_65	22.231	ZM4	433937	433938	TSS_0852	.	-	-360
ZM4	454284	454285	ZMO0023_peak_66	12.0861	ZM4	452669	452670	TSS_0910	.	+	1615
ZM4	474180	474181	ZMO0023_peak_67	13.0383	ZM4	472788	472789	TSS_0963	.	+	1392
ZM4	492049	492050	ZMO0023_peak_68	128.665	ZM4	489935	489936	TSS_1023	.	+	2114
ZM4	530876	530877	ZMO0023_peak_69	23.9079	ZM4	530254	530255	TSS_1193	.	+	622
ZM4	559171	559172	ZMO0023_peak_70	132.29	ZM4	559230	559231	TSS_1328	.	+	-59
ZM4	560142	560143	ZMO0023_peak_71	15.0598	ZM4	559230	559231	TSS_1328	.	+	912
ZM4	573747	573748	ZMO0023_peak_72	4.35738	ZM4	573476	573477	TSS_1369	.	+	271
ZM4	577597	577598	ZMO0023_peak_73	100.059	ZM4	580146	580147	TSS_1370	.	-	2549
ZM4	578464	578465	ZMO0023_peak_74	43.27	ZM4	580146	580147	TSS_1370	.	-	1682
ZM4	581406	581407	ZMO0023_peak_75	12.7566	ZM4	580146	580147	TSS_1370	.	-	-1260
ZM4	581713	581714	ZMO0023_peak_76	71.2185	ZM4	580146	580147	TSS_1370	.	-	-1567
ZM4	582761	582762	ZMO0023_peak_77	19.3089	ZM4	583750	583751	TSS_1374	.	-	989
ZM4	585408	585409	ZMO0023_peak_78	304.504	ZM4	584085	584086	TSS_1377	.	-	-1323
ZM4	596944	596945	ZMO0023_peak_79	59.9544	ZM4	596812	596813	TSS_1396	.	-	-132
ZM4	599359	599360	ZMO0023_peak_80	26.1783	ZM4	599377	599378	TSS_1402	.	+	-18
ZM4	602157	602158	ZMO0023_peak_81	107.1	ZM4	603093	603094	TSS_1405	.	+	-936
ZM4	605057	605058	ZMO0023_peak_82	11.0884	ZM4	606103	606104	TSS_1408	.	-	1046
ZM4	607237	607238	ZMO0023_peak_83	202.464	ZM4	607071	607072	TSS_1410	.	-	-166
ZM4	617057	617058	ZMO0023_peak_84	23.0816	ZM4	617211	617212	TSS_1434	.	+	-154
ZM4	617959	617960	ZMO0023_peak_85	21.5294	ZM4	617994	617995	TSS_1437	.	+	-35
ZM4	618838	618839	ZMO0023_peak_86	2905.95	ZM4	619099	619100	TSS_1442	.	+	-261
ZM4	622889	622890	ZMO0023_peak_87	3.9698	ZM4	623556	623557	TSS_1448	.	+	-667
ZM4	631847	631848	ZMO0023_peak_88	68.6246	ZM4	632567	632568	TSS_1461	.	+	-720
ZM4	635612	635613	ZMO0023_peak_89	349.7	ZM4	635196	635197	TSS_1465	.	+	416
ZM4	637141	637142	ZMO0023_peak_90	124.142	ZM4	637092	637093	TSS_1467	.	+	49
ZM4	638996	638997	ZMO0023_peak_91	4.23364	ZM4	638856	638857	TSS_1469	.	+	140
ZM4	642816	642817	ZMO0023_peak_92	26.5419	ZM4	642781	642782	TSS_1482	.	+	35
ZM4	650220	650221	ZMO0023_peak_93	18.0573	ZM4	651452	651453	TSS_1492	.	-	1232
ZM4	663080	663081	ZMO0023_peak_94	64.3798	ZM4	663183	663184	TSS_1521	.	+	-103
ZM4	672799	672800	ZMO0023_peak_95	46.7395	ZM4	672719	672720	TSS_1558	.	-	-80
ZM4	674809	674810	ZMO0023_peak_96	218.982	ZM4	673600	673601	TSS_1559	.	-	-1209
ZM4	682891	682892	ZMO0023_peak_97	46.5227	ZM4	684964	684965	TSS_1564	.	-	2073
ZM4	684862	684863	ZMO0023_peak_98	14.7788	ZM4	684964	684965	TSS_1564	.	-	102
ZM4	713639	713640	ZMO0023_peak_99	13.7324	ZM4	714298	714299	TSS_1620	.	+	-659
ZM4	746985	746986	ZMO0023_peak_100	40.4312	ZM4	746200	746201	TSS_1737	.	+	785
ZM4	749615	749616	ZMO0023_peak_101	2776.87	ZM4	749602	749603	TSS_1747	.	-	-13
ZM4	752698	752699	ZMO0023_peak_102	7.85681	ZM4	751890	751891	TSS_1757	.	+	808
ZM4	754177	754178	ZMO0023_peak_103	229.533	ZM4	751890	751891	TSS_1757	.	+	2287
ZM4	758573	758574	ZMO0023_peak_104	30.613	ZM4	759207	759208	TSS_1765	.	+	-634
ZM4	762307	762308	ZMO0023_peak_105	83.9905	ZM4	761329	761330	TSS_1775	.	+	978
ZM4	764123	764124	ZMO0023_peak_106a	13.1161	ZM4	764204	764205	TSS_1779	.	+	-81
ZM4	764248	764249	ZMO0023_peak_106b	11.5131	ZM4	764204	764205	TSS_1779	.	+	44
ZM4	767269	767270	ZMO0023_peak_107	53.6456	ZM4	769638	769639	TSS_1780	.	-	2369
ZM4	772928	772929	ZMO0023_peak_108	12.7566	ZM4	773232	773233	TSS_1788	.	-	304
ZM4	777395	777396	ZMO0023_peak_109	152.513	ZM4	779323	779324	TSS_1792	.	+	-1928
ZM4	804808	804809	ZMO0023_peak_110	35.6032	ZM4	800836	800837	TSS_1811	.	-	-3972
ZM4	813500	813501	ZMO0023_peak_111	22.3709	ZM4	813045	813046	TSS_1817	.	-	-455
ZM4	815870	815871	ZMO0023_peak_112	182.918	ZM4	816731	816732	TSS_1820	.	+	-861
ZM4	820179	820180	ZMO0023_peak_113	139.267	ZM4	820195	820196	TSS_1854	.	+	-16
ZM4	826555	826556	ZMO0023_peak_114	47.4222	ZM4	826778	826779	TSS_1868	.	+	-223
ZM4	843739	843740	ZMO0023_peak_115	29.695	ZM4	843741	843742	TSS_1886	.	+	-2
ZM4	857774	857775	ZMO0023_peak_116	793.367	ZM4	858076	858077	TSS_1912	.	+	-302
ZM4	866921	866922	ZMO0023_peak_117	14.6041	ZM4	866650	866651	TSS_1929	.	-	-271
ZM4	886817	886818	ZMO0023_peak_118	44.7121	ZM4	887218	887219	TSS_1968	.	-	401
ZM4	888270	888271	ZMO0023_peak_119	194.738	ZM4	888204	888205	TSS_1972	.	-	-66
ZM4	893946	893947	ZMO0023_peak_120	51.3666	ZM4	894384	894385	TSS_1991	.	-	438
ZM4	900694	900695	ZMO0023_peak_121	16.5461	ZM4	901168	901169	TSS_2006	.	-	474
ZM4	911967	911968	ZMO0023_peak_122	29.0538	ZM4	909738	909739	TSS_2023	.	+	2229
ZM4	921880	921881	ZMO0023_peak_123	24.0836	ZM4	919422	919423	TSS_2032	.	+	2458
ZM4	926158	926159	ZMO0023_peak_124	105.216	ZM4	926039	926040	TSS_2045	.	-	-119
ZM4	934790	934791	ZMO0023_peak_125	70.9284	ZM4	934591	934592	TSS_2071	.	+	199
ZM4	944633	944634	ZMO0023_peak_126	11.5344	ZM4	945338	945339	TSS_2088	.	-	705
ZM4	950126	950127	ZMO0023_peak_127	24.6628	ZM4	949302	949303	TSS_2103	.	+	824
ZM4	952620	952621	ZMO0023_peak_128	533.325	ZM4	951136	951137	TSS_2105	.	-	-1484
ZM4	965059	965060	ZMO0023_peak_129	27.6299	ZM4	965357	965358	TSS_2121	.	-	298
ZM4	968769	968770	ZMO0023_peak_130	300.651	ZM4	968655	968656	TSS_2144	.	+	114
ZM4	973134	973135	ZMO0023_peak_131	44.4514	ZM4	972262	972263	TSS_2153	.	-	-872
ZM4	974350	974351	ZMO0023_peak_132	7.03839	ZM4	974364	974365	TSS_2157	.	+	-14
ZM4	980132	980133	ZMO0023_peak_133	494.423	ZM4	980120	980121	TSS_2162	.	+	12
ZM4	1010538	1010539	ZMO0023_peak_134	4.17246	ZM4	1010381	1010382	TSS_2224	.	-	-157
ZM4	1016035	1016036	ZMO0023_peak_135	9.2318	ZM4	1015590	1015591	TSS_2246	.	+	445
ZM4	1017180	1017181	ZMO0023_peak_136	163.538	ZM4	1017150	1017151	TSS_2249	.	-	-30
ZM4	1019217	1019218	ZMO0023_peak_137	23.5422	ZM4	1020047	1020048	TSS_2259	.	+	-830
ZM4	1031121	1031122	ZMO0023_peak_138	203.793	ZM4	1031424	1031425	TSS_2283	.	-	303
ZM4	1054902	1054903	ZMO0023_peak_139a	1914.31	ZM4	1054772	1054773	TSS_2347	.	-	-130
ZM4	1055177	1055178	ZMO0023_peak_139b	9.93106	ZM4	1055163	1055164	TSS_2348	.	+	14
ZM4	1056952	1056953	ZMO0023_peak_140	121.703	ZM4	1055307	1055308	TSS_2351	.	+	1645
ZM4	1076744	1076745	ZMO0023_peak_141	23.5422	ZM4	1076724	1076725	TSS_2389	.	-	-20
ZM4	1080961	1080962	ZMO0023_peak_142	20.0852	ZM4	1082283	1082284	TSS_2412	.	-	1322
ZM4	1110632	1110633	ZMO0023_peak_143	86.4415	ZM4	1111838	1111839	TSS_2452	.	-	1206
ZM4	1120812	1120813	ZMO0023_peak_144	25.1115	ZM4	1119792	1119793	TSS_2459	.	-	-1020
ZM4	1132820	1132821	ZMO0023_peak_145	57.0938	ZM4	1132916	1132917	TSS_2506	.	+	-96
ZM4	1149874	1149875	ZMO0023_peak_146	103.144	ZM4	1151085	1151086	TSS_2530	.	+	-1211
ZM4	1151112	1151113	ZMO0023_peak_147	13.9957	ZM4	1151105	1151106	TSS_2532	.	-	-7
ZM4	1153643	1153644	ZMO0023_peak_148	21.7927	ZM4	1154148	1154149	TSS_2538	.	-	505
ZM4	1156775	1156776	ZMO0023_peak_149	26.5568	ZM4	1157047	1157048	TSS_2546	.	-	272
ZM4	1183664	1183665	ZMO0023_peak_150	124.142	ZM4	1184548	1184549	TSS_2634	.	-	884
ZM4	1204496	1204497	ZMO0023_peak_151	98.2458	ZM4	1204323	1204324	TSS_2670	.	-	-173
ZM4	1225394	1225395	ZMO0023_peak_152	53.6456	ZM4	1225593	1225594	TSS_2694	.	+	-199
ZM4	1229336	1229337	ZMO0023_peak_153	3.23253	ZM4	1230397	1230398	TSS_2702	.	-	1061
ZM4	1230069	1230070	ZMO0023_peak_154	12.7669	ZM4	1230397	1230398	TSS_2702	.	-	328
ZM4	1236344	1236345	ZMO0023_peak_155	24.7344	ZM4	1236411	1236412	TSS_2717	.	-	67
ZM4	1244659	1244660	ZMO0023_peak_156	93.3715	ZM4	1244612	1244613	TSS_2762	.	+	47
ZM4	1245301	1245302	ZMO0023_peak_157	107.405	ZM4	1245168	1245169	TSS_2763	.	+	133
ZM4	1256330	1256331	ZMO0023_peak_158	10.7415	ZM4	1255857	1255858	TSS_2803	.	+	473
ZM4	1261580	1261581	ZMO0023_peak_159	4.50426	ZM4	1261555	1261556	TSS_2808	.	-	-25
ZM4	1286421	1286422	ZMO0023_peak_160	42.0605	ZM4	1286430	1286431	TSS_2868	.	+	-9
ZM4	1287255	1287256	ZMO0023_peak_161	30.3295	ZM4	1286733	1286734	TSS_2869	.	+	522
ZM4	1288910	1288911	ZMO0023_peak_162	23.6471	ZM4	1288993	1288994	TSS_2871	.	-	83
ZM4	1301596	1301597	ZMO0023_peak_163	306.02	ZM4	1302227	1302228	TSS_2906	.	-	631
ZM4	1303961	1303962	ZMO0023_peak_164	53.8	ZM4	1304150	1304151	TSS_2916	.	+	-189
ZM4	1305021	1305022	ZMO0023_peak_165	9.98576	ZM4	1305817	1305818	TSS_2920	.	-	796
ZM4	1306707	1306708	ZMO0023_peak_166	15.3801	ZM4	1305837	1305838	TSS_2930	.	-	-870
ZM4	1313023	1313024	ZMO0023_peak_167	36.7837	ZM4	1312979	1312980	TSS_2943	.	+	44
ZM4	1316156	1316157	ZMO0023_peak_168	9.70706	ZM4	1316003	1316004	TSS_2951	.	+	153
ZM4	1318898	1318899	ZMO0023_peak_169	451.319	ZM4	1316003	1316004	TSS_2951	.	+	2895
ZM4	1324350	1324351	ZMO0023_peak_170	236.48	ZM4	1323682	1323683	TSS_2966	.	-	-668
ZM4	1341565	1341566	ZMO0023_peak_171	8.72296	ZM4	1341572	1341573	TSS_2994	.	+	-7
ZM4	1345527	1345528	ZMO0023_peak_172	12.4547	ZM4	1345545	1345546	TSS_3005	.	+	-18
ZM4	1353485	1353486	ZMO0023_peak_173	47.1561	ZM4	1353460	1353461	TSS_3027	.	-	-25
ZM4	1355233	1355234	ZMO0023_peak_174	52.7136	ZM4	1354468	1354469	TSS_3031	.	+	765
ZM4	1356532	1356533	ZMO0023_peak_175	7.50109	ZM4	1358472	1358473	TSS_3032	.	-	1940
ZM4	1363362	1363363	ZMO0023_peak_176	65.7175	ZM4	1362997	1362998	TSS_3050	.	-	-365
ZM4	1370771	1370772	ZMO0023_peak_177	78.8212	ZM4	1370799	1370800	TSS_3088	.	-	28
ZM4	1383476	1383477	ZMO0023_peak_178	20.9378	ZM4	1383346	1383347	TSS_3131	.	+	130
ZM4	1422283	1422284	ZMO0023_peak_179	32.9322	ZM4	1422354	1422355	TSS_3194	.	-	71
ZM4	1426617	1426618	ZMO0023_peak_180	8.95367	ZM4	1427044	1427045	TSS_3219	.	-	427
ZM4	1429539	1429540	ZMO0023_peak_181	497.184	ZM4	1429455	1429456	TSS_3228	.	-	-84
ZM4	1440151	1440152	ZMO0023_peak_182	193.881	ZM4	1440794	1440795	TSS_3236	.	+	-643
ZM4	1452023	1452024	ZMO0023_peak_183	180.624	ZM4	1451208	1451209	TSS_3251	.	-	-815
ZM4	1458607	1458608	ZMO0023_peak_184	104.564	ZM4	1458639	1458640	TSS_3257	.	-	32
ZM4	1459540	1459541	ZMO0023_peak_185	2.59548	ZM4	1459521	1459522	TSS_3259	.	-	-19
ZM4	1465601	1465602	ZMO0023_peak_186	24.2912	ZM4	1466925	1466926	TSS_3269	.	-	1324
ZM4	1468615	1468616	ZMO0023_peak_187	5.15496	ZM4	1468913	1468914	TSS_3272	.	-	298
ZM4	1473405	1473406	ZMO0023_peak_188	515.851	ZM4	1473707	1473708	TSS_3273	.	-	302
ZM4	1480358	1480359	ZMO0023_peak_189	6.99104	ZM4	1480998	1480999	TSS_3279	.	-	640
ZM4	1482696	1482697	ZMO0023_peak_190	20.2313	ZM4	1480998	1480999	TSS_3279	.	-	-1698
ZM4	1483855	1483856	ZMO0023_peak_191	25.3334	ZM4	1486364	1486365	TSS_3284	.	-	2509
ZM4	1486432	1486433	ZMO0023_peak_192	5.68803	ZM4	1486365	1486366	TSS_3285	.	-	-67
ZM4	1490783	1490784	ZMO0023_peak_193	413.708	ZM4	1489121	1489122	TSS_3290	.	+	1662
ZM4	1491406	1491407	ZMO0023_peak_194	31.9703	ZM4	1492604	1492605	TSS_3294	.	-	1198
ZM4	1501412	1501413	ZMO0023_peak_195	94.322	ZM4	1501598	1501599	TSS_3304	.	-	186
ZM4	1518156	1518157	ZMO0023_peak_196	88.6722	ZM4	1518153	1518154	TSS_3370	.	+	3
ZM4	1546298	1546299	ZMO0023_peak_197	7.1343	ZM4	1546229	1546230	TSS_3435	.	-	-69
ZM4	1547200	1547201	ZMO0023_peak_198	25.7174	ZM4	1547277	1547278	TSS_3436	.	+	-77
ZM4	1562939	1562940	ZMO0023_peak_199a	2.76817	ZM4	1562914	1562915	TSS_3468	.	-	-25
ZM4	1563083	1563084	ZMO0023_peak_199b	3.60269	ZM4	1563091	1563092	TSS_3469	.	-	8
ZM4	1563270	1563271	ZMO0023_peak_199c	9.51307	ZM4	1563184	1563185	TSS_3475	.	-	-86
ZM4	1568071	1568072	ZMO0023_peak_200	42.2023	ZM4	1565803	1565804	TSS_3481	.	+	2268
ZM4	1568543	1568544	ZMO0023_peak_201	4.4891	ZM4	1565803	1565804	TSS_3481	.	+	2740
ZM4	1570022	1570023	ZMO0023_peak_202	40.1414	ZM4	1573897	1573898	TSS_3495	.	+	-3875
ZM4	1577367	1577368	ZMO0023_peak_203	10.3533	ZM4	1576314	1576315	TSS_3501	.	+	1053
ZM4	1605004	1605005	ZMO0023_peak_204	12.012	ZM4	1605086	1605087	TSS_3544	.	+	-82
ZM4	1609620	1609621	ZMO0023_peak_205	6.75015	ZM4	1609991	1609992	TSS_3550	.	+	-371
ZM4	1614627	1614628	ZMO0023_peak_206	34.3891	ZM4	1609991	1609992	TSS_3550	.	+	4636
ZM4	1618404	1618405	ZMO0023_peak_207	344.12	ZM4	1620985	1620986	TSS_3553	.	+	-2581
ZM4	1620789	1620790	ZMO0023_peak_208	8.26328	ZM4	1620985	1620986	TSS_3553	.	+	-196
ZM4	1631561	1631562	ZMO0023_peak_209	12.7888	ZM4	1633836	1633837	TSS_3567	.	-	2275
ZM4	1636904	1636905	ZMO0023_peak_210	78.8439	ZM4	1636867	1636868	TSS_3580	.	+	37
ZM4	1638467	1638468	ZMO0023_peak_211	23.5653	ZM4	1638447	1638448	TSS_3585	.	+	20
ZM4	1642175	1642176	ZMO0023_peak_212	9.88475	ZM4	1643341	1643342	TSS_3588	.	+	-1166
ZM4	1681915	1681916	ZMO0023_peak_213	74.2483	ZM4	1681866	1681867	TSS_3678	.	-	-49
ZM4	1694852	1694853	ZMO0023_peak_214	5.36298	ZM4	1694878	1694879	TSS_3703	.	-	26
ZM4	1698662	1698663	ZMO0023_peak_215	42.312	ZM4	1697872	1697873	TSS_3716	.	+	790
ZM4	1698990	1698991	ZMO0023_peak_216a	8.70334	ZM4	1697872	1697873	TSS_3716	.	+	1118
ZM4	1699133	1699134	ZMO0023_peak_216b	22.9291	ZM4	1697872	1697873	TSS_3716	.	+	1261
ZM4	1701363	1701364	ZMO0023_peak_217	173.81	ZM4	1703017	1703018	TSS_3719	.	-	1654
ZM4	1712773	1712774	ZMO0023_peak_218	117.752	ZM4	1712555	1712556	TSS_3745	.	+	218
ZM4	1716041	1716042	ZMO0023_peak_219	42.6159	ZM4	1716807	1716808	TSS_3748	.	+	-766
ZM4	1717319	1717320	ZMO0023_peak_220	26.9003	ZM4	1716982	1716983	TSS_3752	.	+	337
ZM4	1729825	1729826	ZMO0023_peak_221	182.135	ZM4	1729998	1729999	TSS_3768	.	+	-173
ZM4	1752987	1752988	ZMO0023_peak_222	1105.34	ZM4	1752975	1752976	TSS_3809	.	-	-12
ZM4	1762931	1762932	ZMO0023_peak_223	14.5873	ZM4	1763629	1763630	TSS_3832	.	-	698
ZM4	1765439	1765440	ZMO0023_peak_224	93.5537	ZM4	1765114	1765115	TSS_3845	.	-	-325
ZM4	1768165	1768166	ZMO0023_peak_225	13.6292	ZM4	1768475	1768476	TSS_3866	.	+	-310
ZM4	1768713	1768714	ZMO0023_peak_226	6.52458	ZM4	1768545	1768546	TSS_3874	.	+	168
ZM4	1778031	1778032	ZMO0023_peak_227	31.4088	ZM4	1778220	1778221	TSS_3892	.	-	189
ZM4	1780311	1780312	ZMO0023_peak_228	137.122	ZM4	1780429	1780430	TSS_3907	.	+	-118
ZM4	1784299	1784300	ZMO0023_peak_229	22.2709	ZM4	1784117	1784118	TSS_3912	.	-	-182
ZM4	1791494	1791495	ZMO0023_peak_230	67.2689	ZM4	1792394	1792395	TSS_3923	.	-	900
ZM4	1797908	1797909	ZMO0023_peak_231	16.9676	ZM4	1797947	1797948	TSS_3957	.	+	-39
ZM4	1811281	1811282	ZMO0023_peak_232	40.5567	ZM4	1811258	1811259	TSS_3980	.	-	-23
ZM4	1811914	1811915	ZMO0023_peak_233	7.65107	ZM4	1812433	1812434	TSS_3981	.	-	519
ZM4	1818815	1818816	ZMO0023_peak_234	111.936	ZM4	1817955	1817956	TSS_3992	.	-	-860
ZM4	1827339	1827340	ZMO0023_peak_235	13.1313	ZM4	1827380	1827381	TSS_4024	.	-	41
ZM4	1829539	1829540	ZMO0023_peak_236	99.7012	ZM4	1827380	1827381	TSS_4024	.	-	-2159
ZM4	1849806	1849807	ZMO0023_peak_237	60.6527	ZM4	1849748	1849749	TSS_4086	.	-	-58
ZM4	1850073	1850074	ZMO0023_peak_238	10.8946	ZM4	1849748	1849749	TSS_4086	.	-	-325
ZM4	1868322	1868323	ZMO0023_peak_239	193.584	ZM4	1868635	1868636	TSS_4103	.	+	-313
ZM4	1873741	1873742	ZMO0023_peak_240a	11.6233	ZM4	1874059	1874060	TSS_4106	.	+	-318
ZM4	1873870	1873871	ZMO0023_peak_240b	32.1342	ZM4	1874059	1874060	TSS_4106	.	+	-189
ZM4	1877029	1877030	ZMO0023_peak_241	798.85	ZM4	1874059	1874060	TSS_4106	.	+	2970
ZM4	1884036	1884037	ZMO0023_peak_242	21.2812	ZM4	1884164	1884165	TSS_4116	.	-	128
ZM4	1884558	1884559	ZMO0023_peak_243	34.1873	ZM4	1884874	1884875	TSS_4119	.	-	316
ZM4	1890186	1890187	ZMO0023_peak_244	13.4143	ZM4	1890387	1890388	TSS_4135	.	+	-201
ZM4	1890712	1890713	ZMO0023_peak_245	21.9934	ZM4	1890387	1890388	TSS_4135	.	+	325
ZM4	1890997	1890998	ZMO0023_peak_246	17.609	ZM4	1890387	1890388	TSS_4135	.	+	610
ZM4	1893861	1893862	ZMO0023_peak_247	16.3931	ZM4	1893193	1893194	TSS_4139	.	-	-668
ZM4	1896806	1896807	ZMO0023_peak_248	7.8787	ZM4	1895930	1895931	TSS_4141	.	-	-876
ZM4	1898890	1898891	ZMO0023_peak_249	51.6667	ZM4	1895930	1895931	TSS_4141	.	-	-2960
ZM4	1899432	1899433	ZMO0023_peak_250	10.4656	ZM4	1895930	1895931	TSS_4141	.	-	-3502
ZM4	1903553	1903554	ZMO0023_peak_251	319.859	ZM4	1908779	1908780	TSS_4143	.	-	5226
ZM4	1905937	1905938	ZMO0023_peak_252	6.0715	ZM4	1908779	1908780	TSS_4143	.	-	2842
ZM4	1910644	1910645	ZMO0023_peak_253	64.672	ZM4	1910302	1910303	TSS_4149	.	-	-342
ZM4	1913603	1913604	ZMO0023_peak_254	27.3698	ZM4	1910302	1910303	TSS_4149	.	-	-3301
ZM4	1917406	1917407	ZMO0023_peak_255	360.898	ZM4	1922589	1922590	TSS_4158	.	-	5183
ZM4	1919670	1919671	ZMO0023_peak_256	13.1007	ZM4	1922589	1922590	TSS_4158	.	-	2919
ZM4	1925313	1925314	ZMO0023_peak_257	315.589	ZM4	1925471	1925472	TSS_4168	.	-	158
ZM4	1927255	1927256	ZMO0023_peak_258	4.74587	ZM4	1927204	1927205	TSS_4174	.	-	-51
ZM4	1928078	1928079	ZMO0023_peak_259	24.0944	ZM4	1928055	1928056	TSS_4182	.	+	23
ZM4	1934246	1934247	ZMO0023_peak_260	1036.08	ZM4	1934578	1934579	TSS_4203	.	+	-332
ZM4	1954694	1954695	ZMO0023_peak_261	26.0505	ZM4	1954834	1954835	TSS_4256	.	-	140
ZM4	1954982	1954983	ZMO0023_peak_262	13.5826	ZM4	1954890	1954891	TSS_4259	.	-	-92
ZM4	1957800	1957801	ZMO0023_peak_263	179.03	ZM4	1957009	1957010	TSS_4266	.	+	791
ZM4	1991641	1991642	ZMO0023_peak_264	7.4694	ZM4	1994250	1994251	TSS_4371	.	-	2609
ZM4	2005736	2005737	ZMO0023_peak_265	78.4853	ZM4	2003022	2003023	TSS_4374	.	-	-2714
ZM4	2017532	2017533	ZMO0023_peak_266	25.3937	ZM4	2017437	2017438	TSS_4391	.	-	-95
ZM4	2024539	2024540	ZMO0023_peak_267	115.82	ZM4	2025775	2025776	TSS_4399	.	-	1236
ZM4	2025430	2025431	ZMO0023_peak_268	85.1337	ZM4	2025775	2025776	TSS_4399	.	-	345
ZM4	2032727	2032728	ZMO0023_peak_269	10.8701	ZM4	2033927	2033928	TSS_4406	.	-	1200
ZM4	2036682	2036683	ZMO0023_peak_270	4.15379	ZM4	2036639	2036640	TSS_4412	.	+	43
ZM4	2037535	2037536	ZMO0023_peak_271	8.24351	ZM4	2037494	2037495	TSS_4413	.	+	41
ZM4	2044467	2044468	ZMO0023_peak_272	97.2654	ZM4	2043114	2043115	TSS_4414	.	-	-1353
ZM4	2048270	2048271	ZMO0023_peak_273a	57.8713	ZM4	2045899	2045900	TSS_4417	.	+	2371
ZM4	2048485	2048486	ZMO0023_peak_273b	8.93753	ZM4	2045899	2045900	TSS_4417	.	+	2586
ZM4	2049548	2049549	ZMO0023_peak_274	34.3751	ZM4	2052954	2052955	TSS_4422	.	+	-3406
ZM4	2054598	2054599	ZMO0023_peak_275	25.3647	ZM4	2053613	2053614	TSS_4423	.	+	985
pZM32	2131	2132	ZMO0023_peak_276	91.9304	pZM32	4033	4034	TSS_4431	.	+	-1902
pZM36	21570	21571	ZMO0023_peak_277	22.9538	pZM36	22455	22456	TSS_4594	.	-	885
pZM39	37110	37111	ZMO0023_peak_278	418.411	pZM39	38692	38693	TSS_4650	.	-	1582
pZM39	39045	39046	ZMO0023_peak_279	13.2409	pZM39	38816	38817	TSS_4652	.	+	229
ZM4	46126	46127	ZMO0050_peak_1	14054	ZM4	43156	43157	TSS_0059	.	-	-2970
ZM4	100434	100435	ZMO0050_peak_2	5.99001	ZM4	100905	100906	TSS_0139	.	+	-471
ZM4	166541	166542	ZMO0050_peak_3	88.697	ZM4	166932	166933	TSS_0325	.	+	-391
ZM4	246593	246594	ZMO0050_peak_4a	4.08428	ZM4	245089	245090	TSS_0500	.	+	1504
ZM4	246673	246674	ZMO0050_peak_4b	3.72527	ZM4	245089	245090	TSS_0500	.	+	1584
ZM4	247229	247230	ZMO0050_peak_5a	3.63598	ZM4	245089	245090	TSS_0500	.	+	2140
ZM4	247462	247463	ZMO0050_peak_5b	2.92892	ZM4	245089	245090	TSS_0500	.	+	2373
ZM4	404216	404217	ZMO0050_peak_6	6.6504	ZM4	405797	405798	TSS_0803	.	-	1581
ZM4	600706	600707	ZMO0050_peak_7	12.8946	ZM4	599377	599378	TSS_1402	.	+	1329
ZM4	1519494	1519495	ZMO0050_peak_8	13.4559	ZM4	1518240	1518241	TSS_3374	.	+	1254
ZM4	1568664	1568665	ZMO0050_peak_9	8.97704	ZM4	1565803	1565804	TSS_3481	.	+	2861
ZM4	2030815	2030816	ZMO0050_peak_10	52.6375	ZM4	2031057	2031058	TSS_4404	.	+	-242
ZM4	2058667	2058668	ZMO0050_peak_11	34.3224	ZM4	2058164	2058165	TSS_4428	.	-	-503
ZM4	49272	49273	ZMO0054_peak_1	51655.8	ZM4	50901	50902	TSS_0064	.	-	1629
ZM4	119298	119299	ZMO0054_peak_2	1859.8	ZM4	119236	119237	TSS_0172	.	-	-62
ZM4	166539	166540	ZMO0054_peak_3	84.6739	ZM4	166932	166933	TSS_0325	.	+	-393
ZM4	217663	217664	ZMO0054_peak_4	3673.38	ZM4	218162	218163	TSS_0433	.	+	-499
ZM4	246484	246485	ZMO0054_peak_5a	2.90221	ZM4	245089	245090	TSS_0500	.	+	1395
ZM4	246709	246710	ZMO0054_peak_5b	3.98588	ZM4	245089	245090	TSS_0500	.	+	1620
ZM4	247356	247357	ZMO0054_peak_6	1.37343	ZM4	245089	245090	TSS_0500	.	+	2267
ZM4	1547131	1547132	ZMO0054_peak_7	38.7763	ZM4	1547277	1547278	TSS_3436	.	+	-146
ZM4	1726600	1726601	ZMO0054_peak_8	6225.31	ZM4	1726705	1726706	TSS_3767	.	+	-105
ZM4	1768287	1768288	ZMO0054_peak_9	474.506	ZM4	1768475	1768476	TSS_3866	.	+	-188
ZM4	1893371	1893372	ZMO0054_peak_10	51.1775	ZM4	1893193	1893194	TSS_4139	.	-	-178
ZM4	2058629	2058630	ZMO0054_peak_11	91.3103	ZM4	2058164	2058165	TSS_4428	.	-	-465
ZM4	1690	1691	ZMO0100_peak_1	599.921	ZM4	12709	12710	TSS_0006	.	+	-11019
ZM4	40645	40646	ZMO0100_peak_2	27.5965	ZM4	40359	40360	TSS_0055	.	-	-286
ZM4	50103	50104	ZMO0100_peak_3a	7.05181	ZM4	50901	50902	TSS_0064	.	-	798
ZM4	50266	50267	ZMO0100_peak_3b	64.0324	ZM4	50901	50902	TSS_0064	.	-	635
ZM4	67097	67098	ZMO0100_peak_4	23.182	ZM4	67080	67081	TSS_0090	.	-	-17
ZM4	71128	71129	ZMO0100_peak_5	5220.36	ZM4	71485	71486	TSS_0095	.	-	357
ZM4	72565	72566	ZMO0100_peak_6	279.031	ZM4	71485	71486	TSS_0095	.	-	-1080
ZM4	87471	87472	ZMO0100_peak_7	5.50927	ZM4	86485	86486	TSS_0114	.	-	-986
ZM4	88401	88402	ZMO0100_peak_8	42458.4	ZM4	89833	89834	TSS_0116	.	+	-1432
ZM4	93230	93231	ZMO0100_peak_9	10263	ZM4	94651	94652	TSS_0124	.	-	1421
ZM4	108131	108132	ZMO0100_peak_10	70.4572	ZM4	108585	108586	TSS_0151	.	+	-454
ZM4	120454	120455	ZMO0100_peak_11	25.4724	ZM4	119236	119237	TSS_0172	.	-	-1218
ZM4	125686	125687	ZMO0100_peak_12	18.0392	ZM4	124201	124202	TSS_0180	.	+	1485
ZM4	151116	151117	ZMO0100_peak_13	11.5943	ZM4	150727	150728	TSS_0247	.	+	389
ZM4	158181	158182	ZMO0100_peak_14	350.725	ZM4	157635	157636	TSS_0267	.	+	546
ZM4	164015	164016	ZMO0100_peak_15	788.972	ZM4	163801	163802	TSS_0308	.	+	214
ZM4	166553	166554	ZMO0100_peak_16	92.5424	ZM4	166932	166933	TSS_0325	.	+	-379
ZM4	195178	195179	ZMO0100_peak_17	35.365	ZM4	194458	194459	TSS_0396	.	-	-720
ZM4	207978	207979	ZMO0100_peak_18	64.5897	ZM4	208720	208721	TSS_0417	.	-	742
ZM4	211033	211034	ZMO0100_peak_19	11.8752	ZM4	210627	210628	TSS_0420	.	+	406
ZM4	220121	220122	ZMO0100_peak_20	24.0705	ZM4	219888	219889	TSS_0434	.	-	-233
ZM4	231622	231623	ZMO0100_peak_21	346.315	ZM4	232373	232374	TSS_0448	.	-	751
ZM4	232171	232172	ZMO0100_peak_22	37.2015	ZM4	232373	232374	TSS_0448	.	-	202
ZM4	235514	235515	ZMO0100_peak_23	14.9995	ZM4	235944	235945	TSS_0463	.	+	-430
ZM4	245883	245884	ZMO0100_peak_24	5.43531	ZM4	245089	245090	TSS_0500	.	+	794
ZM4	246439	246440	ZMO0100_peak_25a	881.472	ZM4	245089	245090	TSS_0500	.	+	1350
ZM4	246734	246735	ZMO0100_peak_25b	869.127	ZM4	245089	245090	TSS_0500	.	+	1645
ZM4	247040	247041	ZMO0100_peak_25c	68.7511	ZM4	245089	245090	TSS_0500	.	+	1951
ZM4	247345	247346	ZMO0100_peak_25d	152.898	ZM4	245089	245090	TSS_0500	.	+	2256
ZM4	248862	248863	ZMO0100_peak_26a	28.5917	ZM4	245089	245090	TSS_0500	.	+	3773
ZM4	249062	249063	ZMO0100_peak_26b	5.85392	ZM4	245089	245090	TSS_0500	.	+	3973
ZM4	252164	252165	ZMO0100_peak_27	258.566	ZM4	259009	259010	TSS_0512	.	+	-6845
ZM4	254070	254071	ZMO0100_peak_28	13.7158	ZM4	259009	259010	TSS_0512	.	+	-4939
ZM4	256768	256769	ZMO0100_peak_29	69.8066	ZM4	259009	259010	TSS_0512	.	+	-2241
ZM4	287633	287634	ZMO0100_peak_30	6840.54	ZM4	286985	286986	TSS_0574	.	-	-648
ZM4	290617	290618	ZMO0100_peak_31	23.9644	ZM4	293575	293576	TSS_0576	.	+	-2958
ZM4	290963	290964	ZMO0100_peak_32	20.6569	ZM4	293575	293576	TSS_0576	.	+	-2612
ZM4	298716	298717	ZMO0100_peak_33	26.7314	ZM4	299414	299415	TSS_0587	.	-	698
ZM4	300557	300558	ZMO0100_peak_34	7501.83	ZM4	300314	300315	TSS_0594	.	-	-243
ZM4	313415	313416	ZMO0100_peak_35	109.165	ZM4	312500	312501	TSS_0603	.	+	915
ZM4	329219	329220	ZMO0100_peak_36	159.722	ZM4	328935	328936	TSS_0637	.	+	284
ZM4	331831	331832	ZMO0100_peak_37	95.4531	ZM4	332345	332346	TSS_0644	.	-	514
ZM4	335490	335491	ZMO0100_peak_38	19.9231	ZM4	335813	335814	TSS_0653	.	+	-323
ZM4	369656	369657	ZMO0100_peak_39	10.1286	ZM4	370589	370590	TSS_0722	.	+	-933
ZM4	372251	372252	ZMO0100_peak_40	51.5894	ZM4	372593	372594	TSS_0742	.	+	-342
ZM4	373405	373406	ZMO0100_peak_41a	105.681	ZM4	373457	373458	TSS_0747	.	+	-52
ZM4	373493	373494	ZMO0100_peak_41b	103.212	ZM4	373457	373458	TSS_0747	.	+	36
ZM4	374604	374605	ZMO0100_peak_42a	1.98781	ZM4	374076	374077	TSS_0757	.	+	528
ZM4	374825	374826	ZMO0100_peak_42b	15.938	ZM4	374076	374077	TSS_0757	.	+	749
ZM4	381043	381044	ZMO0100_peak_43	81.9613	ZM4	378392	378393	TSS_0773	.	+	2651
ZM4	390338	390339	ZMO0100_peak_44	23.5178	ZM4	390011	390012	TSS_0792	.	+	327
ZM4	406828	406829	ZMO0100_peak_45	23.8074	ZM4	406810	406811	TSS_0804	.	-	-18
ZM4	442462	442463	ZMO0100_peak_46	610.482	ZM4	441891	441892	TSS_0873	.	+	571
ZM4	450088	450089	ZMO0100_peak_47	21.5899	ZM4	452429	452430	TSS_0906	.	-	2341
ZM4	460114	460115	ZMO0100_peak_48	298.538	ZM4	459770	459771	TSS_0923	.	-	-344
ZM4	471460	471461	ZMO0100_peak_49	10.4328	ZM4	470789	470790	TSS_0959	.	+	671
ZM4	501182	501183	ZMO0100_peak_50	8846.27	ZM4	502236	502237	TSS_1037	.	-	1054
ZM4	514945	514946	ZMO0100_peak_51	95.9928	ZM4	515444	515445	TSS_1056	.	+	-499
ZM4	521204	521205	ZMO0100_peak_52	170.812	ZM4	521071	521072	TSS_1122	.	+	133
ZM4	526621	526622	ZMO0100_peak_53	163.664	ZM4	526607	526608	TSS_1172	.	+	14
ZM4	546534	546535	ZMO0100_peak_54	31.7952	ZM4	545705	545706	TSS_1293	.	-	-829
ZM4	558111	558112	ZMO0100_peak_55	6.8266	ZM4	559230	559231	TSS_1328	.	+	-1119
ZM4	611364	611365	ZMO0100_peak_56	63.7242	ZM4	611624	611625	TSS_1420	.	-	260
ZM4	612745	612746	ZMO0100_peak_57	144.681	ZM4	612724	612725	TSS_1425	.	-	-21
ZM4	630790	630791	ZMO0100_peak_58	51.6506	ZM4	629308	629309	TSS_1459	.	+	1482
ZM4	636730	636731	ZMO0100_peak_59	6497.6	ZM4	637092	637093	TSS_1467	.	+	-362
ZM4	643375	643376	ZMO0100_peak_60	575.029	ZM4	642781	642782	TSS_1482	.	+	594
ZM4	657786	657787	ZMO0100_peak_61	130.14	ZM4	658785	658786	TSS_1514	.	+	-999
ZM4	688657	688658	ZMO0100_peak_62	77.3922	ZM4	689513	689514	TSS_1576	.	-	856
ZM4	691825	691826	ZMO0100_peak_63	31.1475	ZM4	692242	692243	TSS_1582	.	-	417
ZM4	716696	716697	ZMO0100_peak_64	155.246	ZM4	716449	716450	TSS_1624	.	+	247
ZM4	736911	736912	ZMO0100_peak_65	1680.98	ZM4	736997	736998	TSS_1693	.	+	-86
ZM4	744862	744863	ZMO0100_peak_66	57.571	ZM4	744285	744286	TSS_1731	.	+	577
ZM4	775968	775969	ZMO0100_peak_67	1342.63	ZM4	773264	773265	TSS_1789	.	+	2704
ZM4	789706	789707	ZMO0100_peak_68	50.819	ZM4	792107	792108	TSS_1806	.	+	-2401
ZM4	790060	790061	ZMO0100_peak_69	18.0248	ZM4	792107	792108	TSS_1806	.	+	-2047
ZM4	798101	798102	ZMO0100_peak_70	116.956	ZM4	797198	797199	TSS_1809	.	-	-903
ZM4	808317	808318	ZMO0100_peak_71	39.3343	ZM4	810611	810612	TSS_1815	.	-	2294
ZM4	836060	836061	ZMO0100_peak_72	6283	ZM4	831738	831739	TSS_1873	.	+	4322
ZM4	842092	842093	ZMO0100_peak_73a	2.37377	ZM4	842246	842247	TSS_1877	.	+	-154
ZM4	842318	842319	ZMO0100_peak_73b	84.0821	ZM4	842283	842284	TSS_1879	.	+	35
ZM4	848481	848482	ZMO0100_peak_74	23.9735	ZM4	845509	845510	TSS_1896	.	+	2972
ZM4	853279	853280	ZMO0100_peak_75	1363.9	ZM4	853157	853158	TSS_1910	.	+	122
ZM4	854362	854363	ZMO0100_peak_76	18698.3	ZM4	853157	853158	TSS_1910	.	+	1205
ZM4	857183	857184	ZMO0100_peak_77	2331.14	ZM4	858076	858077	TSS_1912	.	+	-893
ZM4	859542	859543	ZMO0100_peak_78a	24.9726	ZM4	858288	858289	TSS_1918	.	+	1254
ZM4	859870	859871	ZMO0100_peak_78b	2357.93	ZM4	858288	858289	TSS_1918	.	+	1582
ZM4	895257	895258	ZMO0100_peak_79	109.585	ZM4	895583	895584	TSS_1994	.	-	326
ZM4	896173	896174	ZMO0100_peak_80	40.8201	ZM4	895795	895796	TSS_2000	.	+	378
ZM4	931954	931955	ZMO0100_peak_81	324.46	ZM4	932007	932008	TSS_2061	.	+	-53
ZM4	976187	976188	ZMO0100_peak_82	55.9313	ZM4	977912	977913	TSS_2159	.	+	-1725
ZM4	1004231	1004232	ZMO0100_peak_83	67.139	ZM4	1005664	1005665	TSS_2204	.	-	1433
ZM4	1027817	1027818	ZMO0100_peak_84	49.4263	ZM4	1027928	1027929	TSS_2272	.	+	-111
ZM4	1028654	1028655	ZMO0100_peak_85	73.2963	ZM4	1027989	1027990	TSS_2276	.	+	665
ZM4	1031037	1031038	ZMO0100_peak_86	150.202	ZM4	1031424	1031425	TSS_2283	.	-	387
ZM4	1033899	1033900	ZMO0100_peak_87a	2278.53	ZM4	1034259	1034260	TSS_2290	.	-	360
ZM4	1034139	1034140	ZMO0100_peak_87b	14.3391	ZM4	1034259	1034260	TSS_2290	.	-	120
ZM4	1040269	1040270	ZMO0100_peak_88	51.609	ZM4	1040228	1040229	TSS_2304	.	+	41
ZM4	1043472	1043473	ZMO0100_peak_89	497.139	ZM4	1042612	1042613	TSS_2312	.	+	860
ZM4	1055833	1055834	ZMO0100_peak_90	7.19689	ZM4	1055307	1055308	TSS_2351	.	+	526
ZM4	1062679	1062680	ZMO0100_peak_91	1163.29	ZM4	1063532	1063533	TSS_2366	.	-	853
ZM4	1065407	1065408	ZMO0100_peak_92	242.066	ZM4	1064743	1064744	TSS_2370	.	+	664
ZM4	1087726	1087727	ZMO0100_peak_93	28.062	ZM4	1087196	1087197	TSS_2425	.	+	530
ZM4	1131792	1131793	ZMO0100_peak_94	45.8511	ZM4	1130795	1130796	TSS_2501	.	+	997
ZM4	1137206	1137207	ZMO0100_peak_95	50.1511	ZM4	1139181	1139182	TSS_2512	.	+	-1975
ZM4	1140654	1140655	ZMO0100_peak_96	15.5184	ZM4	1140919	1140920	TSS_2513	.	-	265
ZM4	1151414	1151415	ZMO0100_peak_97	58.6975	ZM4	1151171	1151172	TSS_2536	.	+	243
ZM4	1158872	1158873	ZMO0100_peak_98	28.5663	ZM4	1159416	1159417	TSS_2562	.	+	-544
ZM4	1176310	1176311	ZMO0100_peak_99	9.66983	ZM4	1176433	1176434	TSS_2606	.	-	123
ZM4	1195085	1195086	ZMO0100_peak_100	18.1398	ZM4	1194887	1194888	TSS_2649	.	-	-198
ZM4	1210035	1210036	ZMO0100_peak_101	414.194	ZM4	1208971	1208972	TSS_2679	.	+	1064
ZM4	1234425	1234426	ZMO0100_peak_102	62.1687	ZM4	1236263	1236264	TSS_2716	.	-	1838
ZM4	1274655	1274656	ZMO0100_peak_103	44.1509	ZM4	1271268	1271269	TSS_2853	.	-	-3387
ZM4	1278138	1278139	ZMO0100_peak_104	464.352	ZM4	1278786	1278787	TSS_2859	.	+	-648
ZM4	1284754	1284755	ZMO0100_peak_105	20.1871	ZM4	1283501	1283502	TSS_2860	.	+	1253
ZM4	1326610	1326611	ZMO0100_peak_106	19.4685	ZM4	1327375	1327376	TSS_2967	.	+	-765
ZM4	1357119	1357120	ZMO0100_peak_107	37.8974	ZM4	1358472	1358473	TSS_3032	.	-	1353
ZM4	1391252	1391253	ZMO0100_peak_108	71.8815	ZM4	1388128	1388129	TSS_3143	.	+	3124
ZM4	1391632	1391633	ZMO0100_peak_109	333.836	ZM4	1388128	1388129	TSS_3143	.	+	3504
ZM4	1397700	1397701	ZMO0100_peak_110	243.463	ZM4	1398314	1398315	TSS_3157	.	+	-614
ZM4	1423697	1423698	ZMO0100_peak_111	249.458	ZM4	1424822	1424823	TSS_3196	.	-	1125
ZM4	1437051	1437052	ZMO0100_peak_112	15.8226	ZM4	1437690	1437691	TSS_3234	.	-	639
ZM4	1454354	1454355	ZMO0100_peak_113	985.083	ZM4	1453252	1453253	TSS_3253	.	-	-1102
ZM4	1470032	1470033	ZMO0100_peak_114	31.7273	ZM4	1468913	1468914	TSS_3272	.	-	-1119
ZM4	1486599	1486600	ZMO0100_peak_115	37.0027	ZM4	1486365	1486366	TSS_3285	.	-	-234
ZM4	1489778	1489779	ZMO0100_peak_116	25.0912	ZM4	1489121	1489122	TSS_3290	.	+	657
ZM4	1509539	1509540	ZMO0100_peak_117	51.3189	ZM4	1512700	1512701	TSS_3323	.	+	-3161
ZM4	1514124	1514125	ZMO0100_peak_118	622.758	ZM4	1515197	1515198	TSS_3332	.	-	1073
ZM4	1517622	1517623	ZMO0100_peak_119	304.373	ZM4	1517576	1517577	TSS_3368	.	-	-46
ZM4	1537685	1537686	ZMO0100_peak_120	36.9478	ZM4	1536286	1536287	TSS_3408	.	+	1399
ZM4	1551376	1551377	ZMO0100_peak_121	49.6037	ZM4	1550719	1550720	TSS_3456	.	+	657
ZM4	1557748	1557749	ZMO0100_peak_122	30.5222	ZM4	1562901	1562902	TSS_3466	.	-	5153
ZM4	1571021	1571022	ZMO0100_peak_123	129.094	ZM4	1573897	1573898	TSS_3495	.	+	-2876
ZM4	1573320	1573321	ZMO0100_peak_124	15.3329	ZM4	1573897	1573898	TSS_3495	.	+	-577
ZM4	1581482	1581483	ZMO0100_peak_125	48.5723	ZM4	1580704	1580705	TSS_3514	.	+	778
ZM4	1592221	1592222	ZMO0100_peak_126	51.9116	ZM4	1593641	1593642	TSS_3527	.	+	-1420
ZM4	1606125	1606126	ZMO0100_peak_127	16.6232	ZM4	1605088	1605089	TSS_3545	.	+	1037
ZM4	1614717	1614718	ZMO0100_peak_128	122.494	ZM4	1609991	1609992	TSS_3550	.	+	4726
ZM4	1618961	1618962	ZMO0100_peak_129	392.35	ZM4	1620985	1620986	TSS_3553	.	+	-2024
ZM4	1640819	1640820	ZMO0100_peak_130	47.7238	ZM4	1638523	1638524	TSS_3587	.	+	2296
ZM4	1653799	1653800	ZMO0100_peak_131	260.631	ZM4	1653805	1653806	TSS_3627	.	+	-6
ZM4	1656494	1656495	ZMO0100_peak_132	593.644	ZM4	1657278	1657279	TSS_3633	.	-	784
ZM4	1666713	1666714	ZMO0100_peak_133	319.909	ZM4	1665381	1665382	TSS_3658	.	+	1332
ZM4	1674923	1674924	ZMO0100_peak_134	6.4197	ZM4	1676953	1676954	TSS_3667	.	-	2030
ZM4	1685930	1685931	ZMO0100_peak_135	270.018	ZM4	1685537	1685538	TSS_3691	.	+	393
ZM4	1689130	1689131	ZMO0100_peak_136	95.7258	ZM4	1687584	1687585	TSS_3697	.	-	-1546
ZM4	1691950	1691951	ZMO0100_peak_137	88.0193	ZM4	1691109	1691110	TSS_3700	.	+	841
ZM4	1732169	1732170	ZMO0100_peak_138	85.4984	ZM4	1731666	1731667	TSS_3771	.	+	503
ZM4	1734218	1734219	ZMO0100_peak_139	1429.89	ZM4	1734703	1734704	TSS_3772	.	+	-485
ZM4	1743979	1743980	ZMO0100_peak_140	176.38	ZM4	1742186	1742187	TSS_3784	.	+	1793
ZM4	1754196	1754197	ZMO0100_peak_141	1680.53	ZM4	1752975	1752976	TSS_3809	.	-	-1221
ZM4	1764712	1764713	ZMO0100_peak_142	447.996	ZM4	1764599	1764600	TSS_3844	.	-	-113
ZM4	1784940	1784941	ZMO0100_peak_143	54.3543	ZM4	1785533	1785534	TSS_3913	.	-	593
ZM4	1802100	1802101	ZMO0100_peak_144	26.3937	ZM4	1801999	1802000	TSS_3966	.	+	101
ZM4	1812752	1812753	ZMO0100_peak_145	24.2985	ZM4	1812784	1812785	TSS_3982	.	-	32
ZM4	1817355	1817356	ZMO0100_peak_146	35.6848	ZM4	1817850	1817851	TSS_3990	.	-	495
ZM4	1823238	1823239	ZMO0100_peak_147	1300.65	ZM4	1823956	1823957	TSS_4003	.	+	-718
ZM4	1852700	1852701	ZMO0100_peak_148	5.80588	ZM4	1855211	1855212	TSS_4087	.	-	2511
ZM4	1856962	1856963	ZMO0100_peak_149	84.3566	ZM4	1857841	1857842	TSS_4089	.	-	879
ZM4	1866477	1866478	ZMO0100_peak_150	22.4281	ZM4	1864521	1864522	TSS_4101	.	+	1956
ZM4	1870250	1870251	ZMO0100_peak_151	18.9803	ZM4	1868635	1868636	TSS_4103	.	+	1615
ZM4	1878670	1878671	ZMO0100_peak_152	2346.3	ZM4	1882290	1882291	TSS_4110	.	-	3620
ZM4	1884045	1884046	ZMO0100_peak_153	49.258	ZM4	1884164	1884165	TSS_4116	.	-	119
ZM4	1891537	1891538	ZMO0100_peak_154	68.8806	ZM4	1890387	1890388	TSS_4135	.	+	1150
ZM4	1897170	1897171	ZMO0100_peak_155	108.637	ZM4	1895930	1895931	TSS_4141	.	-	-1240
ZM4	1904109	1904110	ZMO0100_peak_156	409.234	ZM4	1908779	1908780	TSS_4143	.	-	4670
ZM4	1906893	1906894	ZMO0100_peak_157	1183.47	ZM4	1908779	1908780	TSS_4143	.	-	1886
ZM4	1917962	1917963	ZMO0100_peak_158	405.132	ZM4	1922589	1922590	TSS_4158	.	-	4627
ZM4	1948444	1948445	ZMO0100_peak_159	11.2157	ZM4	1950035	1950036	TSS_4246	.	-	1591
ZM4	1966546	1966547	ZMO0100_peak_160	79.7755	ZM4	1965804	1965805	TSS_4298	.	+	742
ZM4	1968040	1968041	ZMO0100_peak_161	29.361	ZM4	1970168	1970169	TSS_4305	.	-	2128
ZM4	1976226	1976227	ZMO0100_peak_162	20.6786	ZM4	1977370	1977371	TSS_4323	.	-	1144
ZM4	1978773	1978774	ZMO0100_peak_163	37.2717	ZM4	1977451	1977452	TSS_4324	.	+	1322
ZM4	1984824	1984825	ZMO0100_peak_164	83.2083	ZM4	1984672	1984673	TSS_4352	.	+	152
ZM4	1991971	1991972	ZMO0100_peak_165	1506.7	ZM4	1994250	1994251	TSS_4371	.	-	2279
ZM4	1993974	1993975	ZMO0100_peak_166	10.4057	ZM4	1994250	1994251	TSS_4371	.	-	276
ZM4	2004111	2004112	ZMO0100_peak_167	78.9977	ZM4	2003022	2003023	TSS_4374	.	-	-1089
ZM4	2044041	2044042	ZMO0100_peak_168	1107.41	ZM4	2043114	2043115	TSS_4414	.	-	-927
ZM4	2054012	2054013	ZMO0100_peak_169	96.7885	ZM4	2053613	2053614	TSS_4423	.	+	399
pZM33	6857	6858	ZMO0100_peak_170	19.4685	pZM33	8360	8361	TSS_4507	.	+	-1503
pZM39	15724	15725	ZMO0100_peak_171	68.46	pZM39	19060	19061	TSS_4622	.	-	3336
pZM39	28713	28714	ZMO0100_peak_172	2.96406	pZM39	24683	24684	TSS_4631	.	-	-4030
ZM4	166540	166541	ZMO01164_peak_1	52.5424	ZM4	166932	166933	TSS_0325	.	+	-392
ZM4	246448	246449	ZMO01164_peak_2a	5.10671	ZM4	245089	245090	TSS_0500	.	+	1359
ZM4	246718	246719	ZMO01164_peak_2b	6.95508	ZM4	245089	245090	TSS_0500	.	+	1629
ZM4	318405	318406	ZMO01164_peak_3	16.5172	ZM4	318303	318304	TSS_0612	.	-	-102
ZM4	404228	404229	ZMO01164_peak_4	6.45859	ZM4	405797	405798	TSS_0803	.	-	1569
ZM4	600706	600707	ZMO01164_peak_5	13.1876	ZM4	599377	599378	TSS_1402	.	+	1329
ZM4	1063598	1063599	ZMO01164_peak_6	593.387	ZM4	1063617	1063618	TSS_2367	.	+	-19
ZM4	1180882	1180883	ZMO01164_peak_7	125.128	ZM4	1180926	1180927	TSS_2627	.	+	-44
ZM4	1450727	1450728	ZMO01164_peak_8	5.25894	ZM4	1451208	1451209	TSS_3251	.	-	481
ZM4	1568662	1568663	ZMO01164_peak_9	6.03193	ZM4	1565803	1565804	TSS_3481	.	+	2859
ZM4	1860626	1860627	ZMO01164_peak_10	9.50016	ZM4	1860551	1860552	TSS_4093	.	-	-75
ZM4	1991043	1991044	ZMO01164_peak_11	1.55122	ZM4	1994250	1994251	TSS_4371	.	-	3207
ZM4	2030815	2030816	ZMO01164_peak_12	46.1985	ZM4	2031057	2031058	TSS_4404	.	+	-242
ZM4	76599	76600	ZMO0190_peak_1	36.3606	ZM4	74934	74935	TSS_0099	.	-	-1665
ZM4	166536	166537	ZMO0190_peak_2	91.0905	ZM4	166932	166933	TSS_0325	.	+	-396
ZM4	246671	246672	ZMO0190_peak_3	3.21325	ZM4	245089	245090	TSS_0500	.	+	1582
ZM4	404974	404975	ZMO0190_peak_4	133.927	ZM4	405797	405798	TSS_0803	.	-	823
ZM4	1832815	1832816	ZMO0190_peak_5	2666.77	ZM4	1834544	1834545	TSS_4033	.	+	-1729
ZM4	2030817	2030818	ZMO0190_peak_6	30.9813	ZM4	2031057	2031058	TSS_4404	.	+	-240
ZM4	2876	2877	ZMO0199_peak_1	112.989	ZM4	12709	12710	TSS_0006	.	+	-9833
ZM4	15959	15960	ZMO0199_peak_2	1377.43	ZM4	17332	17333	TSS_0016	.	+	-1373
ZM4	17625	17626	ZMO0199_peak_3	38.5172	ZM4	17332	17333	TSS_0016	.	+	293
ZM4	18377	18378	ZMO0199_peak_4	290.341	ZM4	18337	18338	TSS_0022	.	+	40
ZM4	24919	24920	ZMO0199_peak_5	404.446	ZM4	26028	26029	TSS_0027	.	-	1109
ZM4	25736	25737	ZMO0199_peak_6a	35.848	ZM4	26028	26029	TSS_0027	.	-	292
ZM4	25955	25956	ZMO0199_peak_6b	272.441	ZM4	26028	26029	TSS_0027	.	-	73
ZM4	26502	26503	ZMO0199_peak_7	624.062	ZM4	26028	26029	TSS_0027	.	-	-474
ZM4	43873	43874	ZMO0199_peak_8	255.6	ZM4	43156	43157	TSS_0059	.	-	-717
ZM4	48840	48841	ZMO0199_peak_9a	985.156	ZM4	50901	50902	TSS_0064	.	-	2061
ZM4	49166	49167	ZMO0199_peak_9b	7488.58	ZM4	50901	50902	TSS_0064	.	-	1735
ZM4	50793	50794	ZMO0199_peak_10	2705.66	ZM4	50901	50902	TSS_0064	.	-	108
ZM4	61452	61453	ZMO0199_peak_11	274.926	ZM4	61521	61522	TSS_0079	.	+	-69
ZM4	64381	64382	ZMO0199_peak_12a	302.211	ZM4	64871	64872	TSS_0082	.	-	490
ZM4	64605	64606	ZMO0199_peak_12b	749.829	ZM4	64871	64872	TSS_0082	.	-	266
ZM4	68921	68922	ZMO0199_peak_13a	674.369	ZM4	68487	68488	TSS_0091	.	-	-434
ZM4	69249	69250	ZMO0199_peak_13b	15.6975	ZM4	69489	69490	TSS_0092	.	-	240
ZM4	76652	76653	ZMO0199_peak_14a	468.652	ZM4	74934	74935	TSS_0099	.	-	-1718
ZM4	76829	76830	ZMO0199_peak_14b	107.099	ZM4	74934	74935	TSS_0099	.	-	-1895
ZM4	80686	80687	ZMO0199_peak_15a	148.48	ZM4	79619	79620	TSS_0102	.	-	-1067
ZM4	80839	80840	ZMO0199_peak_15b	17.799	ZM4	79619	79620	TSS_0102	.	-	-1220
ZM4	88411	88412	ZMO0199_peak_16	962.025	ZM4	89833	89834	TSS_0116	.	+	-1422
ZM4	93978	93979	ZMO0199_peak_17	485.464	ZM4	94651	94652	TSS_0124	.	-	673
ZM4	95911	95912	ZMO0199_peak_18	6.71125	ZM4	94651	94652	TSS_0124	.	-	-1260
ZM4	96472	96473	ZMO0199_peak_19a	192.412	ZM4	94651	94652	TSS_0124	.	-	-1821
ZM4	96708	96709	ZMO0199_peak_19b	364.541	ZM4	94651	94652	TSS_0124	.	-	-2057
ZM4	99291	99292	ZMO0199_peak_20a	49.7198	ZM4	99594	99595	TSS_0136	.	+	-303
ZM4	99488	99489	ZMO0199_peak_20b	71.5578	ZM4	99594	99595	TSS_0136	.	+	-106
ZM4	100812	100813	ZMO0199_peak_21	164.614	ZM4	100905	100906	TSS_0139	.	+	-93
ZM4	101589	101590	ZMO0199_peak_22a	46.1565	ZM4	100905	100906	TSS_0139	.	+	684
ZM4	101786	101787	ZMO0199_peak_22b	4042.25	ZM4	100905	100906	TSS_0139	.	+	881
ZM4	110427	110428	ZMO0199_peak_23	653.605	ZM4	110455	110456	TSS_0154	.	+	-28
ZM4	113210	113211	ZMO0199_peak_24	428.405	ZM4	115697	115698	TSS_0163	.	-	2487
ZM4	113813	113814	ZMO0199_peak_25	20159.9	ZM4	115697	115698	TSS_0163	.	-	1884
ZM4	115602	115603	ZMO0199_peak_26	54.9426	ZM4	115697	115698	TSS_0163	.	-	95
ZM4	116875	116876	ZMO0199_peak_27	175.654	ZM4	115697	115698	TSS_0163	.	-	-1178
ZM4	121122	121123	ZMO0199_peak_28	12.3712	ZM4	121810	121811	TSS_0174	.	+	-688
ZM4	124710	124711	ZMO0199_peak_29	267.319	ZM4	124201	124202	TSS_0180	.	+	509
ZM4	125883	125884	ZMO0199_peak_30	739.81	ZM4	124201	124202	TSS_0180	.	+	1682
ZM4	126630	126631	ZMO0199_peak_31	133.376	ZM4	124201	124202	TSS_0180	.	+	2429
ZM4	127401	127402	ZMO0199_peak_32	103.318	ZM4	129849	129850	TSS_0193	.	-	2448
ZM4	128428	128429	ZMO0199_peak_33	14.5994	ZM4	129849	129850	TSS_0193	.	-	1421
ZM4	128854	128855	ZMO0199_peak_34	79.8001	ZM4	129849	129850	TSS_0193	.	-	995
ZM4	130649	130650	ZMO0199_peak_35	903.261	ZM4	130630	130631	TSS_0196	.	+	19
ZM4	132683	132684	ZMO0199_peak_36	107.67	ZM4	132373	132374	TSS_0199	.	+	310
ZM4	152878	152879	ZMO0199_peak_37a	260.854	ZM4	154079	154080	TSS_0262	.	-	1201
ZM4	153015	153016	ZMO0199_peak_37b	395.629	ZM4	154079	154080	TSS_0262	.	-	1064
ZM4	155061	155062	ZMO0199_peak_38	435.784	ZM4	154101	154102	TSS_0265	.	+	960
ZM4	157527	157528	ZMO0199_peak_39	1618.83	ZM4	157635	157636	TSS_0267	.	+	-108
ZM4	158613	158614	ZMO0199_peak_40	152.622	ZM4	157635	157636	TSS_0267	.	+	978
ZM4	159678	159679	ZMO0199_peak_41	11017.9	ZM4	160583	160584	TSS_0278	.	-	905
ZM4	160570	160571	ZMO0199_peak_42	160.644	ZM4	160583	160584	TSS_0278	.	-	13
ZM4	164685	164686	ZMO0199_peak_43	27.9712	ZM4	164758	164759	TSS_0322	.	+	-73
ZM4	165172	165173	ZMO0199_peak_44	177.939	ZM4	165095	165096	TSS_0324	.	+	77
ZM4	173327	173328	ZMO0199_peak_45a	94.4916	ZM4	173165	173166	TSS_0346	.	-	-162
ZM4	173581	173582	ZMO0199_peak_45b	1699.43	ZM4	173662	173663	TSS_0347	.	+	-81
ZM4	173957	173958	ZMO0199_peak_46	1591	ZM4	173874	173875	TSS_0366	.	+	83
ZM4	175601	175602	ZMO0199_peak_47	85.033	ZM4	175617	175618	TSS_0374	.	+	-16
ZM4	177157	177158	ZMO0199_peak_48	14835.6	ZM4	175617	175618	TSS_0374	.	+	1540
ZM4	177781	177782	ZMO0199_peak_49	83.2628	ZM4	175617	175618	TSS_0374	.	+	2164
ZM4	181071	181072	ZMO0199_peak_50	498.899	ZM4	181509	181510	TSS_0377	.	-	438
ZM4	181487	181488	ZMO0199_peak_51	385.384	ZM4	181509	181510	TSS_0377	.	-	22
ZM4	183546	183547	ZMO0199_peak_52	45.8925	ZM4	185047	185048	TSS_0381	.	-	1501
ZM4	185219	185220	ZMO0199_peak_53	290.783	ZM4	185047	185048	TSS_0381	.	-	-172
ZM4	185818	185819	ZMO0199_peak_54	320.121	ZM4	185047	185048	TSS_0381	.	-	-771
ZM4	189439	189440	ZMO0199_peak_55	102.359	ZM4	189419	189420	TSS_0388	.	+	20
ZM4	193657	193658	ZMO0199_peak_56	240.089	ZM4	194458	194459	TSS_0396	.	-	801
ZM4	194460	194461	ZMO0199_peak_57	23005.9	ZM4	194458	194459	TSS_0396	.	-	-2
ZM4	196245	196246	ZMO0199_peak_58a	84.1112	ZM4	196200	196201	TSS_0398	.	-	-45
ZM4	196467	196468	ZMO0199_peak_58b	277.43	ZM4	196200	196201	TSS_0398	.	-	-267
ZM4	198126	198127	ZMO0199_peak_59	543.063	ZM4	197126	197127	TSS_0402	.	+	1000
ZM4	198688	198689	ZMO0199_peak_60	483.571	ZM4	197126	197127	TSS_0402	.	+	1562
ZM4	206006	206007	ZMO0199_peak_61	66.0353	ZM4	205071	205072	TSS_0415	.	-	-935
ZM4	217177	217178	ZMO0199_peak_62a	41.827	ZM4	216980	216981	TSS_0432	.	+	197
ZM4	217391	217392	ZMO0199_peak_62b	2235.05	ZM4	216980	216981	TSS_0432	.	+	411
ZM4	220443	220444	ZMO0199_peak_63	2195.9	ZM4	220735	220736	TSS_0435	.	-	292
ZM4	221679	221680	ZMO0199_peak_64	2956.91	ZM4	221003	221004	TSS_0438	.	+	676
ZM4	223676	223677	ZMO0199_peak_65	144.139	ZM4	224289	224290	TSS_0439	.	+	-613
ZM4	229438	229439	ZMO0199_peak_66	417.141	ZM4	228082	228083	TSS_0442	.	+	1356
ZM4	232150	232151	ZMO0199_peak_67	369.931	ZM4	232373	232374	TSS_0448	.	-	223
ZM4	232857	232858	ZMO0199_peak_68	14.3974	ZM4	232592	232593	TSS_0454	.	-	-265
ZM4	233471	233472	ZMO0199_peak_69	469.427	ZM4	234091	234092	TSS_0457	.	+	-620
ZM4	234646	234647	ZMO0199_peak_70	414.869	ZM4	234581	234582	TSS_0459	.	+	65
ZM4	235898	235899	ZMO0199_peak_71a	187.431	ZM4	235944	235945	TSS_0463	.	+	-46
ZM4	236148	236149	ZMO0199_peak_71b	17.7879	ZM4	236239	236240	TSS_0465	.	+	-91
ZM4	236908	236909	ZMO0199_peak_72	2377.24	ZM4	237119	237120	TSS_0466	.	+	-211
ZM4	237569	237570	ZMO0199_peak_73	75.6749	ZM4	237179	237180	TSS_0468	.	+	390
ZM4	238248	238249	ZMO0199_peak_74	96.3574	ZM4	238508	238509	TSS_0469	.	+	-260
ZM4	238640	238641	ZMO0199_peak_75	196.221	ZM4	238511	238512	TSS_0470	.	+	129
ZM4	239955	239956	ZMO0199_peak_76	167.681	ZM4	240931	240932	TSS_0471	.	-	976
ZM4	248527	248528	ZMO0199_peak_77	1509.7	ZM4	245089	245090	TSS_0500	.	+	3438
ZM4	256878	256879	ZMO0199_peak_78	296.255	ZM4	259009	259010	TSS_0512	.	+	-2131
ZM4	258828	258829	ZMO0199_peak_79	113.215	ZM4	259009	259010	TSS_0512	.	+	-181
ZM4	260200	260201	ZMO0199_peak_80	36.3458	ZM4	260896	260897	TSS_0519	.	+	-696
ZM4	260602	260603	ZMO0199_peak_81	18.8005	ZM4	260896	260897	TSS_0519	.	+	-294
ZM4	264866	264867	ZMO0199_peak_82	2839.29	ZM4	266314	266315	TSS_0529	.	-	1448
ZM4	266395	266396	ZMO0199_peak_83a	369.086	ZM4	266314	266315	TSS_0529	.	-	-81
ZM4	266672	266673	ZMO0199_peak_83b	3269.09	ZM4	266314	266315	TSS_0529	.	-	-358
ZM4	266905	266906	ZMO0199_peak_83c	1013.5	ZM4	266314	266315	TSS_0529	.	-	-591
ZM4	267407	267408	ZMO0199_peak_84	119.072	ZM4	267770	267771	TSS_0530	.	-	363
ZM4	268353	268354	ZMO0199_peak_85	1071.46	ZM4	267770	267771	TSS_0530	.	-	-583
ZM4	270804	270805	ZMO0199_peak_86	845.843	ZM4	270955	270956	TSS_0534	.	-	151
ZM4	274061	274062	ZMO0199_peak_87	4515.44	ZM4	273919	273920	TSS_0537	.	-	-142
ZM4	285377	285378	ZMO0199_peak_88	117.072	ZM4	285132	285133	TSS_0565	.	-	-245
ZM4	286650	286651	ZMO0199_peak_89	18.7667	ZM4	286924	286925	TSS_0569	.	-	274
ZM4	287764	287765	ZMO0199_peak_90	13.106	ZM4	286985	286986	TSS_0574	.	-	-779
ZM4	289386	289387	ZMO0199_peak_91	182.641	ZM4	286985	286986	TSS_0574	.	-	-2401
ZM4	290128	290129	ZMO0199_peak_92	635.999	ZM4	286985	286986	TSS_0574	.	-	-3143
ZM4	293908	293909	ZMO0199_peak_93	122.531	ZM4	293932	293933	TSS_0579	.	+	-24
ZM4	295284	295285	ZMO0199_peak_94	101.804	ZM4	295366	295367	TSS_0583	.	+	-82
ZM4	297265	297266	ZMO0199_peak_95	149.34	ZM4	298017	298018	TSS_0586	.	-	752
ZM4	299629	299630	ZMO0199_peak_96	6445.16	ZM4	299414	299415	TSS_0587	.	-	-215
ZM4	302683	302684	ZMO0199_peak_97	58.4719	ZM4	303405	303406	TSS_0596	.	-	722
ZM4	309798	309799	ZMO0199_peak_98a	341.627	ZM4	310703	310704	TSS_0602	.	-	905
ZM4	310029	310030	ZMO0199_peak_98b	264.377	ZM4	310703	310704	TSS_0602	.	-	674
ZM4	310672	310673	ZMO0199_peak_99	194.222	ZM4	310703	310704	TSS_0602	.	-	31
ZM4	317601	317602	ZMO0199_peak_100	1546.38	ZM4	318198	318199	TSS_0611	.	-	597
ZM4	318576	318577	ZMO0199_peak_101	1032.35	ZM4	318579	318580	TSS_0615	.	+	-3
ZM4	318576	318577	ZMO0199_peak_101	1032.35	ZM4	318573	318574	TSS_0613	.	+	3
ZM4	323414	323415	ZMO0199_peak_102	189.614	ZM4	321934	321935	TSS_0626	.	+	1480
ZM4	325141	325142	ZMO0199_peak_103	67.1682	ZM4	325382	325383	TSS_0632	.	+	-241
ZM4	329494	329495	ZMO0199_peak_104	331.126	ZM4	328935	328936	TSS_0637	.	+	559
ZM4	336210	336211	ZMO0199_peak_105	97.1728	ZM4	335813	335814	TSS_0653	.	+	397
ZM4	342754	342755	ZMO0199_peak_106	283.452	ZM4	342892	342893	TSS_0677	.	+	-138
ZM4	352467	352468	ZMO0199_peak_107	1173.24	ZM4	352155	352156	TSS_0692	.	+	312
ZM4	355639	355640	ZMO0199_peak_108a	37.9	ZM4	357147	357148	TSS_0698	.	+	-1508
ZM4	355876	355877	ZMO0199_peak_108b	56.5509	ZM4	357147	357148	TSS_0698	.	+	-1271
ZM4	359886	359887	ZMO0199_peak_109	317.072	ZM4	359813	359814	TSS_0706	.	+	73
ZM4	361406	361407	ZMO0199_peak_110	82.9406	ZM4	361997	361998	TSS_0709	.	+	-591
ZM4	364170	364171	ZMO0199_peak_111	385.129	ZM4	363690	363691	TSS_0711	.	+	480
ZM4	367725	367726	ZMO0199_peak_112a	268.519	ZM4	367275	367276	TSS_0720	.	+	450
ZM4	367880	367881	ZMO0199_peak_112b	149	ZM4	367275	367276	TSS_0720	.	+	605
ZM4	368626	368627	ZMO0199_peak_113	51.61	ZM4	367275	367276	TSS_0720	.	+	1351
ZM4	370916	370917	ZMO0199_peak_114	815.913	ZM4	370913	370914	TSS_0726	.	+	3
ZM4	371284	371285	ZMO0199_peak_115	46.9876	ZM4	371018	371019	TSS_0738	.	+	266
ZM4	371955	371956	ZMO0199_peak_116	31.5535	ZM4	372593	372594	TSS_0742	.	+	-638
ZM4	372244	372245	ZMO0199_peak_117	169.874	ZM4	372593	372594	TSS_0742	.	+	-349
ZM4	373642	373643	ZMO0199_peak_118	1634.54	ZM4	373645	373646	TSS_0750	.	+	-3
ZM4	376164	376165	ZMO0199_peak_119	31.2528	ZM4	376022	376023	TSS_0767	.	+	142
ZM4	378481	378482	ZMO0199_peak_120	3751.47	ZM4	378392	378393	TSS_0773	.	+	89
ZM4	380000	380001	ZMO0199_peak_121	95.0125	ZM4	378392	378393	TSS_0773	.	+	1608
ZM4	381028	381029	ZMO0199_peak_122	8646.76	ZM4	378392	378393	TSS_0773	.	+	2636
ZM4	382174	382175	ZMO0199_peak_123a	106.956	ZM4	385464	385465	TSS_0787	.	-	3290
ZM4	382449	382450	ZMO0199_peak_123b	7714.97	ZM4	385464	385465	TSS_0787	.	-	3015
ZM4	384453	384454	ZMO0199_peak_124	702.117	ZM4	385464	385465	TSS_0787	.	-	1011
ZM4	385848	385849	ZMO0199_peak_125	23.3793	ZM4	385497	385498	TSS_0790	.	-	-351
ZM4	393315	393316	ZMO0199_peak_126	100.327	ZM4	391738	391739	TSS_0793	.	+	1577
ZM4	403310	403311	ZMO0199_peak_127a	704.893	ZM4	405797	405798	TSS_0803	.	-	2487
ZM4	403588	403589	ZMO0199_peak_127b	62.3597	ZM4	405797	405798	TSS_0803	.	-	2209
ZM4	404390	404391	ZMO0199_peak_128	212.698	ZM4	405797	405798	TSS_0803	.	-	1407
ZM4	406877	406878	ZMO0199_peak_129	109.285	ZM4	406810	406811	TSS_0804	.	-	-67
ZM4	407464	407465	ZMO0199_peak_130	13.0939	ZM4	407413	407414	TSS_0809	.	+	51
ZM4	408203	408204	ZMO0199_peak_131	45.7124	ZM4	407681	407682	TSS_0811	.	+	522
ZM4	411501	411502	ZMO0199_peak_132	32.6262	ZM4	411354	411355	TSS_0822	.	-	-147
ZM4	412705	412706	ZMO0199_peak_133	127.6	ZM4	411925	411926	TSS_0823	.	+	780
ZM4	417984	417985	ZMO0199_peak_134	302.868	ZM4	418225	418226	TSS_0828	.	-	241
ZM4	419559	419560	ZMO0199_peak_135	123.97	ZM4	419803	419804	TSS_0831	.	-	244
ZM4	420173	420174	ZMO0199_peak_136	52.1235	ZM4	419827	419828	TSS_0833	.	-	-346
ZM4	423311	423312	ZMO0199_peak_137	88.0605	ZM4	424989	424990	TSS_0836	.	-	1678
ZM4	425050	425051	ZMO0199_peak_138	2640.74	ZM4	425032	425033	TSS_0837	.	-	-18
ZM4	426285	426286	ZMO0199_peak_139	179.735	ZM4	425762	425763	TSS_0841	.	+	523
ZM4	429023	429024	ZMO0199_peak_140	66.24	ZM4	430341	430342	TSS_0844	.	+	-1318
ZM4	429644	429645	ZMO0199_peak_141	49.1745	ZM4	430341	430342	TSS_0844	.	+	-697
ZM4	433233	433234	ZMO0199_peak_142	76.516	ZM4	433937	433938	TSS_0852	.	-	704
ZM4	441839	441840	ZMO0199_peak_143	211.517	ZM4	441891	441892	TSS_0873	.	+	-52
ZM4	442972	442973	ZMO0199_peak_144a	84.8025	ZM4	441891	441892	TSS_0873	.	+	1081
ZM4	443192	443193	ZMO0199_peak_144b	5.06985	ZM4	441891	441892	TSS_0873	.	+	1301
ZM4	446295	446296	ZMO0199_peak_145	28.8234	ZM4	446368	446369	TSS_0880	.	-	73
ZM4	447549	447550	ZMO0199_peak_146a	194.08	ZM4	446871	446872	TSS_0900	.	+	678
ZM4	447902	447903	ZMO0199_peak_146b	2972.41	ZM4	446871	446872	TSS_0900	.	+	1031
ZM4	453448	453449	ZMO0199_peak_147	78.3596	ZM4	452669	452670	TSS_0910	.	+	779
ZM4	457851	457852	ZMO0199_peak_148	73.3774	ZM4	457289	457290	TSS_0918	.	+	562
ZM4	459902	459903	ZMO0199_peak_149	7757.12	ZM4	459770	459771	TSS_0923	.	-	-132
ZM4	461893	461894	ZMO0199_peak_150	4.3727	ZM4	462622	462623	TSS_0939	.	+	-729
ZM4	464246	464247	ZMO0199_peak_151	568.037	ZM4	464751	464752	TSS_0942	.	+	-505
ZM4	466410	466411	ZMO0199_peak_152	126.454	ZM4	466854	466855	TSS_0950	.	-	444
ZM4	469081	469082	ZMO0199_peak_153	199.795	ZM4	468600	468601	TSS_0951	.	-	-481
ZM4	470669	470670	ZMO0199_peak_154	128.97	ZM4	470633	470634	TSS_0953	.	-	-36
ZM4	471419	471420	ZMO0199_peak_155	32.8305	ZM4	470789	470790	TSS_0959	.	+	630
ZM4	480000	480001	ZMO0199_peak_156	222.917	ZM4	479228	479229	TSS_0979	.	+	772
ZM4	483271	483272	ZMO0199_peak_157	181.026	ZM4	483304	483305	TSS_0981	.	-	33
ZM4	483668	483669	ZMO0199_peak_158	251.651	ZM4	483535	483536	TSS_0995	.	-	-133
ZM4	486068	486069	ZMO0199_peak_159	388.966	ZM4	486033	486034	TSS_1007	.	+	35
ZM4	489988	489989	ZMO0199_peak_160	580.354	ZM4	489935	489936	TSS_1023	.	+	53
ZM4	498205	498206	ZMO0199_peak_161a	1034.68	ZM4	498429	498430	TSS_1029	.	+	-224
ZM4	498477	498478	ZMO0199_peak_161b	156.9	ZM4	498519	498520	TSS_1030	.	+	-42
ZM4	498872	498873	ZMO0199_peak_162	194.736	ZM4	498519	498520	TSS_1030	.	+	353
ZM4	499826	499827	ZMO0199_peak_163a	189.976	ZM4	498519	498520	TSS_1030	.	+	1307
ZM4	500082	500083	ZMO0199_peak_163b	16.768	ZM4	498519	498520	TSS_1030	.	+	1563
ZM4	507477	507478	ZMO0199_peak_164	558.161	ZM4	509404	509405	TSS_1045	.	+	-1927
ZM4	507988	507989	ZMO0199_peak_165	349.672	ZM4	509404	509405	TSS_1045	.	+	-1416
ZM4	516070	516071	ZMO0199_peak_166a	352.509	ZM4	515948	515949	TSS_1070	.	+	122
ZM4	516308	516309	ZMO0199_peak_166b	27.4147	ZM4	516633	516634	TSS_1073	.	+	-325
ZM4	517071	517072	ZMO0199_peak_167	3372.04	ZM4	516633	516634	TSS_1073	.	+	438
ZM4	517454	517455	ZMO0199_peak_168	1639.52	ZM4	518215	518216	TSS_1078	.	+	-761
ZM4	517866	517867	ZMO0199_peak_169	58.3491	ZM4	518215	518216	TSS_1078	.	+	-349
ZM4	518230	518231	ZMO0199_peak_170	60.3868	ZM4	518215	518216	TSS_1078	.	+	15
ZM4	519784	519785	ZMO0199_peak_171	75.8699	ZM4	519929	519930	TSS_1107	.	+	-145
ZM4	521354	521355	ZMO0199_peak_172	163.964	ZM4	521415	521416	TSS_1123	.	+	-61
ZM4	523010	523011	ZMO0199_peak_173a	33.4064	ZM4	523094	523095	TSS_1132	.	+	-84
ZM4	523249	523250	ZMO0199_peak_173b	1652.49	ZM4	523097	523098	TSS_1133	.	+	152
ZM4	525930	525931	ZMO0199_peak_174	40.9158	ZM4	526060	526061	TSS_1169	.	+	-130
ZM4	526650	526651	ZMO0199_peak_175a	146.453	ZM4	526690	526691	TSS_1173	.	+	-40
ZM4	526914	526915	ZMO0199_peak_175b	428.919	ZM4	526889	526890	TSS_1176	.	+	25
ZM4	530965	530966	ZMO0199_peak_176	158.82	ZM4	531603	531604	TSS_1195	.	+	-638
ZM4	532580	532581	ZMO0199_peak_177	25.9246	ZM4	532615	532616	TSS_1196	.	+	-35
ZM4	534580	534581	ZMO0199_peak_178a	220.762	ZM4	534570	534571	TSS_1217	.	+	10
ZM4	534965	534966	ZMO0199_peak_178b	1576.4	ZM4	534800	534801	TSS_1219	.	+	165
ZM4	538760	538761	ZMO0199_peak_179	89.6467	ZM4	536068	536069	TSS_1235	.	+	2692
ZM4	543533	543534	ZMO0199_peak_180	89.3112	ZM4	543526	543527	TSS_1287	.	-	-7
ZM4	545689	545690	ZMO0199_peak_181	5868.04	ZM4	545687	545688	TSS_1291	.	-	-2
ZM4	546343	546344	ZMO0199_peak_182	84.9167	ZM4	545705	545706	TSS_1293	.	-	-638
ZM4	548320	548321	ZMO0199_peak_183	17.8064	ZM4	548423	548424	TSS_1299	.	-	103
ZM4	550322	550323	ZMO0199_peak_184	113.346	ZM4	550473	550474	TSS_1308	.	-	151
ZM4	552257	552258	ZMO0199_peak_185	210.689	ZM4	553505	553506	TSS_1309	.	-	1248
ZM4	558679	558680	ZMO0199_peak_186	210.648	ZM4	559230	559231	TSS_1328	.	+	-551
ZM4	559342	559343	ZMO0199_peak_187	70.1481	ZM4	559230	559231	TSS_1328	.	+	112
ZM4	561381	561382	ZMO0199_peak_188	128.768	ZM4	563393	563394	TSS_1338	.	-	2012
ZM4	562249	562250	ZMO0199_peak_189	68.2314	ZM4	563393	563394	TSS_1338	.	-	1144
ZM4	563066	563067	ZMO0199_peak_190	209.503	ZM4	563393	563394	TSS_1338	.	-	327
ZM4	565438	565439	ZMO0199_peak_191	84.3641	ZM4	565717	565718	TSS_1351	.	+	-279
ZM4	569557	569558	ZMO0199_peak_192	333.128	ZM4	569906	569907	TSS_1353	.	-	349
ZM4	570380	570381	ZMO0199_peak_193	357.639	ZM4	569906	569907	TSS_1353	.	-	-474
ZM4	572290	572291	ZMO0199_peak_194	48.6802	ZM4	571947	571948	TSS_1359	.	+	343
ZM4	585029	585030	ZMO0199_peak_195	56.9702	ZM4	584085	584086	TSS_1377	.	-	-944
ZM4	589644	589645	ZMO0199_peak_196	905.051	ZM4	590371	590372	TSS_1381	.	-	727
ZM4	590641	590642	ZMO0199_peak_197	93.7036	ZM4	590371	590372	TSS_1381	.	-	-270
ZM4	591436	591437	ZMO0199_peak_198	133.936	ZM4	591469	591470	TSS_1383	.	-	33
ZM4	592265	592266	ZMO0199_peak_199	137.597	ZM4	592852	592853	TSS_1386	.	+	-587
ZM4	595382	595383	ZMO0199_peak_200	294.135	ZM4	596080	596081	TSS_1388	.	-	698
ZM4	598727	598728	ZMO0199_peak_201	129.968	ZM4	599025	599026	TSS_1400	.	+	-298
ZM4	602897	602898	ZMO0199_peak_202	123.586	ZM4	603093	603094	TSS_1405	.	+	-196
ZM4	609111	609112	ZMO0199_peak_203	20708.6	ZM4	608481	608482	TSS_1413	.	-	-630
ZM4	610295	610296	ZMO0199_peak_204	48.0624	ZM4	610824	610825	TSS_1416	.	-	529
ZM4	617646	617647	ZMO0199_peak_205	105.787	ZM4	617994	617995	TSS_1437	.	+	-348
ZM4	619013	619014	ZMO0199_peak_206	411.212	ZM4	619099	619100	TSS_1442	.	+	-86
ZM4	624240	624241	ZMO0199_peak_207a	88.9816	ZM4	623558	623559	TSS_1449	.	+	682
ZM4	624465	624466	ZMO0199_peak_207b	3654.65	ZM4	623558	623559	TSS_1449	.	+	907
ZM4	626712	626713	ZMO0199_peak_208	4546.3	ZM4	625945	625946	TSS_1456	.	+	767
ZM4	627211	627212	ZMO0199_peak_209	110.853	ZM4	625945	625946	TSS_1456	.	+	1266
ZM4	629001	629002	ZMO0199_peak_210	287.369	ZM4	629308	629309	TSS_1459	.	+	-307
ZM4	630791	630792	ZMO0199_peak_211	906.254	ZM4	629308	629309	TSS_1459	.	+	1483
ZM4	636788	636789	ZMO0199_peak_212	40.5168	ZM4	637092	637093	TSS_1467	.	+	-304
ZM4	640095	640096	ZMO0199_peak_213	116.226	ZM4	641037	641038	TSS_1471	.	+	-942
ZM4	646289	646290	ZMO0199_peak_214	13.8432	ZM4	644525	644526	TSS_1488	.	-	-1764
ZM4	647998	647999	ZMO0199_peak_215a	9058.13	ZM4	648223	648224	TSS_1491	.	-	225
ZM4	648341	648342	ZMO0199_peak_215b	68.9256	ZM4	648223	648224	TSS_1491	.	-	-118
ZM4	655150	655151	ZMO0199_peak_216	61.9312	ZM4	655078	655079	TSS_1506	.	+	72
ZM4	656771	656772	ZMO0199_peak_217	1.63441	ZM4	655078	655079	TSS_1506	.	+	1693
ZM4	661452	661453	ZMO0199_peak_218	2271.43	ZM4	662313	662314	TSS_1518	.	+	-861
ZM4	663581	663582	ZMO0199_peak_219	121.785	ZM4	663574	663575	TSS_1532	.	+	7
ZM4	665275	665276	ZMO0199_peak_220	6112.98	ZM4	665586	665587	TSS_1539	.	+	-311
ZM4	666135	666136	ZMO0199_peak_221	15.5833	ZM4	666131	666132	TSS_1542	.	+	4
ZM4	668494	668495	ZMO0199_peak_222	156.817	ZM4	670330	670331	TSS_1544	.	-	1836
ZM4	670623	670624	ZMO0199_peak_223a	9826.81	ZM4	670663	670664	TSS_1550	.	-	40
ZM4	670932	670933	ZMO0199_peak_223b	18.7948	ZM4	670663	670664	TSS_1550	.	-	-269
ZM4	671088	671089	ZMO0199_peak_223c	75.9025	ZM4	670663	670664	TSS_1550	.	-	-425
ZM4	672136	672137	ZMO0199_peak_224	1438.21	ZM4	672208	672209	TSS_1555	.	-	72
ZM4	674144	674145	ZMO0199_peak_225	203.523	ZM4	673600	673601	TSS_1559	.	-	-544
ZM4	676573	676574	ZMO0199_peak_226	100.18	ZM4	678192	678193	TSS_1560	.	+	-1619
ZM4	677831	677832	ZMO0199_peak_227	54.3236	ZM4	678192	678193	TSS_1560	.	+	-361
ZM4	679020	679021	ZMO0199_peak_228	67.6501	ZM4	678246	678247	TSS_1561	.	+	774
ZM4	680730	680731	ZMO0199_peak_229	186.06	ZM4	678246	678247	TSS_1561	.	+	2484
ZM4	686704	686705	ZMO0199_peak_230	4.51068	ZM4	686355	686356	TSS_1569	.	-	-349
ZM4	688472	688473	ZMO0199_peak_231	57.3389	ZM4	687621	687622	TSS_1575	.	-	-851
ZM4	689704	689705	ZMO0199_peak_232	126.94	ZM4	689612	689613	TSS_1577	.	-	-92
ZM4	690193	690194	ZMO0199_peak_233	153.383	ZM4	689612	689613	TSS_1577	.	-	-581
ZM4	691048	691049	ZMO0199_peak_234	376.857	ZM4	692242	692243	TSS_1582	.	-	1194
ZM4	691392	691393	ZMO0199_peak_235	84.9167	ZM4	692242	692243	TSS_1582	.	-	850
ZM4	691951	691952	ZMO0199_peak_236	80.9163	ZM4	692242	692243	TSS_1582	.	-	291
ZM4	693826	693827	ZMO0199_peak_237	104.437	ZM4	693748	693749	TSS_1591	.	-	-78
ZM4	707735	707736	ZMO0199_peak_238	950.812	ZM4	707767	707768	TSS_1611	.	-	32
ZM4	710253	710254	ZMO0199_peak_239	226.993	ZM4	709518	709519	TSS_1617	.	+	735
ZM4	710840	710841	ZMO0199_peak_240	1328.06	ZM4	711368	711369	TSS_1618	.	+	-528
ZM4	711381	711382	ZMO0199_peak_241a	590.716	ZM4	711368	711369	TSS_1618	.	+	13
ZM4	711604	711605	ZMO0199_peak_241b	878.214	ZM4	711827	711828	TSS_1619	.	+	-223
ZM4	714621	714622	ZMO0199_peak_242	527.699	ZM4	714708	714709	TSS_1621	.	-	87
ZM4	728050	728051	ZMO0199_peak_243a	53.3623	ZM4	727753	727754	TSS_1677	.	+	297
ZM4	728241	728242	ZMO0199_peak_243b	646.646	ZM4	727753	727754	TSS_1677	.	+	488
ZM4	729062	729063	ZMO0199_peak_244	282.324	ZM4	727753	727754	TSS_1677	.	+	1309
ZM4	730690	730691	ZMO0199_peak_245	38.4928	ZM4	731609	731610	TSS_1685	.	+	-919
ZM4	731211	731212	ZMO0199_peak_246	400.722	ZM4	731609	731610	TSS_1685	.	+	-398
ZM4	738374	738375	ZMO0199_peak_247	147.832	ZM4	737297	737298	TSS_1702	.	-	-1077
ZM4	743581	743582	ZMO0199_peak_248	2108.34	ZM4	744285	744286	TSS_1731	.	+	-704
ZM4	745486	745487	ZMO0199_peak_249	116.274	ZM4	746200	746201	TSS_1737	.	+	-714
ZM4	746949	746950	ZMO0199_peak_250	39.3876	ZM4	746200	746201	TSS_1737	.	+	749
ZM4	750546	750547	ZMO0199_peak_251	2192.23	ZM4	751307	751308	TSS_1753	.	+	-761
ZM4	756243	756244	ZMO0199_peak_252	80.3504	ZM4	757145	757146	TSS_1760	.	-	902
ZM4	760594	760595	ZMO0199_peak_253	70.3946	ZM4	760763	760764	TSS_1772	.	+	-169
ZM4	764331	764332	ZMO0199_peak_254	109.519	ZM4	764204	764205	TSS_1779	.	+	127
ZM4	766298	766299	ZMO0199_peak_255	62.223	ZM4	764204	764205	TSS_1779	.	+	2094
ZM4	768892	768893	ZMO0199_peak_256	60.9002	ZM4	769638	769639	TSS_1780	.	-	746
ZM4	772596	772597	ZMO0199_peak_257	48.0624	ZM4	773232	773233	TSS_1788	.	-	636
ZM4	774696	774697	ZMO0199_peak_258	2109.86	ZM4	773264	773265	TSS_1789	.	+	1432
ZM4	778189	778190	ZMO0199_peak_259	491.21	ZM4	779323	779324	TSS_1792	.	+	-1134
ZM4	783816	783817	ZMO0199_peak_260	14.0085	ZM4	783746	783747	TSS_1798	.	-	-70
ZM4	788889	788890	ZMO0199_peak_261	2010.37	ZM4	792107	792108	TSS_1806	.	+	-3218
ZM4	792870	792871	ZMO0199_peak_262	746.948	ZM4	792107	792108	TSS_1806	.	+	763
ZM4	793952	793953	ZMO0199_peak_263	115.286	ZM4	792107	792108	TSS_1806	.	+	1845
ZM4	813425	813426	ZMO0199_peak_264	464.99	ZM4	813045	813046	TSS_1817	.	-	-380
ZM4	819260	819261	ZMO0199_peak_265	165.392	ZM4	819609	819610	TSS_1823	.	-	349
ZM4	822403	822404	ZMO0199_peak_266	51.4118	ZM4	820663	820664	TSS_1857	.	+	1740
ZM4	826367	826368	ZMO0199_peak_267	713.186	ZM4	826778	826779	TSS_1868	.	+	-411
ZM4	826856	826857	ZMO0199_peak_268	225.591	ZM4	826778	826779	TSS_1868	.	+	78
ZM4	834802	834803	ZMO0199_peak_269	415.917	ZM4	831738	831739	TSS_1873	.	+	3064
ZM4	841468	841469	ZMO0199_peak_270	137.597	ZM4	842246	842247	TSS_1877	.	+	-778
ZM4	845353	845354	ZMO0199_peak_271	92.7627	ZM4	845509	845510	TSS_1896	.	+	-156
ZM4	847706	847707	ZMO0199_peak_272	681.984	ZM4	845509	845510	TSS_1896	.	+	2197
ZM4	851742	851743	ZMO0199_peak_273	102.547	ZM4	851758	851759	TSS_1898	.	+	-16
ZM4	856531	856532	ZMO0199_peak_274	128.257	ZM4	858076	858077	TSS_1912	.	+	-1545
ZM4	858313	858314	ZMO0199_peak_275	103.406	ZM4	858288	858289	TSS_1918	.	+	25
ZM4	861687	861688	ZMO0199_peak_276a	28.2733	ZM4	862488	862489	TSS_1919	.	+	-801
ZM4	861851	861852	ZMO0199_peak_276b	38.1454	ZM4	862488	862489	TSS_1919	.	+	-637
ZM4	863482	863483	ZMO0199_peak_277	5768.55	ZM4	862766	862767	TSS_1923	.	+	716
ZM4	868404	868405	ZMO0199_peak_278	42.0592	ZM4	868592	868593	TSS_1930	.	-	188
ZM4	868956	868957	ZMO0199_peak_279	70.9357	ZM4	868716	868717	TSS_1935	.	-	-240
ZM4	872038	872039	ZMO0199_peak_280	4.1393	ZM4	871576	871577	TSS_1946	.	+	462
ZM4	879185	879186	ZMO0199_peak_281	76.9866	ZM4	880165	880166	TSS_1961	.	+	-980
ZM4	882390	882391	ZMO0199_peak_282	34.6576	ZM4	883194	883195	TSS_1963	.	+	-804
ZM4	888237	888238	ZMO0199_peak_283a	2.54261	ZM4	888204	888205	TSS_1972	.	-	-33
ZM4	888443	888444	ZMO0199_peak_283b	176.136	ZM4	888424	888425	TSS_1974	.	+	19
ZM4	892421	892422	ZMO0199_peak_284	125.944	ZM4	892798	892799	TSS_1989	.	-	377
ZM4	893775	893776	ZMO0199_peak_285	651.909	ZM4	894384	894385	TSS_1991	.	-	609
ZM4	894355	894356	ZMO0199_peak_286	1107.17	ZM4	894384	894385	TSS_1991	.	-	29
ZM4	895686	895687	ZMO0199_peak_287	2321.76	ZM4	895606	895607	TSS_1998	.	-	-80
ZM4	896644	896645	ZMO0199_peak_288	4580.42	ZM4	896865	896866	TSS_2001	.	-	221
ZM4	900266	900267	ZMO0199_peak_289	22.235	ZM4	901168	901169	TSS_2006	.	-	902
ZM4	905706	905707	ZMO0199_peak_290	148.522	ZM4	906229	906230	TSS_2013	.	-	523
ZM4	907968	907969	ZMO0199_peak_291a	46.1843	ZM4	908132	908133	TSS_2020	.	+	-164
ZM4	908163	908164	ZMO0199_peak_291b	1098.51	ZM4	908173	908174	TSS_2021	.	+	-10
ZM4	909798	909799	ZMO0199_peak_292	5.90831	ZM4	909738	909739	TSS_2023	.	+	60
ZM4	912307	912308	ZMO0199_peak_293	611.151	ZM4	914345	914346	TSS_2025	.	-	2038
ZM4	913911	913912	ZMO0199_peak_294	139.625	ZM4	914345	914346	TSS_2025	.	-	434
ZM4	917592	917593	ZMO0199_peak_295	80.9353	ZM4	916224	916225	TSS_2028	.	-	-1368
ZM4	920561	920562	ZMO0199_peak_296	170.418	ZM4	919422	919423	TSS_2032	.	+	1139
ZM4	923576	923577	ZMO0199_peak_297	272.313	ZM4	924784	924785	TSS_2042	.	-	1208
ZM4	927471	927472	ZMO0199_peak_298a	43.4188	ZM4	927121	927122	TSS_2054	.	-	-350
ZM4	927609	927610	ZMO0199_peak_298b	45.2557	ZM4	927121	927122	TSS_2054	.	-	-488
ZM4	927859	927860	ZMO0199_peak_298c	381.433	ZM4	928347	928348	TSS_2057	.	+	-488
ZM4	929129	929130	ZMO0199_peak_299	324.255	ZM4	928347	928348	TSS_2057	.	+	782
ZM4	932307	932308	ZMO0199_peak_300	127.598	ZM4	932413	932414	TSS_2062	.	-	106
ZM4	932859	932860	ZMO0199_peak_301	147.919	ZM4	932566	932567	TSS_2068	.	+	293
ZM4	933682	933683	ZMO0199_peak_302	15.8136	ZM4	934326	934327	TSS_2070	.	+	-644
ZM4	934101	934102	ZMO0199_peak_303	666.156	ZM4	934326	934327	TSS_2070	.	+	-225
ZM4	949806	949807	ZMO0199_peak_304	268.685	ZM4	949302	949303	TSS_2103	.	+	504
ZM4	953087	953088	ZMO0199_peak_305	23000.9	ZM4	954142	954143	TSS_2106	.	-	1055
ZM4	954138	954139	ZMO0199_peak_306	21500.1	ZM4	954142	954143	TSS_2106	.	-	4
ZM4	956097	956098	ZMO0199_peak_307a	295.833	ZM4	954996	954997	TSS_2109	.	-	-1101
ZM4	956320	956321	ZMO0199_peak_307b	530.751	ZM4	957435	957436	TSS_2111	.	-	1115
ZM4	960062	960063	ZMO0199_peak_308	3421.53	ZM4	957435	957436	TSS_2111	.	-	-2627
ZM4	964422	964423	ZMO0199_peak_309	572.108	ZM4	964162	964163	TSS_2119	.	-	-260
ZM4	966093	966094	ZMO0199_peak_310	28.9689	ZM4	965587	965588	TSS_2132	.	+	506
ZM4	966717	966718	ZMO0199_peak_311	41.6097	ZM4	966844	966845	TSS_2136	.	+	-127
ZM4	967416	967417	ZMO0199_peak_312a	598.75	ZM4	966858	966859	TSS_2138	.	+	558
ZM4	967757	967758	ZMO0199_peak_312b	93.7036	ZM4	968192	968193	TSS_2139	.	+	-435
ZM4	968318	968319	ZMO0199_peak_313	50.9285	ZM4	968209	968210	TSS_2141	.	+	109
ZM4	972461	972462	ZMO0199_peak_314	85.4937	ZM4	972262	972263	TSS_2153	.	-	-199
ZM4	973959	973960	ZMO0199_peak_315	266.591	ZM4	974237	974238	TSS_2155	.	+	-278
ZM4	974950	974951	ZMO0199_peak_316	201.518	ZM4	974364	974365	TSS_2157	.	+	586
ZM4	977613	977614	ZMO0199_peak_317	575.449	ZM4	977912	977913	TSS_2159	.	+	-299
ZM4	983416	983417	ZMO0199_peak_318	125.337	ZM4	984710	984711	TSS_2178	.	+	-1294
ZM4	984364	984365	ZMO0199_peak_319	259.948	ZM4	984710	984711	TSS_2178	.	+	-346
ZM4	987557	987558	ZMO0199_peak_320a	3541.81	ZM4	986158	986159	TSS_2179	.	+	1399
ZM4	987826	987827	ZMO0199_peak_320b	22.9503	ZM4	986158	986159	TSS_2179	.	+	1668
ZM4	989738	989739	ZMO0199_peak_321	63.1456	ZM4	989699	989700	TSS_2182	.	+	39
ZM4	995137	995138	ZMO0199_peak_322	54.347	ZM4	995678	995679	TSS_2192	.	-	541
ZM4	996892	996893	ZMO0199_peak_323	61.5339	ZM4	996722	996723	TSS_2196	.	+	170
ZM4	1002596	1002597	ZMO0199_peak_324	1.76586	ZM4	1000486	1000487	TSS_2201	.	-	-2110
ZM4	1007432	1007433	ZMO0199_peak_325	941.852	ZM4	1008319	1008320	TSS_2205	.	-	887
ZM4	1007928	1007929	ZMO0199_peak_326	12.6138	ZM4	1008319	1008320	TSS_2205	.	-	391
ZM4	1011113	1011114	ZMO0199_peak_327	360.575	ZM4	1010381	1010382	TSS_2224	.	-	-732
ZM4	1012942	1012943	ZMO0199_peak_328a	343.608	ZM4	1013221	1013222	TSS_2230	.	-	279
ZM4	1013253	1013254	ZMO0199_peak_328b	88.4351	ZM4	1013254	1013255	TSS_2233	.	-	1
ZM4	1015809	1015810	ZMO0199_peak_329	8812.91	ZM4	1015590	1015591	TSS_2246	.	+	219
ZM4	1018247	1018248	ZMO0199_peak_330	52.3839	ZM4	1017456	1017457	TSS_2255	.	+	791
ZM4	1019012	1019013	ZMO0199_peak_331	14.3656	ZM4	1020047	1020048	TSS_2259	.	+	-1035
ZM4	1021699	1021700	ZMO0199_peak_332	156.996	ZM4	1021550	1021551	TSS_2261	.	+	149
ZM4	1022784	1022785	ZMO0199_peak_333	4396.55	ZM4	1023743	1023744	TSS_2263	.	+	-959
ZM4	1028896	1028897	ZMO0199_peak_334	256.115	ZM4	1027989	1027990	TSS_2276	.	+	907
ZM4	1030114	1030115	ZMO0199_peak_335	265.399	ZM4	1030111	1030112	TSS_2278	.	+	3
ZM4	1032922	1032923	ZMO0199_peak_336a	6.773	ZM4	1033400	1033401	TSS_2289	.	-	478
ZM4	1033109	1033110	ZMO0199_peak_336b	35.9258	ZM4	1033400	1033401	TSS_2289	.	-	291
ZM4	1034511	1034512	ZMO0199_peak_337	74.7638	ZM4	1034550	1034551	TSS_2292	.	-	39
ZM4	1034932	1034933	ZMO0199_peak_338	87.8138	ZM4	1035204	1035205	TSS_2294	.	-	272
ZM4	1037255	1037256	ZMO0199_peak_339	40.677	ZM4	1037347	1037348	TSS_2297	.	-	92
ZM4	1040784	1040785	ZMO0199_peak_340	810.208	ZM4	1040463	1040464	TSS_2307	.	-	-321
ZM4	1043027	1043028	ZMO0199_peak_341a	23.7728	ZM4	1042612	1042613	TSS_2312	.	+	415
ZM4	1043329	1043330	ZMO0199_peak_341b	520.79	ZM4	1042612	1042613	TSS_2312	.	+	717
ZM4	1044154	1044155	ZMO0199_peak_342	126.94	ZM4	1044634	1044635	TSS_2314	.	+	-480
ZM4	1051093	1051094	ZMO0199_peak_343	66.1157	ZM4	1050976	1050977	TSS_2331	.	+	117
ZM4	1055655	1055656	ZMO0199_peak_344	26.7689	ZM4	1055307	1055308	TSS_2351	.	+	348
ZM4	1057885	1057886	ZMO0199_peak_345a	475.635	ZM4	1055307	1055308	TSS_2351	.	+	2578
ZM4	1058148	1058149	ZMO0199_peak_345b	37.0238	ZM4	1055307	1055308	TSS_2351	.	+	2841
ZM4	1058887	1058888	ZMO0199_peak_346	110.225	ZM4	1061294	1061295	TSS_2358	.	+	-2407
ZM4	1059644	1059645	ZMO0199_peak_347	151.284	ZM4	1061294	1061295	TSS_2358	.	+	-1650
ZM4	1070031	1070032	ZMO0199_peak_348	553.308	ZM4	1071475	1071476	TSS_2379	.	+	-1444
ZM4	1070572	1070573	ZMO0199_peak_349	165.392	ZM4	1071475	1071476	TSS_2379	.	+	-903
ZM4	1073219	1073220	ZMO0199_peak_350	579.376	ZM4	1071475	1071476	TSS_2379	.	+	1744
ZM4	1079636	1079637	ZMO0199_peak_351	551.143	ZM4	1078511	1078512	TSS_2392	.	+	1125
ZM4	1084768	1084769	ZMO0199_peak_352	212.23	ZM4	1085562	1085563	TSS_2420	.	+	-794
ZM4	1086156	1086157	ZMO0199_peak_353	59.365	ZM4	1086660	1086661	TSS_2424	.	+	-504
ZM4	1087461	1087462	ZMO0199_peak_354	5049.6	ZM4	1087196	1087197	TSS_2425	.	+	265
ZM4	1088877	1088878	ZMO0199_peak_355	441.061	ZM4	1088746	1088747	TSS_2432	.	+	131
ZM4	1091778	1091779	ZMO0199_peak_356a	28.9784	ZM4	1089333	1089334	TSS_2434	.	+	2445
ZM4	1091946	1091947	ZMO0199_peak_356b	1057	ZM4	1089333	1089334	TSS_2434	.	+	2613
ZM4	1092805	1092806	ZMO0199_peak_357a	10.4205	ZM4	1094581	1094582	TSS_2437	.	+	-1776
ZM4	1092975	1092976	ZMO0199_peak_357b	15.5833	ZM4	1094581	1094582	TSS_2437	.	+	-1606
ZM4	1094340	1094341	ZMO0199_peak_358a	95.4952	ZM4	1094581	1094582	TSS_2437	.	+	-241
ZM4	1094522	1094523	ZMO0199_peak_358b	210.484	ZM4	1094581	1094582	TSS_2437	.	+	-59
ZM4	1098765	1098766	ZMO0199_peak_359	75.8699	ZM4	1098806	1098807	TSS_2440	.	+	-41
ZM4	1101988	1101989	ZMO0199_peak_360	1915.42	ZM4	1102416	1102417	TSS_2446	.	+	-428
ZM4	1103679	1103680	ZMO0199_peak_361	132.093	ZM4	1104117	1104118	TSS_2447	.	+	-438
ZM4	1106801	1106802	ZMO0199_peak_362	75.8808	ZM4	1107819	1107820	TSS_2449	.	+	-1018
ZM4	1108475	1108476	ZMO0199_peak_363	54.7829	ZM4	1107819	1107820	TSS_2449	.	+	656
ZM4	1108926	1108927	ZMO0199_peak_364	99.4345	ZM4	1107819	1107820	TSS_2449	.	+	1107
ZM4	1112172	1112173	ZMO0199_peak_365	340.065	ZM4	1112201	1112202	TSS_2456	.	-	29
ZM4	1115299	1115300	ZMO0199_peak_366	118.486	ZM4	1115701	1115702	TSS_2457	.	-	402
ZM4	1115727	1115728	ZMO0199_peak_367	34.2388	ZM4	1115701	1115702	TSS_2457	.	-	-26
ZM4	1120427	1120428	ZMO0199_peak_368	274.806	ZM4	1119792	1119793	TSS_2459	.	-	-635
ZM4	1123497	1123498	ZMO0199_peak_369a	26.6498	ZM4	1124611	1124612	TSS_2464	.	+	-1114
ZM4	1123671	1123672	ZMO0199_peak_369b	123.015	ZM4	1124611	1124612	TSS_2464	.	+	-940
ZM4	1125271	1125272	ZMO0199_peak_370	65.4612	ZM4	1124955	1124956	TSS_2469	.	+	316
ZM4	1128966	1128967	ZMO0199_peak_371	79.5344	ZM4	1129059	1129060	TSS_2493	.	+	-93
ZM4	1129375	1129376	ZMO0199_peak_372a	6.85373	ZM4	1129396	1129397	TSS_2496	.	+	-21
ZM4	1129569	1129570	ZMO0199_peak_372b	117.734	ZM4	1129400	1129401	TSS_2498	.	+	169
ZM4	1132809	1132810	ZMO0199_peak_373a	19.559	ZM4	1132916	1132917	TSS_2506	.	+	-107
ZM4	1133076	1133077	ZMO0199_peak_373b	840.409	ZM4	1132918	1132919	TSS_2507	.	+	158
ZM4	1134991	1134992	ZMO0199_peak_374	1713.42	ZM4	1132918	1132919	TSS_2507	.	+	2073
ZM4	1143314	1143315	ZMO0199_peak_375	5833.35	ZM4	1143217	1143218	TSS_2518	.	-	-97
ZM4	1144290	1144291	ZMO0199_peak_376	496.108	ZM4	1143769	1143770	TSS_2520	.	-	-521
ZM4	1147567	1147568	ZMO0199_peak_377	247.754	ZM4	1147099	1147100	TSS_2525	.	+	468
ZM4	1151709	1151710	ZMO0199_peak_378	2990.46	ZM4	1151171	1151172	TSS_2536	.	+	538
ZM4	1154169	1154170	ZMO0199_peak_379a	4.06875	ZM4	1154148	1154149	TSS_2538	.	-	-21
ZM4	1154254	1154255	ZMO0199_peak_379b	31.8172	ZM4	1154148	1154149	TSS_2538	.	-	-106
ZM4	1155134	1155135	ZMO0199_peak_380	8312.86	ZM4	1154644	1154645	TSS_2540	.	-	-490
ZM4	1160891	1160892	ZMO0199_peak_381	83.7672	ZM4	1160414	1160415	TSS_2569	.	+	477
ZM4	1163727	1163728	ZMO0199_peak_382	4369.19	ZM4	1163348	1163349	TSS_2573	.	-	-379
ZM4	1165775	1165776	ZMO0199_peak_383	91.9237	ZM4	1165936	1165937	TSS_2578	.	-	161
ZM4	1166225	1166226	ZMO0199_peak_384	151.036	ZM4	1166155	1166156	TSS_2580	.	-	-70
ZM4	1168402	1168403	ZMO0199_peak_385	37.21	ZM4	1169434	1169435	TSS_2586	.	-	1032
ZM4	1168935	1168936	ZMO0199_peak_386a	644.314	ZM4	1169434	1169435	TSS_2586	.	-	499
ZM4	1169203	1169204	ZMO0199_peak_386b	551.832	ZM4	1169434	1169435	TSS_2586	.	-	231
ZM4	1170986	1170987	ZMO0199_peak_387	63.2905	ZM4	1170971	1170972	TSS_2591	.	-	-15
ZM4	1173765	1173766	ZMO0199_peak_388	30.251	ZM4	1173741	1173742	TSS_2594	.	-	-24
ZM4	1174641	1174642	ZMO0199_peak_389	96.6958	ZM4	1174466	1174467	TSS_2595	.	-	-175
ZM4	1175064	1175065	ZMO0199_peak_390a	8.39708	ZM4	1175072	1175073	TSS_2598	.	-	8
ZM4	1175220	1175221	ZMO0199_peak_390b	89.5675	ZM4	1175072	1175073	TSS_2598	.	-	-148
ZM4	1176199	1176200	ZMO0199_peak_391a	278.14	ZM4	1176433	1176434	TSS_2606	.	-	234
ZM4	1176643	1176644	ZMO0199_peak_391b	23112.2	ZM4	1176582	1176583	TSS_2618	.	+	61
ZM4	1179201	1179202	ZMO0199_peak_392	148.282	ZM4	1179384	1179385	TSS_2621	.	-	183
ZM4	1180127	1180128	ZMO0199_peak_393	66.5094	ZM4	1179567	1179568	TSS_2624	.	+	560
ZM4	1182440	1182441	ZMO0199_peak_394	12.0391	ZM4	1181555	1181556	TSS_2631	.	+	885
ZM4	1183589	1183590	ZMO0199_peak_395	2887.63	ZM4	1184548	1184549	TSS_2634	.	-	959
ZM4	1184634	1184635	ZMO0199_peak_396	22590.7	ZM4	1184635	1184636	TSS_2636	.	-	1
ZM4	1192723	1192724	ZMO0199_peak_397a	14.9694	ZM4	1194887	1194888	TSS_2649	.	-	2164
ZM4	1192883	1192884	ZMO0199_peak_397b	1.76628	ZM4	1194887	1194888	TSS_2649	.	-	2004
ZM4	1200066	1200067	ZMO0199_peak_398	1234.11	ZM4	1199518	1199519	TSS_2661	.	-	-548
ZM4	1200667	1200668	ZMO0199_peak_399	380.778	ZM4	1199518	1199519	TSS_2661	.	-	-1149
ZM4	1201986	1201987	ZMO0199_peak_400	244.424	ZM4	1202318	1202319	TSS_2664	.	-	332
ZM4	1206783	1206784	ZMO0199_peak_401a	39.0518	ZM4	1208006	1208007	TSS_2673	.	-	1223
ZM4	1207000	1207001	ZMO0199_peak_401b	1045.68	ZM4	1208006	1208007	TSS_2673	.	-	1006
ZM4	1212956	1212957	ZMO0199_peak_402	1609.05	ZM4	1212228	1212229	TSS_2686	.	+	728
ZM4	1213926	1213927	ZMO0199_peak_403	140.056	ZM4	1212228	1212229	TSS_2686	.	+	1698
ZM4	1214991	1214992	ZMO0199_peak_404	605.558	ZM4	1212228	1212229	TSS_2686	.	+	2763
ZM4	1216741	1216742	ZMO0199_peak_405	121.225	ZM4	1212228	1212229	TSS_2686	.	+	4513
ZM4	1222761	1222762	ZMO0199_peak_406	117.462	ZM4	1225593	1225594	TSS_2694	.	+	-2832
ZM4	1227409	1227410	ZMO0199_peak_407	287.369	ZM4	1227002	1227003	TSS_2698	.	+	407
ZM4	1228889	1228890	ZMO0199_peak_408	206.089	ZM4	1230397	1230398	TSS_2702	.	-	1508
ZM4	1230888	1230889	ZMO0199_peak_409	104.388	ZM4	1230974	1230975	TSS_2704	.	-	86
ZM4	1234146	1234147	ZMO0199_peak_410	376.814	ZM4	1232253	1232254	TSS_2708	.	+	1893
ZM4	1236275	1236276	ZMO0199_peak_411	130.458	ZM4	1236263	1236264	TSS_2716	.	-	-12
ZM4	1237626	1237627	ZMO0199_peak_412	89.5675	ZM4	1238053	1238054	TSS_2730	.	-	427
ZM4	1240775	1240776	ZMO0199_peak_413a	319.902	ZM4	1240491	1240492	TSS_2743	.	+	284
ZM4	1240949	1240950	ZMO0199_peak_413b	229.394	ZM4	1240491	1240492	TSS_2743	.	+	458
ZM4	1242143	1242144	ZMO0199_peak_414	496.606	ZM4	1242123	1242124	TSS_2746	.	+	20
ZM4	1245573	1245574	ZMO0199_peak_415	3534.05	ZM4	1245168	1245169	TSS_2763	.	+	405
ZM4	1249548	1249549	ZMO0199_peak_416	68.7792	ZM4	1249480	1249481	TSS_2775	.	-	-68
ZM4	1250537	1250538	ZMO0199_peak_417	702.984	ZM4	1250594	1250595	TSS_2779	.	+	-57
ZM4	1251291	1251292	ZMO0199_peak_418	799.094	ZM4	1251406	1251407	TSS_2789	.	+	-115
ZM4	1253906	1253907	ZMO0199_peak_419	765.41	ZM4	1253921	1253922	TSS_2797	.	-	15
ZM4	1254984	1254985	ZMO0199_peak_420	592.538	ZM4	1255857	1255858	TSS_2803	.	+	-873
ZM4	1256113	1256114	ZMO0199_peak_421	44.9369	ZM4	1255857	1255858	TSS_2803	.	+	256
ZM4	1256541	1256542	ZMO0199_peak_422	1786.83	ZM4	1255857	1255858	TSS_2803	.	+	684
ZM4	1260933	1260934	ZMO0199_peak_423	306.082	ZM4	1260890	1260891	TSS_2807	.	-	-43
ZM4	1264591	1264592	ZMO0199_peak_424	13829.6	ZM4	1264569	1264570	TSS_2830	.	-	-22
ZM4	1265285	1265286	ZMO0199_peak_425a	5861.54	ZM4	1265079	1265080	TSS_2834	.	-	-206
ZM4	1265584	1265585	ZMO0199_peak_425b	14.9694	ZM4	1265664	1265665	TSS_2837	.	-	80
ZM4	1268979	1268980	ZMO0199_peak_426	52.4591	ZM4	1268345	1268346	TSS_2851	.	+	634
ZM4	1270678	1270679	ZMO0199_peak_427	105.857	ZM4	1270888	1270889	TSS_2852	.	-	210
ZM4	1275434	1275435	ZMO0199_peak_428	95.6311	ZM4	1278786	1278787	TSS_2859	.	+	-3352
ZM4	1275970	1275971	ZMO0199_peak_429	346.385	ZM4	1278786	1278787	TSS_2859	.	+	-2816
ZM4	1278665	1278666	ZMO0199_peak_430	913.186	ZM4	1278786	1278787	TSS_2859	.	+	-121
ZM4	1287740	1287741	ZMO0199_peak_431	685.851	ZM4	1286733	1286734	TSS_2869	.	+	1007
ZM4	1288426	1288427	ZMO0199_peak_432a	39.3462	ZM4	1288993	1288994	TSS_2871	.	-	567
ZM4	1288703	1288704	ZMO0199_peak_432b	3413.26	ZM4	1288993	1288994	TSS_2871	.	-	290
ZM4	1289114	1289115	ZMO0199_peak_433a	27.9031	ZM4	1289122	1289123	TSS_2878	.	-	8
ZM4	1289333	1289334	ZMO0199_peak_433b	108.346	ZM4	1289123	1289124	TSS_2880	.	+	210
ZM4	1302888	1302889	ZMO0199_peak_434	158.447	ZM4	1302961	1302962	TSS_2909	.	-	73
ZM4	1305055	1305056	ZMO0199_peak_435	231.873	ZM4	1305817	1305818	TSS_2920	.	-	762
ZM4	1307182	1307183	ZMO0199_peak_436	22.6818	ZM4	1307710	1307711	TSS_2932	.	-	528
ZM4	1310615	1310616	ZMO0199_peak_437	236.72	ZM4	1311230	1311231	TSS_2940	.	-	615
ZM4	1318694	1318695	ZMO0199_peak_438	130.608	ZM4	1316003	1316004	TSS_2951	.	+	2691
ZM4	1321886	1321887	ZMO0199_peak_439	249.979	ZM4	1322319	1322320	TSS_2955	.	-	433
ZM4	1336286	1336287	ZMO0199_peak_440	56.784	ZM4	1335874	1335875	TSS_2983	.	-	-412
ZM4	1337841	1337842	ZMO0199_peak_441	1380.7	ZM4	1338535	1338536	TSS_2986	.	-	694
ZM4	1338482	1338483	ZMO0199_peak_442	200.926	ZM4	1338535	1338536	TSS_2986	.	-	53
ZM4	1343112	1343113	ZMO0199_peak_443	616.339	ZM4	1342259	1342260	TSS_2996	.	+	853
ZM4	1346969	1346970	ZMO0199_peak_444	127.793	ZM4	1347978	1347979	TSS_3007	.	+	-1009
ZM4	1347977	1347978	ZMO0199_peak_445	59.7627	ZM4	1347978	1347979	TSS_3007	.	+	-1
ZM4	1352732	1352733	ZMO0199_peak_446	83.455	ZM4	1352574	1352575	TSS_3025	.	+	158
ZM4	1353591	1353592	ZMO0199_peak_447	1144.31	ZM4	1353460	1353461	TSS_3027	.	-	-131
ZM4	1370428	1370429	ZMO0199_peak_448	212.058	ZM4	1370688	1370689	TSS_3082	.	-	260
ZM4	1372675	1372676	ZMO0199_peak_449	59.365	ZM4	1371021	1371022	TSS_3096	.	-	-1654
ZM4	1374724	1374725	ZMO0199_peak_450	47.8153	ZM4	1374707	1374708	TSS_3097	.	-	-17
ZM4	1377631	1377632	ZMO0199_peak_451	83.182	ZM4	1377635	1377636	TSS_3117	.	-	4
ZM4	1379716	1379717	ZMO0199_peak_452	48.851	ZM4	1379883	1379884	TSS_3124	.	+	-167
ZM4	1381624	1381625	ZMO0199_peak_453	100.91	ZM4	1383305	1383306	TSS_3129	.	+	-1681
ZM4	1382205	1382206	ZMO0199_peak_454	48.1332	ZM4	1383305	1383306	TSS_3129	.	+	-1100
ZM4	1383982	1383983	ZMO0199_peak_455a	42.2442	ZM4	1383941	1383942	TSS_3134	.	+	41
ZM4	1384145	1384146	ZMO0199_peak_455b	56.5006	ZM4	1383941	1383942	TSS_3134	.	+	204
ZM4	1385376	1385377	ZMO0199_peak_456	500.746	ZM4	1384517	1384518	TSS_3135	.	+	859
ZM4	1387879	1387880	ZMO0199_peak_457	2321.77	ZM4	1387853	1387854	TSS_3140	.	-	-26
ZM4	1390759	1390760	ZMO0199_peak_458	223.366	ZM4	1388128	1388129	TSS_3143	.	+	2631
ZM4	1394788	1394789	ZMO0199_peak_459	104.003	ZM4	1395415	1395416	TSS_3155	.	-	627
ZM4	1396741	1396742	ZMO0199_peak_460	1333.53	ZM4	1395415	1395416	TSS_3155	.	-	-1326
ZM4	1399881	1399882	ZMO0199_peak_461	216.096	ZM4	1399293	1399294	TSS_3159	.	+	588
ZM4	1400197	1400198	ZMO0199_peak_462	5.29098	ZM4	1399293	1399294	TSS_3159	.	+	904
ZM4	1402055	1402056	ZMO0199_peak_463	11.1968	ZM4	1401423	1401424	TSS_3161	.	+	632
ZM4	1403605	1403606	ZMO0199_peak_464	159.706	ZM4	1404133	1404134	TSS_3163	.	-	528
ZM4	1406097	1406098	ZMO0199_peak_465a	1.38718	ZM4	1404249	1404250	TSS_3164	.	+	1848
ZM4	1406285	1406286	ZMO0199_peak_465b	160.307	ZM4	1404249	1404250	TSS_3164	.	+	2036
ZM4	1408453	1408454	ZMO0199_peak_466	3329.71	ZM4	1409018	1409019	TSS_3170	.	+	-565
ZM4	1412809	1412810	ZMO0199_peak_467a	1728.8	ZM4	1413024	1413025	TSS_3173	.	-	215
ZM4	1413116	1413117	ZMO0199_peak_467b	1850.12	ZM4	1413085	1413086	TSS_3176	.	-	-31
ZM4	1414197	1414198	ZMO0199_peak_468	400.736	ZM4	1413761	1413762	TSS_3179	.	-	-436
ZM4	1416428	1416429	ZMO0199_peak_469	144.536	ZM4	1416987	1416988	TSS_3180	.	-	559
ZM4	1421783	1421784	ZMO0199_peak_470	42.8147	ZM4	1422132	1422133	TSS_3193	.	-	349
ZM4	1422253	1422254	ZMO0199_peak_471	32.9544	ZM4	1422354	1422355	TSS_3194	.	-	101
ZM4	1426281	1426282	ZMO0199_peak_472	806.374	ZM4	1425903	1425904	TSS_3216	.	+	378
ZM4	1427188	1427189	ZMO0199_peak_473	3866.27	ZM4	1427312	1427313	TSS_3222	.	-	124
ZM4	1430493	1430494	ZMO0199_peak_474	136.923	ZM4	1429977	1429978	TSS_3230	.	-	-516
ZM4	1435686	1435687	ZMO0199_peak_475	60.3868	ZM4	1437690	1437691	TSS_3234	.	-	2004
ZM4	1437186	1437187	ZMO0199_peak_476	110.225	ZM4	1437690	1437691	TSS_3234	.	-	504
ZM4	1443940	1443941	ZMO0199_peak_477	62.9683	ZM4	1443683	1443684	TSS_3240	.	+	257
ZM4	1445435	1445436	ZMO0199_peak_478	31.9078	ZM4	1444544	1444545	TSS_3242	.	+	891
ZM4	1448594	1448595	ZMO0199_peak_479	1540.93	ZM4	1448803	1448804	TSS_3247	.	-	209
ZM4	1450823	1450824	ZMO0199_peak_480	3310.86	ZM4	1451208	1451209	TSS_3251	.	-	385
ZM4	1455262	1455263	ZMO0199_peak_481a	79.0648	ZM4	1456147	1456148	TSS_3254	.	-	885
ZM4	1455521	1455522	ZMO0199_peak_481b	74.9058	ZM4	1456147	1456148	TSS_3254	.	-	626
ZM4	1457106	1457107	ZMO0199_peak_482	9274.05	ZM4	1456331	1456332	TSS_3256	.	-	-775
ZM4	1463200	1463201	ZMO0199_peak_483a	68.964	ZM4	1462045	1462046	TSS_3264	.	-	-1155
ZM4	1463342	1463343	ZMO0199_peak_483b	595.15	ZM4	1462045	1462046	TSS_3264	.	-	-1297
ZM4	1463989	1463990	ZMO0199_peak_484	242.25	ZM4	1462045	1462046	TSS_3264	.	-	-1944
ZM4	1466897	1466898	ZMO0199_peak_485	882.957	ZM4	1466925	1466926	TSS_3269	.	-	28
ZM4	1467337	1467338	ZMO0199_peak_486	172.238	ZM4	1467079	1467080	TSS_3270	.	+	258
ZM4	1470664	1470665	ZMO0199_peak_487a	93.4511	ZM4	1468913	1468914	TSS_3272	.	-	-1751
ZM4	1470882	1470883	ZMO0199_peak_487b	201.492	ZM4	1468913	1468914	TSS_3272	.	-	-1969
ZM4	1472970	1472971	ZMO0199_peak_488	1051.32	ZM4	1473707	1473708	TSS_3273	.	-	737
ZM4	1475143	1475144	ZMO0199_peak_489	70.8751	ZM4	1475500	1475501	TSS_3275	.	+	-357
ZM4	1475577	1475578	ZMO0199_peak_490	117.818	ZM4	1475500	1475501	TSS_3275	.	+	77
ZM4	1475991	1475992	ZMO0199_peak_491	54.4778	ZM4	1476000	1476001	TSS_3276	.	+	-9
ZM4	1482011	1482012	ZMO0199_peak_492	114.01	ZM4	1480998	1480999	TSS_3279	.	-	-1013
ZM4	1482376	1482377	ZMO0199_peak_493	2815.63	ZM4	1480998	1480999	TSS_3279	.	-	-1378
ZM4	1484724	1484725	ZMO0199_peak_494a	164.955	ZM4	1486364	1486365	TSS_3284	.	-	1640
ZM4	1484877	1484878	ZMO0199_peak_494b	107.512	ZM4	1486364	1486365	TSS_3284	.	-	1487
ZM4	1487409	1487410	ZMO0199_peak_495	116.926	ZM4	1486365	1486366	TSS_3285	.	-	-1044
ZM4	1491337	1491338	ZMO0199_peak_496	509.115	ZM4	1492604	1492605	TSS_3294	.	-	1267
ZM4	1491810	1491811	ZMO0199_peak_497a	104.186	ZM4	1492604	1492605	TSS_3294	.	-	794
ZM4	1491993	1491994	ZMO0199_peak_497b	20.1325	ZM4	1492604	1492605	TSS_3294	.	-	611
ZM4	1493553	1493554	ZMO0199_peak_498	607.162	ZM4	1493807	1493808	TSS_3295	.	-	254
ZM4	1494288	1494289	ZMO0199_peak_499	1399.66	ZM4	1494144	1494145	TSS_3296	.	-	-144
ZM4	1495629	1495630	ZMO0199_peak_500	144.908	ZM4	1495871	1495872	TSS_3298	.	+	-242
ZM4	1502296	1502297	ZMO0199_peak_501	91.2291	ZM4	1502319	1502320	TSS_3310	.	-	23
ZM4	1507409	1507410	ZMO0199_peak_502	20.361	ZM4	1505529	1505530	TSS_3319	.	-	-1880
ZM4	1508931	1508932	ZMO0199_peak_503	208.606	ZM4	1505529	1505530	TSS_3319	.	-	-3402
ZM4	1510389	1510390	ZMO0199_peak_504	56.2362	ZM4	1512700	1512701	TSS_3323	.	+	-2311
ZM4	1515458	1515459	ZMO0199_peak_505	763.442	ZM4	1515197	1515198	TSS_3332	.	-	-261
ZM4	1516322	1516323	ZMO0199_peak_506a	15.7821	ZM4	1516288	1516289	TSS_3336	.	-	-34
ZM4	1516542	1516543	ZMO0199_peak_506b	42.0815	ZM4	1516600	1516601	TSS_3337	.	-	58
ZM4	1517074	1517075	ZMO0199_peak_507	478.13	ZM4	1517065	1517066	TSS_3342	.	+	9
ZM4	1517929	1517930	ZMO0199_peak_508	87.0433	ZM4	1517997	1517998	TSS_3369	.	+	-68
ZM4	1522829	1522830	ZMO0199_peak_509	65.0951	ZM4	1522632	1522633	TSS_3383	.	+	197
ZM4	1523107	1523108	ZMO0199_peak_510	326.29	ZM4	1522632	1522633	TSS_3383	.	+	475
ZM4	1523934	1523935	ZMO0199_peak_511	6820.58	ZM4	1522632	1522633	TSS_3383	.	+	1302
ZM4	1527009	1527010	ZMO0199_peak_512	125.669	ZM4	1527045	1527046	TSS_3390	.	-	36
ZM4	1529754	1529755	ZMO0199_peak_513	13684.9	ZM4	1531066	1531067	TSS_3395	.	-	1312
ZM4	1532052	1532053	ZMO0199_peak_514	3184.55	ZM4	1531799	1531800	TSS_3402	.	+	253
ZM4	1532586	1532587	ZMO0199_peak_515	327.75	ZM4	1532836	1532837	TSS_3404	.	+	-250
ZM4	1533198	1533199	ZMO0199_peak_516	60.3868	ZM4	1532836	1532837	TSS_3404	.	+	362
ZM4	1536362	1536363	ZMO0199_peak_517	276.134	ZM4	1536286	1536287	TSS_3408	.	+	76
ZM4	1536870	1536871	ZMO0199_peak_518	1987.19	ZM4	1536286	1536287	TSS_3408	.	+	584
ZM4	1538524	1538525	ZMO0199_peak_519	104.875	ZM4	1536286	1536287	TSS_3408	.	+	2238
ZM4	1538916	1538917	ZMO0199_peak_520	209.907	ZM4	1536286	1536287	TSS_3408	.	+	2630
ZM4	1540864	1540865	ZMO0199_peak_521	95.4952	ZM4	1543125	1543126	TSS_3414	.	-	2261
ZM4	1542235	1542236	ZMO0199_peak_522	877.461	ZM4	1543125	1543126	TSS_3414	.	-	890
ZM4	1544471	1544472	ZMO0199_peak_523	32.5821	ZM4	1544006	1544007	TSS_3429	.	-	-465
ZM4	1546440	1546441	ZMO0199_peak_524	140.859	ZM4	1546229	1546230	TSS_3435	.	-	-211
ZM4	1546807	1546808	ZMO0199_peak_525	2117.4	ZM4	1547277	1547278	TSS_3436	.	+	-470
ZM4	1548387	1548388	ZMO0199_peak_526	21.2703	ZM4	1547344	1547345	TSS_3443	.	+	1043
ZM4	1552790	1552791	ZMO0199_peak_527	65.4484	ZM4	1550719	1550720	TSS_3456	.	+	2071
ZM4	1559837	1559838	ZMO0199_peak_528	42.5109	ZM4	1562901	1562902	TSS_3466	.	-	3064
ZM4	1565267	1565268	ZMO0199_peak_529	205.55	ZM4	1565786	1565787	TSS_3480	.	+	-519
ZM4	1565753	1565754	ZMO0199_peak_530	116.829	ZM4	1565786	1565787	TSS_3480	.	+	-33
ZM4	1566675	1566676	ZMO0199_peak_531	65.9017	ZM4	1565803	1565804	TSS_3481	.	+	872
ZM4	1567215	1567216	ZMO0199_peak_532	902.802	ZM4	1565803	1565804	TSS_3481	.	+	1412
ZM4	1567960	1567961	ZMO0199_peak_533a	13524.1	ZM4	1565803	1565804	TSS_3481	.	+	2157
ZM4	1568264	1568265	ZMO0199_peak_533b	2307.09	ZM4	1565803	1565804	TSS_3481	.	+	2461
ZM4	1569022	1569023	ZMO0199_peak_534	344.401	ZM4	1565803	1565804	TSS_3481	.	+	3219
ZM4	1569529	1569530	ZMO0199_peak_535	2015.41	ZM4	1565803	1565804	TSS_3481	.	+	3726
ZM4	1571125	1571126	ZMO0199_peak_536	361.757	ZM4	1573897	1573898	TSS_3495	.	+	-2772
ZM4	1573645	1573646	ZMO0199_peak_537a	407.722	ZM4	1573897	1573898	TSS_3495	.	+	-252
ZM4	1573967	1573968	ZMO0199_peak_537b	513.159	ZM4	1573911	1573912	TSS_3497	.	+	56
ZM4	1575560	1575561	ZMO0199_peak_538	30.5915	ZM4	1576170	1576171	TSS_3499	.	+	-610
ZM4	1585220	1585221	ZMO0199_peak_539	331.255	ZM4	1585996	1585997	TSS_3520	.	+	-776
ZM4	1586439	1586440	ZMO0199_peak_540	52.3839	ZM4	1585996	1585997	TSS_3520	.	+	443
ZM4	1593433	1593434	ZMO0199_peak_541	4746.3	ZM4	1593641	1593642	TSS_3527	.	+	-208
ZM4	1597882	1597883	ZMO0199_peak_542	160.892	ZM4	1597152	1597153	TSS_3540	.	+	730
ZM4	1598475	1598476	ZMO0199_peak_543	45.1688	ZM4	1597152	1597153	TSS_3540	.	+	1323
ZM4	1599873	1599874	ZMO0199_peak_544	135.251	ZM4	1597152	1597153	TSS_3540	.	+	2721
ZM4	1602338	1602339	ZMO0199_peak_545	762.198	ZM4	1604521	1604522	TSS_3543	.	-	2183
ZM4	1604673	1604674	ZMO0199_peak_546	35.9653	ZM4	1604521	1604522	TSS_3543	.	-	-152
ZM4	1613903	1613904	ZMO0199_peak_547	7.77035	ZM4	1609991	1609992	TSS_3550	.	+	3912
ZM4	1618886	1618887	ZMO0199_peak_548	96.7379	ZM4	1620985	1620986	TSS_3553	.	+	-2099
ZM4	1619779	1619780	ZMO0199_peak_549	236.868	ZM4	1620985	1620986	TSS_3553	.	+	-1206
ZM4	1622930	1622931	ZMO0199_peak_550	2503.66	ZM4	1624685	1624686	TSS_3558	.	-	1755
ZM4	1625413	1625414	ZMO0199_peak_551	167.867	ZM4	1625857	1625858	TSS_3560	.	+	-444
ZM4	1626166	1626167	ZMO0199_peak_552	74.922	ZM4	1626047	1626048	TSS_3562	.	+	119
ZM4	1627054	1627055	ZMO0199_peak_553	18219.7	ZM4	1627080	1627081	TSS_3564	.	+	-26
ZM4	1630614	1630615	ZMO0199_peak_554	297.468	ZM4	1633836	1633837	TSS_3567	.	-	3222
ZM4	1633581	1633582	ZMO0199_peak_555	137.405	ZM4	1633836	1633837	TSS_3567	.	-	255
ZM4	1636103	1636104	ZMO0199_peak_556	136.171	ZM4	1635946	1635947	TSS_3573	.	-	-157
ZM4	1636483	1636484	ZMO0199_peak_557	221.686	ZM4	1636761	1636762	TSS_3575	.	+	-278
ZM4	1648666	1648667	ZMO0199_peak_558	234.483	ZM4	1648656	1648657	TSS_3598	.	-	-10
ZM4	1649233	1649234	ZMO0199_peak_559	22.5512	ZM4	1648656	1648657	TSS_3598	.	-	-577
ZM4	1650737	1650738	ZMO0199_peak_560	24.2846	ZM4	1651265	1651266	TSS_3600	.	-	528
ZM4	1651834	1651835	ZMO0199_peak_561	302.075	ZM4	1651304	1651305	TSS_3601	.	-	-530
ZM4	1654910	1654911	ZMO0199_peak_562	439.462	ZM4	1655015	1655016	TSS_3630	.	+	-105
ZM4	1657484	1657485	ZMO0199_peak_563	137.372	ZM4	1657523	1657524	TSS_3638	.	-	39
ZM4	1662417	1662418	ZMO0199_peak_564	48.2066	ZM4	1662162	1662163	TSS_3645	.	+	255
ZM4	1663392	1663393	ZMO0199_peak_565	1432.6	ZM4	1663342	1663343	TSS_3650	.	+	50
ZM4	1665315	1665316	ZMO0199_peak_566	693.24	ZM4	1665287	1665288	TSS_3655	.	+	28
ZM4	1666490	1666491	ZMO0199_peak_567	196.083	ZM4	1665381	1665382	TSS_3658	.	+	1109
ZM4	1671132	1671133	ZMO0199_peak_568	26.6953	ZM4	1671640	1671641	TSS_3666	.	+	-508
ZM4	1676946	1676947	ZMO0199_peak_569	29.8668	ZM4	1676953	1676954	TSS_3667	.	-	7
ZM4	1677575	1677576	ZMO0199_peak_570	34.7892	ZM4	1676955	1676956	TSS_3668	.	-	-620
ZM4	1679750	1679751	ZMO0199_peak_571a	399.124	ZM4	1679692	1679693	TSS_3672	.	-	-58
ZM4	1680004	1680005	ZMO0199_peak_571b	143.49	ZM4	1679692	1679693	TSS_3672	.	-	-312
ZM4	1682116	1682117	ZMO0199_peak_572	308.023	ZM4	1682128	1682129	TSS_3680	.	+	-12
ZM4	1686980	1686981	ZMO0199_peak_573	916.512	ZM4	1687472	1687473	TSS_3694	.	-	492
ZM4	1687577	1687578	ZMO0199_peak_574	378.678	ZM4	1687584	1687585	TSS_3697	.	-	7
ZM4	1688345	1688346	ZMO0199_peak_575	216.872	ZM4	1687584	1687585	TSS_3697	.	-	-761
ZM4	1697788	1697789	ZMO0199_peak_576	411.143	ZM4	1697725	1697726	TSS_3715	.	+	63
ZM4	1700716	1700717	ZMO0199_peak_577	2763.3	ZM4	1703017	1703018	TSS_3719	.	-	2301
ZM4	1706872	1706873	ZMO0199_peak_578	983.052	ZM4	1706545	1706546	TSS_3738	.	+	327
ZM4	1717633	1717634	ZMO0199_peak_579	37.6279	ZM4	1716982	1716983	TSS_3752	.	+	651
ZM4	1720942	1720943	ZMO0199_peak_580a	79.9079	ZM4	1720819	1720820	TSS_3759	.	-	-123
ZM4	1721198	1721199	ZMO0199_peak_580b	112.144	ZM4	1720819	1720820	TSS_3759	.	-	-379
ZM4	1721642	1721643	ZMO0199_peak_581	3173.69	ZM4	1721797	1721798	TSS_3760	.	-	155
ZM4	1727668	1727669	ZMO0199_peak_582	175.623	ZM4	1726705	1726706	TSS_3767	.	+	963
ZM4	1729867	1729868	ZMO0199_peak_583	301.048	ZM4	1729998	1729999	TSS_3768	.	+	-131
ZM4	1736697	1736698	ZMO0199_peak_584	434.176	ZM4	1738113	1738114	TSS_3774	.	-	1416
ZM4	1742284	1742285	ZMO0199_peak_585	93.4244	ZM4	1742186	1742187	TSS_3784	.	+	98
ZM4	1744928	1744929	ZMO0199_peak_586	320.24	ZM4	1746747	1746748	TSS_3787	.	-	1819
ZM4	1746813	1746814	ZMO0199_peak_587	90.6449	ZM4	1746817	1746818	TSS_3790	.	-	4
ZM4	1748692	1748693	ZMO0199_peak_588	1431.33	ZM4	1748683	1748684	TSS_3804	.	+	9
ZM4	1753235	1753236	ZMO0199_peak_589	59.3174	ZM4	1752975	1752976	TSS_3809	.	-	-260
ZM4	1753882	1753883	ZMO0199_peak_590	47.7198	ZM4	1752975	1752976	TSS_3809	.	-	-907
ZM4	1757447	1757448	ZMO0199_peak_591	146.913	ZM4	1757680	1757681	TSS_3818	.	-	233
ZM4	1758602	1758603	ZMO0199_peak_592	322.053	ZM4	1758606	1758607	TSS_3826	.	+	-4
ZM4	1758937	1758938	ZMO0199_peak_593	265.27	ZM4	1759186	1759187	TSS_3827	.	+	-249
ZM4	1761205	1761206	ZMO0199_peak_594	217.469	ZM4	1761090	1761091	TSS_3831	.	+	115
ZM4	1763461	1763462	ZMO0199_peak_595	288.794	ZM4	1763629	1763630	TSS_3832	.	-	168
ZM4	1770718	1770719	ZMO0199_peak_596	97.1797	ZM4	1770789	1770790	TSS_3879	.	-	71
ZM4	1781294	1781295	ZMO0199_peak_597	812.789	ZM4	1780429	1780430	TSS_3907	.	+	865
ZM4	1790163	1790164	ZMO0199_peak_598	81.9343	ZM4	1788630	1788631	TSS_3919	.	-	-1533
ZM4	1794401	1794402	ZMO0199_peak_599	5697.19	ZM4	1794364	1794365	TSS_3925	.	+	37
ZM4	1796255	1796256	ZMO0199_peak_600	2501.68	ZM4	1796927	1796928	TSS_3931	.	+	-672
ZM4	1796959	1796960	ZMO0199_peak_601	1338.6	ZM4	1796971	1796972	TSS_3940	.	+	-12
ZM4	1797502	1797503	ZMO0199_peak_602	120.867	ZM4	1797526	1797527	TSS_3956	.	+	-24
ZM4	1798045	1798046	ZMO0199_peak_603	7342.32	ZM4	1798073	1798074	TSS_3960	.	+	-28
ZM4	1801758	1801759	ZMO0199_peak_604a	49.8021	ZM4	1801999	1802000	TSS_3966	.	+	-241
ZM4	1802059	1802060	ZMO0199_peak_604b	3204.57	ZM4	1801999	1802000	TSS_3966	.	+	60
ZM4	1805950	1805951	ZMO0199_peak_605	917.271	ZM4	1805142	1805143	TSS_3972	.	-	-808
ZM4	1806661	1806662	ZMO0199_peak_606	12.9691	ZM4	1807385	1807386	TSS_3975	.	+	-724
ZM4	1811549	1811550	ZMO0199_peak_607	483.11	ZM4	1811258	1811259	TSS_3980	.	-	-291
ZM4	1812940	1812941	ZMO0199_peak_608	32.4452	ZM4	1812784	1812785	TSS_3982	.	-	-156
ZM4	1815864	1815865	ZMO0199_peak_609	65.7838	ZM4	1816346	1816347	TSS_3987	.	-	482
ZM4	1826329	1826330	ZMO0199_peak_610	67.9174	ZM4	1826464	1826465	TSS_4004	.	-	135
ZM4	1827638	1827639	ZMO0199_peak_611	180.807	ZM4	1827380	1827381	TSS_4024	.	-	-258
ZM4	1828371	1828372	ZMO0199_peak_612	128.195	ZM4	1827380	1827381	TSS_4024	.	-	-991
ZM4	1831026	1831027	ZMO0199_peak_613	136.465	ZM4	1834544	1834545	TSS_4033	.	+	-3518
ZM4	1832636	1832637	ZMO0199_peak_614	18072.8	ZM4	1834544	1834545	TSS_4033	.	+	-1908
ZM4	1837523	1837524	ZMO0199_peak_615	53.2491	ZM4	1834932	1834933	TSS_4037	.	+	2591
ZM4	1842440	1842441	ZMO0199_peak_616	49.6233	ZM4	1842683	1842684	TSS_4069	.	+	-243
ZM4	1843561	1843562	ZMO0199_peak_617	603.993	ZM4	1842683	1842684	TSS_4069	.	+	878
ZM4	1844302	1844303	ZMO0199_peak_618	396.469	ZM4	1845713	1845714	TSS_4076	.	-	1411
ZM4	1845087	1845088	ZMO0199_peak_619	117.714	ZM4	1845713	1845714	TSS_4076	.	-	626
ZM4	1848227	1848228	ZMO0199_peak_620	40.6594	ZM4	1849012	1849013	TSS_4085	.	-	785
ZM4	1848596	1848597	ZMO0199_peak_621	670.907	ZM4	1849012	1849013	TSS_4085	.	-	416
ZM4	1849797	1849798	ZMO0199_peak_622	609.971	ZM4	1849748	1849749	TSS_4086	.	-	-49
ZM4	1855203	1855204	ZMO0199_peak_623	281.831	ZM4	1855211	1855212	TSS_4087	.	-	8
ZM4	1856065	1856066	ZMO0199_peak_624	40.5773	ZM4	1855211	1855212	TSS_4087	.	-	-854
ZM4	1861215	1861216	ZMO0199_peak_625	60.348	ZM4	1860551	1860552	TSS_4093	.	-	-664
ZM4	1862425	1862426	ZMO0199_peak_626	48.9935	ZM4	1860551	1860552	TSS_4093	.	-	-1874
ZM4	1862752	1862753	ZMO0199_peak_627	1430.72	ZM4	1864306	1864307	TSS_4096	.	+	-1554
ZM4	1864123	1864124	ZMO0199_peak_628	91.4478	ZM4	1864306	1864307	TSS_4096	.	+	-183
ZM4	1868285	1868286	ZMO0199_peak_629	52.5923	ZM4	1868635	1868636	TSS_4103	.	+	-350
ZM4	1871750	1871751	ZMO0199_peak_630	3545.99	ZM4	1874059	1874060	TSS_4106	.	+	-2309
ZM4	1873290	1873291	ZMO0199_peak_631	148.518	ZM4	1874059	1874060	TSS_4106	.	+	-769
ZM4	1874895	1874896	ZMO0199_peak_632	89.3759	ZM4	1874059	1874060	TSS_4106	.	+	836
ZM4	1877289	1877290	ZMO0199_peak_633a	86.4612	ZM4	1874059	1874060	TSS_4106	.	+	3230
ZM4	1877652	1877653	ZMO0199_peak_633b	5782.85	ZM4	1874059	1874060	TSS_4106	.	+	3593
ZM4	1879073	1879074	ZMO0199_peak_634	159.668	ZM4	1882290	1882291	TSS_4110	.	-	3217
ZM4	1882320	1882321	ZMO0199_peak_635	199.596	ZM4	1882292	1882293	TSS_4112	.	-	-28
ZM4	1885415	1885416	ZMO0199_peak_636	96.4671	ZM4	1884937	1884938	TSS_4122	.	-	-478
ZM4	1887330	1887331	ZMO0199_peak_637	1280.5	ZM4	1886815	1886816	TSS_4129	.	-	-515
ZM4	1894345	1894346	ZMO0199_peak_638	158.396	ZM4	1893193	1893194	TSS_4139	.	-	-1152
ZM4	1896954	1896955	ZMO0199_peak_639	3444.25	ZM4	1895930	1895931	TSS_4141	.	-	-1024
ZM4	1899226	1899227	ZMO0199_peak_640	1084.69	ZM4	1895930	1895931	TSS_4141	.	-	-3296
ZM4	1904035	1904036	ZMO0199_peak_641	95.4065	ZM4	1908779	1908780	TSS_4143	.	-	4744
ZM4	1904928	1904929	ZMO0199_peak_642	273.81	ZM4	1908779	1908780	TSS_4143	.	-	3851
ZM4	1906669	1906670	ZMO0199_peak_643	128.576	ZM4	1908779	1908780	TSS_4143	.	-	2110
ZM4	1909878	1909879	ZMO0199_peak_644	185.609	ZM4	1910302	1910303	TSS_4149	.	-	424
ZM4	1917888	1917889	ZMO0199_peak_645	112.275	ZM4	1922589	1922590	TSS_4158	.	-	4701
ZM4	1918780	1918781	ZMO0199_peak_646	254.267	ZM4	1922589	1922590	TSS_4158	.	-	3809
ZM4	1922539	1922540	ZMO0199_peak_647	54.9013	ZM4	1922589	1922590	TSS_4158	.	-	50
ZM4	1925650	1925651	ZMO0199_peak_648a	3341.19	ZM4	1925471	1925472	TSS_4168	.	-	-179
ZM4	1925913	1925914	ZMO0199_peak_648b	58.4719	ZM4	1926300	1926301	TSS_4170	.	-	387
ZM4	1926135	1926136	ZMO0199_peak_648c	39.1976	ZM4	1926300	1926301	TSS_4170	.	-	165
ZM4	1932283	1932284	ZMO0199_peak_649	1731.55	ZM4	1932471	1932472	TSS_4195	.	+	-188
ZM4	1940345	1940346	ZMO0199_peak_650	130.318	ZM4	1941316	1941317	TSS_4221	.	-	971
ZM4	1944267	1944268	ZMO0199_peak_651	90.0547	ZM4	1945090	1945091	TSS_4233	.	-	823
ZM4	1945613	1945614	ZMO0199_peak_652	158.277	ZM4	1945760	1945761	TSS_4235	.	-	147
ZM4	1948398	1948399	ZMO0199_peak_653	34.2143	ZM4	1950035	1950036	TSS_4246	.	-	1637
ZM4	1950855	1950856	ZMO0199_peak_654	85.5821	ZM4	1950035	1950036	TSS_4246	.	-	-820
ZM4	1951871	1951872	ZMO0199_peak_655	440.162	ZM4	1953176	1953177	TSS_4249	.	-	1305
ZM4	1954458	1954459	ZMO0199_peak_656	354.109	ZM4	1954457	1954458	TSS_4254	.	-	-1
ZM4	1959584	1959585	ZMO0199_peak_657a	62.6517	ZM4	1958887	1958888	TSS_4269	.	-	-697
ZM4	1959661	1959662	ZMO0199_peak_657b	68.4727	ZM4	1958887	1958888	TSS_4269	.	-	-774
ZM4	1964231	1964232	ZMO0199_peak_658	393.604	ZM4	1964283	1964284	TSS_4292	.	+	-52
ZM4	1967928	1967929	ZMO0199_peak_659	56.4625	ZM4	1965804	1965805	TSS_4298	.	+	2124
ZM4	1968792	1968793	ZMO0199_peak_660	1298.49	ZM4	1970168	1970169	TSS_4305	.	-	1376
ZM4	1970297	1970298	ZMO0199_peak_661	10.4359	ZM4	1970168	1970169	TSS_4305	.	-	-129
ZM4	1971750	1971751	ZMO0199_peak_662	13.0027	ZM4	1971103	1971104	TSS_4309	.	-	-647
ZM4	1973026	1973027	ZMO0199_peak_663	1448.44	ZM4	1973025	1973026	TSS_4311	.	+	1
ZM4	1974158	1974159	ZMO0199_peak_664	276.181	ZM4	1973075	1973076	TSS_4318	.	+	1083
ZM4	1976519	1976520	ZMO0199_peak_665	554.355	ZM4	1977370	1977371	TSS_4323	.	-	851
ZM4	1977093	1977094	ZMO0199_peak_666a	4.717	ZM4	1977370	1977371	TSS_4323	.	-	277
ZM4	1977260	1977261	ZMO0199_peak_666b	25.9811	ZM4	1977370	1977371	TSS_4323	.	-	110
ZM4	1977775	1977776	ZMO0199_peak_667	1459.76	ZM4	1977451	1977452	TSS_4324	.	+	324
ZM4	1980141	1980142	ZMO0199_peak_668	34.4757	ZM4	1980115	1980116	TSS_4328	.	-	-26
ZM4	1980471	1980472	ZMO0199_peak_669	2445.92	ZM4	1980115	1980116	TSS_4328	.	-	-356
ZM4	1985941	1985942	ZMO0199_peak_670	124.833	ZM4	1986320	1986321	TSS_4363	.	+	-379
ZM4	1991722	1991723	ZMO0199_peak_671	221.98	ZM4	1994250	1994251	TSS_4371	.	-	2528
ZM4	1992362	1992363	ZMO0199_peak_672	62.2155	ZM4	1994250	1994251	TSS_4371	.	-	1888
ZM4	1994065	1994066	ZMO0199_peak_673	13.4177	ZM4	1994250	1994251	TSS_4371	.	-	185
ZM4	2004611	2004612	ZMO0199_peak_674	236.528	ZM4	2003022	2003023	TSS_4374	.	-	-1589
ZM4	2006201	2006202	ZMO0199_peak_675	7300.48	ZM4	2003022	2003023	TSS_4374	.	-	-3179
ZM4	2010510	2010511	ZMO0199_peak_676a	3.33263	ZM4	2013493	2013494	TSS_4384	.	-	2983
ZM4	2010710	2010711	ZMO0199_peak_676b	465.164	ZM4	2013493	2013494	TSS_4384	.	-	2783
ZM4	2012562	2012563	ZMO0199_peak_677a	949.133	ZM4	2013493	2013494	TSS_4384	.	-	931
ZM4	2012773	2012774	ZMO0199_peak_677b	241.492	ZM4	2013493	2013494	TSS_4384	.	-	720
ZM4	2013295	2013296	ZMO0199_peak_678	448.066	ZM4	2013493	2013494	TSS_4384	.	-	198
ZM4	2014322	2014323	ZMO0199_peak_679	298.653	ZM4	2013557	2013558	TSS_4386	.	-	-765
ZM4	2018361	2018362	ZMO0199_peak_680	152.602	ZM4	2017437	2017438	TSS_4391	.	-	-924
ZM4	2020800	2020801	ZMO0199_peak_681	646.515	ZM4	2020374	2020375	TSS_4395	.	-	-426
ZM4	2030322	2030323	ZMO0199_peak_682a	339.262	ZM4	2031057	2031058	TSS_4404	.	+	-735
ZM4	2030586	2030587	ZMO0199_peak_682b	1519.78	ZM4	2031057	2031058	TSS_4404	.	+	-471
ZM4	2031208	2031209	ZMO0199_peak_683	2084.96	ZM4	2031059	2031060	TSS_4405	.	+	149
ZM4	2032506	2032507	ZMO0199_peak_684	18.6029	ZM4	2033927	2033928	TSS_4406	.	-	1421
ZM4	2034009	2034010	ZMO0199_peak_685	75.7284	ZM4	2033975	2033976	TSS_4409	.	-	-34
ZM4	2036456	2036457	ZMO0199_peak_686	17702.1	ZM4	2036639	2036640	TSS_4412	.	+	-183
ZM4	2043025	2043026	ZMO0199_peak_687	452.033	ZM4	2043114	2043115	TSS_4414	.	-	89
ZM4	2045178	2045179	ZMO0199_peak_688	27.0946	ZM4	2045899	2045900	TSS_4417	.	+	-721
ZM4	2045669	2045670	ZMO0199_peak_689a	1074.62	ZM4	2045899	2045900	TSS_4417	.	+	-230
ZM4	2045907	2045908	ZMO0199_peak_689b	6322.79	ZM4	2045899	2045900	TSS_4417	.	+	8
ZM4	2047155	2047156	ZMO0199_peak_690	44.4014	ZM4	2045899	2045900	TSS_4417	.	+	1256
ZM4	2057924	2057925	ZMO0199_peak_691	97.9957	ZM4	2058164	2058165	TSS_4428	.	-	240
pZM32	391	392	ZMO0199_peak_692	7843.68	pZM32	4033	4034	TSS_4431	.	+	-3642
pZM32	1092	1093	ZMO0199_peak_693	16.5221	pZM32	4033	4034	TSS_4431	.	+	-2941
pZM32	4545	4546	ZMO0199_peak_694	230.183	pZM32	4389	4390	TSS_4433	.	+	156
pZM32	9661	9662	ZMO0199_peak_695	1968.75	pZM32	11376	11377	TSS_4444	.	-	1715
pZM32	13702	13703	ZMO0199_peak_696	32.5821	pZM32	14287	14288	TSS_4453	.	+	-585
pZM32	14510	14511	ZMO0199_peak_697	381.415	pZM32	14287	14288	TSS_4453	.	+	223
pZM32	16762	16763	ZMO0199_peak_698	111.483	pZM32	18516	18517	TSS_4463	.	-	1754
pZM32	18215	18216	ZMO0199_peak_699a	41.6097	pZM32	18516	18517	TSS_4463	.	-	301
pZM32	18415	18416	ZMO0199_peak_699b	1957.79	pZM32	18516	18517	TSS_4463	.	-	101
pZM32	20993	20994	ZMO0199_peak_700	630.923	pZM32	21293	21294	TSS_4471	.	+	-300
pZM32	22087	22088	ZMO0199_peak_701	229.394	pZM32	22599	22600	TSS_4473	.	+	-512
pZM32	23090	23091	ZMO0199_peak_702	712.669	pZM32	22638	22639	TSS_4474	.	+	452
pZM32	23665	23666	ZMO0199_peak_703	1749.4	pZM32	22638	22639	TSS_4474	.	+	1027
pZM32	27895	27896	ZMO0199_peak_704a	331.255	pZM32	28484	28485	TSS_4486	.	+	-589
pZM32	28097	28098	ZMO0199_peak_704b	83.1945	pZM32	28484	28485	TSS_4486	.	+	-387
pZM33	4574	4575	ZMO0199_peak_705	137.597	pZM33	4574	4575	TSS_4504	.	-	0
pZM33	9345	9346	ZMO0199_peak_706	205.325	pZM33	8824	8825	TSS_4508	.	+	521
pZM33	9664	9665	ZMO0199_peak_707	66.1157	pZM33	10339	10340	TSS_4510	.	+	-675
pZM33	13398	13399	ZMO0199_peak_708	54.8416	pZM33	13446	13447	TSS_4522	.	+	-48
pZM33	15317	15318	ZMO0199_peak_709	75.8699	pZM33	16701	16702	TSS_4525	.	-	1384
pZM33	16614	16615	ZMO0199_peak_710	70.9357	pZM33	16701	16702	TSS_4525	.	-	87
pZM33	17422	17423	ZMO0199_peak_711	702.984	pZM33	17849	17850	TSS_4526	.	-	427
pZM33	18983	18984	ZMO0199_peak_712a	75.8699	pZM33	18494	18495	TSS_4537	.	+	489
pZM33	19117	19118	ZMO0199_peak_712b	391.495	pZM33	18494	18495	TSS_4537	.	+	623
pZM33	20046	20047	ZMO0199_peak_713	408.146	pZM33	18494	18495	TSS_4537	.	+	1552
pZM33	22366	22367	ZMO0199_peak_714	163.964	pZM33	23287	23288	TSS_4552	.	-	921
pZM33	23366	23367	ZMO0199_peak_715a	164.678	pZM33	23295	23296	TSS_4553	.	-	-71
pZM33	23582	23583	ZMO0199_peak_715b	74.213	pZM33	23295	23296	TSS_4553	.	-	-287
pZM33	24286	24287	ZMO0199_peak_716	604.943	pZM33	24849	24850	TSS_4556	.	-	563
pZM33	25602	25603	ZMO0199_peak_717	94.897	pZM33	24893	24894	TSS_4559	.	-	-709
pZM36	7235	7236	ZMO0199_peak_718	20856.4	pZM36	13287	13288	TSS_4582	.	+	-6052
pZM36	13278	13279	ZMO0199_peak_719	91.3325	pZM36	13287	13288	TSS_4582	.	+	-9
pZM36	17796	17797	ZMO0199_peak_720	90.1543	pZM36	17283	17284	TSS_4588	.	-	-513
pZM36	23456	23457	ZMO0199_peak_721	35.9258	pZM36	23254	23255	TSS_4599	.	-	-202
pZM36	26356	26357	ZMO0199_peak_722	6059.43	pZM36	28416	28417	TSS_4603	.	+	-2060
pZM36	28800	28801	ZMO0199_peak_723	476.596	pZM36	28793	28794	TSS_4604	.	+	7
pZM36	31151	31152	ZMO0199_peak_724	18.7948	pZM36	28793	28794	TSS_4604	.	+	2358
pZM36	31893	31894	ZMO0199_peak_725	1207.7	pZM36	28793	28794	TSS_4604	.	+	3100
pZM36	33956	33957	ZMO0199_peak_726	151.294	pZM36	28793	28794	TSS_4604	.	+	5163
pZM39	3744	3745	ZMO0199_peak_727	33.4064	pZM39	2690	2691	TSS_4614	.	+	1054
pZM39	4556	4557	ZMO0199_peak_728	324.255	pZM39	2690	2691	TSS_4614	.	+	1866
pZM39	22366	22367	ZMO0199_peak_729	54.8416	pZM39	21477	21478	TSS_4627	.	+	889
pZM39	23922	23923	ZMO0199_peak_730	90.1543	pZM39	24671	24672	TSS_4629	.	-	749
pZM39	27884	27885	ZMO0199_peak_731	52.916	pZM39	24683	24684	TSS_4631	.	-	-3201
pZM39	28515	28516	ZMO0199_peak_732	122.681	pZM39	24683	24684	TSS_4631	.	-	-3832
pZM39	33447	33448	ZMO0199_peak_733	3991.59	pZM39	33816	33817	TSS_4643	.	-	369
pZM39	34917	34918	ZMO0199_peak_734	95.4952	pZM39	34728	34729	TSS_4648	.	-	-189
ZM4	4432	4433	ZMO0203_peak_1	19.1594	ZM4	12709	12710	TSS_0006	.	+	-8277
ZM4	5586	5587	ZMO0203_peak_2	1.98576	ZM4	12709	12710	TSS_0006	.	+	-7123
ZM4	19816	19817	ZMO0203_peak_3	5.24762	ZM4	18756	18757	TSS_0024	.	+	1060
ZM4	22677	22678	ZMO0203_peak_4	2.28766	ZM4	21174	21175	TSS_0025	.	+	1503
ZM4	27463	27464	ZMO0203_peak_5	8.88535	ZM4	26028	26029	TSS_0027	.	-	-1435
ZM4	39933	39934	ZMO0203_peak_6	43.8104	ZM4	39800	39801	TSS_0043	.	-	-133
ZM4	57040	57041	ZMO0203_peak_7	9.79015	ZM4	56610	56611	TSS_0073	.	-	-430
ZM4	61708	61709	ZMO0203_peak_8	17.7431	ZM4	61537	61538	TSS_0081	.	+	171
ZM4	79130	79131	ZMO0203_peak_9	36.1843	ZM4	79614	79615	TSS_0101	.	-	484
ZM4	126132	126133	ZMO0203_peak_10	10.8714	ZM4	124201	124202	TSS_0180	.	+	1931
ZM4	128547	128548	ZMO0203_peak_11	6.58576	ZM4	129849	129850	TSS_0193	.	-	1302
ZM4	130880	130881	ZMO0203_peak_12	1.34685	ZM4	130630	130631	TSS_0196	.	+	250
ZM4	133580	133581	ZMO0203_peak_13	5.13815	ZM4	132373	132374	TSS_0199	.	+	1207
ZM4	134027	134028	ZMO0203_peak_14	14.6599	ZM4	132373	132374	TSS_0199	.	+	1654
ZM4	136991	136992	ZMO0203_peak_15	10.8068	ZM4	137247	137248	TSS_0201	.	-	256
ZM4	147058	147059	ZMO0203_peak_16	4.39215	ZM4	146265	146266	TSS_0237	.	+	793
ZM4	154098	154099	ZMO0203_peak_17	56.2649	ZM4	154101	154102	TSS_0265	.	+	-3
ZM4	162216	162217	ZMO0203_peak_18	20.603	ZM4	161767	161768	TSS_0289	.	+	449
ZM4	163442	163443	ZMO0203_peak_19	8.87531	ZM4	163365	163366	TSS_0290	.	+	77
ZM4	166537	166538	ZMO0203_peak_20	428.686	ZM4	166932	166933	TSS_0325	.	+	-395
ZM4	179066	179067	ZMO0203_peak_21	82.3033	ZM4	181509	181510	TSS_0377	.	-	2443
ZM4	192879	192880	ZMO0203_peak_22	28.1229	ZM4	192450	192451	TSS_0392	.	+	429
ZM4	199562	199563	ZMO0203_peak_23	13491.9	ZM4	197126	197127	TSS_0402	.	+	2436
ZM4	221618	221619	ZMO0203_peak_24	19.5922	ZM4	221003	221004	TSS_0438	.	+	615
ZM4	234169	234170	ZMO0203_peak_25	18.5863	ZM4	234091	234092	TSS_0457	.	+	78
ZM4	245515	245516	ZMO0203_peak_26	6.63818	ZM4	245089	245090	TSS_0500	.	+	426
ZM4	246525	246526	ZMO0203_peak_27	24.5764	ZM4	245089	245090	TSS_0500	.	+	1436
ZM4	247200	247201	ZMO0203_peak_28a	43.7657	ZM4	245089	245090	TSS_0500	.	+	2111
ZM4	247463	247464	ZMO0203_peak_28b	39.9637	ZM4	245089	245090	TSS_0500	.	+	2374
ZM4	253661	253662	ZMO0203_peak_29	4.83496	ZM4	259009	259010	TSS_0512	.	+	-5348
ZM4	257008	257009	ZMO0203_peak_30	17.0892	ZM4	259009	259010	TSS_0512	.	+	-2001
ZM4	283518	283519	ZMO0203_peak_31	8.29741	ZM4	282731	282732	TSS_0547	.	-	-787
ZM4	284967	284968	ZMO0203_peak_32a	11.1614	ZM4	284936	284937	TSS_0562	.	+	31
ZM4	285130	285131	ZMO0203_peak_32b	7.37148	ZM4	285132	285133	TSS_0565	.	-	2
ZM4	298068	298069	ZMO0203_peak_33	36.1367	ZM4	298017	298018	TSS_0586	.	-	-51
ZM4	298879	298880	ZMO0203_peak_34a	4.72822	ZM4	299414	299415	TSS_0587	.	-	535
ZM4	299120	299121	ZMO0203_peak_34b	18.8853	ZM4	299414	299415	TSS_0587	.	-	294
ZM4	308126	308127	ZMO0203_peak_35	5.1657	ZM4	310703	310704	TSS_0602	.	-	2577
ZM4	311095	311096	ZMO0203_peak_36	540.927	ZM4	310703	310704	TSS_0602	.	-	-392
ZM4	336372	336373	ZMO0203_peak_37	29.1983	ZM4	335813	335814	TSS_0653	.	+	559
ZM4	362641	362642	ZMO0203_peak_38	7.20396	ZM4	361997	361998	TSS_0709	.	+	644
ZM4	365933	365934	ZMO0203_peak_39	14.9929	ZM4	364911	364912	TSS_0713	.	+	1022
ZM4	375929	375930	ZMO0203_peak_40	17.7772	ZM4	375886	375887	TSS_0761	.	+	43
ZM4	387482	387483	ZMO0203_peak_41	2.2942	ZM4	385497	385498	TSS_0790	.	-	-1985
ZM4	393213	393214	ZMO0203_peak_42a	5.1055	ZM4	391738	391739	TSS_0793	.	+	1475
ZM4	393343	393344	ZMO0203_peak_42b	15.3473	ZM4	391738	391739	TSS_0793	.	+	1605
ZM4	399342	399343	ZMO0203_peak_43	3.90424	ZM4	397722	397723	TSS_0795	.	+	1620
ZM4	403144	403145	ZMO0203_peak_44	9.4081	ZM4	405797	405798	TSS_0803	.	-	2653
ZM4	438050	438051	ZMO0203_peak_45	8.62394	ZM4	437845	437846	TSS_0861	.	+	205
ZM4	441626	441627	ZMO0203_peak_46	17.5624	ZM4	441891	441892	TSS_0873	.	+	-265
ZM4	456753	456754	ZMO0203_peak_47	22.9793	ZM4	457025	457026	TSS_0911	.	-	272
ZM4	469954	469955	ZMO0203_peak_48	2.31142	ZM4	470599	470600	TSS_0952	.	-	645
ZM4	487845	487846	ZMO0203_peak_49	1.52144	ZM4	487927	487928	TSS_1008	.	+	-82
ZM4	520659	520660	ZMO0203_peak_50	3.39207	ZM4	520702	520703	TSS_1117	.	+	-43
ZM4	521326	521327	ZMO0203_peak_51	16.6581	ZM4	521415	521416	TSS_1123	.	+	-89
ZM4	556076	556077	ZMO0203_peak_52	44.3826	ZM4	556032	556033	TSS_1326	.	-	-44
ZM4	560706	560707	ZMO0203_peak_53	65.0384	ZM4	559230	559231	TSS_1328	.	+	1476
ZM4	591812	591813	ZMO0203_peak_54	547.096	ZM4	591559	591560	TSS_1385	.	+	253
ZM4	597203	597204	ZMO0203_peak_55	10.1659	ZM4	596812	596813	TSS_1396	.	-	-391
ZM4	605451	605452	ZMO0203_peak_56	30.9738	ZM4	606103	606104	TSS_1408	.	-	652
ZM4	631902	631903	ZMO0203_peak_57	4.34634	ZM4	632567	632568	TSS_1461	.	+	-665
ZM4	634891	634892	ZMO0203_peak_58a	4.42581	ZM4	635196	635197	TSS_1465	.	+	-305
ZM4	635121	635122	ZMO0203_peak_58b	12.0293	ZM4	635196	635197	TSS_1465	.	+	-75
ZM4	674106	674107	ZMO0203_peak_59	1.55898	ZM4	673600	673601	TSS_1559	.	-	-506
ZM4	697334	697335	ZMO0203_peak_60	10.7633	ZM4	698310	698311	TSS_1600	.	-	976
ZM4	713206	713207	ZMO0203_peak_61	28.8317	ZM4	714298	714299	TSS_1620	.	+	-1092
ZM4	766043	766044	ZMO0203_peak_62	1.80407	ZM4	764204	764205	TSS_1779	.	+	1839
ZM4	773706	773707	ZMO0203_peak_63	10.9989	ZM4	773264	773265	TSS_1789	.	+	442
ZM4	783162	783163	ZMO0203_peak_64	2.75224	ZM4	783746	783747	TSS_1798	.	-	584
ZM4	791967	791968	ZMO0203_peak_65	77.9813	ZM4	792107	792108	TSS_1806	.	+	-140
ZM4	797190	797191	ZMO0203_peak_66	93.5187	ZM4	797196	797197	TSS_1808	.	-	6
ZM4	799657	799658	ZMO0203_peak_67	9.41257	ZM4	800835	800836	TSS_1810	.	-	1178
ZM4	809144	809145	ZMO0203_peak_68	20.6678	ZM4	810611	810612	TSS_1815	.	-	1467
ZM4	820569	820570	ZMO0203_peak_69	12.9638	ZM4	820663	820664	TSS_1857	.	+	-94
ZM4	824488	824489	ZMO0203_peak_70	472.162	ZM4	824509	824510	TSS_1863	.	+	-21
ZM4	827561	827562	ZMO0203_peak_71	10.7279	ZM4	828300	828301	TSS_1869	.	+	-739
ZM4	834261	834262	ZMO0203_peak_72	3.73644	ZM4	831738	831739	TSS_1873	.	+	2523
ZM4	845795	845796	ZMO0203_peak_73	14.4669	ZM4	845509	845510	TSS_1896	.	+	286
ZM4	852907	852908	ZMO0203_peak_74	143.023	ZM4	853025	853026	TSS_1909	.	+	-118
ZM4	868512	868513	ZMO0203_peak_75	5.048	ZM4	868592	868593	TSS_1930	.	-	80
ZM4	885080	885081	ZMO0203_peak_76	23.0994	ZM4	885260	885261	TSS_1965	.	+	-180
ZM4	890234	890235	ZMO0203_peak_77	22.8056	ZM4	890657	890658	TSS_1981	.	-	423
ZM4	893235	893236	ZMO0203_peak_78	3.91412	ZM4	893129	893130	TSS_1990	.	-	-106
ZM4	894462	894463	ZMO0203_peak_79	13.2702	ZM4	894384	894385	TSS_1991	.	-	-78
ZM4	903192	903193	ZMO0203_peak_80	113.843	ZM4	901378	901379	TSS_2011	.	-	-1814
ZM4	907300	907301	ZMO0203_peak_81	12.1125	ZM4	907176	907177	TSS_2019	.	+	124
ZM4	919826	919827	ZMO0203_peak_82	4.09504	ZM4	919422	919423	TSS_2032	.	+	404
ZM4	931808	931809	ZMO0203_peak_83	3.39207	ZM4	932007	932008	TSS_2061	.	+	-199
ZM4	953390	953391	ZMO0203_peak_84	7.91294	ZM4	954142	954143	TSS_2106	.	-	752
ZM4	966276	966277	ZMO0203_peak_85	229.535	ZM4	966844	966845	TSS_2136	.	+	-568
ZM4	968404	968405	ZMO0203_peak_86	7.20457	ZM4	968524	968525	TSS_2143	.	+	-120
ZM4	984997	984998	ZMO0203_peak_87	9.91356	ZM4	984710	984711	TSS_2178	.	+	287
ZM4	985664	985665	ZMO0203_peak_88	6.118	ZM4	986158	986159	TSS_2179	.	+	-494
ZM4	991541	991542	ZMO0203_peak_89	21.726	ZM4	990894	990895	TSS_2185	.	+	647
ZM4	1028385	1028386	ZMO0203_peak_90	28.8861	ZM4	1027989	1027990	TSS_2276	.	+	396
ZM4	1039554	1039555	ZMO0203_peak_91	135.553	ZM4	1039533	1039534	TSS_2301	.	-	-21
ZM4	1041931	1041932	ZMO0203_peak_92	79.6823	ZM4	1041340	1041341	TSS_2310	.	+	591
ZM4	1060747	1060748	ZMO0203_peak_93	6.52019	ZM4	1061294	1061295	TSS_2358	.	+	-547
ZM4	1082098	1082099	ZMO0203_peak_94	7.43789	ZM4	1082283	1082284	TSS_2412	.	-	185
ZM4	1138032	1138033	ZMO0203_peak_95	25.7844	ZM4	1139181	1139182	TSS_2512	.	+	-1149
ZM4	1144791	1144792	ZMO0203_peak_96	1.6679	ZM4	1145468	1145469	TSS_2521	.	-	677
ZM4	1156226	1156227	ZMO0203_peak_97	22.3226	ZM4	1155873	1155874	TSS_2544	.	-	-353
ZM4	1156529	1156530	ZMO0203_peak_98	19.2941	ZM4	1157047	1157048	TSS_2546	.	-	518
ZM4	1209877	1209878	ZMO0203_peak_99	24.5054	ZM4	1208971	1208972	TSS_2679	.	+	906
ZM4	1232704	1232705	ZMO0203_peak_100	1.49963	ZM4	1232253	1232254	TSS_2708	.	+	451
ZM4	1245494	1245495	ZMO0203_peak_101	6.08268	ZM4	1245168	1245169	TSS_2763	.	+	326
ZM4	1247567	1247568	ZMO0203_peak_102	16.4328	ZM4	1247581	1247582	TSS_2765	.	-	14
ZM4	1250912	1250913	ZMO0203_peak_103	16.9783	ZM4	1250824	1250825	TSS_2788	.	+	88
ZM4	1252511	1252512	ZMO0203_peak_104	13.8636	ZM4	1253138	1253139	TSS_2793	.	-	627
ZM4	1262163	1262164	ZMO0203_peak_105	31.7126	ZM4	1261925	1261926	TSS_2810	.	-	-238
ZM4	1263714	1263715	ZMO0203_peak_106	8.89928	ZM4	1264494	1264495	TSS_2829	.	-	780
ZM4	1279863	1279864	ZMO0203_peak_107	95.7761	ZM4	1278786	1278787	TSS_2859	.	+	1077
ZM4	1301058	1301059	ZMO0203_peak_108	18.9309	ZM4	1302227	1302228	TSS_2906	.	-	1169
ZM4	1301341	1301342	ZMO0203_peak_109	3.56011	ZM4	1302227	1302228	TSS_2906	.	-	886
ZM4	1305272	1305273	ZMO0203_peak_110	5.13649	ZM4	1305817	1305818	TSS_2920	.	-	545
ZM4	1311138	1311139	ZMO0203_peak_111	15.8426	ZM4	1311230	1311231	TSS_2940	.	-	92
ZM4	1320051	1320052	ZMO0203_peak_112	1456.92	ZM4	1322319	1322320	TSS_2955	.	-	2268
ZM4	1389524	1389525	ZMO0203_peak_113	1177.72	ZM4	1388128	1388129	TSS_3143	.	+	1396
ZM4	1427793	1427794	ZMO0203_peak_114	11.9087	ZM4	1427735	1427736	TSS_3224	.	-	-58
ZM4	1431226	1431227	ZMO0203_peak_115	3.73644	ZM4	1432209	1432210	TSS_3232	.	-	983
ZM4	1432257	1432258	ZMO0203_peak_116	11.6712	ZM4	1432209	1432210	TSS_3232	.	-	-48
ZM4	1438551	1438552	ZMO0203_peak_117	5.7413	ZM4	1437737	1437738	TSS_3235	.	-	-814
ZM4	1444990	1444991	ZMO0203_peak_118	14.0383	ZM4	1444544	1444545	TSS_3242	.	+	446
ZM4	1458208	1458209	ZMO0203_peak_119	11.4738	ZM4	1458639	1458640	TSS_3257	.	-	431
ZM4	1485489	1485490	ZMO0203_peak_120	17.1558	ZM4	1486364	1486365	TSS_3284	.	-	875
ZM4	1493520	1493521	ZMO0203_peak_121	48.0114	ZM4	1493807	1493808	TSS_3295	.	-	287
ZM4	1498080	1498081	ZMO0203_peak_122	4.26539	ZM4	1500148	1500149	TSS_3302	.	+	-2068
ZM4	1567686	1567687	ZMO0203_peak_123	66.5617	ZM4	1565803	1565804	TSS_3481	.	+	1883
ZM4	1589711	1589712	ZMO0203_peak_124	1719.29	ZM4	1590449	1590450	TSS_3523	.	+	-738
ZM4	1600806	1600807	ZMO0203_peak_125	11.4814	ZM4	1597152	1597153	TSS_3540	.	+	3654
ZM4	1615444	1615445	ZMO0203_peak_126	7.51476	ZM4	1609991	1609992	TSS_3550	.	+	5453
ZM4	1615837	1615838	ZMO0203_peak_127a	19.278	ZM4	1620985	1620986	TSS_3553	.	+	-5148
ZM4	1616060	1616061	ZMO0203_peak_127b	5.03497	ZM4	1620985	1620986	TSS_3553	.	+	-4925
ZM4	1616937	1616938	ZMO0203_peak_128a	3.15645	ZM4	1620985	1620986	TSS_3553	.	+	-4048
ZM4	1617044	1617045	ZMO0203_peak_128b	1.6291	ZM4	1620985	1620986	TSS_3553	.	+	-3941
ZM4	1617333	1617334	ZMO0203_peak_129	2.63167	ZM4	1620985	1620986	TSS_3553	.	+	-3652
ZM4	1618818	1618819	ZMO0203_peak_130	10.3409	ZM4	1620985	1620986	TSS_3553	.	+	-2167
ZM4	1638177	1638178	ZMO0203_peak_131	14.0608	ZM4	1638361	1638362	TSS_3584	.	+	-184
ZM4	1640037	1640038	ZMO0203_peak_132	7.1111	ZM4	1638523	1638524	TSS_3587	.	+	1514
ZM4	1649972	1649973	ZMO0203_peak_133	35.0275	ZM4	1651265	1651266	TSS_3600	.	-	1293
ZM4	1677654	1677655	ZMO0203_peak_134	18.6705	ZM4	1676955	1676956	TSS_3668	.	-	-699
ZM4	1685745	1685746	ZMO0203_peak_135a	6.41381	ZM4	1685537	1685538	TSS_3691	.	+	208
ZM4	1685963	1685964	ZMO0203_peak_135b	11.5191	ZM4	1685537	1685538	TSS_3691	.	+	426
ZM4	1695933	1695934	ZMO0203_peak_136	18.7552	ZM4	1695725	1695726	TSS_3705	.	-	-208
ZM4	1733976	1733977	ZMO0203_peak_137	4.43167	ZM4	1734703	1734704	TSS_3772	.	+	-727
ZM4	1734843	1734844	ZMO0203_peak_138	5.96988	ZM4	1734703	1734704	TSS_3772	.	+	140
ZM4	1750442	1750443	ZMO0203_peak_139	2.7675	ZM4	1750531	1750532	TSS_3805	.	-	89
ZM4	1761647	1761648	ZMO0203_peak_140	10.6978	ZM4	1761090	1761091	TSS_3831	.	+	557
ZM4	1763385	1763386	ZMO0203_peak_141	18.8521	ZM4	1763629	1763630	TSS_3832	.	-	244
ZM4	1786785	1786786	ZMO0203_peak_142	423.617	ZM4	1787439	1787440	TSS_3915	.	-	654
ZM4	1808758	1808759	ZMO0203_peak_143	4.51932	ZM4	1807861	1807862	TSS_3978	.	-	-897
ZM4	1822038	1822039	ZMO0203_peak_144	48.6339	ZM4	1821000	1821001	TSS_3999	.	+	1038
ZM4	1824860	1824861	ZMO0203_peak_145	4.72914	ZM4	1823956	1823957	TSS_4003	.	+	904
ZM4	1835900	1835901	ZMO0203_peak_146	43.7065	ZM4	1834932	1834933	TSS_4037	.	+	968
ZM4	1849933	1849934	ZMO0203_peak_147	140.807	ZM4	1849748	1849749	TSS_4086	.	-	-185
ZM4	1854222	1854223	ZMO0203_peak_148	12.6586	ZM4	1855211	1855212	TSS_4087	.	-	989
ZM4	1858689	1858690	ZMO0203_peak_149	9.53139	ZM4	1857916	1857917	TSS_4091	.	-	-773
ZM4	1863977	1863978	ZMO0203_peak_150	37.4246	ZM4	1864306	1864307	TSS_4096	.	+	-329
ZM4	1869774	1869775	ZMO0203_peak_151	15.0212	ZM4	1868635	1868636	TSS_4103	.	+	1139
ZM4	1881777	1881778	ZMO0203_peak_152	1.6383	ZM4	1882290	1882291	TSS_4110	.	-	513
ZM4	1891927	1891928	ZMO0203_peak_153	8.1199	ZM4	1893190	1893191	TSS_4138	.	-	1263
ZM4	1900587	1900588	ZMO0203_peak_154	10.8797	ZM4	1895930	1895931	TSS_4141	.	-	-4657
ZM4	1900980	1900981	ZMO0203_peak_155	21.3562	ZM4	1895930	1895931	TSS_4141	.	-	-5050
ZM4	1902173	1902174	ZMO0203_peak_156	3.54977	ZM4	1895930	1895931	TSS_4141	.	-	-6243
ZM4	1903959	1903960	ZMO0203_peak_157	16.9637	ZM4	1908779	1908780	TSS_4143	.	-	4820
ZM4	1910348	1910349	ZMO0203_peak_158	91.496	ZM4	1910302	1910303	TSS_4149	.	-	-46
ZM4	1911142	1911143	ZMO0203_peak_159	27.0348	ZM4	1910302	1910303	TSS_4149	.	-	-840
ZM4	1914438	1914439	ZMO0203_peak_160	11.3955	ZM4	1910302	1910303	TSS_4149	.	-	-4136
ZM4	1914835	1914836	ZMO0203_peak_161a	17.7034	ZM4	1910302	1910303	TSS_4149	.	-	-4533
ZM4	1915091	1915092	ZMO0203_peak_161b	4.7387	ZM4	1910302	1910303	TSS_4149	.	-	-4789
ZM4	1916010	1916011	ZMO0203_peak_162	4.72851	ZM4	1910302	1910303	TSS_4149	.	-	-5708
ZM4	1917810	1917811	ZMO0203_peak_163	22.0204	ZM4	1922589	1922590	TSS_4158	.	-	4779
ZM4	1918288	1918289	ZMO0203_peak_164	3.46319	ZM4	1922589	1922590	TSS_4158	.	-	4301
ZM4	1944406	1944407	ZMO0203_peak_165	18.2771	ZM4	1945090	1945091	TSS_4233	.	-	684
ZM4	1966750	1966751	ZMO0203_peak_166	14.9243	ZM4	1965804	1965805	TSS_4298	.	+	946
ZM4	1973023	1973024	ZMO0203_peak_167	69.1263	ZM4	1973025	1973026	TSS_4311	.	+	-2
ZM4	1984652	1984653	ZMO0203_peak_168	50.2388	ZM4	1984649	1984650	TSS_4350	.	+	3
ZM4	1985266	1985267	ZMO0203_peak_169	7.92161	ZM4	1984672	1984673	TSS_4352	.	+	594
ZM4	1986379	1986380	ZMO0203_peak_170	7.54642	ZM4	1986320	1986321	TSS_4363	.	+	59
ZM4	1986938	1986939	ZMO0203_peak_171a	8.26901	ZM4	1986320	1986321	TSS_4363	.	+	618
ZM4	1987154	1987155	ZMO0203_peak_171b	17.9279	ZM4	1987728	1987729	TSS_4366	.	+	-574
ZM4	1988262	1988263	ZMO0203_peak_172	3.8211	ZM4	1987728	1987729	TSS_4366	.	+	534
ZM4	1988553	1988554	ZMO0203_peak_173	2.77985	ZM4	1987728	1987729	TSS_4366	.	+	825
ZM4	1989042	1989043	ZMO0203_peak_174	7.62822	ZM4	1987728	1987729	TSS_4366	.	+	1314
ZM4	1989599	1989600	ZMO0203_peak_175	9.27243	ZM4	1987728	1987729	TSS_4366	.	+	1871
ZM4	1991200	1991201	ZMO0203_peak_176	10.4586	ZM4	1994250	1994251	TSS_4371	.	-	3050
ZM4	1993020	1993021	ZMO0203_peak_177	2.28378	ZM4	1994250	1994251	TSS_4371	.	-	1230
ZM4	1994028	1994029	ZMO0203_peak_178	7.11207	ZM4	1994250	1994251	TSS_4371	.	-	222
ZM4	1994555	1994556	ZMO0203_peak_179	6.88963	ZM4	1994502	1994503	TSS_4372	.	-	-53
ZM4	1998398	1998399	ZMO0203_peak_180	4.85089	ZM4	1994502	1994503	TSS_4372	.	-	-3896
ZM4	2001527	2001528	ZMO0203_peak_181a	4.85089	ZM4	2003022	2003023	TSS_4374	.	-	1495
ZM4	2001666	2001667	ZMO0203_peak_181b	1.50603	ZM4	2003022	2003023	TSS_4374	.	-	1356
ZM4	2003025	2003026	ZMO0203_peak_182	1.68258	ZM4	2003022	2003023	TSS_4374	.	-	-3
ZM4	2004053	2004054	ZMO0203_peak_183	8.71069	ZM4	2003022	2003023	TSS_4374	.	-	-1031
ZM4	2009862	2009863	ZMO0203_peak_184	1.83042	ZM4	2013493	2013494	TSS_4384	.	-	3631
ZM4	2010972	2010973	ZMO0203_peak_185	3.33382	ZM4	2013493	2013494	TSS_4384	.	-	2521
ZM4	2030089	2030090	ZMO0203_peak_186	866.649	ZM4	2031057	2031058	TSS_4404	.	+	-968
pZM32	854	855	ZMO0203_peak_187	2045.75	pZM32	4033	4034	TSS_4431	.	+	-3179
pZM36	17062	17063	ZMO0203_peak_188	52.0119	pZM36	17283	17284	TSS_4588	.	-	221
pZM36	28280	28281	ZMO0203_peak_189	1345.04	pZM36	28416	28417	TSS_4603	.	+	-136
pZM39	20274	20275	ZMO0203_peak_190	453.991	pZM39	21422	21423	TSS_4624	.	+	-1148
pZM39	28611	28612	ZMO0203_peak_191a	2.55077	pZM39	24683	24684	TSS_4631	.	-	-3928
pZM39	28704	28705	ZMO0203_peak_191b	2.94099	pZM39	24683	24684	TSS_4631	.	-	-4021
pZM39	28910	28911	ZMO0203_peak_191c	1.65629	pZM39	24683	24684	TSS_4631	.	-	-4227
ZM4	166549	166550	ZMO0244_peak_1	106.138	ZM4	166932	166933	TSS_0325	.	+	-383
ZM4	246491	246492	ZMO0244_peak_2a	5.85438	ZM4	245089	245090	TSS_0500	.	+	1402
ZM4	246674	246675	ZMO0244_peak_2b	4.72713	ZM4	245089	245090	TSS_0500	.	+	1585
ZM4	318405	318406	ZMO0244_peak_3	20.7285	ZM4	318303	318304	TSS_0612	.	-	-102
ZM4	1519483	1519484	ZMO0244_peak_4	9.03671	ZM4	1518240	1518241	TSS_3374	.	+	1243
ZM4	2030815	2030816	ZMO0244_peak_5	46.4569	ZM4	2031057	2031058	TSS_4404	.	+	-242
ZM4	166538	166539	ZMO0281_peak_1	119.137	ZM4	166932	166933	TSS_0325	.	+	-394
ZM4	173440	173441	ZMO0281_peak_2	1367.17	ZM4	173662	173663	TSS_0347	.	+	-222
ZM4	246664	246665	ZMO0281_peak_3	3.14746	ZM4	245089	245090	TSS_0500	.	+	1575
ZM4	286966	286967	ZMO0281_peak_4	343.467	ZM4	286960	286961	TSS_0572	.	+	6
ZM4	166549	166550	ZMO0349_peak_1	147.41	ZM4	166932	166933	TSS_0325	.	+	-383
ZM4	246543	246544	ZMO0349_peak_2a	9.79854	ZM4	245089	245090	TSS_0500	.	+	1454
ZM4	246786	246787	ZMO0349_peak_2b	5.02601	ZM4	245089	245090	TSS_0500	.	+	1697
ZM4	247342	247343	ZMO0349_peak_3	2.87225	ZM4	245089	245090	TSS_0500	.	+	2253
ZM4	318418	318419	ZMO0349_peak_4	21.2361	ZM4	318303	318304	TSS_0612	.	-	-115
ZM4	1615791	1615792	ZMO0349_peak_5	2.66449	ZM4	1620985	1620986	TSS_3553	.	+	-5194
ZM4	1617414	1617415	ZMO0349_peak_6	4.02334	ZM4	1620985	1620986	TSS_3553	.	+	-3571
ZM4	1900933	1900934	ZMO0349_peak_7	2.48154	ZM4	1895930	1895931	TSS_4141	.	-	-5003
ZM4	1902582	1902583	ZMO0349_peak_8	2.73041	ZM4	1908779	1908780	TSS_4143	.	-	6197
ZM4	1904734	1904735	ZMO0349_peak_9	4.02769	ZM4	1908779	1908780	TSS_4143	.	-	4045
ZM4	1915302	1915303	ZMO0349_peak_10	1.39608	ZM4	1910302	1910303	TSS_4149	.	-	-5000
ZM4	1918439	1918440	ZMO0349_peak_11	1.34034	ZM4	1922589	1922590	TSS_4158	.	-	4150
ZM4	693	694	ZMO0373_peak_1	94.3167	ZM4	12709	12710	TSS_0006	.	+	-12016
ZM4	3976	3977	ZMO0373_peak_2	57.9056	ZM4	12709	12710	TSS_0006	.	+	-8733
ZM4	6311	6312	ZMO0373_peak_3	2593.44	ZM4	12709	12710	TSS_0006	.	+	-6398
ZM4	8946	8947	ZMO0373_peak_4	215.195	ZM4	12709	12710	TSS_0006	.	+	-3763
ZM4	9702	9703	ZMO0373_peak_5	67.6991	ZM4	12709	12710	TSS_0006	.	+	-3007
ZM4	13038	13039	ZMO0373_peak_6	328.758	ZM4	12709	12710	TSS_0006	.	+	329
ZM4	13849	13850	ZMO0373_peak_7	791.436	ZM4	14514	14515	TSS_0014	.	-	665
ZM4	17287	17288	ZMO0373_peak_8	39.7165	ZM4	17332	17333	TSS_0016	.	+	-45
ZM4	23435	23436	ZMO0373_peak_9	47.1567	ZM4	21174	21175	TSS_0025	.	+	2261
ZM4	24385	24386	ZMO0373_peak_10a	57.5102	ZM4	26028	26029	TSS_0027	.	-	1643
ZM4	24549	24550	ZMO0373_peak_10b	72.2081	ZM4	26028	26029	TSS_0027	.	-	1479
ZM4	24703	24704	ZMO0373_peak_10c	261.332	ZM4	26028	26029	TSS_0027	.	-	1325
ZM4	26533	26534	ZMO0373_peak_11a	568.852	ZM4	26028	26029	TSS_0027	.	-	-505
ZM4	26808	26809	ZMO0373_peak_11b	243.265	ZM4	26028	26029	TSS_0027	.	-	-780
ZM4	27026	27027	ZMO0373_peak_11c	503.655	ZM4	26028	26029	TSS_0027	.	-	-998
ZM4	27533	27534	ZMO0373_peak_12	171.525	ZM4	26028	26029	TSS_0027	.	-	-1505
ZM4	28114	28115	ZMO0373_peak_13	459.408	ZM4	29259	29260	TSS_0028	.	+	-1145
ZM4	29379	29380	ZMO0373_peak_14	345.553	ZM4	29259	29260	TSS_0028	.	+	120
ZM4	32351	32352	ZMO0373_peak_15	298.148	ZM4	33787	33788	TSS_0030	.	+	-1436
ZM4	33843	33844	ZMO0373_peak_16	162.08	ZM4	33787	33788	TSS_0030	.	+	56
ZM4	35008	35009	ZMO0373_peak_17a	31.6125	ZM4	34171	34172	TSS_0032	.	+	837
ZM4	35264	35265	ZMO0373_peak_17b	2117.44	ZM4	34171	34172	TSS_0032	.	+	1093
ZM4	37842	37843	ZMO0373_peak_18	133.32	ZM4	37928	37929	TSS_0035	.	+	-86
ZM4	38421	38422	ZMO0373_peak_19	546.941	ZM4	38180	38181	TSS_0041	.	-	-241
ZM4	39066	39067	ZMO0373_peak_20	58.1974	ZM4	39800	39801	TSS_0043	.	-	734
ZM4	39761	39762	ZMO0373_peak_21	450.46	ZM4	39800	39801	TSS_0043	.	-	39
ZM4	43710	43711	ZMO0373_peak_22	66.1692	ZM4	43156	43157	TSS_0059	.	-	-554
ZM4	44433	44434	ZMO0373_peak_23	74.5482	ZM4	43156	43157	TSS_0059	.	-	-1277
ZM4	45516	45517	ZMO0373_peak_24a	619.29	ZM4	43156	43157	TSS_0059	.	-	-2360
ZM4	45794	45795	ZMO0373_peak_24b	22.9267	ZM4	43156	43157	TSS_0059	.	-	-2638
ZM4	46002	46003	ZMO0373_peak_24c	365.118	ZM4	43156	43157	TSS_0059	.	-	-2846
ZM4	50510	50511	ZMO0373_peak_25	292.124	ZM4	50901	50902	TSS_0064	.	-	391
ZM4	51147	51148	ZMO0373_peak_26	37.322	ZM4	50901	50902	TSS_0064	.	-	-246
ZM4	52366	52367	ZMO0373_peak_27a	5.63217	ZM4	52847	52848	TSS_0067	.	-	481
ZM4	52588	52589	ZMO0373_peak_27b	27.3759	ZM4	52847	52848	TSS_0067	.	-	259
ZM4	55880	55881	ZMO0373_peak_28	292.008	ZM4	56515	56516	TSS_0071	.	-	635
ZM4	58261	58262	ZMO0373_peak_29	604.071	ZM4	57608	57609	TSS_0074	.	-	-653
ZM4	59420	59421	ZMO0373_peak_30	534.622	ZM4	60122	60123	TSS_0077	.	+	-702
ZM4	62312	62313	ZMO0373_peak_31	459.799	ZM4	61537	61538	TSS_0081	.	+	775
ZM4	63709	63710	ZMO0373_peak_32a	3030.32	ZM4	64871	64872	TSS_0082	.	-	1162
ZM4	64008	64009	ZMO0373_peak_32b	52.196	ZM4	64871	64872	TSS_0082	.	-	863
ZM4	67692	67693	ZMO0373_peak_33	163.721	ZM4	67080	67081	TSS_0090	.	-	-612
ZM4	68028	68029	ZMO0373_peak_34	132.366	ZM4	68487	68488	TSS_0091	.	-	459
ZM4	68459	68460	ZMO0373_peak_35	79.9015	ZM4	68487	68488	TSS_0091	.	-	28
ZM4	70692	70693	ZMO0373_peak_36a	18.6226	ZM4	71485	71486	TSS_0095	.	-	793
ZM4	70984	70985	ZMO0373_peak_36b	153.545	ZM4	71485	71486	TSS_0095	.	-	501
ZM4	73607	73608	ZMO0373_peak_37	330.913	ZM4	74906	74907	TSS_0098	.	-	1299
ZM4	74716	74717	ZMO0373_peak_38	229.47	ZM4	74906	74907	TSS_0098	.	-	190
ZM4	76839	76840	ZMO0373_peak_39	151.919	ZM4	74934	74935	TSS_0099	.	-	-1905
ZM4	79375	79376	ZMO0373_peak_40a	539.435	ZM4	79614	79615	TSS_0101	.	-	239
ZM4	79710	79711	ZMO0373_peak_40b	51.5512	ZM4	79619	79620	TSS_0102	.	-	-91
ZM4	81722	81723	ZMO0373_peak_41	53.0236	ZM4	82635	82636	TSS_0107	.	-	913
ZM4	86521	86522	ZMO0373_peak_42	125.79	ZM4	86485	86486	TSS_0114	.	-	-36
ZM4	87255	87256	ZMO0373_peak_43	78.2403	ZM4	86485	86486	TSS_0114	.	-	-770
ZM4	87925	87926	ZMO0373_peak_44	118.71	ZM4	86485	86486	TSS_0114	.	-	-1440
ZM4	88687	88688	ZMO0373_peak_45	343.148	ZM4	89833	89834	TSS_0116	.	+	-1146
ZM4	91483	91484	ZMO0373_peak_46	71.2413	ZM4	91636	91637	TSS_0120	.	+	-153
ZM4	94335	94336	ZMO0373_peak_47a	7.09711	ZM4	94651	94652	TSS_0124	.	-	316
ZM4	94538	94539	ZMO0373_peak_47b	10.4786	ZM4	94651	94652	TSS_0124	.	-	113
ZM4	95120	95121	ZMO0373_peak_48a	1558.35	ZM4	94651	94652	TSS_0124	.	-	-469
ZM4	95349	95350	ZMO0373_peak_48b	323.847	ZM4	94651	94652	TSS_0124	.	-	-698
ZM4	95785	95786	ZMO0373_peak_49a	232.923	ZM4	94651	94652	TSS_0124	.	-	-1134
ZM4	96017	96018	ZMO0373_peak_49b	38.6039	ZM4	94651	94652	TSS_0124	.	-	-1366
ZM4	98694	98695	ZMO0373_peak_50a	85.4986	ZM4	99594	99595	TSS_0136	.	+	-900
ZM4	98892	98893	ZMO0373_peak_50b	58.7342	ZM4	99594	99595	TSS_0136	.	+	-702
ZM4	99926	99927	ZMO0373_peak_51	54.8476	ZM4	99831	99832	TSS_0138	.	+	95
ZM4	103559	103560	ZMO0373_peak_52	196.332	ZM4	103994	103995	TSS_0143	.	+	-435
ZM4	104611	104612	ZMO0373_peak_53	355.986	ZM4	103994	103995	TSS_0143	.	+	617
ZM4	107895	107896	ZMO0373_peak_54	77.3519	ZM4	107621	107622	TSS_0150	.	+	274
ZM4	110966	110967	ZMO0373_peak_55	1017.96	ZM4	110458	110459	TSS_0156	.	+	508
ZM4	113608	113609	ZMO0373_peak_56a	20.7224	ZM4	115697	115698	TSS_0163	.	-	2089
ZM4	113879	113880	ZMO0373_peak_56b	463.552	ZM4	115697	115698	TSS_0163	.	-	1818
ZM4	114382	114383	ZMO0373_peak_57a	2.70278	ZM4	115697	115698	TSS_0163	.	-	1315
ZM4	114491	114492	ZMO0373_peak_57b	11.0097	ZM4	115697	115698	TSS_0163	.	-	1206
ZM4	118519	118520	ZMO0373_peak_58a	2653.97	ZM4	118480	118481	TSS_0167	.	-	-39
ZM4	118802	118803	ZMO0373_peak_58b	26.9772	ZM4	118565	118566	TSS_0168	.	-	-237
ZM4	120489	120490	ZMO0373_peak_59	71.9768	ZM4	119236	119237	TSS_0172	.	-	-1253
ZM4	121603	121604	ZMO0373_peak_60	48.099	ZM4	121810	121811	TSS_0174	.	+	-207
ZM4	123118	123119	ZMO0373_peak_61	48.2542	ZM4	122425	122426	TSS_0175	.	+	693
ZM4	124514	124515	ZMO0373_peak_62	743.733	ZM4	124201	124202	TSS_0180	.	+	313
ZM4	125322	125323	ZMO0373_peak_63	1373.49	ZM4	124201	124202	TSS_0180	.	+	1121
ZM4	126010	126011	ZMO0373_peak_64	223.176	ZM4	124201	124202	TSS_0180	.	+	1809
ZM4	129917	129918	ZMO0373_peak_65	51.0904	ZM4	129849	129850	TSS_0193	.	-	-68
ZM4	130361	130362	ZMO0373_peak_66	74.1445	ZM4	130434	130435	TSS_0194	.	-	73
ZM4	131175	131176	ZMO0373_peak_67	52.6455	ZM4	130630	130631	TSS_0196	.	+	545
ZM4	134895	134896	ZMO0373_peak_68	245.256	ZM4	137247	137248	TSS_0201	.	-	2352
ZM4	136187	136188	ZMO0373_peak_69	282.866	ZM4	137247	137248	TSS_0201	.	-	1060
ZM4	139870	139871	ZMO0373_peak_70	84.0177	ZM4	140512	140513	TSS_0207	.	-	642
ZM4	142410	142411	ZMO0373_peak_71	64.4349	ZM4	141216	141217	TSS_0222	.	+	1194
ZM4	144190	144191	ZMO0373_peak_72	8.8659	ZM4	143939	143940	TSS_0230	.	-	-251
ZM4	147033	147034	ZMO0373_peak_73	45.6234	ZM4	146265	146266	TSS_0237	.	+	768
ZM4	147884	147885	ZMO0373_peak_74	636.074	ZM4	148737	148738	TSS_0239	.	+	-853
ZM4	149000	149001	ZMO0373_peak_75a	10.907	ZM4	149182	149183	TSS_0240	.	+	-182
ZM4	149173	149174	ZMO0373_peak_75b	89.8172	ZM4	149182	149183	TSS_0240	.	+	-9
ZM4	149774	149775	ZMO0373_peak_76	203.897	ZM4	149242	149243	TSS_0242	.	+	532
ZM4	153015	153016	ZMO0373_peak_77	63.4781	ZM4	154079	154080	TSS_0262	.	-	1064
ZM4	157454	157455	ZMO0373_peak_78	1224.55	ZM4	157635	157636	TSS_0267	.	+	-181
ZM4	161238	161239	ZMO0373_peak_79	664.633	ZM4	161240	161241	TSS_0286	.	-	2
ZM4	164980	164981	ZMO0373_peak_80	1457.39	ZM4	165095	165096	TSS_0324	.	+	-115
ZM4	165459	165460	ZMO0373_peak_81	28.5836	ZM4	165095	165096	TSS_0324	.	+	364
ZM4	170936	170937	ZMO0373_peak_82	560.212	ZM4	169499	169500	TSS_0337	.	+	1437
ZM4	179548	179549	ZMO0373_peak_83	151.559	ZM4	181509	181510	TSS_0377	.	-	1961
ZM4	184656	184657	ZMO0373_peak_84	52.9426	ZM4	185047	185048	TSS_0381	.	-	391
ZM4	188320	188321	ZMO0373_peak_85	17.826	ZM4	188434	188435	TSS_0387	.	-	114
ZM4	189190	189191	ZMO0373_peak_86	509.269	ZM4	189419	189420	TSS_0388	.	+	-229
ZM4	191860	191861	ZMO0373_peak_87	104.305	ZM4	192450	192451	TSS_0392	.	+	-590
ZM4	193597	193598	ZMO0373_peak_88a	25.4336	ZM4	194458	194459	TSS_0396	.	-	861
ZM4	193810	193811	ZMO0373_peak_88b	7.15394	ZM4	194458	194459	TSS_0396	.	-	648
ZM4	195448	195449	ZMO0373_peak_89a	17.1338	ZM4	196200	196201	TSS_0398	.	-	752
ZM4	195823	195824	ZMO0373_peak_89b	3026.6	ZM4	196200	196201	TSS_0398	.	-	377
ZM4	197573	197574	ZMO0373_peak_90	196.327	ZM4	197126	197127	TSS_0402	.	+	447
ZM4	199325	199326	ZMO0373_peak_91a	357.241	ZM4	197126	197127	TSS_0402	.	+	2199
ZM4	199580	199581	ZMO0373_peak_91b	909.803	ZM4	197126	197127	TSS_0402	.	+	2454
ZM4	202176	202177	ZMO0373_peak_92	706	ZM4	203393	203394	TSS_0405	.	-	1217
ZM4	202673	202674	ZMO0373_peak_93	276.406	ZM4	203393	203394	TSS_0405	.	-	720
ZM4	204232	204233	ZMO0373_peak_94a	18.7958	ZM4	204111	204112	TSS_0407	.	-	-121
ZM4	204333	204334	ZMO0373_peak_94b	13.987	ZM4	204111	204112	TSS_0407	.	-	-222
ZM4	204626	204627	ZMO0373_peak_95	65.4625	ZM4	204631	204632	TSS_0409	.	-	5
ZM4	206901	206902	ZMO0373_peak_96	149.292	ZM4	208720	208721	TSS_0417	.	-	1819
ZM4	209370	209371	ZMO0373_peak_97	451.628	ZM4	208720	208721	TSS_0417	.	-	-650
ZM4	210948	210949	ZMO0373_peak_98	280.533	ZM4	210627	210628	TSS_0420	.	+	321
ZM4	211639	211640	ZMO0373_peak_99	219.768	ZM4	210627	210628	TSS_0420	.	+	1012
ZM4	213590	213591	ZMO0373_peak_100a	915.562	ZM4	215739	215740	TSS_0421	.	+	-2149
ZM4	213883	213884	ZMO0373_peak_100b	11.9845	ZM4	215739	215740	TSS_0421	.	+	-1856
ZM4	216348	216349	ZMO0373_peak_101a	19.8706	ZM4	216240	216241	TSS_0424	.	+	108
ZM4	216531	216532	ZMO0373_peak_101b	9.60139	ZM4	216240	216241	TSS_0424	.	+	291
ZM4	219232	219233	ZMO0373_peak_102	3196.28	ZM4	219888	219889	TSS_0434	.	-	656
ZM4	220917	220918	ZMO0373_peak_103	61.9164	ZM4	220928	220929	TSS_0436	.	+	-11
ZM4	223185	223186	ZMO0373_peak_104	285.472	ZM4	224289	224290	TSS_0439	.	+	-1104
ZM4	224914	224915	ZMO0373_peak_105	87.2578	ZM4	224289	224290	TSS_0439	.	+	625
ZM4	228654	228655	ZMO0373_peak_106	5458.55	ZM4	228082	228083	TSS_0442	.	+	572
ZM4	230316	230317	ZMO0373_peak_107	69.3166	ZM4	232373	232374	TSS_0448	.	-	2057
ZM4	235725	235726	ZMO0373_peak_108	34.0037	ZM4	235944	235945	TSS_0463	.	+	-219
ZM4	238465	238466	ZMO0373_peak_109	1451.25	ZM4	238508	238509	TSS_0469	.	+	-43
ZM4	238905	238906	ZMO0373_peak_110	22.4913	ZM4	238511	238512	TSS_0470	.	+	394
ZM4	241091	241092	ZMO0373_peak_111	165.73	ZM4	241077	241078	TSS_0486	.	-	-14
ZM4	241810	241811	ZMO0373_peak_112	1161.07	ZM4	241186	241187	TSS_0487	.	-	-624
ZM4	243768	243769	ZMO0373_peak_113	183.769	ZM4	244012	244013	TSS_0496	.	+	-244
ZM4	245074	245075	ZMO0373_peak_114	124.357	ZM4	245089	245090	TSS_0500	.	+	-15
ZM4	246363	246364	ZMO0373_peak_115a	25.8818	ZM4	245089	245090	TSS_0500	.	+	1274
ZM4	246663	246664	ZMO0373_peak_115b	66.0228	ZM4	245089	245090	TSS_0500	.	+	1574
ZM4	247312	247313	ZMO0373_peak_116	98.5062	ZM4	245089	245090	TSS_0500	.	+	2223
ZM4	249840	249841	ZMO0373_peak_117	56.3512	ZM4	245089	245090	TSS_0500	.	+	4751
ZM4	251217	251218	ZMO0373_peak_118	92.8352	ZM4	245089	245090	TSS_0500	.	+	6128
ZM4	252203	252204	ZMO0373_peak_119	440.882	ZM4	259009	259010	TSS_0512	.	+	-6806
ZM4	254693	254694	ZMO0373_peak_120a	93.0532	ZM4	259009	259010	TSS_0512	.	+	-4316
ZM4	254912	254913	ZMO0373_peak_120b	43.7002	ZM4	259009	259010	TSS_0512	.	+	-4097
ZM4	258693	258694	ZMO0373_peak_121	32.3772	ZM4	259009	259010	TSS_0512	.	+	-316
ZM4	259170	259171	ZMO0373_peak_122	123.432	ZM4	259012	259013	TSS_0513	.	+	158
ZM4	259566	259567	ZMO0373_peak_123a	5049.21	ZM4	259012	259013	TSS_0513	.	+	554
ZM4	259984	259985	ZMO0373_peak_123b	522.422	ZM4	260896	260897	TSS_0519	.	+	-912
ZM4	260348	260349	ZMO0373_peak_123c	291.402	ZM4	260896	260897	TSS_0519	.	+	-548
ZM4	260873	260874	ZMO0373_peak_124	55.5067	ZM4	260896	260897	TSS_0519	.	+	-23
ZM4	268635	268636	ZMO0373_peak_125	109.326	ZM4	267770	267771	TSS_0530	.	-	-865
ZM4	272453	272454	ZMO0373_peak_126	212.979	ZM4	273918	273919	TSS_0536	.	-	1465
ZM4	274620	274621	ZMO0373_peak_127	124.335	ZM4	273919	273920	TSS_0537	.	-	-701
ZM4	275404	275405	ZMO0373_peak_128	547.815	ZM4	276580	276581	TSS_0538	.	+	-1176
ZM4	275946	275947	ZMO0373_peak_129	35.3429	ZM4	276580	276581	TSS_0538	.	+	-634
ZM4	276447	276448	ZMO0373_peak_130	551.491	ZM4	276580	276581	TSS_0538	.	+	-133
ZM4	278718	278719	ZMO0373_peak_131	306.895	ZM4	278858	278859	TSS_0540	.	+	-140
ZM4	280299	280300	ZMO0373_peak_132	4163.05	ZM4	278867	278868	TSS_0542	.	+	1432
ZM4	282141	282142	ZMO0373_peak_133	270.648	ZM4	281943	281944	TSS_0545	.	-	-198
ZM4	283037	283038	ZMO0373_peak_134	18.4838	ZM4	282731	282732	TSS_0547	.	-	-306
ZM4	283399	283400	ZMO0373_peak_135	708.166	ZM4	282731	282732	TSS_0547	.	-	-668
ZM4	284489	284490	ZMO0373_peak_136	50.89	ZM4	284553	284554	TSS_0548	.	-	64
ZM4	286735	286736	ZMO0373_peak_137	838.928	ZM4	286924	286925	TSS_0569	.	-	189
ZM4	291947	291948	ZMO0373_peak_138	52.1497	ZM4	293575	293576	TSS_0576	.	+	-1628
ZM4	295386	295387	ZMO0373_peak_139	30.7616	ZM4	295366	295367	TSS_0583	.	+	20
ZM4	295823	295824	ZMO0373_peak_140	141.483	ZM4	295366	295367	TSS_0583	.	+	457
ZM4	297946	297947	ZMO0373_peak_141a	113.352	ZM4	298017	298018	TSS_0586	.	-	71
ZM4	298132	298133	ZMO0373_peak_141b	381.209	ZM4	298017	298018	TSS_0586	.	-	-115
ZM4	298358	298359	ZMO0373_peak_141c	13.8738	ZM4	298017	298018	TSS_0586	.	-	-341
ZM4	300286	300287	ZMO0373_peak_142	225.743	ZM4	300287	300288	TSS_0593	.	-	1
ZM4	300775	300776	ZMO0373_peak_143	1.35939	ZM4	301158	301159	TSS_0595	.	+	-383
ZM4	301392	301393	ZMO0373_peak_144	60.9603	ZM4	301158	301159	TSS_0595	.	+	234
ZM4	304150	304151	ZMO0373_peak_145	273.712	ZM4	304584	304585	TSS_0597	.	+	-434
ZM4	305544	305545	ZMO0373_peak_146a	27.8765	ZM4	304778	304779	TSS_0599	.	-	-766
ZM4	305810	305811	ZMO0373_peak_146b	2799.83	ZM4	304778	304779	TSS_0599	.	-	-1032
ZM4	306225	306226	ZMO0373_peak_147	33.7697	ZM4	304778	304779	TSS_0599	.	-	-1447
ZM4	306628	306629	ZMO0373_peak_148	1207	ZM4	304778	304779	TSS_0599	.	-	-1850
ZM4	308746	308747	ZMO0373_peak_149a	7.76445	ZM4	310703	310704	TSS_0602	.	-	1957
ZM4	308970	308971	ZMO0373_peak_149b	66.4266	ZM4	310703	310704	TSS_0602	.	-	1733
ZM4	309421	309422	ZMO0373_peak_150a	7.38281	ZM4	310703	310704	TSS_0602	.	-	1282
ZM4	309592	309593	ZMO0373_peak_150b	78.312	ZM4	310703	310704	TSS_0602	.	-	1111
ZM4	309657	309658	ZMO0373_peak_150c	83.1701	ZM4	310703	310704	TSS_0602	.	-	1046
ZM4	310129	310130	ZMO0373_peak_151	403.134	ZM4	310703	310704	TSS_0602	.	-	574
ZM4	310579	310580	ZMO0373_peak_152	627.41	ZM4	310703	310704	TSS_0602	.	-	124
ZM4	311725	311726	ZMO0373_peak_153	79.3268	ZM4	312500	312501	TSS_0603	.	+	-775
ZM4	313240	313241	ZMO0373_peak_154	278.993	ZM4	312500	312501	TSS_0603	.	+	740
ZM4	315375	315376	ZMO0373_peak_155	153.716	ZM4	315795	315796	TSS_0609	.	+	-420
ZM4	316036	316037	ZMO0373_peak_156a	37.6054	ZM4	315795	315796	TSS_0609	.	+	241
ZM4	316159	316160	ZMO0373_peak_156b	20.3335	ZM4	315795	315796	TSS_0609	.	+	364
ZM4	316381	316382	ZMO0373_peak_156c	554.969	ZM4	315795	315796	TSS_0609	.	+	586
ZM4	321608	321609	ZMO0373_peak_157	11.0028	ZM4	321934	321935	TSS_0626	.	+	-326
ZM4	323158	323159	ZMO0373_peak_158	3109.72	ZM4	321934	321935	TSS_0626	.	+	1224
ZM4	327246	327247	ZMO0373_peak_159	308.468	ZM4	326763	326764	TSS_0634	.	+	483
ZM4	329086	329087	ZMO0373_peak_160a	1207.92	ZM4	328935	328936	TSS_0637	.	+	151
ZM4	329307	329308	ZMO0373_peak_160b	785.69	ZM4	328935	328936	TSS_0637	.	+	372
ZM4	329591	329592	ZMO0373_peak_160c	270.404	ZM4	328935	328936	TSS_0637	.	+	656
ZM4	330320	330321	ZMO0373_peak_161	51.3181	ZM4	330645	330646	TSS_0641	.	+	-325
ZM4	332280	332281	ZMO0373_peak_162	27.7698	ZM4	332345	332346	TSS_0644	.	-	65
ZM4	333028	333029	ZMO0373_peak_163a	610.886	ZM4	333418	333419	TSS_0650	.	+	-390
ZM4	333311	333312	ZMO0373_peak_163b	44.5987	ZM4	333418	333419	TSS_0650	.	+	-107
ZM4	334260	334261	ZMO0373_peak_164	266.327	ZM4	334246	334247	TSS_0652	.	+	14
ZM4	335918	335919	ZMO0373_peak_165	406.277	ZM4	335813	335814	TSS_0653	.	+	105
ZM4	339248	339249	ZMO0373_peak_166	30.7595	ZM4	338982	338983	TSS_0660	.	+	266
ZM4	340001	340002	ZMO0373_peak_167	215.064	ZM4	340218	340219	TSS_0664	.	+	-217
ZM4	341168	341169	ZMO0373_peak_168a	1481.65	ZM4	341496	341497	TSS_0667	.	+	-328
ZM4	341485	341486	ZMO0373_peak_168b	177.058	ZM4	341496	341497	TSS_0667	.	+	-11
ZM4	341693	341694	ZMO0373_peak_168c	10.7614	ZM4	341549	341550	TSS_0673	.	+	144
ZM4	342084	342085	ZMO0373_peak_169	138.726	ZM4	341549	341550	TSS_0673	.	+	535
ZM4	343609	343610	ZMO0373_peak_170	3915.26	ZM4	343285	343286	TSS_0681	.	+	324
ZM4	347966	347967	ZMO0373_peak_171	18.2833	ZM4	346690	346691	TSS_0687	.	+	1276
ZM4	348750	348751	ZMO0373_peak_172	81.3698	ZM4	346690	346691	TSS_0687	.	+	2060
ZM4	349403	349404	ZMO0373_peak_173	280.013	ZM4	351956	351957	TSS_0689	.	+	-2553
ZM4	350000	350001	ZMO0373_peak_174	989.701	ZM4	351956	351957	TSS_0689	.	+	-1956
ZM4	353553	353554	ZMO0373_peak_175	95.5098	ZM4	353593	353594	TSS_0695	.	+	-40
ZM4	355930	355931	ZMO0373_peak_176a	721.915	ZM4	357147	357148	TSS_0698	.	+	-1217
ZM4	356067	356068	ZMO0373_peak_176b	585.029	ZM4	357147	357148	TSS_0698	.	+	-1080
ZM4	356252	356253	ZMO0373_peak_176c	493.079	ZM4	357147	357148	TSS_0698	.	+	-895
ZM4	356617	356618	ZMO0373_peak_177	49.9217	ZM4	357147	357148	TSS_0698	.	+	-530
ZM4	358057	358058	ZMO0373_peak_178	73.4651	ZM4	357647	357648	TSS_0704	.	-	-410
ZM4	358503	358504	ZMO0373_peak_179	515.223	ZM4	359278	359279	TSS_0705	.	+	-775
ZM4	359739	359740	ZMO0373_peak_180	32.3765	ZM4	359813	359814	TSS_0706	.	+	-74
ZM4	361420	361421	ZMO0373_peak_181	89.0422	ZM4	361997	361998	TSS_0709	.	+	-577
ZM4	361704	361705	ZMO0373_peak_182	222.18	ZM4	361997	361998	TSS_0709	.	+	-293
ZM4	371970	371971	ZMO0373_peak_183	876.492	ZM4	372593	372594	TSS_0742	.	+	-623
ZM4	373781	373782	ZMO0373_peak_184	13.4484	ZM4	373739	373740	TSS_0751	.	+	42
ZM4	375892	375893	ZMO0373_peak_185	42.0001	ZM4	375886	375887	TSS_0761	.	+	6
ZM4	378328	378329	ZMO0373_peak_186	1875.03	ZM4	378389	378390	TSS_0771	.	+	-61
ZM4	388529	388530	ZMO0373_peak_187	4982.44	ZM4	390011	390012	TSS_0792	.	+	-1482
ZM4	389462	389463	ZMO0373_peak_188a	13.8724	ZM4	390011	390012	TSS_0792	.	+	-549
ZM4	389595	389596	ZMO0373_peak_188b	43.6697	ZM4	390011	390012	TSS_0792	.	+	-416
ZM4	390882	390883	ZMO0373_peak_189	42.7673	ZM4	391738	391739	TSS_0793	.	+	-856
ZM4	391764	391765	ZMO0373_peak_190a	11.6193	ZM4	391738	391739	TSS_0793	.	+	26
ZM4	391963	391964	ZMO0373_peak_190b	187.441	ZM4	391738	391739	TSS_0793	.	+	225
ZM4	392447	392448	ZMO0373_peak_191	81.4732	ZM4	391738	391739	TSS_0793	.	+	709
ZM4	392976	392977	ZMO0373_peak_192	356.796	ZM4	391738	391739	TSS_0793	.	+	1238
ZM4	393767	393768	ZMO0373_peak_193	6547.38	ZM4	391738	391739	TSS_0793	.	+	2029
ZM4	396758	396759	ZMO0373_peak_194	158.431	ZM4	397722	397723	TSS_0795	.	+	-964
ZM4	401321	401322	ZMO0373_peak_195	124.023	ZM4	397722	397723	TSS_0795	.	+	3599
ZM4	401726	401727	ZMO0373_peak_196a	76.056	ZM4	397722	397723	TSS_0795	.	+	4004
ZM4	402074	402075	ZMO0373_peak_196b	622.933	ZM4	405797	405798	TSS_0803	.	-	3723
ZM4	402592	402593	ZMO0373_peak_197	25.9929	ZM4	405797	405798	TSS_0803	.	-	3205
ZM4	406377	406378	ZMO0373_peak_198a	148.836	ZM4	406810	406811	TSS_0804	.	-	433
ZM4	406594	406595	ZMO0373_peak_198b	20.233	ZM4	406810	406811	TSS_0804	.	-	216
ZM4	407992	407993	ZMO0373_peak_199	111.489	ZM4	407681	407682	TSS_0811	.	+	311
ZM4	409160	409161	ZMO0373_peak_200a	16.1933	ZM4	407681	407682	TSS_0811	.	+	1479
ZM4	409421	409422	ZMO0373_peak_200b	281.213	ZM4	410669	410670	TSS_0814	.	+	-1248
ZM4	410236	410237	ZMO0373_peak_201a	5.7821	ZM4	410669	410670	TSS_0814	.	+	-433
ZM4	410361	410362	ZMO0373_peak_201b	15.0233	ZM4	410669	410670	TSS_0814	.	+	-308
ZM4	410706	410707	ZMO0373_peak_202	52.9734	ZM4	410669	410670	TSS_0814	.	+	37
ZM4	412793	412794	ZMO0373_peak_203	19.8416	ZM4	411925	411926	TSS_0823	.	+	868
ZM4	414042	414043	ZMO0373_peak_204	35.333	ZM4	414258	414259	TSS_0825	.	+	-216
ZM4	418989	418990	ZMO0373_peak_205	186.947	ZM4	418225	418226	TSS_0828	.	-	-764
ZM4	421103	421104	ZMO0373_peak_206	102.782	ZM4	419827	419828	TSS_0833	.	-	-1276
ZM4	422634	422635	ZMO0373_peak_207	900.354	ZM4	424989	424990	TSS_0836	.	-	2355
ZM4	423906	423907	ZMO0373_peak_208	196.774	ZM4	424989	424990	TSS_0836	.	-	1083
ZM4	424416	424417	ZMO0373_peak_209	129.482	ZM4	424989	424990	TSS_0836	.	-	573
ZM4	431448	431449	ZMO0373_peak_210	2308.2	ZM4	431194	431195	TSS_0845	.	+	254
ZM4	433741	433742	ZMO0373_peak_211	112.355	ZM4	433937	433938	TSS_0852	.	-	196
ZM4	435499	435500	ZMO0373_peak_212a	1.63687	ZM4	435558	435559	TSS_0856	.	-	59
ZM4	435699	435700	ZMO0373_peak_212b	328.623	ZM4	435595	435596	TSS_0859	.	-	-104
ZM4	437841	437842	ZMO0373_peak_213	238.766	ZM4	437845	437846	TSS_0861	.	+	-4
ZM4	438656	438657	ZMO0373_peak_214	209.994	ZM4	438572	438573	TSS_0863	.	+	84
ZM4	439593	439594	ZMO0373_peak_215	129.351	ZM4	438921	438922	TSS_0866	.	+	672
ZM4	440680	440681	ZMO0373_peak_216	21.7418	ZM4	440929	440930	TSS_0867	.	+	-249
ZM4	441769	441770	ZMO0373_peak_217	633.374	ZM4	441891	441892	TSS_0873	.	+	-122
ZM4	444404	444405	ZMO0373_peak_218	66.7391	ZM4	446167	446168	TSS_0875	.	-	1763
ZM4	445507	445508	ZMO0373_peak_219	295.975	ZM4	446167	446168	TSS_0875	.	-	660
ZM4	446135	446136	ZMO0373_peak_220a	588.013	ZM4	446167	446168	TSS_0875	.	-	32
ZM4	446413	446414	ZMO0373_peak_220b	26.9951	ZM4	446368	446369	TSS_0880	.	-	-45
ZM4	447362	447363	ZMO0373_peak_221	380.099	ZM4	446871	446872	TSS_0900	.	+	491
ZM4	449187	449188	ZMO0373_peak_222	108.765	ZM4	446871	446872	TSS_0900	.	+	2316
ZM4	450334	450335	ZMO0373_peak_223	446.56	ZM4	452429	452430	TSS_0906	.	-	2095
ZM4	451325	451326	ZMO0373_peak_224	1054.61	ZM4	452429	452430	TSS_0906	.	-	1104
ZM4	451964	451965	ZMO0373_peak_225	248.197	ZM4	452429	452430	TSS_0906	.	-	465
ZM4	456872	456873	ZMO0373_peak_226	258.218	ZM4	457025	457026	TSS_0911	.	-	153
ZM4	457500	457501	ZMO0373_peak_227	174.144	ZM4	457289	457290	TSS_0918	.	+	211
ZM4	458187	458188	ZMO0373_peak_228a	614.173	ZM4	457289	457290	TSS_0918	.	+	898
ZM4	458361	458362	ZMO0373_peak_228b	8.75368	ZM4	457289	457290	TSS_0918	.	+	1072
ZM4	458596	458597	ZMO0373_peak_228c	59.009	ZM4	459770	459771	TSS_0923	.	-	1174
ZM4	459035	459036	ZMO0373_peak_229	225.249	ZM4	459770	459771	TSS_0923	.	-	735
ZM4	460069	460070	ZMO0373_peak_230	836.421	ZM4	459770	459771	TSS_0923	.	-	-299
ZM4	460880	460881	ZMO0373_peak_231	92.2515	ZM4	460867	460868	TSS_0936	.	+	13
ZM4	462789	462790	ZMO0373_peak_232	486.369	ZM4	462622	462623	TSS_0939	.	+	167
ZM4	464063	464064	ZMO0373_peak_233a	77.0032	ZM4	464751	464752	TSS_0942	.	+	-688
ZM4	464272	464273	ZMO0373_peak_233b	52.5776	ZM4	464751	464752	TSS_0942	.	+	-479
ZM4	470566	470567	ZMO0373_peak_234a	121.963	ZM4	470599	470600	TSS_0952	.	-	33
ZM4	470814	470815	ZMO0373_peak_234b	78.1982	ZM4	470789	470790	TSS_0959	.	+	25
ZM4	472880	472881	ZMO0373_peak_235	612.032	ZM4	472788	472789	TSS_0963	.	+	92
ZM4	474126	474127	ZMO0373_peak_236	88.7971	ZM4	472788	472789	TSS_0963	.	+	1338
ZM4	475067	475068	ZMO0373_peak_237	15.5191	ZM4	476744	476745	TSS_0966	.	-	1677
ZM4	475646	475647	ZMO0373_peak_238a	190.617	ZM4	476744	476745	TSS_0966	.	-	1098
ZM4	475928	475929	ZMO0373_peak_238b	890.927	ZM4	476744	476745	TSS_0966	.	-	816
ZM4	478567	478568	ZMO0373_peak_239	25.9785	ZM4	478166	478167	TSS_0972	.	-	-401
ZM4	480168	480169	ZMO0373_peak_240	136.325	ZM4	479228	479229	TSS_0979	.	+	940
ZM4	482166	482167	ZMO0373_peak_241	109.119	ZM4	483304	483305	TSS_0981	.	-	1138
ZM4	483201	483202	ZMO0373_peak_242	30.5049	ZM4	483304	483305	TSS_0981	.	-	103
ZM4	483620	483621	ZMO0373_peak_243	97.8672	ZM4	483535	483536	TSS_0995	.	-	-85
ZM4	486018	486019	ZMO0373_peak_244	3.51631	ZM4	486014	486015	TSS_1005	.	+	4
ZM4	486870	486871	ZMO0373_peak_245	59.6932	ZM4	486033	486034	TSS_1007	.	+	837
ZM4	487486	487487	ZMO0373_peak_246	153.989	ZM4	487927	487928	TSS_1008	.	+	-441
ZM4	489126	489127	ZMO0373_peak_247	59.1849	ZM4	488384	488385	TSS_1018	.	+	742
ZM4	496298	496299	ZMO0373_peak_248	68.3614	ZM4	497665	497666	TSS_1028	.	-	1367
ZM4	497126	497127	ZMO0373_peak_249	1364.63	ZM4	497665	497666	TSS_1028	.	-	539
ZM4	498262	498263	ZMO0373_peak_250a	83.8354	ZM4	498429	498430	TSS_1029	.	+	-167
ZM4	498544	498545	ZMO0373_peak_250b	538.094	ZM4	498519	498520	TSS_1030	.	+	25
ZM4	499491	499492	ZMO0373_peak_251	85.9175	ZM4	498519	498520	TSS_1030	.	+	972
ZM4	501546	501547	ZMO0373_peak_252	118.871	ZM4	502236	502237	TSS_1037	.	-	690
ZM4	502891	502892	ZMO0373_peak_253	339.435	ZM4	502383	502384	TSS_1038	.	-	-508
ZM4	505498	505499	ZMO0373_peak_254	239.102	ZM4	504334	504335	TSS_1041	.	+	1164
ZM4	507933	507934	ZMO0373_peak_255	82.7269	ZM4	509404	509405	TSS_1045	.	+	-1471
ZM4	510098	510099	ZMO0373_peak_256	2.42308	ZM4	509404	509405	TSS_1045	.	+	694
ZM4	512313	512314	ZMO0373_peak_257	54.5274	ZM4	512396	512397	TSS_1051	.	+	-83
ZM4	513759	513760	ZMO0373_peak_258	30.4554	ZM4	512424	512425	TSS_1052	.	+	1335
ZM4	514311	514312	ZMO0373_peak_259a	89.499	ZM4	515444	515445	TSS_1056	.	+	-1133
ZM4	514622	514623	ZMO0373_peak_259b	863.712	ZM4	515444	515445	TSS_1056	.	+	-822
ZM4	515452	515453	ZMO0373_peak_260a	1215.06	ZM4	515448	515449	TSS_1060	.	+	4
ZM4	515647	515648	ZMO0373_peak_260b	41.8714	ZM4	515617	515618	TSS_1066	.	+	30
ZM4	516593	516594	ZMO0373_peak_261	4106.54	ZM4	516633	516634	TSS_1073	.	+	-40
ZM4	520407	520408	ZMO0373_peak_262	37.9277	ZM4	520477	520478	TSS_1110	.	+	-70
ZM4	521602	521603	ZMO0373_peak_263	417.89	ZM4	521650	521651	TSS_1124	.	+	-48
ZM4	525714	525715	ZMO0373_peak_264a	90.6661	ZM4	525729	525730	TSS_1168	.	+	-15
ZM4	525855	525856	ZMO0373_peak_264b	239.362	ZM4	525729	525730	TSS_1168	.	+	126
ZM4	526570	526571	ZMO0373_peak_265	146.659	ZM4	526607	526608	TSS_1172	.	+	-37
ZM4	528386	528387	ZMO0373_peak_266	14.7582	ZM4	528459	528460	TSS_1181	.	+	-73
ZM4	530192	530193	ZMO0373_peak_267	112.705	ZM4	530243	530244	TSS_1192	.	+	-51
ZM4	532707	532708	ZMO0373_peak_268	2095.48	ZM4	532699	532700	TSS_1205	.	+	8
ZM4	533159	533160	ZMO0373_peak_269	11.0817	ZM4	533100	533101	TSS_1211	.	+	59
ZM4	533897	533898	ZMO0373_peak_270	7.38889	ZM4	533540	533541	TSS_1212	.	+	357
ZM4	536336	536337	ZMO0373_peak_271	273.648	ZM4	536068	536069	TSS_1235	.	+	268
ZM4	538926	538927	ZMO0373_peak_272a	875.202	ZM4	536068	536069	TSS_1235	.	+	2858
ZM4	539080	539081	ZMO0373_peak_272b	468.755	ZM4	536068	536069	TSS_1235	.	+	3012
ZM4	539292	539293	ZMO0373_peak_272c	122.861	ZM4	536068	536069	TSS_1235	.	+	3224
ZM4	541235	541236	ZMO0373_peak_273	137.741	ZM4	542667	542668	TSS_1242	.	+	-1432
ZM4	542976	542977	ZMO0373_peak_274	186.857	ZM4	543015	543016	TSS_1286	.	-	39
ZM4	545131	545132	ZMO0373_peak_275	1044.3	ZM4	545686	545687	TSS_1290	.	-	555
ZM4	546438	546439	ZMO0373_peak_276	56.006	ZM4	545705	545706	TSS_1293	.	-	-733
ZM4	549972	549973	ZMO0373_peak_277	298.515	ZM4	550473	550474	TSS_1308	.	-	501
ZM4	551591	551592	ZMO0373_peak_278	753.715	ZM4	550473	550474	TSS_1308	.	-	-1118
ZM4	553552	553553	ZMO0373_peak_279	194.639	ZM4	553505	553506	TSS_1309	.	-	-47
ZM4	554625	554626	ZMO0373_peak_280	81.4732	ZM4	554632	554633	TSS_1317	.	-	7
ZM4	556943	556944	ZMO0373_peak_281	1324.61	ZM4	556627	556628	TSS_1327	.	-	-316
ZM4	564804	564805	ZMO0373_peak_282	38.519	ZM4	564760	564761	TSS_1350	.	-	-44
ZM4	565117	565118	ZMO0373_peak_283	73.1322	ZM4	564760	564761	TSS_1350	.	-	-357
ZM4	565402	565403	ZMO0373_peak_284	62.5643	ZM4	565717	565718	TSS_1351	.	+	-315
ZM4	566672	566673	ZMO0373_peak_285	68.2202	ZM4	565717	565718	TSS_1351	.	+	955
ZM4	570185	570186	ZMO0373_peak_286	64.3827	ZM4	569906	569907	TSS_1353	.	-	-279
ZM4	571118	571119	ZMO0373_peak_287	610.306	ZM4	571041	571042	TSS_1354	.	-	-77
ZM4	571792	571793	ZMO0373_peak_288	727.67	ZM4	571803	571804	TSS_1356	.	+	-11
ZM4	572826	572827	ZMO0373_peak_289	79.5448	ZM4	573476	573477	TSS_1369	.	+	-650
ZM4	573628	573629	ZMO0373_peak_290	16.0444	ZM4	573476	573477	TSS_1369	.	+	152
ZM4	574125	574126	ZMO0373_peak_291	105.688	ZM4	573476	573477	TSS_1369	.	+	649
ZM4	576630	576631	ZMO0373_peak_292	241.458	ZM4	573476	573477	TSS_1369	.	+	3154
ZM4	577777	577778	ZMO0373_peak_293	69.9266	ZM4	580146	580147	TSS_1370	.	-	2369
ZM4	579624	579625	ZMO0373_peak_294a	193.892	ZM4	580146	580147	TSS_1370	.	-	522
ZM4	579829	579830	ZMO0373_peak_294b	447.985	ZM4	580146	580147	TSS_1370	.	-	317
ZM4	580959	580960	ZMO0373_peak_295	1720.46	ZM4	580146	580147	TSS_1370	.	-	-813
ZM4	582741	582742	ZMO0373_peak_296	43.2177	ZM4	583750	583751	TSS_1374	.	-	1009
ZM4	583058	583059	ZMO0373_peak_297	60.291	ZM4	583750	583751	TSS_1374	.	-	692
ZM4	584196	584197	ZMO0373_peak_298	65.1361	ZM4	584085	584086	TSS_1377	.	-	-111
ZM4	587142	587143	ZMO0373_peak_299	7035.42	ZM4	587929	587930	TSS_1379	.	-	787
ZM4	587685	587686	ZMO0373_peak_300a	107.525	ZM4	587929	587930	TSS_1379	.	-	244
ZM4	587856	587857	ZMO0373_peak_300b	13.5819	ZM4	587929	587930	TSS_1379	.	-	73
ZM4	588066	588067	ZMO0373_peak_300c	7.6159	ZM4	587929	587930	TSS_1379	.	-	-137
ZM4	590690	590691	ZMO0373_peak_301a	1.9763	ZM4	590371	590372	TSS_1381	.	-	-319
ZM4	590874	590875	ZMO0373_peak_301b	131.858	ZM4	591218	591219	TSS_1382	.	-	344
ZM4	591246	591247	ZMO0373_peak_301c	985.996	ZM4	591218	591219	TSS_1382	.	-	-28
ZM4	591528	591529	ZMO0373_peak_301d	144.968	ZM4	591524	591525	TSS_1384	.	-	-4
ZM4	593380	593381	ZMO0373_peak_302	623.187	ZM4	593832	593833	TSS_1387	.	+	-452
ZM4	595268	595269	ZMO0373_peak_303	150.781	ZM4	596080	596081	TSS_1388	.	-	812
ZM4	595964	595965	ZMO0373_peak_304	73.9722	ZM4	596080	596081	TSS_1388	.	-	116
ZM4	596802	596803	ZMO0373_peak_305a	5.73428	ZM4	596812	596813	TSS_1396	.	-	10
ZM4	597060	597061	ZMO0373_peak_305b	265.671	ZM4	596812	596813	TSS_1396	.	-	-248
ZM4	597338	597339	ZMO0373_peak_305c	989.406	ZM4	596812	596813	TSS_1396	.	-	-526
ZM4	598002	598003	ZMO0373_peak_306a	85.2349	ZM4	598293	598294	TSS_1398	.	+	-291
ZM4	598214	598215	ZMO0373_peak_306b	466.079	ZM4	598293	598294	TSS_1398	.	+	-79
ZM4	601845	601846	ZMO0373_peak_307	1259.28	ZM4	603093	603094	TSS_1405	.	+	-1248
ZM4	603714	603715	ZMO0373_peak_308	46.4184	ZM4	603125	603126	TSS_1406	.	+	589
ZM4	604639	604640	ZMO0373_peak_309	62.5736	ZM4	606103	606104	TSS_1408	.	-	1464
ZM4	606759	606760	ZMO0373_peak_310	288.395	ZM4	607071	607072	TSS_1410	.	-	312
ZM4	607183	607184	ZMO0373_peak_311	2615.67	ZM4	607071	607072	TSS_1410	.	-	-112
ZM4	608969	608970	ZMO0373_peak_312	106.29	ZM4	608481	608482	TSS_1413	.	-	-488
ZM4	609393	609394	ZMO0373_peak_313	17.2259	ZM4	608481	608482	TSS_1413	.	-	-912
ZM4	610689	610690	ZMO0373_peak_314a	36.2215	ZM4	610824	610825	TSS_1416	.	-	135
ZM4	610888	610889	ZMO0373_peak_314b	107.299	ZM4	610891	610892	TSS_1417	.	-	3
ZM4	611658	611659	ZMO0373_peak_315	24.3951	ZM4	611624	611625	TSS_1420	.	-	-34
ZM4	612160	612161	ZMO0373_peak_316	19.8416	ZM4	612159	612160	TSS_1421	.	-	-1
ZM4	613188	613189	ZMO0373_peak_317	16.9094	ZM4	612724	612725	TSS_1425	.	-	-464
ZM4	614752	614753	ZMO0373_peak_318	82.604	ZM4	614434	614435	TSS_1430	.	-	-318
ZM4	616406	616407	ZMO0373_peak_319a	14.7362	ZM4	617211	617212	TSS_1434	.	+	-805
ZM4	616625	616626	ZMO0373_peak_319b	98.0008	ZM4	617211	617212	TSS_1434	.	+	-586
ZM4	618669	618670	ZMO0373_peak_320	335.566	ZM4	619099	619100	TSS_1442	.	+	-430
ZM4	620737	620738	ZMO0373_peak_321	29.946	ZM4	620685	620686	TSS_1445	.	+	52
ZM4	622863	622864	ZMO0373_peak_322	27.9992	ZM4	623556	623557	TSS_1448	.	+	-693
ZM4	623739	623740	ZMO0373_peak_323	83.1134	ZM4	623558	623559	TSS_1449	.	+	181
ZM4	624159	624160	ZMO0373_peak_324	110.634	ZM4	623558	623559	TSS_1449	.	+	601
ZM4	624764	624765	ZMO0373_peak_325	36.6452	ZM4	625384	625385	TSS_1453	.	-	620
ZM4	634805	634806	ZMO0373_peak_326	1353.57	ZM4	635196	635197	TSS_1465	.	+	-391
ZM4	635731	635732	ZMO0373_peak_327	14.724	ZM4	635196	635197	TSS_1465	.	+	535
ZM4	636668	636669	ZMO0373_peak_328a	28.7231	ZM4	637092	637093	TSS_1467	.	+	-424
ZM4	636839	636840	ZMO0373_peak_328b	17.2339	ZM4	637092	637093	TSS_1467	.	+	-253
ZM4	637609	637610	ZMO0373_peak_329	615.642	ZM4	637092	637093	TSS_1467	.	+	517
ZM4	638151	638152	ZMO0373_peak_330	70.7696	ZM4	638856	638857	TSS_1469	.	+	-705
ZM4	638979	638980	ZMO0373_peak_331	21.7999	ZM4	638856	638857	TSS_1469	.	+	123
ZM4	640079	640080	ZMO0373_peak_332a	122.378	ZM4	641037	641038	TSS_1471	.	+	-958
ZM4	640345	640346	ZMO0373_peak_332b	2368.13	ZM4	641037	641038	TSS_1471	.	+	-692
ZM4	640568	640569	ZMO0373_peak_332c	759.765	ZM4	641037	641038	TSS_1471	.	+	-469
ZM4	641500	641501	ZMO0373_peak_333	11.8277	ZM4	641037	641038	TSS_1471	.	+	463
ZM4	641981	641982	ZMO0373_peak_334	22.604	ZM4	642444	642445	TSS_1475	.	+	-463
ZM4	645228	645229	ZMO0373_peak_335	233.124	ZM4	644525	644526	TSS_1488	.	-	-703
ZM4	647255	647256	ZMO0373_peak_336	2874.46	ZM4	648223	648224	TSS_1491	.	-	968
ZM4	648177	648178	ZMO0373_peak_337	88.7148	ZM4	648223	648224	TSS_1491	.	-	46
ZM4	648476	648477	ZMO0373_peak_338	13.2919	ZM4	648223	648224	TSS_1491	.	-	-253
ZM4	648870	648871	ZMO0373_peak_339	435.537	ZM4	648223	648224	TSS_1491	.	-	-647
ZM4	649901	649902	ZMO0373_peak_340	23.3907	ZM4	651452	651453	TSS_1492	.	-	1551
ZM4	653263	653264	ZMO0373_peak_341	458.461	ZM4	653068	653069	TSS_1497	.	+	195
ZM4	657957	657958	ZMO0373_peak_342	752.627	ZM4	658785	658786	TSS_1514	.	+	-828
ZM4	660246	660247	ZMO0373_peak_343	101.675	ZM4	659222	659223	TSS_1516	.	+	1024
ZM4	664503	664504	ZMO0373_peak_344	460.033	ZM4	664327	664328	TSS_1537	.	+	176
ZM4	665083	665084	ZMO0373_peak_345	205.176	ZM4	665586	665587	TSS_1539	.	+	-503
ZM4	665771	665772	ZMO0373_peak_346	30.8812	ZM4	665586	665587	TSS_1539	.	+	185
ZM4	667035	667036	ZMO0373_peak_347	8.7114	ZM4	666131	666132	TSS_1542	.	+	904
ZM4	670053	670054	ZMO0373_peak_348	107.525	ZM4	670330	670331	TSS_1544	.	-	277
ZM4	670768	670769	ZMO0373_peak_349	380.184	ZM4	670663	670664	TSS_1550	.	-	-105
ZM4	671297	671298	ZMO0373_peak_350	164.777	ZM4	671607	671608	TSS_1551	.	-	310
ZM4	671626	671627	ZMO0373_peak_351	199.886	ZM4	671617	671618	TSS_1553	.	-	-9
ZM4	672029	672030	ZMO0373_peak_352	773.366	ZM4	672208	672209	TSS_1555	.	-	179
ZM4	672529	672530	ZMO0373_peak_353	259.79	ZM4	672717	672718	TSS_1557	.	-	188
ZM4	675198	675199	ZMO0373_peak_354	2852.67	ZM4	673600	673601	TSS_1559	.	-	-1598
ZM4	678346	678347	ZMO0373_peak_355	725.56	ZM4	678246	678247	TSS_1561	.	+	100
ZM4	679614	679615	ZMO0373_peak_356a	870.828	ZM4	678246	678247	TSS_1561	.	+	1368
ZM4	679815	679816	ZMO0373_peak_356b	79.0741	ZM4	678246	678247	TSS_1561	.	+	1569
ZM4	681236	681237	ZMO0373_peak_357a	151.634	ZM4	678246	678247	TSS_1561	.	+	2990
ZM4	681543	681544	ZMO0373_peak_357b	49.1751	ZM4	678246	678247	TSS_1561	.	+	3297
ZM4	684084	684085	ZMO0373_peak_358	36.9251	ZM4	684964	684965	TSS_1564	.	-	880
ZM4	685583	685584	ZMO0373_peak_359	263.984	ZM4	684966	684967	TSS_1565	.	-	-617
ZM4	686940	686941	ZMO0373_peak_360	68.3273	ZM4	686355	686356	TSS_1569	.	-	-585
ZM4	688629	688630	ZMO0373_peak_361	116.302	ZM4	689513	689514	TSS_1576	.	-	884
ZM4	691118	691119	ZMO0373_peak_362	32.0852	ZM4	692242	692243	TSS_1582	.	-	1124
ZM4	693542	693543	ZMO0373_peak_363	16.1828	ZM4	693748	693749	TSS_1591	.	-	206
ZM4	694444	694445	ZMO0373_peak_364a	154.244	ZM4	693748	693749	TSS_1591	.	-	-696
ZM4	694745	694746	ZMO0373_peak_364b	19.8416	ZM4	693748	693749	TSS_1591	.	-	-997
ZM4	695040	695041	ZMO0373_peak_365	124.65	ZM4	693748	693749	TSS_1591	.	-	-1292
ZM4	696393	696394	ZMO0373_peak_366	92.9514	ZM4	698310	698311	TSS_1600	.	-	1917
ZM4	699354	699355	ZMO0373_peak_367	130.243	ZM4	699718	699719	TSS_1601	.	-	364
ZM4	700436	700437	ZMO0373_peak_368	224.407	ZM4	699718	699719	TSS_1601	.	-	-718
ZM4	700814	700815	ZMO0373_peak_369	85.9175	ZM4	699718	699719	TSS_1601	.	-	-1096
ZM4	703382	703383	ZMO0373_peak_370a	2654.96	ZM4	703888	703889	TSS_1602	.	-	506
ZM4	703580	703581	ZMO0373_peak_370b	129.879	ZM4	703888	703889	TSS_1602	.	-	308
ZM4	705438	705439	ZMO0373_peak_371	233.818	ZM4	703984	703985	TSS_1605	.	-	-1454
ZM4	706556	706557	ZMO0373_peak_372	4898.78	ZM4	707345	707346	TSS_1607	.	+	-789
ZM4	707193	707194	ZMO0373_peak_373	989.326	ZM4	707345	707346	TSS_1607	.	+	-152
ZM4	707580	707581	ZMO0373_peak_374	94.198	ZM4	707658	707659	TSS_1608	.	-	78
ZM4	713291	713292	ZMO0373_peak_375	74.9425	ZM4	714298	714299	TSS_1620	.	+	-1007
ZM4	713755	713756	ZMO0373_peak_376	73.7077	ZM4	714298	714299	TSS_1620	.	+	-543
ZM4	717003	717004	ZMO0373_peak_377a	78.1123	ZM4	716449	716450	TSS_1624	.	+	554
ZM4	717219	717220	ZMO0373_peak_377b	24.7603	ZM4	716449	716450	TSS_1624	.	+	770
ZM4	718892	718893	ZMO0373_peak_378	29.303	ZM4	719741	719742	TSS_1628	.	+	-849
ZM4	722369	722370	ZMO0373_peak_379	456.552	ZM4	721619	721620	TSS_1638	.	+	750
ZM4	723172	723173	ZMO0373_peak_380	175.524	ZM4	723850	723851	TSS_1645	.	+	-678
ZM4	723756	723757	ZMO0373_peak_381a	685.961	ZM4	723850	723851	TSS_1645	.	+	-94
ZM4	723921	723922	ZMO0373_peak_381b	29.7359	ZM4	723859	723860	TSS_1646	.	+	62
ZM4	725148	725149	ZMO0373_peak_382	193.147	ZM4	725138	725139	TSS_1659	.	+	10
ZM4	730894	730895	ZMO0373_peak_383a	4.89135	ZM4	731609	731610	TSS_1685	.	+	-715
ZM4	730984	730985	ZMO0373_peak_383b	5.67684	ZM4	731609	731610	TSS_1685	.	+	-625
ZM4	732457	732458	ZMO0373_peak_384	462.286	ZM4	731609	731610	TSS_1685	.	+	848
ZM4	733748	733749	ZMO0373_peak_385	115.668	ZM4	731609	731610	TSS_1685	.	+	2139
ZM4	736013	736014	ZMO0373_peak_386a	55.5114	ZM4	736997	736998	TSS_1693	.	+	-984
ZM4	736334	736335	ZMO0373_peak_386b	551.565	ZM4	736997	736998	TSS_1693	.	+	-663
ZM4	736796	736797	ZMO0373_peak_387	174.801	ZM4	736997	736998	TSS_1693	.	+	-201
ZM4	739610	739611	ZMO0373_peak_388	11.0817	ZM4	739888	739889	TSS_1707	.	+	-278
ZM4	740103	740104	ZMO0373_peak_389	663.744	ZM4	740126	740127	TSS_1710	.	-	23
ZM4	741196	741197	ZMO0373_peak_390	301.061	ZM4	741807	741808	TSS_1715	.	-	611
ZM4	745420	745421	ZMO0373_peak_391	1225.76	ZM4	746200	746201	TSS_1737	.	+	-780
ZM4	747665	747666	ZMO0373_peak_392	57.9997	ZM4	748436	748437	TSS_1738	.	-	771
ZM4	749609	749610	ZMO0373_peak_393	69.392	ZM4	749602	749603	TSS_1747	.	-	-7
ZM4	752238	752239	ZMO0373_peak_394	33.7173	ZM4	751890	751891	TSS_1757	.	+	348
ZM4	752634	752635	ZMO0373_peak_395	9.78353	ZM4	751890	751891	TSS_1757	.	+	744
ZM4	756142	756143	ZMO0373_peak_396	95.9809	ZM4	757145	757146	TSS_1760	.	-	1003
ZM4	762250	762251	ZMO0373_peak_397a	103.833	ZM4	761329	761330	TSS_1775	.	+	921
ZM4	762413	762414	ZMO0373_peak_397b	10.8167	ZM4	761329	761330	TSS_1775	.	+	1084
ZM4	764206	764207	ZMO0373_peak_398	33.6959	ZM4	764204	764205	TSS_1779	.	+	2
ZM4	764583	764584	ZMO0373_peak_399	185.481	ZM4	764204	764205	TSS_1779	.	+	379
ZM4	767427	767428	ZMO0373_peak_400	22.2484	ZM4	769638	769639	TSS_1780	.	-	2211
ZM4	770844	770845	ZMO0373_peak_401	37.0708	ZM4	771418	771419	TSS_1786	.	+	-574
ZM4	771174	771175	ZMO0373_peak_402	2625.84	ZM4	771418	771419	TSS_1786	.	+	-244
ZM4	772056	772057	ZMO0373_peak_403	522.659	ZM4	771695	771696	TSS_1787	.	+	361
ZM4	772578	772579	ZMO0373_peak_404	50.6534	ZM4	773232	773233	TSS_1788	.	-	654
ZM4	773012	773013	ZMO0373_peak_405	64.1254	ZM4	773232	773233	TSS_1788	.	-	220
ZM4	777073	777074	ZMO0373_peak_406	91.8382	ZM4	779323	779324	TSS_1792	.	+	-2250
ZM4	777623	777624	ZMO0373_peak_407	106.29	ZM4	779323	779324	TSS_1792	.	+	-1700
ZM4	777941	777942	ZMO0373_peak_408	121.417	ZM4	779323	779324	TSS_1792	.	+	-1382
ZM4	778461	778462	ZMO0373_peak_409	1583.89	ZM4	779323	779324	TSS_1792	.	+	-862
ZM4	782627	782628	ZMO0373_peak_410	13.5819	ZM4	783746	783747	TSS_1798	.	-	1119
ZM4	783314	783315	ZMO0373_peak_411	120.132	ZM4	783746	783747	TSS_1798	.	-	432
ZM4	788710	788711	ZMO0373_peak_412	111.021	ZM4	792107	792108	TSS_1806	.	+	-3397
ZM4	793133	793134	ZMO0373_peak_413a	2.8315	ZM4	792107	792108	TSS_1806	.	+	1026
ZM4	793316	793317	ZMO0373_peak_413b	2.53352	ZM4	792107	792108	TSS_1806	.	+	1209
ZM4	794960	794961	ZMO0373_peak_414a	171.11	ZM4	797196	797197	TSS_1808	.	-	2236
ZM4	795198	795199	ZMO0373_peak_414b	250.563	ZM4	797196	797197	TSS_1808	.	-	1998
ZM4	796216	796217	ZMO0373_peak_415	3516.08	ZM4	797196	797197	TSS_1808	.	-	980
ZM4	796923	796924	ZMO0373_peak_416	301.929	ZM4	797196	797197	TSS_1808	.	-	273
ZM4	799401	799402	ZMO0373_peak_417	5031.5	ZM4	800835	800836	TSS_1810	.	-	1434
ZM4	800076	800077	ZMO0373_peak_418	143.931	ZM4	800835	800836	TSS_1810	.	-	759
ZM4	800801	800802	ZMO0373_peak_419	98.9767	ZM4	800835	800836	TSS_1810	.	-	34
ZM4	803702	803703	ZMO0373_peak_420	32.4903	ZM4	800836	800837	TSS_1811	.	-	-2866
ZM4	804208	804209	ZMO0373_peak_421	67.797	ZM4	800836	800837	TSS_1811	.	-	-3372
ZM4	804590	804591	ZMO0373_peak_422	32.4903	ZM4	800836	800837	TSS_1811	.	-	-3754
ZM4	805189	805190	ZMO0373_peak_423	531.585	ZM4	800836	800837	TSS_1811	.	-	-4353
ZM4	806034	806035	ZMO0373_peak_424	59.0054	ZM4	810611	810612	TSS_1815	.	-	4577
ZM4	808666	808667	ZMO0373_peak_425	63.0146	ZM4	810611	810612	TSS_1815	.	-	1945
ZM4	814437	814438	ZMO0373_peak_426	366.677	ZM4	814346	814347	TSS_1818	.	-	-91
ZM4	815097	815098	ZMO0373_peak_427	351.458	ZM4	814346	814347	TSS_1818	.	-	-751
ZM4	817432	817433	ZMO0373_peak_428	32.0852	ZM4	817283	817284	TSS_1822	.	+	149
ZM4	819094	819095	ZMO0373_peak_429	273.408	ZM4	819609	819610	TSS_1823	.	-	515
ZM4	819983	819984	ZMO0373_peak_430	459.968	ZM4	819988	819989	TSS_1837	.	-	5
ZM4	821099	821100	ZMO0373_peak_431	361.261	ZM4	820663	820664	TSS_1857	.	+	436
ZM4	822973	822974	ZMO0373_peak_432	31.6819	ZM4	824509	824510	TSS_1863	.	+	-1536
ZM4	825747	825748	ZMO0373_peak_433	394.843	ZM4	825345	825346	TSS_1867	.	+	402
ZM4	828268	828269	ZMO0373_peak_434a	21.2037	ZM4	828300	828301	TSS_1869	.	+	-32
ZM4	828497	828498	ZMO0373_peak_434b	20.5184	ZM4	828300	828301	TSS_1869	.	+	197
ZM4	828916	828917	ZMO0373_peak_435	118.212	ZM4	828701	828702	TSS_1871	.	+	215
ZM4	829282	829283	ZMO0373_peak_436a	3.63442	ZM4	828701	828702	TSS_1871	.	+	581
ZM4	829496	829497	ZMO0373_peak_436b	166.909	ZM4	828701	828702	TSS_1871	.	+	795
ZM4	833905	833906	ZMO0373_peak_437	1172.35	ZM4	831738	831739	TSS_1873	.	+	2167
ZM4	835095	835096	ZMO0373_peak_438	94.7909	ZM4	831738	831739	TSS_1873	.	+	3357
ZM4	838763	838764	ZMO0373_peak_439	76.1919	ZM4	842246	842247	TSS_1877	.	+	-3483
ZM4	842114	842115	ZMO0373_peak_440	357.688	ZM4	842246	842247	TSS_1877	.	+	-132
ZM4	842985	842986	ZMO0373_peak_441	824.157	ZM4	843258	843259	TSS_1881	.	+	-273
ZM4	843996	843997	ZMO0373_peak_442	34.4826	ZM4	843885	843886	TSS_1891	.	+	111
ZM4	844255	844256	ZMO0373_peak_443a	40.5409	ZM4	843885	843886	TSS_1891	.	+	370
ZM4	844464	844465	ZMO0373_peak_443b	62.0594	ZM4	843885	843886	TSS_1891	.	+	579
ZM4	846909	846910	ZMO0373_peak_444	15.4821	ZM4	845509	845510	TSS_1896	.	+	1400
ZM4	847548	847549	ZMO0373_peak_445	128.441	ZM4	845509	845510	TSS_1896	.	+	2039
ZM4	848139	848140	ZMO0373_peak_446	139.807	ZM4	845509	845510	TSS_1896	.	+	2630
ZM4	850621	850622	ZMO0373_peak_447	215.112	ZM4	851610	851611	TSS_1897	.	+	-989
ZM4	851237	851238	ZMO0373_peak_448	43.2177	ZM4	851610	851611	TSS_1897	.	+	-373
ZM4	853944	853945	ZMO0373_peak_449a	28.1399	ZM4	853157	853158	TSS_1910	.	+	787
ZM4	854156	854157	ZMO0373_peak_449b	18.19	ZM4	853157	853158	TSS_1910	.	+	999
ZM4	854493	854494	ZMO0373_peak_450	221.295	ZM4	853157	853158	TSS_1910	.	+	1336
ZM4	856220	856221	ZMO0373_peak_451	31.2808	ZM4	858076	858077	TSS_1912	.	+	-1856
ZM4	857994	857995	ZMO0373_peak_452	388.999	ZM4	858076	858077	TSS_1912	.	+	-82
ZM4	861130	861131	ZMO0373_peak_453	213.204	ZM4	862488	862489	TSS_1919	.	+	-1358
ZM4	861645	861646	ZMO0373_peak_454	958.081	ZM4	862488	862489	TSS_1919	.	+	-843
ZM4	863870	863871	ZMO0373_peak_455	49.0368	ZM4	864638	864639	TSS_1926	.	-	768
ZM4	865824	865825	ZMO0373_peak_456	13.5819	ZM4	865249	865250	TSS_1928	.	-	-575
ZM4	869709	869710	ZMO0373_peak_457	898.881	ZM4	869458	869459	TSS_1936	.	-	-251
ZM4	870875	870876	ZMO0373_peak_458	810.828	ZM4	871328	871329	TSS_1939	.	+	-453
ZM4	872475	872476	ZMO0373_peak_459a	7.84578	ZM4	871576	871577	TSS_1946	.	+	899
ZM4	872687	872688	ZMO0373_peak_459b	15.666	ZM4	873600	873601	TSS_1948	.	+	-913
ZM4	874990	874991	ZMO0373_peak_460	10.038	ZM4	875070	875071	TSS_1952	.	+	-80
ZM4	875549	875550	ZMO0373_peak_461	75.8992	ZM4	875072	875073	TSS_1953	.	+	477
ZM4	879775	879776	ZMO0373_peak_462	38.4778	ZM4	880165	880166	TSS_1961	.	+	-390
ZM4	880195	880196	ZMO0373_peak_463	11.3406	ZM4	880165	880166	TSS_1961	.	+	30
ZM4	880733	880734	ZMO0373_peak_464	116.938	ZM4	880165	880166	TSS_1961	.	+	568
ZM4	885477	885478	ZMO0373_peak_465	42.8996	ZM4	885299	885300	TSS_1966	.	+	178
ZM4	886804	886805	ZMO0373_peak_466a	492.222	ZM4	887218	887219	TSS_1968	.	-	414
ZM4	886994	886995	ZMO0373_peak_466b	1850.1	ZM4	887218	887219	TSS_1968	.	-	224
ZM4	889323	889324	ZMO0373_peak_467	48.7548	ZM4	888569	888570	TSS_1980	.	+	754
ZM4	891615	891616	ZMO0373_peak_468	190.917	ZM4	890937	890938	TSS_1988	.	-	-678
ZM4	896263	896264	ZMO0373_peak_469	316.25	ZM4	895795	895796	TSS_2000	.	+	468
ZM4	897527	897528	ZMO0373_peak_470	128.78	ZM4	896865	896866	TSS_2001	.	-	-662
ZM4	900072	900073	ZMO0373_peak_471	206.696	ZM4	899111	899112	TSS_2003	.	-	-961
ZM4	900716	900717	ZMO0373_peak_472	139.869	ZM4	901168	901169	TSS_2006	.	-	452
ZM4	901712	901713	ZMO0373_peak_473	89.499	ZM4	901378	901379	TSS_2011	.	-	-334
ZM4	903666	903667	ZMO0373_peak_474	21.898	ZM4	901378	901379	TSS_2011	.	-	-2288
ZM4	906045	906046	ZMO0373_peak_475	671.146	ZM4	906229	906230	TSS_2013	.	-	184
ZM4	908872	908873	ZMO0373_peak_476	3.46741	ZM4	908198	908199	TSS_2022	.	+	674
ZM4	910676	910677	ZMO0373_peak_477	469.002	ZM4	909738	909739	TSS_2023	.	+	938
ZM4	912856	912857	ZMO0373_peak_478a	1023.23	ZM4	914345	914346	TSS_2025	.	-	1489
ZM4	913090	913091	ZMO0373_peak_478b	175.524	ZM4	914345	914346	TSS_2025	.	-	1255
ZM4	913272	913273	ZMO0373_peak_478c	41.8714	ZM4	914345	914346	TSS_2025	.	-	1073
ZM4	913765	913766	ZMO0373_peak_479	28.9132	ZM4	914345	914346	TSS_2025	.	-	580
ZM4	917009	917010	ZMO0373_peak_480	48.7548	ZM4	916224	916225	TSS_2028	.	-	-785
ZM4	917811	917812	ZMO0373_peak_481	8.85391	ZM4	919274	919275	TSS_2030	.	-	1463
ZM4	919541	919542	ZMO0373_peak_482	148.716	ZM4	919422	919423	TSS_2032	.	+	119
ZM4	921847	921848	ZMO0373_peak_483	5.88074	ZM4	919422	919423	TSS_2032	.	+	2425
ZM4	922207	922208	ZMO0373_peak_484	35.7996	ZM4	924784	924785	TSS_2042	.	-	2577
ZM4	923041	923042	ZMO0373_peak_485	806.398	ZM4	924784	924785	TSS_2042	.	-	1743
ZM4	923562	923563	ZMO0373_peak_486a	21.2037	ZM4	924784	924785	TSS_2042	.	-	1222
ZM4	923758	923759	ZMO0373_peak_486b	3.30387	ZM4	924784	924785	TSS_2042	.	-	1026
ZM4	923888	923889	ZMO0373_peak_486c	77.5571	ZM4	924784	924785	TSS_2042	.	-	896
ZM4	924805	924806	ZMO0373_peak_487	159.433	ZM4	924784	924785	TSS_2042	.	-	-21
ZM4	925739	925740	ZMO0373_peak_488a	12.1294	ZM4	926039	926040	TSS_2045	.	-	300
ZM4	925887	925888	ZMO0373_peak_488b	15.1991	ZM4	926039	926040	TSS_2045	.	-	152
ZM4	928180	928181	ZMO0373_peak_489	408.603	ZM4	928347	928348	TSS_2057	.	+	-167
ZM4	929079	929080	ZMO0373_peak_490	1757.66	ZM4	928347	928348	TSS_2057	.	+	732
ZM4	930810	930811	ZMO0373_peak_491	687.422	ZM4	931469	931470	TSS_2060	.	-	659
ZM4	931918	931919	ZMO0373_peak_492	3.14313	ZM4	932007	932008	TSS_2061	.	+	-89
ZM4	932911	932912	ZMO0373_peak_493	122.646	ZM4	932566	932567	TSS_2068	.	+	345
ZM4	934909	934910	ZMO0373_peak_494	41.6977	ZM4	934591	934592	TSS_2071	.	+	318
ZM4	936480	936481	ZMO0373_peak_495	748.28	ZM4	936642	936643	TSS_2077	.	+	-162
ZM4	936840	936841	ZMO0373_peak_496a	19.1742	ZM4	936642	936643	TSS_2077	.	+	198
ZM4	937082	937083	ZMO0373_peak_496b	67.2681	ZM4	937176	937177	TSS_2079	.	+	-94
ZM4	937737	937738	ZMO0373_peak_497	647.989	ZM4	937179	937180	TSS_2081	.	+	558
ZM4	938682	938683	ZMO0373_peak_498a	258.978	ZM4	938767	938768	TSS_2084	.	+	-85
ZM4	938880	938881	ZMO0373_peak_498b	126.774	ZM4	938778	938779	TSS_2085	.	+	102
ZM4	940505	940506	ZMO0373_peak_499	99.8606	ZM4	938778	938779	TSS_2085	.	+	1727
ZM4	944626	944627	ZMO0373_peak_500	1476.49	ZM4	945338	945339	TSS_2088	.	-	712
ZM4	945173	945174	ZMO0373_peak_501	280.04	ZM4	945338	945339	TSS_2088	.	-	165
ZM4	948024	948025	ZMO0373_peak_502	182.221	ZM4	948276	948277	TSS_2097	.	+	-252
ZM4	948430	948431	ZMO0373_peak_503	168.722	ZM4	948299	948300	TSS_2098	.	+	131
ZM4	950213	950214	ZMO0373_peak_504	1403.38	ZM4	949302	949303	TSS_2103	.	+	911
ZM4	954006	954007	ZMO0373_peak_505	125.518	ZM4	954142	954143	TSS_2106	.	-	136
ZM4	954808	954809	ZMO0373_peak_506	157.731	ZM4	954995	954996	TSS_2108	.	-	187
ZM4	955295	955296	ZMO0373_peak_507	283.065	ZM4	954996	954997	TSS_2109	.	-	-299
ZM4	958431	958432	ZMO0373_peak_508	261.098	ZM4	957435	957436	TSS_2111	.	-	-996
ZM4	959047	959048	ZMO0373_peak_509	122.062	ZM4	957435	957436	TSS_2111	.	-	-1612
ZM4	960334	960335	ZMO0373_peak_510	93.6063	ZM4	957435	957436	TSS_2111	.	-	-2899
ZM4	962230	962231	ZMO0373_peak_511	17.7385	ZM4	964162	964163	TSS_2119	.	-	1932
ZM4	962812	962813	ZMO0373_peak_512a	97.1757	ZM4	964162	964163	TSS_2119	.	-	1350
ZM4	962980	962981	ZMO0373_peak_512b	473.815	ZM4	964162	964163	TSS_2119	.	-	1182
ZM4	963256	963257	ZMO0373_peak_512c	1661.05	ZM4	964162	964163	TSS_2119	.	-	906
ZM4	966803	966804	ZMO0373_peak_513	34.5448	ZM4	966844	966845	TSS_2136	.	+	-41
ZM4	967126	967127	ZMO0373_peak_514a	176.938	ZM4	966858	966859	TSS_2138	.	+	268
ZM4	967290	967291	ZMO0373_peak_514b	55.0185	ZM4	966858	966859	TSS_2138	.	+	432
ZM4	969746	969747	ZMO0373_peak_515a	37.4984	ZM4	968979	968980	TSS_2147	.	+	767
ZM4	969843	969844	ZMO0373_peak_515b	48.2842	ZM4	968979	968980	TSS_2147	.	+	864
ZM4	971204	971205	ZMO0373_peak_516	777.75	ZM4	972262	972263	TSS_2153	.	-	1058
ZM4	972541	972542	ZMO0373_peak_517a	9.78353	ZM4	972262	972263	TSS_2153	.	-	-279
ZM4	972730	972731	ZMO0373_peak_517b	29.2002	ZM4	972262	972263	TSS_2153	.	-	-468
ZM4	974310	974311	ZMO0373_peak_518	15.5098	ZM4	974364	974365	TSS_2157	.	+	-54
ZM4	975838	975839	ZMO0373_peak_519	62.9852	ZM4	974364	974365	TSS_2157	.	+	1474
ZM4	979221	979222	ZMO0373_peak_520a	122.062	ZM4	980120	980121	TSS_2162	.	+	-899
ZM4	979621	979622	ZMO0373_peak_520b	429.917	ZM4	980120	980121	TSS_2162	.	+	-499
ZM4	983498	983499	ZMO0373_peak_521	263.206	ZM4	984710	984711	TSS_2178	.	+	-1212
ZM4	988264	988265	ZMO0373_peak_522a	420.686	ZM4	989495	989496	TSS_2180	.	+	-1231
ZM4	988490	988491	ZMO0373_peak_522b	388.376	ZM4	989495	989496	TSS_2180	.	+	-1005
ZM4	988807	988808	ZMO0373_peak_522c	508.853	ZM4	989495	989496	TSS_2180	.	+	-688
ZM4	989798	989799	ZMO0373_peak_523	90.0819	ZM4	989699	989700	TSS_2182	.	+	99
ZM4	990543	990544	ZMO0373_peak_524	145.293	ZM4	990422	990423	TSS_2184	.	+	121
ZM4	992751	992752	ZMO0373_peak_525	288.395	ZM4	992908	992909	TSS_2189	.	+	-157
ZM4	993497	993498	ZMO0373_peak_526	195.136	ZM4	992908	992909	TSS_2189	.	+	589
ZM4	994228	994229	ZMO0373_peak_527	90.32	ZM4	992908	992909	TSS_2189	.	+	1320
ZM4	1002442	1002443	ZMO0373_peak_528	161.947	ZM4	1000486	1000487	TSS_2201	.	-	-1956
ZM4	1007561	1007562	ZMO0373_peak_529	66.2146	ZM4	1008319	1008320	TSS_2205	.	-	758
ZM4	1008622	1008623	ZMO0373_peak_530	46.7829	ZM4	1008461	1008462	TSS_2211	.	+	161
ZM4	1009434	1009435	ZMO0373_peak_531	38.0534	ZM4	1009449	1009450	TSS_2220	.	+	-15
ZM4	1010078	1010079	ZMO0373_peak_532	217.738	ZM4	1010381	1010382	TSS_2224	.	-	303
ZM4	1016823	1016824	ZMO0373_peak_533	19.5069	ZM4	1017150	1017151	TSS_2249	.	-	327
ZM4	1017218	1017219	ZMO0373_peak_534	27.9783	ZM4	1017150	1017151	TSS_2249	.	-	-68
ZM4	1019578	1019579	ZMO0373_peak_535	46.8825	ZM4	1020047	1020048	TSS_2259	.	+	-469
ZM4	1022742	1022743	ZMO0373_peak_536	474.779	ZM4	1023743	1023744	TSS_2263	.	+	-1001
ZM4	1028070	1028071	ZMO0373_peak_537	41.8714	ZM4	1027989	1027990	TSS_2276	.	+	81
ZM4	1032695	1032696	ZMO0373_peak_538	170.483	ZM4	1033400	1033401	TSS_2289	.	-	705
ZM4	1037366	1037367	ZMO0373_peak_539	214.414	ZM4	1037347	1037348	TSS_2297	.	-	-19
ZM4	1037930	1037931	ZMO0373_peak_540a	115.668	ZM4	1037347	1037348	TSS_2297	.	-	-583
ZM4	1038112	1038113	ZMO0373_peak_540b	11.349	ZM4	1038660	1038661	TSS_2298	.	-	548
ZM4	1040789	1040790	ZMO0373_peak_541	45.0366	ZM4	1040463	1040464	TSS_2307	.	-	-326
ZM4	1043498	1043499	ZMO0373_peak_542a	23.6712	ZM4	1042612	1042613	TSS_2312	.	+	886
ZM4	1043715	1043716	ZMO0373_peak_542b	54.5274	ZM4	1044634	1044635	TSS_2314	.	+	-919
ZM4	1046580	1046581	ZMO0373_peak_543	120.132	ZM4	1046218	1046219	TSS_2318	.	+	362
ZM4	1047170	1047171	ZMO0373_peak_544	283.065	ZM4	1047209	1047210	TSS_2319	.	+	-39
ZM4	1048464	1048465	ZMO0373_peak_545	75.8992	ZM4	1048782	1048783	TSS_2320	.	+	-318
ZM4	1052028	1052029	ZMO0373_peak_546	75.3493	ZM4	1050976	1050977	TSS_2331	.	+	1052
ZM4	1052917	1052918	ZMO0373_peak_547	106.907	ZM4	1054730	1054731	TSS_2346	.	-	1813
ZM4	1054286	1054287	ZMO0373_peak_548	101.395	ZM4	1054730	1054731	TSS_2346	.	-	444
ZM4	1057841	1057842	ZMO0373_peak_549a	32.2738	ZM4	1055307	1055308	TSS_2351	.	+	2534
ZM4	1058078	1058079	ZMO0373_peak_549b	198.383	ZM4	1055307	1055308	TSS_2351	.	+	2771
ZM4	1059982	1059983	ZMO0373_peak_550	457.64	ZM4	1061294	1061295	TSS_2358	.	+	-1312
ZM4	1062342	1062343	ZMO0373_peak_551	1071.62	ZM4	1061345	1061346	TSS_2360	.	+	997
ZM4	1063175	1063176	ZMO0373_peak_552a	196.134	ZM4	1063532	1063533	TSS_2366	.	-	357
ZM4	1063520	1063521	ZMO0373_peak_552b	466.097	ZM4	1063532	1063533	TSS_2366	.	-	12
ZM4	1063786	1063787	ZMO0373_peak_552c	270.109	ZM4	1063726	1063727	TSS_2368	.	+	60
ZM4	1068390	1068391	ZMO0373_peak_553	64.1254	ZM4	1067835	1067836	TSS_2374	.	+	555
ZM4	1071837	1071838	ZMO0373_peak_554	1237.19	ZM4	1071475	1071476	TSS_2379	.	+	362
ZM4	1072969	1072970	ZMO0373_peak_555	50.1762	ZM4	1071475	1071476	TSS_2379	.	+	1494
ZM4	1074523	1074524	ZMO0373_peak_556	116.302	ZM4	1075141	1075142	TSS_2380	.	-	618
ZM4	1074923	1074924	ZMO0373_peak_557	237.289	ZM4	1075141	1075142	TSS_2380	.	-	218
ZM4	1075806	1075807	ZMO0373_peak_558	77.5571	ZM4	1075241	1075242	TSS_2383	.	+	565
ZM4	1076743	1076744	ZMO0373_peak_559	124.001	ZM4	1076724	1076725	TSS_2389	.	-	-19
ZM4	1077762	1077763	ZMO0373_peak_560	56.9995	ZM4	1078025	1078026	TSS_2390	.	+	-263
ZM4	1078455	1078456	ZMO0373_peak_561	49.2268	ZM4	1078511	1078512	TSS_2392	.	+	-56
ZM4	1078938	1078939	ZMO0373_peak_562a	230.669	ZM4	1078511	1078512	TSS_2392	.	+	427
ZM4	1079218	1079219	ZMO0373_peak_562b	578.33	ZM4	1078511	1078512	TSS_2392	.	+	707
ZM4	1087278	1087279	ZMO0373_peak_563	72.0787	ZM4	1087196	1087197	TSS_2425	.	+	82
ZM4	1088536	1088537	ZMO0373_peak_564	352.422	ZM4	1088589	1088590	TSS_2427	.	+	-53
ZM4	1089994	1089995	ZMO0373_peak_565a	26.7578	ZM4	1089333	1089334	TSS_2434	.	+	661
ZM4	1090210	1090211	ZMO0373_peak_565b	117.075	ZM4	1089333	1089334	TSS_2434	.	+	877
ZM4	1090939	1090940	ZMO0373_peak_566	1908.57	ZM4	1089333	1089334	TSS_2434	.	+	1606
ZM4	1091429	1091430	ZMO0373_peak_567	129.222	ZM4	1089333	1089334	TSS_2434	.	+	2096
ZM4	1092219	1092220	ZMO0373_peak_568	275.89	ZM4	1094581	1094582	TSS_2437	.	+	-2362
ZM4	1095580	1095581	ZMO0373_peak_569a	337.336	ZM4	1094581	1094582	TSS_2437	.	+	999
ZM4	1095793	1095794	ZMO0373_peak_569b	7.6159	ZM4	1094581	1094582	TSS_2437	.	+	1212
ZM4	1099104	1099105	ZMO0373_peak_570	1039.69	ZM4	1098806	1098807	TSS_2440	.	+	298
ZM4	1100005	1100006	ZMO0373_peak_571	195.386	ZM4	1100847	1100848	TSS_2442	.	+	-842
ZM4	1101881	1101882	ZMO0373_peak_572	131.858	ZM4	1102416	1102417	TSS_2446	.	+	-535
ZM4	1107944	1107945	ZMO0373_peak_573	48.8558	ZM4	1107819	1107820	TSS_2449	.	+	125
ZM4	1111096	1111097	ZMO0373_peak_574	38.6188	ZM4	1111838	1111839	TSS_2452	.	-	742
ZM4	1115224	1115225	ZMO0373_peak_575	266.822	ZM4	1115701	1115702	TSS_2457	.	-	477
ZM4	1115703	1115704	ZMO0373_peak_576	23.3122	ZM4	1115701	1115702	TSS_2457	.	-	-2
ZM4	1116339	1116340	ZMO0373_peak_577	66.2146	ZM4	1115701	1115702	TSS_2457	.	-	-638
ZM4	1123586	1123587	ZMO0373_peak_578	164.777	ZM4	1124611	1124612	TSS_2464	.	+	-1025
ZM4	1124907	1124908	ZMO0373_peak_579	186.172	ZM4	1124923	1124924	TSS_2468	.	+	-16
ZM4	1126375	1126376	ZMO0373_peak_580	215.112	ZM4	1127026	1127027	TSS_2479	.	-	651
ZM4	1127059	1127060	ZMO0373_peak_581	845.508	ZM4	1127031	1127032	TSS_2481	.	-	-28
ZM4	1128470	1128471	ZMO0373_peak_582	608.522	ZM4	1129059	1129060	TSS_2493	.	+	-589
ZM4	1128812	1128813	ZMO0373_peak_583	10.9952	ZM4	1129059	1129060	TSS_2493	.	+	-247
ZM4	1130975	1130976	ZMO0373_peak_584	94.7909	ZM4	1130795	1130796	TSS_2501	.	+	180
ZM4	1133501	1133502	ZMO0373_peak_585	51.4878	ZM4	1132918	1132919	TSS_2507	.	+	583
ZM4	1136872	1136873	ZMO0373_peak_586	1047.95	ZM4	1139181	1139182	TSS_2512	.	+	-2309
ZM4	1141891	1141892	ZMO0373_peak_587	262.729	ZM4	1140921	1140922	TSS_2514	.	-	-970
ZM4	1143635	1143636	ZMO0373_peak_588	34.9611	ZM4	1143523	1143524	TSS_2519	.	-	-112
ZM4	1144856	1144857	ZMO0373_peak_589	84.8815	ZM4	1145468	1145469	TSS_2521	.	-	612
ZM4	1145310	1145311	ZMO0373_peak_590	20.8601	ZM4	1145468	1145469	TSS_2521	.	-	158
ZM4	1146267	1146268	ZMO0373_peak_591	157.031	ZM4	1146950	1146951	TSS_2523	.	-	683
ZM4	1147156	1147157	ZMO0373_peak_592	53.0042	ZM4	1147099	1147100	TSS_2525	.	+	57
ZM4	1150946	1150947	ZMO0373_peak_593	653.356	ZM4	1151085	1151086	TSS_2530	.	+	-139
ZM4	1152060	1152061	ZMO0373_peak_594a	6.50964	ZM4	1151171	1151172	TSS_2536	.	+	889
ZM4	1152269	1152270	ZMO0373_peak_594b	20.8601	ZM4	1151171	1151172	TSS_2536	.	+	1098
ZM4	1153586	1153587	ZMO0373_peak_595	1494.71	ZM4	1154148	1154149	TSS_2538	.	-	562
ZM4	1155365	1155366	ZMO0373_peak_596	1875.73	ZM4	1155827	1155828	TSS_2542	.	-	462
ZM4	1156806	1156807	ZMO0373_peak_597	173.358	ZM4	1157047	1157048	TSS_2546	.	-	241
ZM4	1157557	1157558	ZMO0373_peak_598	64.6977	ZM4	1157705	1157706	TSS_2552	.	+	-148
ZM4	1161226	1161227	ZMO0373_peak_599	142.958	ZM4	1160414	1160415	TSS_2569	.	+	812
ZM4	1164238	1164239	ZMO0373_peak_600a	23.8622	ZM4	1164717	1164718	TSS_2575	.	-	479
ZM4	1164428	1164429	ZMO0373_peak_600b	6.94369	ZM4	1164717	1164718	TSS_2575	.	-	289
ZM4	1165867	1165868	ZMO0373_peak_601a	125.95	ZM4	1165936	1165937	TSS_2578	.	-	69
ZM4	1166050	1166051	ZMO0373_peak_601b	28.1399	ZM4	1166074	1166075	TSS_2579	.	-	24
ZM4	1167083	1167084	ZMO0373_peak_602	43.6697	ZM4	1166496	1166497	TSS_2584	.	-	-587
ZM4	1168534	1168535	ZMO0373_peak_603	35.3794	ZM4	1169434	1169435	TSS_2586	.	-	900
ZM4	1170182	1170183	ZMO0373_peak_604	71.0001	ZM4	1169859	1169860	TSS_2589	.	-	-323
ZM4	1172456	1172457	ZMO0373_peak_605a	113.039	ZM4	1173741	1173742	TSS_2594	.	-	1285
ZM4	1172693	1172694	ZMO0373_peak_605b	14.1655	ZM4	1173741	1173742	TSS_2594	.	-	1048
ZM4	1173213	1173214	ZMO0373_peak_606	54.0375	ZM4	1173741	1173742	TSS_2594	.	-	528
ZM4	1174009	1174010	ZMO0373_peak_607a	201.394	ZM4	1173741	1173742	TSS_2594	.	-	-268
ZM4	1174237	1174238	ZMO0373_peak_607b	116.302	ZM4	1174466	1174467	TSS_2595	.	-	229
ZM4	1174392	1174393	ZMO0373_peak_607c	25.8685	ZM4	1174466	1174467	TSS_2595	.	-	74
ZM4	1175358	1175359	ZMO0373_peak_608	87.7579	ZM4	1175635	1175636	TSS_2599	.	-	277
ZM4	1177196	1177197	ZMO0373_peak_609	63.0778	ZM4	1176964	1176965	TSS_2620	.	+	232
ZM4	1183063	1183064	ZMO0373_peak_610	59.8326	ZM4	1184548	1184549	TSS_2634	.	-	1485
ZM4	1183341	1183342	ZMO0373_peak_611	18.8902	ZM4	1184548	1184549	TSS_2634	.	-	1207
ZM4	1186512	1186513	ZMO0373_peak_612	20.858	ZM4	1186734	1186735	TSS_2637	.	-	222
ZM4	1189740	1189741	ZMO0373_peak_613	77.0032	ZM4	1189657	1189658	TSS_2644	.	-	-83
ZM4	1191224	1191225	ZMO0373_peak_614	55.5114	ZM4	1189657	1189658	TSS_2644	.	-	-1567
ZM4	1194911	1194912	ZMO0373_peak_615a	28.3912	ZM4	1194887	1194888	TSS_2649	.	-	-24
ZM4	1195032	1195033	ZMO0373_peak_615b	9.41304	ZM4	1194887	1194888	TSS_2649	.	-	-145
ZM4	1196208	1196209	ZMO0373_peak_616	34.0011	ZM4	1197156	1197157	TSS_2652	.	-	948
ZM4	1196832	1196833	ZMO0373_peak_617	160.448	ZM4	1197156	1197157	TSS_2652	.	-	324
ZM4	1197441	1197442	ZMO0373_peak_618a	10.6128	ZM4	1197238	1197239	TSS_2654	.	-	-203
ZM4	1197672	1197673	ZMO0373_peak_618b	1620.4	ZM4	1197238	1197239	TSS_2654	.	-	-434
ZM4	1200283	1200284	ZMO0373_peak_619	56.9995	ZM4	1199518	1199519	TSS_2661	.	-	-765
ZM4	1201324	1201325	ZMO0373_peak_620	34.1302	ZM4	1202318	1202319	TSS_2664	.	-	994
ZM4	1201853	1201854	ZMO0373_peak_621	43.6697	ZM4	1202318	1202319	TSS_2664	.	-	465
ZM4	1202670	1202671	ZMO0373_peak_622a	25.1493	ZM4	1202368	1202369	TSS_2665	.	-	-302
ZM4	1202883	1202884	ZMO0373_peak_622b	21.9808	ZM4	1203316	1203317	TSS_2666	.	-	433
ZM4	1204758	1204759	ZMO0373_peak_623	11.4363	ZM4	1204323	1204324	TSS_2670	.	-	-435
ZM4	1206438	1206439	ZMO0373_peak_624	345.205	ZM4	1208006	1208007	TSS_2673	.	-	1568
ZM4	1208879	1208880	ZMO0373_peak_625a	1475.45	ZM4	1208971	1208972	TSS_2679	.	+	-92
ZM4	1209174	1209175	ZMO0373_peak_625b	117.019	ZM4	1208971	1208972	TSS_2679	.	+	203
ZM4	1209597	1209598	ZMO0373_peak_626	232.467	ZM4	1208971	1208972	TSS_2679	.	+	626
ZM4	1213689	1213690	ZMO0373_peak_627	1621.99	ZM4	1212228	1212229	TSS_2686	.	+	1461
ZM4	1214787	1214788	ZMO0373_peak_628	344.23	ZM4	1212228	1212229	TSS_2686	.	+	2559
ZM4	1217025	1217026	ZMO0373_peak_629a	494.747	ZM4	1212228	1212229	TSS_2686	.	+	4797
ZM4	1217413	1217414	ZMO0373_peak_629b	213.385	ZM4	1212228	1212229	TSS_2686	.	+	5185
ZM4	1218619	1218620	ZMO0373_peak_630	40.5409	ZM4	1212228	1212229	TSS_2686	.	+	6391
ZM4	1222942	1222943	ZMO0373_peak_631	2200.04	ZM4	1225593	1225594	TSS_2694	.	+	-2651
ZM4	1225972	1225973	ZMO0373_peak_632	233.818	ZM4	1225593	1225594	TSS_2694	.	+	379
ZM4	1226814	1226815	ZMO0373_peak_633	174.643	ZM4	1226918	1226919	TSS_2697	.	+	-104
ZM4	1230634	1230635	ZMO0373_peak_634	878.585	ZM4	1230398	1230399	TSS_2703	.	-	-236
ZM4	1232589	1232590	ZMO0373_peak_635	806.398	ZM4	1232253	1232254	TSS_2708	.	+	336
ZM4	1233872	1233873	ZMO0373_peak_636	1065.24	ZM4	1232253	1232254	TSS_2708	.	+	1619
ZM4	1234294	1234295	ZMO0373_peak_637	64.1254	ZM4	1236263	1236264	TSS_2716	.	-	1969
ZM4	1235445	1235446	ZMO0373_peak_638	803.91	ZM4	1236263	1236264	TSS_2716	.	-	818
ZM4	1238692	1238693	ZMO0373_peak_639	47.8153	ZM4	1238053	1238054	TSS_2730	.	-	-639
ZM4	1239372	1239373	ZMO0373_peak_640a	52.5776	ZM4	1239695	1239696	TSS_2731	.	-	323
ZM4	1239611	1239612	ZMO0373_peak_640b	301.911	ZM4	1239695	1239696	TSS_2731	.	-	84
ZM4	1241017	1241018	ZMO0373_peak_641	199.886	ZM4	1240491	1240492	TSS_2743	.	+	526
ZM4	1243104	1243105	ZMO0373_peak_642	24.4047	ZM4	1242350	1242351	TSS_2753	.	+	754
ZM4	1245384	1245385	ZMO0373_peak_643	171.918	ZM4	1245168	1245169	TSS_2763	.	+	216
ZM4	1246113	1246114	ZMO0373_peak_644	26.6176	ZM4	1245168	1245169	TSS_2763	.	+	945
ZM4	1249779	1249780	ZMO0373_peak_645	68.8591	ZM4	1249480	1249481	TSS_2775	.	-	-299
ZM4	1250817	1250818	ZMO0373_peak_646	302.761	ZM4	1250824	1250825	TSS_2788	.	+	-7
ZM4	1251097	1251098	ZMO0373_peak_647a	5.47624	ZM4	1250824	1250825	TSS_2788	.	+	273
ZM4	1251324	1251325	ZMO0373_peak_647b	1700.61	ZM4	1251406	1251407	TSS_2789	.	+	-82
ZM4	1252626	1252627	ZMO0373_peak_648	797.555	ZM4	1253138	1253139	TSS_2793	.	-	512
ZM4	1253334	1253335	ZMO0373_peak_649a	105.674	ZM4	1253138	1253139	TSS_2793	.	-	-196
ZM4	1253533	1253534	ZMO0373_peak_649b	39.8858	ZM4	1253848	1253849	TSS_2794	.	-	315
ZM4	1255567	1255568	ZMO0373_peak_650	131.858	ZM4	1255857	1255858	TSS_2803	.	+	-290
ZM4	1259667	1259668	ZMO0373_peak_651	257.031	ZM4	1258890	1258891	TSS_2806	.	-	-777
ZM4	1262423	1262424	ZMO0373_peak_652	52.5776	ZM4	1262833	1262834	TSS_2820	.	-	410
ZM4	1264229	1264230	ZMO0373_peak_653	69.9266	ZM4	1264494	1264495	TSS_2829	.	-	265
ZM4	1265766	1265767	ZMO0373_peak_654	7.6159	ZM4	1265781	1265782	TSS_2843	.	-	15
ZM4	1271860	1271861	ZMO0373_peak_655a	129.879	ZM4	1271268	1271269	TSS_2853	.	-	-592
ZM4	1272007	1272008	ZMO0373_peak_655b	445.14	ZM4	1271268	1271269	TSS_2853	.	-	-739
ZM4	1272889	1272890	ZMO0373_peak_656	233.818	ZM4	1271268	1271269	TSS_2853	.	-	-1621
ZM4	1275917	1275918	ZMO0373_peak_657	44.6277	ZM4	1278786	1278787	TSS_2859	.	+	-2869
ZM4	1279458	1279459	ZMO0373_peak_658	39.0977	ZM4	1278786	1278787	TSS_2859	.	+	672
ZM4	1282475	1282476	ZMO0373_peak_659a	232.736	ZM4	1283501	1283502	TSS_2860	.	+	-1026
ZM4	1282675	1282676	ZMO0373_peak_659b	2553.76	ZM4	1283501	1283502	TSS_2860	.	+	-826
ZM4	1283038	1283039	ZMO0373_peak_660	28.7198	ZM4	1283501	1283502	TSS_2860	.	+	-463
ZM4	1283816	1283817	ZMO0373_peak_661	375.654	ZM4	1283501	1283502	TSS_2860	.	+	315
ZM4	1284817	1284818	ZMO0373_peak_662	270.109	ZM4	1283501	1283502	TSS_2860	.	+	1316
ZM4	1285697	1285698	ZMO0373_peak_663	12.4452	ZM4	1286232	1286233	TSS_2863	.	-	535
ZM4	1285943	1285944	ZMO0373_peak_664	24.032	ZM4	1286232	1286233	TSS_2863	.	-	289
ZM4	1286452	1286453	ZMO0373_peak_665	61.7055	ZM4	1286430	1286431	TSS_2868	.	+	22
ZM4	1287206	1287207	ZMO0373_peak_666a	43.2177	ZM4	1286733	1286734	TSS_2869	.	+	473
ZM4	1287336	1287337	ZMO0373_peak_666b	5.67684	ZM4	1286733	1286734	TSS_2869	.	+	603
ZM4	1287568	1287569	ZMO0373_peak_666c	161.383	ZM4	1286733	1286734	TSS_2869	.	+	835
ZM4	1287957	1287958	ZMO0373_peak_667	21.2037	ZM4	1288993	1288994	TSS_2871	.	-	1036
ZM4	1290613	1290614	ZMO0373_peak_668	566.677	ZM4	1289123	1289124	TSS_2880	.	+	1490
ZM4	1291256	1291257	ZMO0373_peak_669	46.4184	ZM4	1292464	1292465	TSS_2883	.	-	1208
ZM4	1291678	1291679	ZMO0373_peak_670a	35.3794	ZM4	1292464	1292465	TSS_2883	.	-	786
ZM4	1291891	1291892	ZMO0373_peak_670b	9.03636	ZM4	1292464	1292465	TSS_2883	.	-	573
ZM4	1294604	1294605	ZMO0373_peak_671a	2.68109	ZM4	1296627	1296628	TSS_2885	.	-	2023
ZM4	1294766	1294767	ZMO0373_peak_671b	71.9942	ZM4	1296627	1296628	TSS_2885	.	-	1861
ZM4	1295042	1295043	ZMO0373_peak_671c	1255.58	ZM4	1296627	1296628	TSS_2885	.	-	1585
ZM4	1297581	1297582	ZMO0373_peak_672	193.582	ZM4	1297477	1297478	TSS_2904	.	+	104
ZM4	1298398	1298399	ZMO0373_peak_673	89.499	ZM4	1297477	1297478	TSS_2904	.	+	921
ZM4	1305432	1305433	ZMO0373_peak_674a	596.718	ZM4	1305817	1305818	TSS_2920	.	-	385
ZM4	1305617	1305618	ZMO0373_peak_674b	147.745	ZM4	1305817	1305818	TSS_2920	.	-	200
ZM4	1308178	1308179	ZMO0373_peak_675	578.298	ZM4	1308264	1308265	TSS_2934	.	+	-86
ZM4	1308980	1308981	ZMO0373_peak_676	32.0938	ZM4	1308264	1308265	TSS_2934	.	+	716
ZM4	1310200	1310201	ZMO0373_peak_677	97.8737	ZM4	1311230	1311231	TSS_2940	.	-	1030
ZM4	1311767	1311768	ZMO0373_peak_678a	82.3544	ZM4	1311230	1311231	TSS_2940	.	-	-537
ZM4	1312040	1312041	ZMO0373_peak_678b	1706.69	ZM4	1311230	1311231	TSS_2940	.	-	-810
ZM4	1312713	1312714	ZMO0373_peak_679	152.415	ZM4	1312976	1312977	TSS_2941	.	+	-263
ZM4	1313205	1313206	ZMO0373_peak_680	120.335	ZM4	1312979	1312980	TSS_2943	.	+	226
ZM4	1313598	1313599	ZMO0373_peak_681	40.5801	ZM4	1312979	1312980	TSS_2943	.	+	619
ZM4	1315748	1315749	ZMO0373_peak_682	15.0018	ZM4	1315843	1315844	TSS_2947	.	+	-95
ZM4	1318076	1318077	ZMO0373_peak_683	24.8401	ZM4	1316003	1316004	TSS_2951	.	+	2073
ZM4	1319195	1319196	ZMO0373_peak_684	131.462	ZM4	1322319	1322320	TSS_2955	.	-	3124
ZM4	1319770	1319771	ZMO0373_peak_685	9.52567	ZM4	1322319	1322320	TSS_2955	.	-	2549
ZM4	1320079	1320080	ZMO0373_peak_686a	58.688	ZM4	1322319	1322320	TSS_2955	.	-	2240
ZM4	1320203	1320204	ZMO0373_peak_686b	276.105	ZM4	1322319	1322320	TSS_2955	.	-	2116
ZM4	1320781	1320782	ZMO0373_peak_687	26.6666	ZM4	1322319	1322320	TSS_2955	.	-	1538
ZM4	1321258	1321259	ZMO0373_peak_688	384.942	ZM4	1322319	1322320	TSS_2955	.	-	1061
ZM4	1330376	1330377	ZMO0373_peak_689	8.31351	ZM4	1330250	1330251	TSS_2977	.	+	126
ZM4	1332147	1332148	ZMO0373_peak_690a	100.789	ZM4	1331692	1331693	TSS_2980	.	+	455
ZM4	1332374	1332375	ZMO0373_peak_690b	199.886	ZM4	1331692	1331693	TSS_2980	.	+	682
ZM4	1333999	1334000	ZMO0373_peak_691	45.9561	ZM4	1334504	1334505	TSS_2982	.	-	505
ZM4	1336025	1336026	ZMO0373_peak_692	218.531	ZM4	1335874	1335875	TSS_2983	.	-	-151
ZM4	1337466	1337467	ZMO0373_peak_693	1926.05	ZM4	1338535	1338536	TSS_2986	.	-	1069
ZM4	1338222	1338223	ZMO0373_peak_694	77.5235	ZM4	1338535	1338536	TSS_2986	.	-	313
ZM4	1341667	1341668	ZMO0373_peak_695	295.458	ZM4	1341676	1341677	TSS_2995	.	+	-9
ZM4	1342929	1342930	ZMO0373_peak_696	22.6006	ZM4	1342259	1342260	TSS_2996	.	+	670
ZM4	1346500	1346501	ZMO0373_peak_697	201.394	ZM4	1345567	1345568	TSS_3006	.	+	933
ZM4	1347120	1347121	ZMO0373_peak_698a	2.8315	ZM4	1347978	1347979	TSS_3007	.	+	-858
ZM4	1347322	1347323	ZMO0373_peak_698b	153.73	ZM4	1347978	1347979	TSS_3007	.	+	-656
ZM4	1348402	1348403	ZMO0373_peak_699	33.9097	ZM4	1348166	1348167	TSS_3016	.	+	236
ZM4	1350707	1350708	ZMO0373_peak_700a	77.7969	ZM4	1351697	1351698	TSS_3020	.	+	-990
ZM4	1350931	1350932	ZMO0373_peak_700b	22.3629	ZM4	1351697	1351698	TSS_3020	.	+	-766
ZM4	1351994	1351995	ZMO0373_peak_701	33.2493	ZM4	1351697	1351698	TSS_3020	.	+	297
ZM4	1352375	1352376	ZMO0373_peak_702	326.324	ZM4	1352548	1352549	TSS_3023	.	+	-173
ZM4	1363320	1363321	ZMO0373_peak_703a	4.35557	ZM4	1362997	1362998	TSS_3050	.	-	-323
ZM4	1363564	1363565	ZMO0373_peak_703b	3714.74	ZM4	1363959	1363960	TSS_3053	.	-	395
ZM4	1364744	1364745	ZMO0373_peak_704a	21.084	ZM4	1365071	1365072	TSS_3059	.	-	327
ZM4	1364971	1364972	ZMO0373_peak_704b	122.771	ZM4	1365071	1365072	TSS_3059	.	-	100
ZM4	1366550	1366551	ZMO0373_peak_705	5.83048	ZM4	1366529	1366530	TSS_3066	.	+	21
ZM4	1366920	1366921	ZMO0373_peak_706	1379.8	ZM4	1366529	1366530	TSS_3066	.	+	391
ZM4	1367598	1367599	ZMO0373_peak_707	65.5765	ZM4	1368619	1368620	TSS_3069	.	-	1021
ZM4	1368025	1368026	ZMO0373_peak_708	206.507	ZM4	1368619	1368620	TSS_3069	.	-	594
ZM4	1369325	1369326	ZMO0373_peak_709a	29.2845	ZM4	1369408	1369409	TSS_3073	.	-	83
ZM4	1369537	1369538	ZMO0373_peak_709b	11.6193	ZM4	1369408	1369409	TSS_3073	.	-	-129
ZM4	1370756	1370757	ZMO0373_peak_710	267.643	ZM4	1370733	1370734	TSS_3087	.	-	-23
ZM4	1374492	1374493	ZMO0373_peak_711	78.8641	ZM4	1374707	1374708	TSS_3097	.	-	215
ZM4	1374831	1374832	ZMO0373_peak_712a	11.9868	ZM4	1374849	1374850	TSS_3098	.	-	18
ZM4	1374935	1374936	ZMO0373_peak_712b	7.70848	ZM4	1374849	1374850	TSS_3098	.	-	-86
ZM4	1375220	1375221	ZMO0373_peak_713	106.29	ZM4	1375491	1375492	TSS_3100	.	-	271
ZM4	1376784	1376785	ZMO0373_peak_714	803.079	ZM4	1377513	1377514	TSS_3113	.	-	729
ZM4	1377280	1377281	ZMO0373_peak_715	23.6712	ZM4	1377513	1377514	TSS_3113	.	-	233
ZM4	1380319	1380320	ZMO0373_peak_716	6798.37	ZM4	1379883	1379884	TSS_3124	.	+	436
ZM4	1381403	1381404	ZMO0373_peak_717	12.0197	ZM4	1379883	1379884	TSS_3124	.	+	1520
ZM4	1382545	1382546	ZMO0373_peak_718a	10.684	ZM4	1383305	1383306	TSS_3129	.	+	-760
ZM4	1382853	1382854	ZMO0373_peak_718b	26.6201	ZM4	1383305	1383306	TSS_3129	.	+	-452
ZM4	1386792	1386793	ZMO0373_peak_719	67.2955	ZM4	1387850	1387851	TSS_3139	.	-	1058
ZM4	1388508	1388509	ZMO0373_peak_720	375.572	ZM4	1388128	1388129	TSS_3143	.	+	380
ZM4	1395579	1395580	ZMO0373_peak_721	354.124	ZM4	1395415	1395416	TSS_3155	.	-	-164
ZM4	1396364	1396365	ZMO0373_peak_722	33.4099	ZM4	1395415	1395416	TSS_3155	.	-	-949
ZM4	1397143	1397144	ZMO0373_peak_723	341.731	ZM4	1398314	1398315	TSS_3157	.	+	-1171
ZM4	1398754	1398755	ZMO0373_peak_724	13.5819	ZM4	1398314	1398315	TSS_3157	.	+	440
ZM4	1400516	1400517	ZMO0373_peak_725	180.611	ZM4	1401288	1401289	TSS_3160	.	+	-772
ZM4	1403822	1403823	ZMO0373_peak_726	95.3852	ZM4	1404133	1404134	TSS_3163	.	-	311
ZM4	1404738	1404739	ZMO0373_peak_727	351.284	ZM4	1404249	1404250	TSS_3164	.	+	489
ZM4	1406621	1406622	ZMO0373_peak_728	55.5114	ZM4	1404249	1404250	TSS_3164	.	+	2372
ZM4	1406955	1406956	ZMO0373_peak_729a	463.244	ZM4	1409018	1409019	TSS_3170	.	+	-2063
ZM4	1407135	1407136	ZMO0373_peak_729b	14.4607	ZM4	1409018	1409019	TSS_3170	.	+	-1883
ZM4	1407406	1407407	ZMO0373_peak_729c	994.479	ZM4	1409018	1409019	TSS_3170	.	+	-1612
ZM4	1407847	1407848	ZMO0373_peak_730	78.1123	ZM4	1409018	1409019	TSS_3170	.	+	-1171
ZM4	1408953	1408954	ZMO0373_peak_731	61.0353	ZM4	1409018	1409019	TSS_3170	.	+	-65
ZM4	1411684	1411685	ZMO0373_peak_732	86.6035	ZM4	1413024	1413025	TSS_3173	.	-	1340
ZM4	1412365	1412366	ZMO0373_peak_733a	347.912	ZM4	1413024	1413025	TSS_3173	.	-	659
ZM4	1412674	1412675	ZMO0373_peak_733b	233.818	ZM4	1413024	1413025	TSS_3173	.	-	350
ZM4	1413276	1413277	ZMO0373_peak_734a	14.0546	ZM4	1413085	1413086	TSS_3176	.	-	-191
ZM4	1413477	1413478	ZMO0373_peak_734b	569.041	ZM4	1413590	1413591	TSS_3177	.	+	-113
ZM4	1414691	1414692	ZMO0373_peak_735a	1114.56	ZM4	1413761	1413762	TSS_3179	.	-	-930
ZM4	1414895	1414896	ZMO0373_peak_735b	8.79263	ZM4	1413761	1413762	TSS_3179	.	-	-1134
ZM4	1416220	1416221	ZMO0373_peak_736	37.0708	ZM4	1416987	1416988	TSS_3180	.	-	767
ZM4	1416628	1416629	ZMO0373_peak_737	149.403	ZM4	1416987	1416988	TSS_3180	.	-	359
ZM4	1417813	1417814	ZMO0373_peak_738	19.5069	ZM4	1418109	1418110	TSS_3184	.	-	296
ZM4	1418255	1418256	ZMO0373_peak_739	282.851	ZM4	1418109	1418110	TSS_3184	.	-	-146
ZM4	1419494	1419495	ZMO0373_peak_740	3.14313	ZM4	1419108	1419109	TSS_3186	.	-	-386
ZM4	1419887	1419888	ZMO0373_peak_741	145.53	ZM4	1419976	1419977	TSS_3188	.	-	89
ZM4	1420913	1420914	ZMO0373_peak_742	52.0941	ZM4	1420890	1420891	TSS_3191	.	-	-23
ZM4	1424601	1424602	ZMO0373_peak_743	57.4988	ZM4	1424822	1424823	TSS_3196	.	-	221
ZM4	1426004	1426005	ZMO0373_peak_744a	937.351	ZM4	1425903	1425904	TSS_3216	.	+	101
ZM4	1426230	1426231	ZMO0373_peak_744b	123.135	ZM4	1425903	1425904	TSS_3216	.	+	327
ZM4	1429782	1429783	ZMO0373_peak_745	132.52	ZM4	1429639	1429640	TSS_3229	.	+	143
ZM4	1431024	1431025	ZMO0373_peak_746	77.0032	ZM4	1429977	1429978	TSS_3230	.	-	-1047
ZM4	1435219	1435220	ZMO0373_peak_747a	244.943	ZM4	1437690	1437691	TSS_3234	.	-	2471
ZM4	1435385	1435386	ZMO0373_peak_747b	56.502	ZM4	1437690	1437691	TSS_3234	.	-	2305
ZM4	1437527	1437528	ZMO0373_peak_748	131.858	ZM4	1437690	1437691	TSS_3234	.	-	163
ZM4	1438010	1438011	ZMO0373_peak_749	5.88074	ZM4	1437737	1437738	TSS_3235	.	-	-273
ZM4	1444148	1444149	ZMO0373_peak_750	7679.62	ZM4	1444240	1444241	TSS_3241	.	+	-92
ZM4	1444762	1444763	ZMO0373_peak_751	25.8946	ZM4	1444544	1444545	TSS_3242	.	+	218
ZM4	1446073	1446074	ZMO0373_peak_752	40.3068	ZM4	1444544	1444545	TSS_3242	.	+	1529
ZM4	1446751	1446752	ZMO0373_peak_753	327.723	ZM4	1448803	1448804	TSS_3247	.	-	2052
ZM4	1447718	1447719	ZMO0373_peak_754	363.052	ZM4	1448803	1448804	TSS_3247	.	-	1085
ZM4	1448965	1448966	ZMO0373_peak_755	409.529	ZM4	1448803	1448804	TSS_3247	.	-	-162
ZM4	1451027	1451028	ZMO0373_peak_756	43.0465	ZM4	1451208	1451209	TSS_3251	.	-	181
ZM4	1453051	1453052	ZMO0373_peak_757	478.64	ZM4	1453174	1453175	TSS_3252	.	-	123
ZM4	1453635	1453636	ZMO0373_peak_758	69.392	ZM4	1453252	1453253	TSS_3253	.	-	-383
ZM4	1454016	1454017	ZMO0373_peak_759	418.821	ZM4	1453252	1453253	TSS_3253	.	-	-764
ZM4	1456648	1456649	ZMO0373_peak_760	117.359	ZM4	1456331	1456332	TSS_3256	.	-	-317
ZM4	1458383	1458384	ZMO0373_peak_761	7.6159	ZM4	1458639	1458640	TSS_3257	.	-	256
ZM4	1458859	1458860	ZMO0373_peak_762	56.5377	ZM4	1458639	1458640	TSS_3257	.	-	-220
ZM4	1465316	1465317	ZMO0373_peak_763	187.955	ZM4	1466925	1466926	TSS_3269	.	-	1609
ZM4	1467542	1467543	ZMO0373_peak_764	247.132	ZM4	1467079	1467080	TSS_3270	.	+	463
ZM4	1467913	1467914	ZMO0373_peak_765	78.241	ZM4	1467079	1467080	TSS_3270	.	+	834
ZM4	1468457	1468458	ZMO0373_peak_766	960.446	ZM4	1468913	1468914	TSS_3272	.	-	456
ZM4	1471071	1471072	ZMO0373_peak_767a	5.74028	ZM4	1468913	1468914	TSS_3272	.	-	-2158
ZM4	1471239	1471240	ZMO0373_peak_767b	128.777	ZM4	1468913	1468914	TSS_3272	.	-	-2326
ZM4	1471472	1471473	ZMO0373_peak_767c	338.332	ZM4	1473707	1473708	TSS_3273	.	-	2235
ZM4	1471621	1471622	ZMO0373_peak_767d	223.223	ZM4	1473707	1473708	TSS_3273	.	-	2086
ZM4	1472303	1472304	ZMO0373_peak_768	174.184	ZM4	1473707	1473708	TSS_3273	.	-	1404
ZM4	1476953	1476954	ZMO0373_peak_769	731.997	ZM4	1476000	1476001	TSS_3276	.	+	953
ZM4	1480206	1480207	ZMO0373_peak_770	67.5618	ZM4	1480998	1480999	TSS_3279	.	-	792
ZM4	1480655	1480656	ZMO0373_peak_771	280.67	ZM4	1480998	1480999	TSS_3279	.	-	343
ZM4	1482717	1482718	ZMO0373_peak_772	52.8475	ZM4	1480998	1480999	TSS_3279	.	-	-1719
ZM4	1483482	1483483	ZMO0373_peak_773	84.2883	ZM4	1480998	1480999	TSS_3279	.	-	-2484
ZM4	1484586	1484587	ZMO0373_peak_774	121.241	ZM4	1486364	1486365	TSS_3284	.	-	1778
ZM4	1485974	1485975	ZMO0373_peak_775	138.503	ZM4	1486364	1486365	TSS_3284	.	-	390
ZM4	1486312	1486313	ZMO0373_peak_776a	5.3919	ZM4	1486364	1486365	TSS_3284	.	-	52
ZM4	1486486	1486487	ZMO0373_peak_776b	4.19414	ZM4	1486365	1486366	TSS_3285	.	-	-121
ZM4	1486926	1486927	ZMO0373_peak_777	1483.23	ZM4	1486365	1486366	TSS_3285	.	-	-561
ZM4	1488076	1488077	ZMO0373_peak_778	776.512	ZM4	1489121	1489122	TSS_3290	.	+	-1045
ZM4	1488711	1488712	ZMO0373_peak_779	386.232	ZM4	1489121	1489122	TSS_3290	.	+	-410
ZM4	1489516	1489517	ZMO0373_peak_780	3000.67	ZM4	1489121	1489122	TSS_3290	.	+	395
ZM4	1490477	1490478	ZMO0373_peak_781	77.7331	ZM4	1489121	1489122	TSS_3290	.	+	1356
ZM4	1490781	1490782	ZMO0373_peak_782	199.813	ZM4	1489121	1489122	TSS_3290	.	+	1660
ZM4	1491429	1491430	ZMO0373_peak_783	201.492	ZM4	1492604	1492605	TSS_3294	.	-	1175
ZM4	1494555	1494556	ZMO0373_peak_784	130.248	ZM4	1494144	1494145	TSS_3296	.	-	-411
ZM4	1501477	1501478	ZMO0373_peak_785	35.9277	ZM4	1501598	1501599	TSS_3304	.	-	121
ZM4	1503031	1503032	ZMO0373_peak_786a	73.265	ZM4	1502326	1502327	TSS_3314	.	-	-705
ZM4	1503288	1503289	ZMO0373_peak_786b	180.933	ZM4	1504207	1504208	TSS_3316	.	-	919
ZM4	1506173	1506174	ZMO0373_peak_787	66.3743	ZM4	1505529	1505530	TSS_3319	.	-	-644
ZM4	1508625	1508626	ZMO0373_peak_788	186.512	ZM4	1505529	1505530	TSS_3319	.	-	-3096
ZM4	1510194	1510195	ZMO0373_peak_789	124.472	ZM4	1512700	1512701	TSS_3323	.	+	-2506
ZM4	1513708	1513709	ZMO0373_peak_790a	1193.12	ZM4	1512700	1512701	TSS_3323	.	+	1008
ZM4	1513887	1513888	ZMO0373_peak_790b	34.0952	ZM4	1512700	1512701	TSS_3323	.	+	1187
ZM4	1514430	1514431	ZMO0373_peak_791	1920.17	ZM4	1515197	1515198	TSS_3332	.	-	767
ZM4	1518836	1518837	ZMO0373_peak_792	245.204	ZM4	1518240	1518241	TSS_3374	.	+	596
ZM4	1522849	1522850	ZMO0373_peak_793a	241.261	ZM4	1522632	1522633	TSS_3383	.	+	217
ZM4	1523086	1523087	ZMO0373_peak_793b	46.1978	ZM4	1522632	1522633	TSS_3383	.	+	454
ZM4	1530308	1530309	ZMO0373_peak_794a	27.9897	ZM4	1531066	1531067	TSS_3395	.	-	758
ZM4	1530501	1530502	ZMO0373_peak_794b	41.8714	ZM4	1531066	1531067	TSS_3395	.	-	565
ZM4	1531074	1531075	ZMO0373_peak_795	2455.49	ZM4	1531066	1531067	TSS_3395	.	-	-8
ZM4	1533325	1533326	ZMO0373_peak_796	4310.03	ZM4	1533779	1533780	TSS_3405	.	+	-454
ZM4	1537345	1537346	ZMO0373_peak_797	1906.87	ZM4	1536286	1536287	TSS_3408	.	+	1059
ZM4	1537925	1537926	ZMO0373_peak_798	71.0001	ZM4	1536286	1536287	TSS_3408	.	+	1639
ZM4	1539043	1539044	ZMO0373_peak_799	53.3559	ZM4	1536286	1536287	TSS_3408	.	+	2757
ZM4	1539575	1539576	ZMO0373_peak_800	2087.73	ZM4	1536286	1536287	TSS_3408	.	+	3289
ZM4	1540034	1540035	ZMO0373_peak_801	159.132	ZM4	1543125	1543126	TSS_3414	.	-	3091
ZM4	1542379	1542380	ZMO0373_peak_802	375.099	ZM4	1543125	1543126	TSS_3414	.	-	746
ZM4	1544139	1544140	ZMO0373_peak_803	50.2724	ZM4	1544006	1544007	TSS_3429	.	-	-133
ZM4	1545560	1545561	ZMO0373_peak_804	2189.28	ZM4	1545782	1545783	TSS_3431	.	-	222
ZM4	1546294	1546295	ZMO0373_peak_805	467.659	ZM4	1546229	1546230	TSS_3435	.	-	-65
ZM4	1546728	1546729	ZMO0373_peak_806	2655.07	ZM4	1546229	1546230	TSS_3435	.	-	-499
ZM4	1547214	1547215	ZMO0373_peak_807a	5.79265	ZM4	1547277	1547278	TSS_3436	.	+	-63
ZM4	1547501	1547502	ZMO0373_peak_807b	57.3224	ZM4	1547344	1547345	TSS_3443	.	+	157
ZM4	1548599	1548600	ZMO0373_peak_808	28.7239	ZM4	1547344	1547345	TSS_3443	.	+	1255
ZM4	1549800	1549801	ZMO0373_peak_809	56.6126	ZM4	1550719	1550720	TSS_3456	.	+	-919
ZM4	1550803	1550804	ZMO0373_peak_810a	42.8049	ZM4	1550719	1550720	TSS_3456	.	+	84
ZM4	1551038	1551039	ZMO0373_peak_810b	13.7852	ZM4	1550719	1550720	TSS_3456	.	+	319
ZM4	1551300	1551301	ZMO0373_peak_810c	174.523	ZM4	1550719	1550720	TSS_3456	.	+	581
ZM4	1551536	1551537	ZMO0373_peak_810d	198.682	ZM4	1550719	1550720	TSS_3456	.	+	817
ZM4	1551922	1551923	ZMO0373_peak_811a	195.303	ZM4	1550719	1550720	TSS_3456	.	+	1203
ZM4	1552190	1552191	ZMO0373_peak_811b	193.985	ZM4	1550719	1550720	TSS_3456	.	+	1471
ZM4	1552420	1552421	ZMO0373_peak_811c	4.06889	ZM4	1550719	1550720	TSS_3456	.	+	1701
ZM4	1552758	1552759	ZMO0373_peak_812	48.7548	ZM4	1550719	1550720	TSS_3456	.	+	2039
ZM4	1559103	1559104	ZMO0373_peak_813	288.395	ZM4	1562901	1562902	TSS_3466	.	-	3798
ZM4	1562967	1562968	ZMO0373_peak_814a	138.858	ZM4	1562914	1562915	TSS_3468	.	-	-53
ZM4	1563208	1563209	ZMO0373_peak_814b	6.58873	ZM4	1563184	1563185	TSS_3475	.	-	-24
ZM4	1565351	1565352	ZMO0373_peak_815	3244.36	ZM4	1565786	1565787	TSS_3480	.	+	-435
ZM4	1576590	1576591	ZMO0373_peak_816	22.9552	ZM4	1576314	1576315	TSS_3501	.	+	276
ZM4	1577272	1577273	ZMO0373_peak_817	71.0001	ZM4	1576314	1576315	TSS_3501	.	+	958
ZM4	1577577	1577578	ZMO0373_peak_818	98.3367	ZM4	1576314	1576315	TSS_3501	.	+	1263
ZM4	1579505	1579506	ZMO0373_peak_819a	1365.13	ZM4	1579865	1579866	TSS_3503	.	-	360
ZM4	1579905	1579906	ZMO0373_peak_819b	87.1011	ZM4	1579865	1579866	TSS_3503	.	-	-40
ZM4	1580893	1580894	ZMO0373_peak_820	6549.12	ZM4	1580704	1580705	TSS_3514	.	+	189
ZM4	1585121	1585122	ZMO0373_peak_821	3012.47	ZM4	1585996	1585997	TSS_3520	.	+	-875
ZM4	1589479	1589480	ZMO0373_peak_822	125.3	ZM4	1588942	1588943	TSS_3522	.	+	537
ZM4	1591315	1591316	ZMO0373_peak_823a	183.333	ZM4	1590726	1590727	TSS_3525	.	+	589
ZM4	1591545	1591546	ZMO0373_peak_823b	175.239	ZM4	1590726	1590727	TSS_3525	.	+	819
ZM4	1600262	1600263	ZMO0373_peak_824	69.2687	ZM4	1597152	1597153	TSS_3540	.	+	3110
ZM4	1601962	1601963	ZMO0373_peak_825	88.337	ZM4	1604521	1604522	TSS_3543	.	-	2559
ZM4	1602898	1602899	ZMO0373_peak_826a	23.3122	ZM4	1604521	1604522	TSS_3543	.	-	1623
ZM4	1603078	1603079	ZMO0373_peak_826b	140.062	ZM4	1604521	1604522	TSS_3543	.	-	1443
ZM4	1604300	1604301	ZMO0373_peak_827	53.9201	ZM4	1604521	1604522	TSS_3543	.	-	221
ZM4	1609023	1609024	ZMO0373_peak_828	1067.11	ZM4	1609991	1609992	TSS_3550	.	+	-968
ZM4	1612023	1612024	ZMO0373_peak_829	113.371	ZM4	1609991	1609992	TSS_3550	.	+	2032
ZM4	1614628	1614629	ZMO0373_peak_830	167.156	ZM4	1609991	1609992	TSS_3550	.	+	4637
ZM4	1614961	1614962	ZMO0373_peak_831	78.183	ZM4	1609991	1609992	TSS_3550	.	+	4970
ZM4	1616079	1616080	ZMO0373_peak_832	421.919	ZM4	1620985	1620986	TSS_3553	.	+	-4906
ZM4	1617156	1617157	ZMO0373_peak_833	85.4356	ZM4	1620985	1620986	TSS_3553	.	+	-3829
ZM4	1617743	1617744	ZMO0373_peak_834	546.311	ZM4	1620985	1620986	TSS_3553	.	+	-3242
ZM4	1620465	1620466	ZMO0373_peak_835	784.298	ZM4	1620985	1620986	TSS_3553	.	+	-520
ZM4	1621111	1621112	ZMO0373_peak_836a	18.7828	ZM4	1620990	1620991	TSS_3554	.	+	121
ZM4	1621336	1621337	ZMO0373_peak_836b	320.03	ZM4	1620990	1620991	TSS_3554	.	+	346
ZM4	1623093	1623094	ZMO0373_peak_837	38.6388	ZM4	1624685	1624686	TSS_3558	.	-	1592
ZM4	1623803	1623804	ZMO0373_peak_838a	181.062	ZM4	1624685	1624686	TSS_3558	.	-	882
ZM4	1623975	1623976	ZMO0373_peak_838b	89.9146	ZM4	1624685	1624686	TSS_3558	.	-	710
ZM4	1626306	1626307	ZMO0373_peak_839	497.089	ZM4	1626402	1626403	TSS_3563	.	+	-96
ZM4	1630091	1630092	ZMO0373_peak_840	86.6032	ZM4	1627080	1627081	TSS_3564	.	+	3011
ZM4	1631299	1631300	ZMO0373_peak_841a	551.304	ZM4	1633836	1633837	TSS_3567	.	-	2537
ZM4	1631554	1631555	ZMO0373_peak_841b	27.5739	ZM4	1633836	1633837	TSS_3567	.	-	2282
ZM4	1632109	1632110	ZMO0373_peak_842a	24.6645	ZM4	1633836	1633837	TSS_3567	.	-	1727
ZM4	1632325	1632326	ZMO0373_peak_842b	68.9438	ZM4	1633836	1633837	TSS_3567	.	-	1511
ZM4	1633061	1633062	ZMO0373_peak_843	313.581	ZM4	1633836	1633837	TSS_3567	.	-	775
ZM4	1636065	1636066	ZMO0373_peak_844	346.684	ZM4	1635946	1635947	TSS_3573	.	-	-119
ZM4	1637168	1637169	ZMO0373_peak_845	20.6498	ZM4	1636867	1636868	TSS_3580	.	+	301
ZM4	1639804	1639805	ZMO0373_peak_846	327.469	ZM4	1638523	1638524	TSS_3587	.	+	1281
ZM4	1641317	1641318	ZMO0373_peak_847	173.041	ZM4	1643341	1643342	TSS_3588	.	+	-2024
ZM4	1643068	1643069	ZMO0373_peak_848	177.833	ZM4	1643341	1643342	TSS_3588	.	+	-273
ZM4	1643889	1643890	ZMO0373_peak_849a	236.379	ZM4	1643384	1643385	TSS_3590	.	+	505
ZM4	1644154	1644155	ZMO0373_peak_849b	36.4035	ZM4	1643384	1643385	TSS_3590	.	+	770
ZM4	1644906	1644907	ZMO0373_peak_850	37.8762	ZM4	1645047	1645048	TSS_3592	.	+	-141
ZM4	1645543	1645544	ZMO0373_peak_851	37.4228	ZM4	1645062	1645063	TSS_3594	.	+	481
ZM4	1649124	1649125	ZMO0373_peak_852	81.4732	ZM4	1648656	1648657	TSS_3598	.	-	-468
ZM4	1653608	1653609	ZMO0373_peak_853	56.539	ZM4	1653546	1653547	TSS_3626	.	-	-62
ZM4	1653998	1653999	ZMO0373_peak_854	25.8685	ZM4	1654025	1654026	TSS_3628	.	+	-27
ZM4	1663922	1663923	ZMO0373_peak_855	80.9098	ZM4	1663342	1663343	TSS_3650	.	+	580
ZM4	1664864	1664865	ZMO0373_peak_856	27.9797	ZM4	1665150	1665151	TSS_3653	.	+	-286
ZM4	1665373	1665374	ZMO0373_peak_857	30.1385	ZM4	1665381	1665382	TSS_3658	.	+	-8
ZM4	1667707	1667708	ZMO0373_peak_858	128.165	ZM4	1669286	1669287	TSS_3662	.	+	-1579
ZM4	1669457	1669458	ZMO0373_peak_859	26.3673	ZM4	1669292	1669293	TSS_3665	.	+	165
ZM4	1671223	1671224	ZMO0373_peak_860	9.35434	ZM4	1671640	1671641	TSS_3666	.	+	-417
ZM4	1671644	1671645	ZMO0373_peak_861	39.4019	ZM4	1671640	1671641	TSS_3666	.	+	4
ZM4	1672391	1672392	ZMO0373_peak_862	79.8119	ZM4	1671640	1671641	TSS_3666	.	+	751
ZM4	1675828	1675829	ZMO0373_peak_863	2947.31	ZM4	1676953	1676954	TSS_3667	.	-	1125
ZM4	1677985	1677986	ZMO0373_peak_864	54.1161	ZM4	1676955	1676956	TSS_3668	.	-	-1030
ZM4	1679667	1679668	ZMO0373_peak_865	53.036	ZM4	1679645	1679646	TSS_3671	.	-	-22
ZM4	1680727	1680728	ZMO0373_peak_866	16.7002	ZM4	1679692	1679693	TSS_3672	.	-	-1035
ZM4	1681913	1681914	ZMO0373_peak_867a	32.6961	ZM4	1681866	1681867	TSS_3678	.	-	-47
ZM4	1682201	1682202	ZMO0373_peak_867b	95.1522	ZM4	1682183	1682184	TSS_3685	.	+	18
ZM4	1682651	1682652	ZMO0373_peak_868	2301.34	ZM4	1682183	1682184	TSS_3685	.	+	468
ZM4	1683394	1683395	ZMO0373_peak_869a	27.0421	ZM4	1683995	1683996	TSS_3686	.	+	-601
ZM4	1683557	1683558	ZMO0373_peak_869b	12.1675	ZM4	1683995	1683996	TSS_3686	.	+	-438
ZM4	1684645	1684646	ZMO0373_peak_870	165.487	ZM4	1683995	1683996	TSS_3686	.	+	650
ZM4	1685774	1685775	ZMO0373_peak_871	67.1678	ZM4	1685537	1685538	TSS_3691	.	+	237
ZM4	1687707	1687708	ZMO0373_peak_872a	415.098	ZM4	1687584	1687585	TSS_3697	.	-	-123
ZM4	1687913	1687914	ZMO0373_peak_872b	11.0243	ZM4	1687584	1687585	TSS_3697	.	-	-329
ZM4	1694529	1694530	ZMO0373_peak_873	505.916	ZM4	1694878	1694879	TSS_3703	.	-	349
ZM4	1695920	1695921	ZMO0373_peak_874a	589.259	ZM4	1695725	1695726	TSS_3705	.	-	-195
ZM4	1696195	1696196	ZMO0373_peak_874b	22.577	ZM4	1696586	1696587	TSS_3707	.	+	-391
ZM4	1696684	1696685	ZMO0373_peak_875	643.283	ZM4	1696589	1696590	TSS_3708	.	+	95
ZM4	1697574	1697575	ZMO0373_peak_876	37.7844	ZM4	1697725	1697726	TSS_3715	.	+	-151
ZM4	1699184	1699185	ZMO0373_peak_877a	11.9399	ZM4	1697872	1697873	TSS_3716	.	+	1312
ZM4	1699467	1699468	ZMO0373_peak_877b	793.769	ZM4	1697872	1697873	TSS_3716	.	+	1595
ZM4	1700395	1700396	ZMO0373_peak_878	441.761	ZM4	1697872	1697873	TSS_3716	.	+	2523
ZM4	1701298	1701299	ZMO0373_peak_879	187.192	ZM4	1703017	1703018	TSS_3719	.	-	1719
ZM4	1701927	1701928	ZMO0373_peak_880	3.07474	ZM4	1703017	1703018	TSS_3719	.	-	1090
ZM4	1702249	1702250	ZMO0373_peak_881	29.9907	ZM4	1703017	1703018	TSS_3719	.	-	768
ZM4	1704701	1704702	ZMO0373_peak_882	13.0809	ZM4	1704249	1704250	TSS_3732	.	+	452
ZM4	1705869	1705870	ZMO0373_peak_883	625.63	ZM4	1705421	1705422	TSS_3735	.	+	448
ZM4	1708660	1708661	ZMO0373_peak_884	1546.48	ZM4	1708737	1708738	TSS_3741	.	+	-77
ZM4	1710193	1710194	ZMO0373_peak_885	1174.63	ZM4	1710939	1710940	TSS_3743	.	+	-746
ZM4	1711244	1711245	ZMO0373_peak_886a	2580.98	ZM4	1711204	1711205	TSS_3744	.	+	40
ZM4	1711492	1711493	ZMO0373_peak_886b	104.573	ZM4	1711204	1711205	TSS_3744	.	+	288
ZM4	1711870	1711871	ZMO0373_peak_887a	330.286	ZM4	1711204	1711205	TSS_3744	.	+	666
ZM4	1712084	1712085	ZMO0373_peak_887b	37.6307	ZM4	1712555	1712556	TSS_3745	.	+	-471
ZM4	1717505	1717506	ZMO0373_peak_888	464.411	ZM4	1716982	1716983	TSS_3752	.	+	523
ZM4	1718988	1718989	ZMO0373_peak_889	990.093	ZM4	1718875	1718876	TSS_3755	.	+	113
ZM4	1719937	1719938	ZMO0373_peak_890	1.38026	ZM4	1720787	1720788	TSS_3758	.	-	850
ZM4	1722150	1722151	ZMO0373_peak_891a	2119.15	ZM4	1722499	1722500	TSS_3762	.	+	-349
ZM4	1722562	1722563	ZMO0373_peak_891b	170.406	ZM4	1722499	1722500	TSS_3762	.	+	63
ZM4	1723517	1723518	ZMO0373_peak_892	31.7088	ZM4	1722499	1722500	TSS_3762	.	+	1018
ZM4	1723874	1723875	ZMO0373_peak_893	41.8075	ZM4	1722499	1722500	TSS_3762	.	+	1375
ZM4	1724320	1724321	ZMO0373_peak_894	38.0169	ZM4	1725645	1725646	TSS_3765	.	-	1325
ZM4	1724742	1724743	ZMO0373_peak_895a	114.589	ZM4	1725645	1725646	TSS_3765	.	-	903
ZM4	1725025	1725026	ZMO0373_peak_895b	160.713	ZM4	1725645	1725646	TSS_3765	.	-	620
ZM4	1728273	1728274	ZMO0373_peak_896	40.5919	ZM4	1726705	1726706	TSS_3767	.	+	1568
ZM4	1730635	1730636	ZMO0373_peak_897a	289.556	ZM4	1730155	1730156	TSS_3769	.	+	480
ZM4	1730763	1730764	ZMO0373_peak_897b	131.165	ZM4	1730155	1730156	TSS_3769	.	+	608
ZM4	1732411	1732412	ZMO0373_peak_898a	4.51686	ZM4	1731666	1731667	TSS_3771	.	+	745
ZM4	1732729	1732730	ZMO0373_peak_898b	196.882	ZM4	1731666	1731667	TSS_3771	.	+	1063
ZM4	1738457	1738458	ZMO0373_peak_899	48.8488	ZM4	1738133	1738134	TSS_3776	.	+	324
ZM4	1738931	1738932	ZMO0373_peak_900a	20.1734	ZM4	1738133	1738134	TSS_3776	.	+	798
ZM4	1739122	1739123	ZMO0373_peak_900b	29.7136	ZM4	1739858	1739859	TSS_3778	.	+	-736
ZM4	1743729	1743730	ZMO0373_peak_901a	11.9954	ZM4	1742186	1742187	TSS_3784	.	+	1543
ZM4	1743861	1743862	ZMO0373_peak_901b	19.0484	ZM4	1742186	1742187	TSS_3784	.	+	1675
ZM4	1744090	1744091	ZMO0373_peak_901c	4.65279	ZM4	1742186	1742187	TSS_3784	.	+	1904
ZM4	1744881	1744882	ZMO0373_peak_902	93.8202	ZM4	1746747	1746748	TSS_3787	.	-	1866
ZM4	1745597	1745598	ZMO0373_peak_903	404.321	ZM4	1746747	1746748	TSS_3787	.	-	1150
ZM4	1746612	1746613	ZMO0373_peak_904	89.6655	ZM4	1746747	1746748	TSS_3787	.	-	135
ZM4	1747031	1747032	ZMO0373_peak_905	1268.29	ZM4	1747080	1747081	TSS_3799	.	-	49
ZM4	1748342	1748343	ZMO0373_peak_906	201.573	ZM4	1748683	1748684	TSS_3804	.	+	-341
ZM4	1751208	1751209	ZMO0373_peak_907	425.664	ZM4	1751423	1751424	TSS_3806	.	-	215
ZM4	1752425	1752426	ZMO0373_peak_908	50.2851	ZM4	1752975	1752976	TSS_3809	.	-	550
ZM4	1754505	1754506	ZMO0373_peak_909	36.4907	ZM4	1755471	1755472	TSS_3811	.	-	966
ZM4	1755320	1755321	ZMO0373_peak_910	115.094	ZM4	1755471	1755472	TSS_3811	.	-	151
ZM4	1757113	1757114	ZMO0373_peak_911	193.054	ZM4	1757680	1757681	TSS_3818	.	-	567
ZM4	1757429	1757430	ZMO0373_peak_912	223.136	ZM4	1757680	1757681	TSS_3818	.	-	251
ZM4	1762760	1762761	ZMO0373_peak_913a	4.10482	ZM4	1763629	1763630	TSS_3832	.	-	869
ZM4	1762979	1762980	ZMO0373_peak_913b	185.417	ZM4	1763629	1763630	TSS_3832	.	-	650
ZM4	1765072	1765073	ZMO0373_peak_914	1306.05	ZM4	1765114	1765115	TSS_3845	.	-	42
ZM4	1765564	1765565	ZMO0373_peak_915	1528.76	ZM4	1765873	1765874	TSS_3850	.	-	309
ZM4	1770273	1770274	ZMO0373_peak_916	95.7864	ZM4	1770141	1770142	TSS_3877	.	-	-132
ZM4	1771502	1771503	ZMO0373_peak_917	44.6501	ZM4	1770792	1770793	TSS_3882	.	-	-710
ZM4	1773698	1773699	ZMO0373_peak_918a	118.093	ZM4	1774478	1774479	TSS_3886	.	-	780
ZM4	1773926	1773927	ZMO0373_peak_918b	28.6119	ZM4	1774478	1774479	TSS_3886	.	-	552
ZM4	1775463	1775464	ZMO0373_peak_919a	64.2359	ZM4	1775475	1775476	TSS_3890	.	-	12
ZM4	1775591	1775592	ZMO0373_peak_919b	61.5121	ZM4	1775475	1775476	TSS_3890	.	-	-116
ZM4	1776497	1776498	ZMO0373_peak_920a	34.8902	ZM4	1776972	1776973	TSS_3891	.	-	475
ZM4	1776727	1776728	ZMO0373_peak_920b	358.193	ZM4	1776972	1776973	TSS_3891	.	-	245
ZM4	1778335	1778336	ZMO0373_peak_921a	12.4511	ZM4	1778351	1778352	TSS_3893	.	-	16
ZM4	1778465	1778466	ZMO0373_peak_921b	15.2423	ZM4	1778351	1778352	TSS_3893	.	-	-114
ZM4	1780028	1780029	ZMO0373_peak_922	197.269	ZM4	1780429	1780430	TSS_3907	.	+	-401
ZM4	1782281	1782282	ZMO0373_peak_923	82.2367	ZM4	1783917	1783918	TSS_3909	.	-	1636
ZM4	1784726	1784727	ZMO0373_peak_924	63.273	ZM4	1784117	1784118	TSS_3912	.	-	-609
ZM4	1790426	1790427	ZMO0373_peak_925	176.797	ZM4	1788630	1788631	TSS_3919	.	-	-1796
ZM4	1790783	1790784	ZMO0373_peak_926	91.6997	ZM4	1792394	1792395	TSS_3923	.	-	1611
ZM4	1792526	1792527	ZMO0373_peak_927	49.8495	ZM4	1792570	1792571	TSS_3924	.	-	44
ZM4	1795233	1795234	ZMO0373_peak_928	4529.11	ZM4	1794544	1794545	TSS_3928	.	+	689
ZM4	1795970	1795971	ZMO0373_peak_929a	27.7714	ZM4	1796927	1796928	TSS_3931	.	+	-957
ZM4	1796129	1796130	ZMO0373_peak_929b	71.6511	ZM4	1796927	1796928	TSS_3931	.	+	-798
ZM4	1797173	1797174	ZMO0373_peak_930	40.2436	ZM4	1797204	1797205	TSS_3954	.	+	-31
ZM4	1799718	1799719	ZMO0373_peak_931	162.298	ZM4	1800736	1800737	TSS_3964	.	-	1018
ZM4	1802077	1802078	ZMO0373_peak_932	44.3231	ZM4	1801999	1802000	TSS_3966	.	+	78
ZM4	1802944	1802945	ZMO0373_peak_933	83.314	ZM4	1803371	1803372	TSS_3967	.	+	-427
ZM4	1804310	1804311	ZMO0373_peak_934	271.706	ZM4	1803492	1803493	TSS_3969	.	+	818
ZM4	1805366	1805367	ZMO0373_peak_935	57.7624	ZM4	1805142	1805143	TSS_3972	.	-	-224
ZM4	1806918	1806919	ZMO0373_peak_936	80.7971	ZM4	1807385	1807386	TSS_3975	.	+	-467
ZM4	1807346	1807347	ZMO0373_peak_937	38.5709	ZM4	1807385	1807386	TSS_3975	.	+	-39
ZM4	1810687	1810688	ZMO0373_peak_938	408.335	ZM4	1811168	1811169	TSS_3979	.	-	481
ZM4	1811581	1811582	ZMO0373_peak_939	163.964	ZM4	1811258	1811259	TSS_3980	.	-	-323
ZM4	1814938	1814939	ZMO0373_peak_940	61.839	ZM4	1816346	1816347	TSS_3987	.	-	1408
ZM4	1818047	1818048	ZMO0373_peak_941	159.557	ZM4	1817955	1817956	TSS_3992	.	-	-92
ZM4	1820186	1820187	ZMO0373_peak_942	61.0951	ZM4	1820186	1820187	TSS_3996	.	-	0
ZM4	1820948	1820949	ZMO0373_peak_943	200.462	ZM4	1821000	1821001	TSS_3999	.	+	-52
ZM4	1821784	1821785	ZMO0373_peak_944a	21.2232	ZM4	1821000	1821001	TSS_3999	.	+	784
ZM4	1821949	1821950	ZMO0373_peak_944b	156.91	ZM4	1821000	1821001	TSS_3999	.	+	949
ZM4	1824113	1824114	ZMO0373_peak_945	38.3126	ZM4	1823956	1823957	TSS_4003	.	+	157
ZM4	1825985	1825986	ZMO0373_peak_946	6.39974	ZM4	1826464	1826465	TSS_4004	.	-	479
ZM4	1826376	1826377	ZMO0373_peak_947a	117.754	ZM4	1826464	1826465	TSS_4004	.	-	88
ZM4	1826571	1826572	ZMO0373_peak_947b	97.539	ZM4	1826504	1826505	TSS_4005	.	-	-67
ZM4	1826986	1826987	ZMO0373_peak_947c	6768.49	ZM4	1827015	1827016	TSS_4007	.	-	29
ZM4	1828813	1828814	ZMO0373_peak_948	56.2573	ZM4	1827380	1827381	TSS_4024	.	-	-1433
ZM4	1829882	1829883	ZMO0373_peak_949	1309.98	ZM4	1827380	1827381	TSS_4024	.	-	-2502
ZM4	1831472	1831473	ZMO0373_peak_950a	59.3969	ZM4	1834544	1834545	TSS_4033	.	+	-3072
ZM4	1831766	1831767	ZMO0373_peak_950b	6827.15	ZM4	1834544	1834545	TSS_4033	.	+	-2778
ZM4	1833583	1833584	ZMO0373_peak_951	136.773	ZM4	1834544	1834545	TSS_4033	.	+	-961
ZM4	1835872	1835873	ZMO0373_peak_952	336.574	ZM4	1834932	1834933	TSS_4037	.	+	940
ZM4	1836856	1836857	ZMO0373_peak_953	11.4396	ZM4	1834932	1834933	TSS_4037	.	+	1924
ZM4	1837805	1837806	ZMO0373_peak_954a	30.097	ZM4	1840491	1840492	TSS_4059	.	-	2686
ZM4	1838027	1838028	ZMO0373_peak_954b	199.163	ZM4	1840491	1840492	TSS_4059	.	-	2464
ZM4	1838899	1838900	ZMO0373_peak_955	418.573	ZM4	1840491	1840492	TSS_4059	.	-	1592
ZM4	1839570	1839571	ZMO0373_peak_956	197.055	ZM4	1840491	1840492	TSS_4059	.	-	921
ZM4	1842709	1842710	ZMO0373_peak_957	13.7869	ZM4	1842683	1842684	TSS_4069	.	+	26
ZM4	1843134	1843135	ZMO0373_peak_958	89.2862	ZM4	1842683	1842684	TSS_4069	.	+	451
ZM4	1844615	1844616	ZMO0373_peak_959	79.5886	ZM4	1845713	1845714	TSS_4076	.	-	1098
ZM4	1848796	1848797	ZMO0373_peak_960	88.0671	ZM4	1849012	1849013	TSS_4085	.	-	216
ZM4	1851999	1852000	ZMO0373_peak_961	199.643	ZM4	1849748	1849749	TSS_4086	.	-	-2251
ZM4	1852792	1852793	ZMO0373_peak_962a	34.1581	ZM4	1855211	1855212	TSS_4087	.	-	2419
ZM4	1853004	1853005	ZMO0373_peak_962b	481	ZM4	1855211	1855212	TSS_4087	.	-	2207
ZM4	1856798	1856799	ZMO0373_peak_963a	25.4111	ZM4	1857841	1857842	TSS_4089	.	-	1043
ZM4	1857023	1857024	ZMO0373_peak_963b	35.497	ZM4	1857841	1857842	TSS_4089	.	-	818
ZM4	1857253	1857254	ZMO0373_peak_963c	79.3633	ZM4	1857841	1857842	TSS_4089	.	-	588
ZM4	1859345	1859346	ZMO0373_peak_964	76.7165	ZM4	1860550	1860551	TSS_4092	.	-	1205
ZM4	1860499	1860500	ZMO0373_peak_965	1781.45	ZM4	1860550	1860551	TSS_4092	.	-	51
ZM4	1861995	1861996	ZMO0373_peak_966	156.685	ZM4	1860551	1860552	TSS_4093	.	-	-1444
ZM4	1862595	1862596	ZMO0373_peak_967a	26.2861	ZM4	1864306	1864307	TSS_4096	.	+	-1711
ZM4	1862863	1862864	ZMO0373_peak_967b	268.269	ZM4	1864306	1864307	TSS_4096	.	+	-1443
ZM4	1863386	1863387	ZMO0373_peak_968	190.842	ZM4	1864306	1864307	TSS_4096	.	+	-920
ZM4	1864723	1864724	ZMO0373_peak_969	18.8665	ZM4	1864521	1864522	TSS_4101	.	+	202
ZM4	1865030	1865031	ZMO0373_peak_970	25.9458	ZM4	1864521	1864522	TSS_4101	.	+	509
ZM4	1865707	1865708	ZMO0373_peak_971a	3.03082	ZM4	1864521	1864522	TSS_4101	.	+	1186
ZM4	1865916	1865917	ZMO0373_peak_971b	120.604	ZM4	1864521	1864522	TSS_4101	.	+	1395
ZM4	1867120	1867121	ZMO0373_peak_972	98.9403	ZM4	1868635	1868636	TSS_4103	.	+	-1515
ZM4	1868246	1868247	ZMO0373_peak_973a	38.8448	ZM4	1868635	1868636	TSS_4103	.	+	-389
ZM4	1868420	1868421	ZMO0373_peak_973b	171.833	ZM4	1868635	1868636	TSS_4103	.	+	-215
ZM4	1869162	1869163	ZMO0373_peak_974a	12.2566	ZM4	1868635	1868636	TSS_4103	.	+	527
ZM4	1869354	1869355	ZMO0373_peak_974b	42.1419	ZM4	1868635	1868636	TSS_4103	.	+	719
ZM4	1871383	1871384	ZMO0373_peak_975	218.509	ZM4	1874059	1874060	TSS_4106	.	+	-2676
ZM4	1871968	1871969	ZMO0373_peak_976	185.273	ZM4	1874059	1874060	TSS_4106	.	+	-2091
ZM4	1872294	1872295	ZMO0373_peak_977	45.9568	ZM4	1874059	1874060	TSS_4106	.	+	-1765
ZM4	1873119	1873120	ZMO0373_peak_978	160.757	ZM4	1874059	1874060	TSS_4106	.	+	-940
ZM4	1873893	1873894	ZMO0373_peak_979	27.5042	ZM4	1874059	1874060	TSS_4106	.	+	-166
ZM4	1876117	1876118	ZMO0373_peak_980	446.911	ZM4	1874059	1874060	TSS_4106	.	+	2058
ZM4	1878069	1878070	ZMO0373_peak_981	8.68789	ZM4	1874059	1874060	TSS_4106	.	+	4010
ZM4	1880375	1880376	ZMO0373_peak_982a	5.88663	ZM4	1882290	1882291	TSS_4110	.	-	1915
ZM4	1880499	1880500	ZMO0373_peak_982b	122.024	ZM4	1882290	1882291	TSS_4110	.	-	1791
ZM4	1882616	1882617	ZMO0373_peak_983a	123.099	ZM4	1882733	1882734	TSS_4113	.	-	117
ZM4	1882757	1882758	ZMO0373_peak_983b	198.674	ZM4	1882733	1882734	TSS_4113	.	-	-24
ZM4	1883133	1883134	ZMO0373_peak_984	37.599	ZM4	1883212	1883213	TSS_4114	.	-	79
ZM4	1884387	1884388	ZMO0373_peak_985	75.0189	ZM4	1884164	1884165	TSS_4116	.	-	-223
ZM4	1894472	1894473	ZMO0373_peak_986	200.204	ZM4	1893193	1893194	TSS_4139	.	-	-1279
ZM4	1896606	1896607	ZMO0373_peak_987	70.9455	ZM4	1895930	1895931	TSS_4141	.	-	-676
ZM4	1900066	1900067	ZMO0373_peak_988	57.9734	ZM4	1895930	1895931	TSS_4141	.	-	-4136
ZM4	1901227	1901228	ZMO0373_peak_989	398.076	ZM4	1895930	1895931	TSS_4141	.	-	-5297
ZM4	1902304	1902305	ZMO0373_peak_990	79.3524	ZM4	1895930	1895931	TSS_4141	.	-	-6374
ZM4	1902892	1902893	ZMO0373_peak_991	508.145	ZM4	1908779	1908780	TSS_4143	.	-	5887
ZM4	1905614	1905615	ZMO0373_peak_992	743.339	ZM4	1908779	1908780	TSS_4143	.	-	3165
ZM4	1906485	1906486	ZMO0373_peak_993	2723.46	ZM4	1908779	1908780	TSS_4143	.	-	2294
ZM4	1910874	1910875	ZMO0373_peak_994a	430.004	ZM4	1910302	1910303	TSS_4149	.	-	-572
ZM4	1911151	1911152	ZMO0373_peak_994b	67.0613	ZM4	1910302	1910303	TSS_4149	.	-	-849
ZM4	1912418	1912419	ZMO0373_peak_995a	93.5616	ZM4	1910302	1910303	TSS_4149	.	-	-2116
ZM4	1912595	1912596	ZMO0373_peak_995b	278.761	ZM4	1910302	1910303	TSS_4149	.	-	-2293
ZM4	1913010	1913011	ZMO0373_peak_996	124.883	ZM4	1910302	1910303	TSS_4149	.	-	-2708
ZM4	1913615	1913616	ZMO0373_peak_997	106.168	ZM4	1910302	1910303	TSS_4149	.	-	-3313
ZM4	1913917	1913918	ZMO0373_peak_998	66.5451	ZM4	1910302	1910303	TSS_4149	.	-	-3615
ZM4	1915080	1915081	ZMO0373_peak_999	421.483	ZM4	1910302	1910303	TSS_4149	.	-	-4778
ZM4	1915330	1915331	ZMO0373_peak_1000	2.2501	ZM4	1910302	1910303	TSS_4149	.	-	-5028
ZM4	1916157	1916158	ZMO0373_peak_1001	86.6387	ZM4	1910302	1910303	TSS_4149	.	-	-5855
ZM4	1916744	1916745	ZMO0373_peak_1002	510.018	ZM4	1922589	1922590	TSS_4158	.	-	5845
ZM4	1919466	1919467	ZMO0373_peak_1003	787.081	ZM4	1922589	1922590	TSS_4158	.	-	3123
ZM4	1919786	1919787	ZMO0373_peak_1004	50.3788	ZM4	1922589	1922590	TSS_4158	.	-	2803
ZM4	1921094	1921095	ZMO0373_peak_1005	94.8085	ZM4	1922589	1922590	TSS_4158	.	-	1495
ZM4	1923904	1923905	ZMO0373_peak_1006	384.726	ZM4	1924136	1924137	TSS_4167	.	-	232
ZM4	1929628	1929629	ZMO0373_peak_1007	548.925	ZM4	1929752	1929753	TSS_4189	.	-	124
ZM4	1932211	1932212	ZMO0373_peak_1008	15.1897	ZM4	1932471	1932472	TSS_4195	.	+	-260
ZM4	1934096	1934097	ZMO0373_peak_1009	380.498	ZM4	1934578	1934579	TSS_4203	.	+	-482
ZM4	1935473	1935474	ZMO0373_peak_1010	4057.36	ZM4	1934616	1934617	TSS_4217	.	+	857
ZM4	1939937	1939938	ZMO0373_peak_1011	91.9009	ZM4	1939167	1939168	TSS_4219	.	-	-770
ZM4	1941103	1941104	ZMO0373_peak_1012	214.929	ZM4	1941316	1941317	TSS_4221	.	-	213
ZM4	1943955	1943956	ZMO0373_peak_1013a	911.327	ZM4	1945090	1945091	TSS_4233	.	-	1135
ZM4	1944229	1944230	ZMO0373_peak_1013b	70.1996	ZM4	1945090	1945091	TSS_4233	.	-	861
ZM4	1946488	1946489	ZMO0373_peak_1014a	5.05232	ZM4	1945935	1945936	TSS_4238	.	+	553
ZM4	1946689	1946690	ZMO0373_peak_1014b	19.8115	ZM4	1945935	1945936	TSS_4238	.	+	754
ZM4	1946840	1946841	ZMO0373_peak_1014c	87.7645	ZM4	1945935	1945936	TSS_4238	.	+	905
ZM4	1947447	1947448	ZMO0373_peak_1015	101.194	ZM4	1945935	1945936	TSS_4238	.	+	1512
ZM4	1948327	1948328	ZMO0373_peak_1016	82.1344	ZM4	1950035	1950036	TSS_4246	.	-	1708
ZM4	1950136	1950137	ZMO0373_peak_1017	101.129	ZM4	1950035	1950036	TSS_4246	.	-	-101
ZM4	1950948	1950949	ZMO0373_peak_1018	300.846	ZM4	1950035	1950036	TSS_4246	.	-	-913
ZM4	1952571	1952572	ZMO0373_peak_1019	495.052	ZM4	1953176	1953177	TSS_4249	.	-	605
ZM4	1953731	1953732	ZMO0373_peak_1020	62.0755	ZM4	1953179	1953180	TSS_4251	.	-	-552
ZM4	1954159	1954160	ZMO0373_peak_1021	222.923	ZM4	1954444	1954445	TSS_4253	.	-	285
ZM4	1955968	1955969	ZMO0373_peak_1022	152.32	ZM4	1955546	1955547	TSS_4261	.	-	-422
ZM4	1956767	1956768	ZMO0373_peak_1023	325.768	ZM4	1957007	1957008	TSS_4265	.	+	-240
ZM4	1957732	1957733	ZMO0373_peak_1024	144.234	ZM4	1957009	1957010	TSS_4266	.	+	723
ZM4	1959228	1959229	ZMO0373_peak_1025	330.81	ZM4	1958887	1958888	TSS_4269	.	-	-341
ZM4	1959781	1959782	ZMO0373_peak_1026a	130.253	ZM4	1958887	1958888	TSS_4269	.	-	-894
ZM4	1960051	1960052	ZMO0373_peak_1026b	1002.8	ZM4	1958887	1958888	TSS_4269	.	-	-1164
ZM4	1960769	1960770	ZMO0373_peak_1027a	2030.25	ZM4	1961898	1961899	TSS_4276	.	-	1129
ZM4	1961128	1961129	ZMO0373_peak_1027b	1458.08	ZM4	1961898	1961899	TSS_4276	.	-	770
ZM4	1961295	1961296	ZMO0373_peak_1027c	77.6025	ZM4	1961898	1961899	TSS_4276	.	-	603
ZM4	1961545	1961546	ZMO0373_peak_1027d	1126.77	ZM4	1961898	1961899	TSS_4276	.	-	353
ZM4	1963623	1963624	ZMO0373_peak_1028a	56.5759	ZM4	1963336	1963337	TSS_4291	.	+	287
ZM4	1963827	1963828	ZMO0373_peak_1028b	189.03	ZM4	1964283	1964284	TSS_4292	.	+	-456
ZM4	1965320	1965321	ZMO0373_peak_1029	116.237	ZM4	1965401	1965402	TSS_4295	.	+	-81
ZM4	1965966	1965967	ZMO0373_peak_1030a	46.4014	ZM4	1965804	1965805	TSS_4298	.	+	162
ZM4	1966165	1966166	ZMO0373_peak_1030b	66.2829	ZM4	1965804	1965805	TSS_4298	.	+	361
ZM4	1966850	1966851	ZMO0373_peak_1031	177.087	ZM4	1965804	1965805	TSS_4298	.	+	1046
ZM4	1967429	1967430	ZMO0373_peak_1032	121.44	ZM4	1965804	1965805	TSS_4298	.	+	1625
ZM4	1969364	1969365	ZMO0373_peak_1033a	335.241	ZM4	1970168	1970169	TSS_4305	.	-	804
ZM4	1969444	1969445	ZMO0373_peak_1033b	455.593	ZM4	1970168	1970169	TSS_4305	.	-	724
ZM4	1970562	1970563	ZMO0373_peak_1034	838.125	ZM4	1970568	1970569	TSS_4307	.	+	-6
ZM4	1971132	1971133	ZMO0373_peak_1035	83.6297	ZM4	1971103	1971104	TSS_4309	.	-	-29
ZM4	1971679	1971680	ZMO0373_peak_1036a	17.3665	ZM4	1971103	1971104	TSS_4309	.	-	-576
ZM4	1971969	1971970	ZMO0373_peak_1036b	1777.24	ZM4	1971103	1971104	TSS_4309	.	-	-866
ZM4	1976562	1976563	ZMO0373_peak_1037	27.8596	ZM4	1977370	1977371	TSS_4323	.	-	808
ZM4	1977454	1977455	ZMO0373_peak_1038a	41.3956	ZM4	1977451	1977452	TSS_4324	.	+	3
ZM4	1977646	1977647	ZMO0373_peak_1038b	575.552	ZM4	1977451	1977452	TSS_4324	.	+	195
ZM4	1979055	1979056	ZMO0373_peak_1039	335.899	ZM4	1980115	1980116	TSS_4328	.	-	1060
ZM4	1980214	1980215	ZMO0373_peak_1040	118.672	ZM4	1980115	1980116	TSS_4328	.	-	-99
ZM4	1981044	1981045	ZMO0373_peak_1041a	113.594	ZM4	1980115	1980116	TSS_4328	.	-	-929
ZM4	1981293	1981294	ZMO0373_peak_1041b	257.162	ZM4	1982248	1982249	TSS_4331	.	-	955
ZM4	1982184	1982185	ZMO0373_peak_1042a	84.2518	ZM4	1982248	1982249	TSS_4331	.	-	64
ZM4	1982350	1982351	ZMO0373_peak_1042b	529.106	ZM4	1982382	1982383	TSS_4332	.	-	32
ZM4	1984147	1984148	ZMO0373_peak_1043	309.224	ZM4	1984143	1984144	TSS_4343	.	-	-4
ZM4	1984696	1984697	ZMO0373_peak_1044	15.8454	ZM4	1984672	1984673	TSS_4352	.	+	24
ZM4	1985833	1985834	ZMO0373_peak_1045	233.012	ZM4	1986320	1986321	TSS_4363	.	+	-487
ZM4	1988736	1988737	ZMO0373_peak_1046	1929.96	ZM4	1987728	1987729	TSS_4366	.	+	1008
ZM4	1989425	1989426	ZMO0373_peak_1047	3722.81	ZM4	1987728	1987729	TSS_4366	.	+	1697
ZM4	1990066	1990067	ZMO0373_peak_1048	2591.73	ZM4	1987728	1987729	TSS_4366	.	+	2338
ZM4	1990582	1990583	ZMO0373_peak_1049	110.402	ZM4	1987728	1987729	TSS_4366	.	+	2854
ZM4	1991958	1991959	ZMO0373_peak_1050	3406.4	ZM4	1994250	1994251	TSS_4371	.	-	2292
ZM4	1996304	1996305	ZMO0373_peak_1051	1336.29	ZM4	1994502	1994503	TSS_4372	.	-	-1802
ZM4	1998082	1998083	ZMO0373_peak_1052a	35.7996	ZM4	1994502	1994503	TSS_4372	.	-	-3580
ZM4	1998243	1998244	ZMO0373_peak_1052b	7.38889	ZM4	1994502	1994503	TSS_4372	.	-	-3741
ZM4	1998741	1998742	ZMO0373_peak_1053	2215.88	ZM4	1994502	1994503	TSS_4372	.	-	-4239
ZM4	1999259	1999260	ZMO0373_peak_1054a	55.5114	ZM4	2003022	2003023	TSS_4374	.	-	3763
ZM4	1999404	1999405	ZMO0373_peak_1054b	9.28255	ZM4	2003022	2003023	TSS_4374	.	-	3618
ZM4	2001222	2001223	ZMO0373_peak_1055	183.538	ZM4	2003022	2003023	TSS_4374	.	-	1800
ZM4	2001808	2001809	ZMO0373_peak_1056	774.462	ZM4	2003022	2003023	TSS_4374	.	-	1214
ZM4	2004685	2004686	ZMO0373_peak_1057	78.6691	ZM4	2003022	2003023	TSS_4374	.	-	-1663
ZM4	2005110	2005111	ZMO0373_peak_1058a	53.7388	ZM4	2003022	2003023	TSS_4374	.	-	-2088
ZM4	2005252	2005253	ZMO0373_peak_1058b	10.2031	ZM4	2003022	2003023	TSS_4374	.	-	-2230
ZM4	2005484	2005485	ZMO0373_peak_1058c	74.6235	ZM4	2003022	2003023	TSS_4374	.	-	-2462
ZM4	2005668	2005669	ZMO0373_peak_1058d	26.4586	ZM4	2003022	2003023	TSS_4374	.	-	-2646
ZM4	2005928	2005929	ZMO0373_peak_1058e	580.454	ZM4	2003022	2003023	TSS_4374	.	-	-2906
ZM4	2007814	2007815	ZMO0373_peak_1059a	47.8153	ZM4	2003022	2003023	TSS_4374	.	-	-4792
ZM4	2008029	2008030	ZMO0373_peak_1059b	9.53174	ZM4	2003022	2003023	TSS_4374	.	-	-5007
ZM4	2008578	2008579	ZMO0373_peak_1060	28.1399	ZM4	2013493	2013494	TSS_4384	.	-	4915
ZM4	2010250	2010251	ZMO0373_peak_1061	140.995	ZM4	2013493	2013494	TSS_4384	.	-	3243
ZM4	2010552	2010553	ZMO0373_peak_1062a	55.6517	ZM4	2013493	2013494	TSS_4384	.	-	2941
ZM4	2010729	2010730	ZMO0373_peak_1062b	124.65	ZM4	2013493	2013494	TSS_4384	.	-	2764
ZM4	2011442	2011443	ZMO0373_peak_1063	11.6989	ZM4	2013493	2013494	TSS_4384	.	-	2051
ZM4	2012768	2012769	ZMO0373_peak_1064	226.878	ZM4	2013493	2013494	TSS_4384	.	-	725
ZM4	2013159	2013160	ZMO0373_peak_1065a	43.6175	ZM4	2013493	2013494	TSS_4384	.	-	334
ZM4	2013403	2013404	ZMO0373_peak_1065b	150.443	ZM4	2013493	2013494	TSS_4384	.	-	90
ZM4	2016100	2016101	ZMO0373_peak_1066	54.8002	ZM4	2016865	2016866	TSS_4389	.	-	765
ZM4	2016771	2016772	ZMO0373_peak_1067	1025.74	ZM4	2016865	2016866	TSS_4389	.	-	94
ZM4	2017202	2017203	ZMO0373_peak_1068	12.8421	ZM4	2017407	2017408	TSS_4390	.	-	205
ZM4	2019249	2019250	ZMO0373_peak_1069	146.55	ZM4	2020203	2020204	TSS_4393	.	-	954
ZM4	2021367	2021368	ZMO0373_peak_1070	64.6322	ZM4	2020374	2020375	TSS_4395	.	-	-993
ZM4	2022225	2022226	ZMO0373_peak_1071	1253.28	ZM4	2020374	2020375	TSS_4395	.	-	-1851
ZM4	2023162	2023163	ZMO0373_peak_1072	983.207	ZM4	2025775	2025776	TSS_4399	.	-	2613
ZM4	2025688	2025689	ZMO0373_peak_1073	164.041	ZM4	2025775	2025776	TSS_4399	.	-	87
ZM4	2031374	2031375	ZMO0373_peak_1074	233.623	ZM4	2031059	2031060	TSS_4405	.	+	315
ZM4	2033928	2033929	ZMO0373_peak_1075	456.095	ZM4	2033927	2033928	TSS_4406	.	-	-1
ZM4	2036729	2036730	ZMO0373_peak_1076	44.9921	ZM4	2036639	2036640	TSS_4412	.	+	90
ZM4	2038205	2038206	ZMO0373_peak_1077	363.449	ZM4	2037494	2037495	TSS_4413	.	+	711
ZM4	2040911	2040912	ZMO0373_peak_1078	35.8184	ZM4	2043114	2043115	TSS_4414	.	-	2203
ZM4	2043652	2043653	ZMO0373_peak_1079	21.5057	ZM4	2043114	2043115	TSS_4414	.	-	-538
ZM4	2044543	2044544	ZMO0373_peak_1080	107.438	ZM4	2045899	2045900	TSS_4417	.	+	-1356
ZM4	2045296	2045297	ZMO0373_peak_1081	21.0524	ZM4	2045899	2045900	TSS_4417	.	+	-603
ZM4	2047431	2047432	ZMO0373_peak_1082	552.932	ZM4	2045899	2045900	TSS_4417	.	+	1532
ZM4	2050610	2050611	ZMO0373_peak_1083	540.152	ZM4	2052954	2052955	TSS_4422	.	+	-2344
ZM4	2051401	2051402	ZMO0373_peak_1084	228.417	ZM4	2052954	2052955	TSS_4422	.	+	-1553
ZM4	2051937	2051938	ZMO0373_peak_1085	332.399	ZM4	2052954	2052955	TSS_4422	.	+	-1017
ZM4	2054151	2054152	ZMO0373_peak_1086	25.2595	ZM4	2053613	2053614	TSS_4423	.	+	538
ZM4	2056635	2056636	ZMO0373_peak_1087	27.7859	ZM4	2056376	2056377	TSS_4425	.	-	-259
ZM4	2057845	2057846	ZMO0373_peak_1088	98.7305	ZM4	2058164	2058165	TSS_4428	.	-	319
pZM32	1199	1200	ZMO0373_peak_1089	51.6123	pZM32	4033	4034	TSS_4431	.	+	-2834
pZM32	18605	18606	ZMO0373_peak_1090	88.9174	pZM32	18516	18517	TSS_4463	.	-	-89
pZM32	19378	19379	ZMO0373_peak_1091	1557.92	pZM32	18516	18517	TSS_4463	.	-	-862
pZM32	20365	20366	ZMO0373_peak_1092	68.3273	pZM32	20354	20355	TSS_4466	.	+	11
pZM32	21929	21930	ZMO0373_peak_1093a	8.55168	pZM32	21293	21294	TSS_4471	.	+	636
pZM32	22132	22133	ZMO0373_peak_1093b	382.909	pZM32	22599	22600	TSS_4473	.	+	-467
pZM32	23229	23230	ZMO0373_peak_1094	205.176	pZM32	22638	22639	TSS_4474	.	+	591
pZM32	24888	24889	ZMO0373_peak_1095	45.0366	pZM32	25189	25190	TSS_4481	.	-	301
pZM32	32247	32248	ZMO0373_peak_1096	2344.24	pZM32	30170	30171	TSS_4489	.	+	2077
pZM33	115	116	ZMO0373_peak_1097	449.885	pZM33	383	384	TSS_4491	.	+	-268
pZM33	2757	2758	ZMO0373_peak_1098	47.348	pZM33	2542	2543	TSS_4503	.	+	215
pZM33	6239	6240	ZMO0373_peak_1099	127.91	pZM33	4574	4575	TSS_4504	.	-	-1665
pZM33	8585	8586	ZMO0373_peak_1100	774.462	pZM33	8360	8361	TSS_4507	.	+	225
pZM33	8968	8969	ZMO0373_peak_1101	152.856	pZM33	8824	8825	TSS_4508	.	+	144
pZM33	12446	12447	ZMO0373_peak_1102	1149.44	pZM33	13259	13260	TSS_4520	.	+	-813
pZM33	14582	14583	ZMO0373_peak_1103a	1720.46	pZM33	13446	13447	TSS_4522	.	+	1136
pZM33	14858	14859	ZMO0373_peak_1103b	21.898	pZM33	13446	13447	TSS_4522	.	+	1412
pZM33	15373	15374	ZMO0373_peak_1104	45.0366	pZM33	16701	16702	TSS_4525	.	-	1328
pZM33	19147	19148	ZMO0373_peak_1105	1382.75	pZM33	18494	18495	TSS_4537	.	+	653
pZM33	20907	20908	ZMO0373_peak_1106	200.64	pZM33	23287	23288	TSS_4552	.	-	2380
pZM33	21609	21610	ZMO0373_peak_1107	952.242	pZM33	23287	23288	TSS_4552	.	-	1678
pZM33	24398	24399	ZMO0373_peak_1108	34.5448	pZM33	24849	24850	TSS_4556	.	-	451
pZM33	30607	30608	ZMO0373_peak_1109	57.9997	pZM33	30621	30622	TSS_4572	.	-	14
pZM33	31754	31755	ZMO0373_peak_1110	38.7915	pZM33	31992	31993	TSS_4575	.	+	-238
pZM36	458	459	ZMO0373_peak_1111	75.3493	pZM36	13287	13288	TSS_4582	.	+	-12829
pZM36	891	892	ZMO0373_peak_1112a	492.222	pZM36	13287	13288	TSS_4582	.	+	-12396
pZM36	1195	1196	ZMO0373_peak_1112b	93.6063	pZM36	13287	13288	TSS_4582	.	+	-12092
pZM36	3394	3395	ZMO0373_peak_1113	5557.35	pZM36	13287	13288	TSS_4582	.	+	-9893
pZM36	5161	5162	ZMO0373_peak_1114	72.6206	pZM36	13287	13288	TSS_4582	.	+	-8126
pZM36	6537	6538	ZMO0373_peak_1115	63.6066	pZM36	13287	13288	TSS_4582	.	+	-6750
pZM36	7013	7014	ZMO0373_peak_1116	129.879	pZM36	13287	13288	TSS_4582	.	+	-6274
pZM36	8892	8893	ZMO0373_peak_1117	34.9611	pZM36	13287	13288	TSS_4582	.	+	-4395
pZM36	10386	10387	ZMO0373_peak_1118	962.638	pZM36	13287	13288	TSS_4582	.	+	-2901
pZM36	11300	11301	ZMO0373_peak_1119	2055.96	pZM36	13287	13288	TSS_4582	.	+	-1987
pZM36	14978	14979	ZMO0373_peak_1120a	196.134	pZM36	15483	15484	TSS_4583	.	-	505
pZM36	15247	15248	ZMO0373_peak_1120b	30.4836	pZM36	15483	15484	TSS_4583	.	-	236
pZM36	15523	15524	ZMO0373_peak_1120c	25.1276	pZM36	15485	15486	TSS_4584	.	-	-38
pZM36	17070	17071	ZMO0373_peak_1121a	5866.83	pZM36	17283	17284	TSS_4588	.	-	213
pZM36	17485	17486	ZMO0373_peak_1121b	53.0624	pZM36	17283	17284	TSS_4588	.	-	-202
pZM36	19962	19963	ZMO0373_peak_1122a	23.3122	pZM36	19217	19218	TSS_4591	.	-	-745
pZM36	20152	20153	ZMO0373_peak_1122b	10.8167	pZM36	19217	19218	TSS_4591	.	-	-935
pZM36	22189	22190	ZMO0373_peak_1123	90.0819	pZM36	22455	22456	TSS_4594	.	-	266
pZM36	23246	23247	ZMO0373_peak_1124	1357.59	pZM36	23254	23255	TSS_4599	.	-	8
pZM36	24403	24404	ZMO0373_peak_1125	59.5106	pZM36	24219	24220	TSS_4602	.	-	-184
pZM36	24991	24992	ZMO0373_peak_1126	137.853	pZM36	24219	24220	TSS_4602	.	-	-772
pZM36	28964	28965	ZMO0373_peak_1127	1318.81	pZM36	28793	28794	TSS_4604	.	+	171
pZM36	29750	29751	ZMO0373_peak_1128	45.4954	pZM36	28793	28794	TSS_4604	.	+	957
pZM36	30200	30201	ZMO0373_peak_1129	54.0375	pZM36	28793	28794	TSS_4604	.	+	1407
pZM36	30989	30990	ZMO0373_peak_1130	226.749	pZM36	28793	28794	TSS_4604	.	+	2196
pZM36	34422	34423	ZMO0373_peak_1131	266.822	pZM36	28793	28794	TSS_4604	.	+	5629
pZM39	28574	28575	ZMO0373_peak_1132	95.9296	pZM39	24683	24684	TSS_4631	.	-	-3891
pZM39	32107	32108	ZMO0373_peak_1133	759.161	pZM39	33816	33817	TSS_4643	.	-	1709
pZM39	35030	35031	ZMO0373_peak_1134	429.109	pZM39	34728	34729	TSS_4648	.	-	-302
ZM4	100444	100445	ZMO0471_peak_1	6.09581	ZM4	100905	100906	TSS_0139	.	+	-461
ZM4	166534	166535	ZMO0471_peak_2	213.456	ZM4	166932	166933	TSS_0325	.	+	-398
ZM4	246585	246586	ZMO0471_peak_3a	3.94066	ZM4	245089	245090	TSS_0500	.	+	1496
ZM4	246718	246719	ZMO0471_peak_3b	4.3581	ZM4	245089	245090	TSS_0500	.	+	1629
ZM4	247285	247286	ZMO0471_peak_4	2.4802	ZM4	245089	245090	TSS_0500	.	+	2196
ZM4	437758	437759	ZMO0471_peak_5	16.8796	ZM4	437845	437846	TSS_0861	.	+	-87
ZM4	547717	547718	ZMO0471_peak_6	323.181	ZM4	548423	548424	TSS_1299	.	-	706
ZM4	600712	600713	ZMO0471_peak_7	10.4442	ZM4	599377	599378	TSS_1402	.	+	1335
ZM4	792838	792839	ZMO0471_peak_8	2.51709	ZM4	792107	792108	TSS_1806	.	+	731
ZM4	1351639	1351640	ZMO0471_peak_9	70.976	ZM4	1351697	1351698	TSS_3020	.	+	-58
ZM4	1519492	1519493	ZMO0471_peak_10	11.7188	ZM4	1518240	1518241	TSS_3374	.	+	1252
ZM4	1523769	1523770	ZMO0471_peak_11	17.9179	ZM4	1522632	1522633	TSS_3383	.	+	1137
ZM4	1568652	1568653	ZMO0471_peak_12	8.88855	ZM4	1565803	1565804	TSS_3481	.	+	2849
ZM4	1616353	1616354	ZMO0471_peak_13	2.77246	ZM4	1620985	1620986	TSS_3553	.	+	-4632
ZM4	1617408	1617409	ZMO0471_peak_14	3.32599	ZM4	1620985	1620986	TSS_3553	.	+	-3577
ZM4	1635887	1635888	ZMO0471_peak_15a	5.17922	ZM4	1635892	1635893	TSS_3570	.	-	5
ZM4	1636136	1636137	ZMO0471_peak_15b	937.036	ZM4	1635946	1635947	TSS_3573	.	-	-190
ZM4	1860622	1860623	ZMO0471_peak_16	10.6169	ZM4	1860551	1860552	TSS_4093	.	-	-71
ZM4	1906367	1906368	ZMO0471_peak_17	28.8007	ZM4	1908779	1908780	TSS_4143	.	-	2412
ZM4	2030814	2030815	ZMO0471_peak_18	45.0432	ZM4	2031057	2031058	TSS_4404	.	+	-243
ZM4	2058675	2058676	ZMO0471_peak_19	35.9049	ZM4	2058164	2058165	TSS_4428	.	-	-511
ZM4	166537	166538	ZMO0478_peak_1	68.1435	ZM4	166932	166933	TSS_0325	.	+	-395
ZM4	246524	246525	ZMO0478_peak_2a	1.75982	ZM4	245089	245090	TSS_0500	.	+	1435
ZM4	246718	246719	ZMO0478_peak_2b	4.99947	ZM4	245089	245090	TSS_0500	.	+	1629
ZM4	247229	247230	ZMO0478_peak_3	3.70097	ZM4	245089	245090	TSS_0500	.	+	2140
ZM4	379274	379275	ZMO0478_peak_4	29.202	ZM4	378392	378393	TSS_0773	.	+	882
ZM4	741843	741844	ZMO0478_peak_5	102.219	ZM4	741809	741810	TSS_1716	.	-	-34
ZM4	862627	862628	ZMO0478_peak_6	453.29	ZM4	862579	862580	TSS_1921	.	+	48
ZM4	1231020	1231021	ZMO0478_peak_7	14.7541	ZM4	1231054	1231055	TSS_2705	.	-	34
ZM4	1307812	1307813	ZMO0478_peak_8	392.625	ZM4	1307713	1307714	TSS_2933	.	-	-99
ZM4	1478552	1478553	ZMO0478_peak_9	2.86829	ZM4	1480998	1480999	TSS_3279	.	-	2446
ZM4	1509349	1509350	ZMO0478_peak_10	17.7622	ZM4	1512700	1512701	TSS_3323	.	+	-3351
ZM4	1519486	1519487	ZMO0478_peak_11	16.9636	ZM4	1518240	1518241	TSS_3374	.	+	1246
ZM4	1568683	1568684	ZMO0478_peak_12	5.47529	ZM4	1565803	1565804	TSS_3481	.	+	2880
ZM4	1832875	1832876	ZMO0478_peak_13	33.852	ZM4	1834544	1834545	TSS_4033	.	+	-1669
ZM4	2030815	2030816	ZMO0478_peak_14	45.6012	ZM4	2031057	2031058	TSS_4404	.	+	-242
ZM4	2058254	2058255	ZMO0478_peak_15	3.27233	ZM4	2058164	2058165	TSS_4428	.	-	-90
ZM4	49273	49274	ZMO0626t_peak_1	1228.63	ZM4	50901	50902	TSS_0064	.	-	1628
ZM4	100456	100457	ZMO0626t_peak_2	8.93623	ZM4	100905	100906	TSS_0139	.	+	-449
ZM4	166546	166547	ZMO0626t_peak_3	90.24	ZM4	166932	166933	TSS_0325	.	+	-386
ZM4	246587	246588	ZMO0626t_peak_4	4.29149	ZM4	245089	245090	TSS_0500	.	+	1498
ZM4	247365	247366	ZMO0626t_peak_5	1.55625	ZM4	245089	245090	TSS_0500	.	+	2276
ZM4	318409	318410	ZMO0626t_peak_6	27.672	ZM4	318303	318304	TSS_0612	.	-	-106
ZM4	404237	404238	ZMO0626t_peak_7	5.23222	ZM4	405797	405798	TSS_0803	.	-	1560
ZM4	1568701	1568702	ZMO0626t_peak_8	4.07276	ZM4	1565803	1565804	TSS_3481	.	+	2898
ZM4	2030818	2030819	ZMO0626t_peak_9	35.8856	ZM4	2031057	2031058	TSS_4404	.	+	-239
ZM4	2058675	2058676	ZMO0626t_peak_10	39.6553	ZM4	2058164	2058165	TSS_4428	.	-	-511
ZM4	437	438	ZMO0631_peak_1	717.72	ZM4	12709	12710	TSS_0006	.	+	-12272
ZM4	28241	28242	ZMO0631_peak_2	15441.1	ZM4	29259	29260	TSS_0028	.	+	-1018
ZM4	71599	71600	ZMO0631_peak_3	536.858	ZM4	71485	71486	TSS_0095	.	-	-114
ZM4	115950	115951	ZMO0631_peak_4	202.022	ZM4	115697	115698	TSS_0163	.	-	-253
ZM4	166535	166536	ZMO0631_peak_5	50.6863	ZM4	166932	166933	TSS_0325	.	+	-397
ZM4	207872	207873	ZMO0631_peak_6	38.3489	ZM4	208720	208721	TSS_0417	.	-	848
ZM4	228186	228187	ZMO0631_peak_7	88.3556	ZM4	228082	228083	TSS_0442	.	+	104
ZM4	246490	246491	ZMO0631_peak_8	1.49591	ZM4	245089	245090	TSS_0500	.	+	1401
ZM4	268296	268297	ZMO0631_peak_9	157.729	ZM4	267770	267771	TSS_0530	.	-	-526
ZM4	332753	332754	ZMO0631_peak_10	91.7983	ZM4	332543	332544	TSS_0649	.	+	210
ZM4	342843	342844	ZMO0631_peak_11	681.529	ZM4	342892	342893	TSS_0677	.	+	-49
ZM4	354600	354601	ZMO0631_peak_12	9530.83	ZM4	353691	353692	TSS_0696	.	+	909
ZM4	383265	383266	ZMO0631_peak_13	51.3571	ZM4	385464	385465	TSS_0787	.	-	2199
ZM4	398930	398931	ZMO0631_peak_14	8.37048	ZM4	397722	397723	TSS_0795	.	+	1208
ZM4	402017	402018	ZMO0631_peak_15	1453.36	ZM4	405797	405798	TSS_0803	.	-	3780
ZM4	480794	480795	ZMO0631_peak_16	221.528	ZM4	479228	479229	TSS_0979	.	+	1566
ZM4	493767	493768	ZMO0631_peak_17	280.633	ZM4	489935	489936	TSS_1023	.	+	3832
ZM4	524121	524122	ZMO0631_peak_18	218.747	ZM4	524187	524188	TSS_1143	.	+	-66
ZM4	574166	574167	ZMO0631_peak_19	188.451	ZM4	573476	573477	TSS_1369	.	+	690
ZM4	576004	576005	ZMO0631_peak_20	1089.64	ZM4	573476	573477	TSS_1369	.	+	2528
ZM4	579091	579092	ZMO0631_peak_21	34.5485	ZM4	580146	580147	TSS_1370	.	-	1055
ZM4	605282	605283	ZMO0631_peak_22	15.8187	ZM4	606103	606104	TSS_1408	.	-	821
ZM4	610006	610007	ZMO0631_peak_23	29.8067	ZM4	610824	610825	TSS_1416	.	-	818
ZM4	615391	615392	ZMO0631_peak_24	60598.9	ZM4	615320	615321	TSS_1433	.	+	71
ZM4	704657	704658	ZMO0631_peak_25	34.5485	ZM4	703984	703985	TSS_1605	.	-	-673
ZM4	710970	710971	ZMO0631_peak_26	36.8643	ZM4	711368	711369	TSS_1618	.	+	-398
ZM4	714367	714368	ZMO0631_peak_27	25.0361	ZM4	714298	714299	TSS_1620	.	+	69
ZM4	722127	722128	ZMO0631_peak_28	39.2197	ZM4	721619	721620	TSS_1638	.	+	508
ZM4	759615	759616	ZMO0631_peak_29	159.992	ZM4	759322	759323	TSS_1768	.	+	293
ZM4	778766	778767	ZMO0631_peak_30	381.001	ZM4	779323	779324	TSS_1792	.	+	-557
ZM4	803752	803753	ZMO0631_peak_31	15.2997	ZM4	800836	800837	TSS_1811	.	-	-2916
ZM4	900519	900520	ZMO0631_peak_32	4084.87	ZM4	901168	901169	TSS_2006	.	-	649
ZM4	981198	981199	ZMO0631_peak_33	486.555	ZM4	981683	981684	TSS_2173	.	+	-485
ZM4	986586	986587	ZMO0631_peak_34	22.3049	ZM4	986158	986159	TSS_2179	.	+	428
ZM4	991110	991111	ZMO0631_peak_35	2337	ZM4	990894	990895	TSS_2185	.	+	216
ZM4	1074660	1074661	ZMO0631_peak_36a	2.03305	ZM4	1075141	1075142	TSS_2380	.	-	481
ZM4	1074902	1074903	ZMO0631_peak_36b	1685.73	ZM4	1075141	1075142	TSS_2380	.	-	239
ZM4	1081207	1081208	ZMO0631_peak_37	32.2768	ZM4	1082283	1082284	TSS_2412	.	-	1076
ZM4	1094911	1094912	ZMO0631_peak_38	101.976	ZM4	1094581	1094582	TSS_2437	.	+	330
ZM4	1117991	1117992	ZMO0631_peak_39	20.9733	ZM4	1119183	1119184	TSS_2458	.	-	1192
ZM4	1124429	1124430	ZMO0631_peak_40	39.9711	ZM4	1124611	1124612	TSS_2464	.	+	-182
ZM4	1142758	1142759	ZMO0631_peak_41	535.97	ZM4	1143217	1143218	TSS_2518	.	-	459
ZM4	1147862	1147863	ZMO0631_peak_42	6239.82	ZM4	1148272	1148273	TSS_2526	.	+	-410
ZM4	1163599	1163600	ZMO0631_peak_43	762.332	ZM4	1163348	1163349	TSS_2573	.	-	-251
ZM4	1181731	1181732	ZMO0631_peak_44	7615.54	ZM4	1181555	1181556	TSS_2631	.	+	176
ZM4	1225104	1225105	ZMO0631_peak_45	2171.47	ZM4	1225593	1225594	TSS_2694	.	+	-489
ZM4	1226261	1226262	ZMO0631_peak_46	23.6594	ZM4	1226918	1226919	TSS_2697	.	+	-657
ZM4	1240658	1240659	ZMO0631_peak_47	61.299	ZM4	1240491	1240492	TSS_2743	.	+	167
ZM4	1262442	1262443	ZMO0631_peak_48	13.5358	ZM4	1262833	1262834	TSS_2820	.	-	391
ZM4	1278291	1278292	ZMO0631_peak_49	11.645	ZM4	1278786	1278787	TSS_2859	.	+	-495
ZM4	1287793	1287794	ZMO0631_peak_50	17.1307	ZM4	1286733	1286734	TSS_2869	.	+	1060
ZM4	1314835	1314836	ZMO0631_peak_51	38.1311	ZM4	1315308	1315309	TSS_2945	.	+	-473
ZM4	1348694	1348695	ZMO0631_peak_52	36.7983	ZM4	1348166	1348167	TSS_3016	.	+	528
ZM4	1359388	1359389	ZMO0631_peak_53	2220.96	ZM4	1359311	1359312	TSS_3048	.	+	77
ZM4	1409684	1409685	ZMO0631_peak_54	145.111	ZM4	1409050	1409051	TSS_3171	.	-	-634
ZM4	1472135	1472136	ZMO0631_peak_55	143.947	ZM4	1473707	1473708	TSS_3273	.	-	1572
ZM4	1515842	1515843	ZMO0631_peak_56	45.5294	ZM4	1516263	1516264	TSS_3335	.	-	421
ZM4	1605666	1605667	ZMO0631_peak_57	1095.92	ZM4	1605088	1605089	TSS_3545	.	+	578
ZM4	1682581	1682582	ZMO0631_peak_58	37.416	ZM4	1682183	1682184	TSS_3685	.	+	398
ZM4	1683478	1683479	ZMO0631_peak_59	5081.75	ZM4	1683995	1683996	TSS_3686	.	+	-517
ZM4	1688786	1688787	ZMO0631_peak_60	9.0015	ZM4	1687584	1687585	TSS_3697	.	-	-1202
ZM4	1708368	1708369	ZMO0631_peak_61	12664.7	ZM4	1708308	1708309	TSS_3740	.	+	60
ZM4	1709711	1709712	ZMO0631_peak_62	129.476	ZM4	1708737	1708738	TSS_3741	.	+	974
ZM4	1721142	1721143	ZMO0631_peak_63	3.30103	ZM4	1720819	1720820	TSS_3759	.	-	-323
ZM4	1841200	1841201	ZMO0631_peak_64	664.823	ZM4	1840680	1840681	TSS_4066	.	+	520
ZM4	1857445	1857446	ZMO0631_peak_65	2078.38	ZM4	1857841	1857842	TSS_4089	.	-	396
ZM4	1870573	1870574	ZMO0631_peak_66	27.4921	ZM4	1868635	1868636	TSS_4103	.	+	1938
ZM4	1998713	1998714	ZMO0631_peak_67	90.8118	ZM4	1994502	1994503	TSS_4372	.	-	-4211
ZM4	3477	3478	ZMO0774_peak_1	11.744	ZM4	12709	12710	TSS_0006	.	+	-9232
ZM4	13842	13843	ZMO0774_peak_2	2525.02	ZM4	14514	14515	TSS_0014	.	-	672
ZM4	35652	35653	ZMO0774_peak_3	1728.73	ZM4	34171	34172	TSS_0032	.	+	1481
ZM4	39450	39451	ZMO0774_peak_4	123.307	ZM4	39800	39801	TSS_0043	.	-	350
ZM4	49281	49282	ZMO0774_peak_5	64.7211	ZM4	50901	50902	TSS_0064	.	-	1620
ZM4	51157	51158	ZMO0774_peak_6	1390.46	ZM4	50901	50902	TSS_0064	.	-	-256
ZM4	59944	59945	ZMO0774_peak_7	2.84647	ZM4	60122	60123	TSS_0077	.	+	-178
ZM4	76727	76728	ZMO0774_peak_8	34.0697	ZM4	74934	74935	TSS_0099	.	-	-1793
ZM4	86422	86423	ZMO0774_peak_9	47.312	ZM4	86435	86436	TSS_0113	.	-	13
ZM4	100490	100491	ZMO0774_peak_10	4.7624	ZM4	100905	100906	TSS_0139	.	+	-415
ZM4	103948	103949	ZMO0774_peak_11a	14.6633	ZM4	103994	103995	TSS_0143	.	+	-46
ZM4	104252	104253	ZMO0774_peak_11b	28.1801	ZM4	103994	103995	TSS_0143	.	+	258
ZM4	121698	121699	ZMO0774_peak_12	28.3263	ZM4	121810	121811	TSS_0174	.	+	-112
ZM4	127495	127496	ZMO0774_peak_13	15.5217	ZM4	129849	129850	TSS_0193	.	-	2354
ZM4	130843	130844	ZMO0774_peak_14	54.8443	ZM4	130630	130631	TSS_0196	.	+	213
ZM4	157522	157523	ZMO0774_peak_15	341.571	ZM4	157635	157636	TSS_0267	.	+	-113
ZM4	161240	161241	ZMO0774_peak_16	45.8624	ZM4	161240	161241	TSS_0286	.	-	0
ZM4	166541	166542	ZMO0774_peak_17	67.1671	ZM4	166932	166933	TSS_0325	.	+	-391
ZM4	173241	173242	ZMO0774_peak_18	36.063	ZM4	173165	173166	TSS_0346	.	-	-76
ZM4	173846	173847	ZMO0774_peak_19	66.4819	ZM4	173856	173857	TSS_0363	.	+	-10
ZM4	177526	177527	ZMO0774_peak_20a	1.55295	ZM4	175617	175618	TSS_0374	.	+	1909
ZM4	177703	177704	ZMO0774_peak_20b	26.9984	ZM4	175617	175618	TSS_0374	.	+	2086
ZM4	182518	182519	ZMO0774_peak_21	2179.38	ZM4	181512	181513	TSS_0379	.	-	-1006
ZM4	208619	208620	ZMO0774_peak_22	158.014	ZM4	208720	208721	TSS_0417	.	-	101
ZM4	216886	216887	ZMO0774_peak_23	28.1905	ZM4	216845	216846	TSS_0429	.	+	41
ZM4	229751	229752	ZMO0774_peak_24	110.989	ZM4	228082	228083	TSS_0442	.	+	1669
ZM4	232142	232143	ZMO0774_peak_25	1696.77	ZM4	232373	232374	TSS_0448	.	-	231
ZM4	234433	234434	ZMO0774_peak_26	89.6165	ZM4	234581	234582	TSS_0459	.	+	-148
ZM4	239280	239281	ZMO0774_peak_27	147.976	ZM4	238511	238512	TSS_0470	.	+	769
ZM4	242835	242836	ZMO0774_peak_28	29.2719	ZM4	242970	242971	TSS_0489	.	+	-135
ZM4	244977	244978	ZMO0774_peak_29	15.9713	ZM4	245089	245090	TSS_0500	.	+	-112
ZM4	246468	246469	ZMO0774_peak_30a	5.71075	ZM4	245089	245090	TSS_0500	.	+	1379
ZM4	246726	246727	ZMO0774_peak_30b	5.8108	ZM4	245089	245090	TSS_0500	.	+	1637
ZM4	252285	252286	ZMO0774_peak_31	93.4039	ZM4	259009	259010	TSS_0512	.	+	-6724
ZM4	256635	256636	ZMO0774_peak_32	11.2705	ZM4	259009	259010	TSS_0512	.	+	-2374
ZM4	260950	260951	ZMO0774_peak_33	30.7311	ZM4	260960	260961	TSS_0523	.	+	-10
ZM4	262801	262802	ZMO0774_peak_34	35.0315	ZM4	263309	263310	TSS_0524	.	+	-508
ZM4	267255	267256	ZMO0774_peak_35	31.726	ZM4	267770	267771	TSS_0530	.	-	515
ZM4	267819	267820	ZMO0774_peak_36	33.7513	ZM4	267770	267771	TSS_0530	.	-	-49
ZM4	291101	291102	ZMO0774_peak_37	445.724	ZM4	293575	293576	TSS_0576	.	+	-2474
ZM4	299296	299297	ZMO0774_peak_38	250.122	ZM4	299414	299415	TSS_0587	.	-	118
ZM4	325424	325425	ZMO0774_peak_39	195.532	ZM4	325382	325383	TSS_0632	.	+	42
ZM4	338749	338750	ZMO0774_peak_40	12.361	ZM4	338771	338772	TSS_0658	.	-	22
ZM4	341132	341133	ZMO0774_peak_41	37.2877	ZM4	341496	341497	TSS_0667	.	+	-364
ZM4	350922	350923	ZMO0774_peak_42	6.21895	ZM4	351956	351957	TSS_0689	.	+	-1034
ZM4	363637	363638	ZMO0774_peak_43	22.3504	ZM4	363690	363691	TSS_0711	.	+	-53
ZM4	370831	370832	ZMO0774_peak_44	16.8447	ZM4	370845	370846	TSS_0723	.	+	-14
ZM4	379658	379659	ZMO0774_peak_45	86.8732	ZM4	378392	378393	TSS_0773	.	+	1266
ZM4	404534	404535	ZMO0774_peak_46	98.4305	ZM4	405797	405798	TSS_0803	.	-	1263
ZM4	418179	418180	ZMO0774_peak_47	20.7853	ZM4	418225	418226	TSS_0828	.	-	46
ZM4	433663	433664	ZMO0774_peak_48	8.51788	ZM4	433937	433938	TSS_0852	.	-	274
ZM4	462314	462315	ZMO0774_peak_49	246.772	ZM4	462622	462623	TSS_0939	.	+	-308
ZM4	472880	472881	ZMO0774_peak_50	92.1393	ZM4	472788	472789	TSS_0963	.	+	92
ZM4	510152	510153	ZMO0774_peak_51	9.47269	ZM4	509404	509405	TSS_1045	.	+	748
ZM4	512642	512643	ZMO0774_peak_52	46.097	ZM4	512424	512425	TSS_1052	.	+	218
ZM4	513461	513462	ZMO0774_peak_53	27.1891	ZM4	512424	512425	TSS_1052	.	+	1037
ZM4	524712	524713	ZMO0774_peak_54	19.0731	ZM4	524780	524781	TSS_1154	.	+	-68
ZM4	530218	530219	ZMO0774_peak_55	154.385	ZM4	530243	530244	TSS_1192	.	+	-25
ZM4	531269	531270	ZMO0774_peak_56	35.1038	ZM4	531603	531604	TSS_1195	.	+	-334
ZM4	535887	535888	ZMO0774_peak_57	209.18	ZM4	536066	536067	TSS_1234	.	+	-179
ZM4	545182	545183	ZMO0774_peak_58	71.4743	ZM4	545686	545687	TSS_1290	.	-	504
ZM4	548441	548442	ZMO0774_peak_59	68.5649	ZM4	548441	548442	TSS_1300	.	-	0
ZM4	553609	553610	ZMO0774_peak_60a	139.863	ZM4	553623	553624	TSS_1310	.	-	14
ZM4	553747	553748	ZMO0774_peak_60b	100.677	ZM4	553623	553624	TSS_1310	.	-	-124
ZM4	562711	562712	ZMO0774_peak_61a	2.95008	ZM4	563393	563394	TSS_1338	.	-	682
ZM4	563036	563037	ZMO0774_peak_61b	60.4544	ZM4	563393	563394	TSS_1338	.	-	357
ZM4	573731	573732	ZMO0774_peak_62	10.5293	ZM4	573476	573477	TSS_1369	.	+	255
ZM4	583754	583755	ZMO0774_peak_63	2.03364	ZM4	583750	583751	TSS_1374	.	-	-4
ZM4	584194	584195	ZMO0774_peak_64	274.614	ZM4	584085	584086	TSS_1377	.	-	-109
ZM4	591516	591517	ZMO0774_peak_65	16.6474	ZM4	591524	591525	TSS_1384	.	-	8
ZM4	608645	608646	ZMO0774_peak_66	63.834	ZM4	608481	608482	TSS_1413	.	-	-164
ZM4	611562	611563	ZMO0774_peak_67	49.5404	ZM4	611624	611625	TSS_1420	.	-	62
ZM4	616432	616433	ZMO0774_peak_68	37.5413	ZM4	617211	617212	TSS_1434	.	+	-779
ZM4	625460	625461	ZMO0774_peak_69	419.521	ZM4	625384	625385	TSS_1453	.	-	-76
ZM4	639147	639148	ZMO0774_peak_70	6.24426	ZM4	638856	638857	TSS_1469	.	+	291
ZM4	644090	644091	ZMO0774_peak_71	36.8343	ZM4	644525	644526	TSS_1488	.	-	435
ZM4	647661	647662	ZMO0774_peak_72	912.673	ZM4	648223	648224	TSS_1491	.	-	562
ZM4	651593	651594	ZMO0774_peak_73	62.9251	ZM4	651452	651453	TSS_1492	.	-	-141
ZM4	664007	664008	ZMO0774_peak_74	36.5066	ZM4	663903	663904	TSS_1535	.	+	104
ZM4	670036	670037	ZMO0774_peak_75	101.568	ZM4	670330	670331	TSS_1544	.	-	294
ZM4	673714	673715	ZMO0774_peak_76	208.184	ZM4	673600	673601	TSS_1559	.	-	-114
ZM4	678272	678273	ZMO0774_peak_77	31.0137	ZM4	678246	678247	TSS_1561	.	+	26
ZM4	681935	681936	ZMO0774_peak_78	501.059	ZM4	684964	684965	TSS_1564	.	-	3029
ZM4	684074	684075	ZMO0774_peak_79	29.685	ZM4	684964	684965	TSS_1564	.	-	890
ZM4	693808	693809	ZMO0774_peak_80	124.746	ZM4	693748	693749	TSS_1591	.	-	-60
ZM4	699377	699378	ZMO0774_peak_81	13.2729	ZM4	699718	699719	TSS_1601	.	-	341
ZM4	719693	719694	ZMO0774_peak_82a	160.695	ZM4	719741	719742	TSS_1628	.	+	-48
ZM4	719883	719884	ZMO0774_peak_82b	9.08065	ZM4	719896	719897	TSS_1630	.	+	-13
ZM4	767278	767279	ZMO0774_peak_83	1367.64	ZM4	769638	769639	TSS_1780	.	-	2360
ZM4	771345	771346	ZMO0774_peak_84	51191.8	ZM4	771418	771419	TSS_1786	.	+	-73
ZM4	788638	788639	ZMO0774_peak_85	190.725	ZM4	792107	792108	TSS_1806	.	+	-3469
ZM4	791511	791512	ZMO0774_peak_86	61.1022	ZM4	792107	792108	TSS_1806	.	+	-596
ZM4	820086	820087	ZMO0774_peak_87	5.61801	ZM4	820044	820045	TSS_1852	.	-	-42
ZM4	821637	821638	ZMO0774_peak_88	140.838	ZM4	820663	820664	TSS_1857	.	+	974
ZM4	832263	832264	ZMO0774_peak_89	23.3288	ZM4	831738	831739	TSS_1873	.	+	525
ZM4	842223	842224	ZMO0774_peak_90	18.5425	ZM4	842246	842247	TSS_1877	.	+	-23
ZM4	854874	854875	ZMO0774_peak_91	9.49685	ZM4	853157	853158	TSS_1910	.	+	1717
ZM4	857827	857828	ZMO0774_peak_92a	313.914	ZM4	858076	858077	TSS_1912	.	+	-249
ZM4	858075	858076	ZMO0774_peak_92b	7.63729	ZM4	858076	858077	TSS_1912	.	+	-1
ZM4	862204	862205	ZMO0774_peak_93a	14.7424	ZM4	862488	862489	TSS_1919	.	+	-284
ZM4	862382	862383	ZMO0774_peak_93b	11.5507	ZM4	862488	862489	TSS_1919	.	+	-106
ZM4	866986	866987	ZMO0774_peak_94	410.509	ZM4	866650	866651	TSS_1929	.	-	-336
ZM4	883927	883928	ZMO0774_peak_95	13.5252	ZM4	883194	883195	TSS_1963	.	+	733
ZM4	888590	888591	ZMO0774_peak_96	28.0604	ZM4	888569	888570	TSS_1980	.	+	21
ZM4	889183	889184	ZMO0774_peak_97	119.829	ZM4	888569	888570	TSS_1980	.	+	614
ZM4	899233	899234	ZMO0774_peak_98a	49.1818	ZM4	899111	899112	TSS_2003	.	-	-122
ZM4	899388	899389	ZMO0774_peak_98b	423.19	ZM4	899111	899112	TSS_2003	.	-	-277
ZM4	924083	924084	ZMO0774_peak_99	28.4894	ZM4	924784	924785	TSS_2042	.	-	701
ZM4	927470	927471	ZMO0774_peak_100	40.2984	ZM4	927121	927122	TSS_2054	.	-	-349
ZM4	928502	928503	ZMO0774_peak_101	22.8503	ZM4	928347	928348	TSS_2057	.	+	155
ZM4	933916	933917	ZMO0774_peak_102	29.4189	ZM4	934326	934327	TSS_2070	.	+	-410
ZM4	934670	934671	ZMO0774_peak_103	474.689	ZM4	934591	934592	TSS_2071	.	+	79
ZM4	935175	935176	ZMO0774_peak_104	48.0057	ZM4	935263	935264	TSS_2073	.	+	-88
ZM4	935606	935607	ZMO0774_peak_105	757.198	ZM4	935593	935594	TSS_2075	.	+	13
ZM4	938477	938478	ZMO0774_peak_106a	2.81236	ZM4	938767	938768	TSS_2084	.	+	-290
ZM4	938692	938693	ZMO0774_peak_106b	63.9723	ZM4	938767	938768	TSS_2084	.	+	-75
ZM4	941332	941333	ZMO0774_peak_107	22.643	ZM4	938778	938779	TSS_2085	.	+	2554
ZM4	942187	942188	ZMO0774_peak_108	16.8729	ZM4	945338	945339	TSS_2088	.	-	3151
ZM4	954172	954173	ZMO0774_peak_109	5.86012	ZM4	954142	954143	TSS_2106	.	-	-30
ZM4	955170	955171	ZMO0774_peak_110	25.1667	ZM4	954996	954997	TSS_2109	.	-	-174
ZM4	969157	969158	ZMO0774_peak_111	40.4195	ZM4	968979	968980	TSS_2147	.	+	178
ZM4	988809	988810	ZMO0774_peak_112	43.859	ZM4	989495	989496	TSS_2180	.	+	-686
ZM4	994183	994184	ZMO0774_peak_113	107.453	ZM4	992908	992909	TSS_2189	.	+	1275
ZM4	1010247	1010248	ZMO0774_peak_114	38.4848	ZM4	1010381	1010382	TSS_2224	.	-	134
ZM4	1014389	1014390	ZMO0774_peak_115	41.1041	ZM4	1014590	1014591	TSS_2240	.	+	-201
ZM4	1019996	1019997	ZMO0774_peak_116	70.1639	ZM4	1020047	1020048	TSS_2259	.	+	-51
ZM4	1025993	1025994	ZMO0774_peak_117	19.3166	ZM4	1026618	1026619	TSS_2266	.	+	-625
ZM4	1047985	1047986	ZMO0774_peak_118	493.294	ZM4	1047209	1047210	TSS_2319	.	+	776
ZM4	1055158	1055159	ZMO0774_peak_119	154.211	ZM4	1055163	1055164	TSS_2348	.	+	-5
ZM4	1078506	1078507	ZMO0774_peak_120	155.665	ZM4	1078511	1078512	TSS_2392	.	+	-5
ZM4	1086944	1086945	ZMO0774_peak_121	97.1363	ZM4	1087196	1087197	TSS_2425	.	+	-252
ZM4	1091853	1091854	ZMO0774_peak_122	61.7714	ZM4	1089333	1089334	TSS_2434	.	+	2520
ZM4	1094552	1094553	ZMO0774_peak_123	32.0608	ZM4	1094581	1094582	TSS_2437	.	+	-29
ZM4	1101027	1101028	ZMO0774_peak_124	23.1845	ZM4	1100848	1100849	TSS_2443	.	+	179
ZM4	1107978	1107979	ZMO0774_peak_125	21.8617	ZM4	1107819	1107820	TSS_2449	.	+	159
ZM4	1108487	1108488	ZMO0774_peak_126	376.515	ZM4	1107819	1107820	TSS_2449	.	+	668
ZM4	1121303	1121304	ZMO0774_peak_127	61.5064	ZM4	1122157	1122158	TSS_2462	.	-	854
ZM4	1130454	1130455	ZMO0774_peak_128	1507.08	ZM4	1130795	1130796	TSS_2501	.	+	-341
ZM4	1134899	1134900	ZMO0774_peak_129	40.4195	ZM4	1132918	1132919	TSS_2507	.	+	1981
ZM4	1148488	1148489	ZMO0774_peak_130	25.8121	ZM4	1148449	1148450	TSS_2528	.	+	39
ZM4	1149055	1149056	ZMO0774_peak_131	56.9295	ZM4	1148449	1148450	TSS_2528	.	+	606
ZM4	1173857	1173858	ZMO0774_peak_132	10.3488	ZM4	1173741	1173742	TSS_2594	.	-	-116
ZM4	1194595	1194596	ZMO0774_peak_133	18.8142	ZM4	1194887	1194888	TSS_2649	.	-	292
ZM4	1198286	1198287	ZMO0774_peak_134	96.1632	ZM4	1198920	1198921	TSS_2655	.	-	634
ZM4	1203371	1203372	ZMO0774_peak_135	181.353	ZM4	1203316	1203317	TSS_2666	.	-	-55
ZM4	1207085	1207086	ZMO0774_peak_136	21.2134	ZM4	1208006	1208007	TSS_2673	.	-	921
ZM4	1208952	1208953	ZMO0774_peak_137	6.67293	ZM4	1208971	1208972	TSS_2679	.	+	-19
ZM4	1210993	1210994	ZMO0774_peak_138	28.4978	ZM4	1211854	1211855	TSS_2681	.	-	861
ZM4	1232965	1232966	ZMO0774_peak_139	45.5796	ZM4	1232253	1232254	TSS_2708	.	+	712
ZM4	1258655	1258656	ZMO0774_peak_140	68.5649	ZM4	1258890	1258891	TSS_2806	.	-	235
ZM4	1261021	1261022	ZMO0774_peak_141	15.7349	ZM4	1260890	1260891	TSS_2807	.	-	-131
ZM4	1262974	1262975	ZMO0774_peak_142	46.767	ZM4	1262861	1262862	TSS_2826	.	-	-113
ZM4	1278752	1278753	ZMO0774_peak_143	107.803	ZM4	1278786	1278787	TSS_2859	.	+	-34
ZM4	1280764	1280765	ZMO0774_peak_144	28.1115	ZM4	1278786	1278787	TSS_2859	.	+	1978
ZM4	1302114	1302115	ZMO0774_peak_145	31.2229	ZM4	1302227	1302228	TSS_2906	.	-	113
ZM4	1302489	1302490	ZMO0774_peak_146	13.6876	ZM4	1302461	1302462	TSS_2908	.	-	-28
ZM4	1302793	1302794	ZMO0774_peak_147	6.03127	ZM4	1302961	1302962	TSS_2909	.	-	168
ZM4	1304056	1304057	ZMO0774_peak_148	21.0216	ZM4	1304150	1304151	TSS_2916	.	+	-94
ZM4	1307752	1307753	ZMO0774_peak_149a	1.93162	ZM4	1307713	1307714	TSS_2933	.	-	-39
ZM4	1307987	1307988	ZMO0774_peak_149b	50.1069	ZM4	1307713	1307714	TSS_2933	.	-	-274
ZM4	1310923	1310924	ZMO0774_peak_150	27.0556	ZM4	1311230	1311231	TSS_2940	.	-	307
ZM4	1312118	1312119	ZMO0774_peak_151	940.021	ZM4	1312976	1312977	TSS_2941	.	+	-858
ZM4	1315554	1315555	ZMO0774_peak_152	6.86397	ZM4	1315310	1315311	TSS_2946	.	+	244
ZM4	1316714	1316715	ZMO0774_peak_153	232.96	ZM4	1316003	1316004	TSS_2951	.	+	711
ZM4	1319675	1319676	ZMO0774_peak_154	145.83	ZM4	1322319	1322320	TSS_2955	.	-	2644
ZM4	1345511	1345512	ZMO0774_peak_155	201.528	ZM4	1345545	1345546	TSS_3005	.	+	-34
ZM4	1347957	1347958	ZMO0774_peak_156	44.9762	ZM4	1347978	1347979	TSS_3007	.	+	-21
ZM4	1382869	1382870	ZMO0774_peak_157	175.043	ZM4	1383305	1383306	TSS_3129	.	+	-436
ZM4	1386941	1386942	ZMO0774_peak_158	14.8366	ZM4	1387850	1387851	TSS_3139	.	-	909
ZM4	1389344	1389345	ZMO0774_peak_159	141.028	ZM4	1388128	1388129	TSS_3143	.	+	1216
ZM4	1425322	1425323	ZMO0774_peak_160	356.561	ZM4	1425415	1425416	TSS_3198	.	-	93
ZM4	1425906	1425907	ZMO0774_peak_161	25.1326	ZM4	1425903	1425904	TSS_3216	.	+	3
ZM4	1444245	1444246	ZMO0774_peak_162	8.89402	ZM4	1444240	1444241	TSS_3241	.	+	5
ZM4	1451434	1451435	ZMO0774_peak_163	6.10092	ZM4	1451208	1451209	TSS_3251	.	-	-226
ZM4	1463660	1463661	ZMO0774_peak_164a	34.7273	ZM4	1462045	1462046	TSS_3264	.	-	-1615
ZM4	1463875	1463876	ZMO0774_peak_164b	14.8992	ZM4	1462045	1462046	TSS_3264	.	-	-1830
ZM4	1467494	1467495	ZMO0774_peak_165	70.3037	ZM4	1467079	1467080	TSS_3270	.	+	415
ZM4	1470809	1470810	ZMO0774_peak_166	13.5539	ZM4	1468913	1468914	TSS_3272	.	-	-1896
ZM4	1480135	1480136	ZMO0774_peak_167a	1.84375	ZM4	1480998	1480999	TSS_3279	.	-	863
ZM4	1480398	1480399	ZMO0774_peak_167b	20.553	ZM4	1480998	1480999	TSS_3279	.	-	600
ZM4	1482094	1482095	ZMO0774_peak_168	76.9723	ZM4	1480998	1480999	TSS_3279	.	-	-1096
ZM4	1486045	1486046	ZMO0774_peak_169	123.569	ZM4	1486364	1486365	TSS_3284	.	-	319
ZM4	1486408	1486409	ZMO0774_peak_170	60.2212	ZM4	1486365	1486366	TSS_3285	.	-	-43
ZM4	1491404	1491405	ZMO0774_peak_171	35.7411	ZM4	1492604	1492605	TSS_3294	.	-	1200
ZM4	1492343	1492344	ZMO0774_peak_172a	3.2917	ZM4	1492604	1492605	TSS_3294	.	-	261
ZM4	1492536	1492537	ZMO0774_peak_172b	2.52975	ZM4	1492604	1492605	TSS_3294	.	-	68
ZM4	1497289	1497290	ZMO0774_peak_173	15.5759	ZM4	1495948	1495949	TSS_3299	.	-	-1341
ZM4	1505681	1505682	ZMO0774_peak_174	8.10368	ZM4	1505529	1505530	TSS_3319	.	-	-152
ZM4	1509328	1509329	ZMO0774_peak_175	26.5618	ZM4	1512700	1512701	TSS_3323	.	+	-3372
ZM4	1514459	1514460	ZMO0774_peak_176	123.19	ZM4	1515197	1515198	TSS_3332	.	-	738
ZM4	1517273	1517274	ZMO0774_peak_177	800.718	ZM4	1517271	1517272	TSS_3347	.	+	2
ZM4	1519763	1519764	ZMO0774_peak_178	41.0489	ZM4	1518240	1518241	TSS_3374	.	+	1523
ZM4	1522295	1522296	ZMO0774_peak_179	45.8007	ZM4	1522124	1522125	TSS_3380	.	-	-171
ZM4	1540180	1540181	ZMO0774_peak_180	14.4854	ZM4	1543125	1543126	TSS_3414	.	-	2945
ZM4	1547220	1547221	ZMO0774_peak_181	3904.19	ZM4	1547277	1547278	TSS_3436	.	+	-57
ZM4	1550594	1550595	ZMO0774_peak_182	59.0671	ZM4	1550719	1550720	TSS_3456	.	+	-125
ZM4	1563140	1563141	ZMO0774_peak_183	5443.85	ZM4	1563124	1563125	TSS_3474	.	+	16
ZM4	1568350	1568351	ZMO0774_peak_184a	174.804	ZM4	1565803	1565804	TSS_3481	.	+	2547
ZM4	1568565	1568566	ZMO0774_peak_184b	70.2009	ZM4	1565803	1565804	TSS_3481	.	+	2762
ZM4	1568791	1568792	ZMO0774_peak_184c	7.38231	ZM4	1565803	1565804	TSS_3481	.	+	2988
ZM4	1573863	1573864	ZMO0774_peak_185	70.4976	ZM4	1573897	1573898	TSS_3495	.	+	-34
ZM4	1593143	1593144	ZMO0774_peak_186	648.552	ZM4	1593641	1593642	TSS_3527	.	+	-498
ZM4	1613727	1613728	ZMO0774_peak_187	56.1468	ZM4	1609991	1609992	TSS_3550	.	+	3736
ZM4	1618409	1618410	ZMO0774_peak_188	212.059	ZM4	1620985	1620986	TSS_3553	.	+	-2576
ZM4	1620813	1620814	ZMO0774_peak_189	34.3184	ZM4	1620985	1620986	TSS_3553	.	+	-172
ZM4	1630734	1630735	ZMO0774_peak_190	12.1227	ZM4	1633836	1633837	TSS_3567	.	-	3102
ZM4	1636386	1636387	ZMO0774_peak_191a	25.8492	ZM4	1636761	1636762	TSS_3575	.	+	-375
ZM4	1636642	1636643	ZMO0774_peak_191b	27.0671	ZM4	1636761	1636762	TSS_3575	.	+	-119
ZM4	1638267	1638268	ZMO0774_peak_192	22.8254	ZM4	1638361	1638362	TSS_3584	.	+	-94
ZM4	1653379	1653380	ZMO0774_peak_193	95.5405	ZM4	1653380	1653381	TSS_3618	.	+	-1
ZM4	1655275	1655276	ZMO0774_peak_194	115.285	ZM4	1655015	1655016	TSS_3630	.	+	260
ZM4	1657382	1657383	ZMO0774_peak_195	95.7602	ZM4	1657376	1657377	TSS_3636	.	-	-6
ZM4	1677030	1677031	ZMO0774_peak_196	6.11584	ZM4	1676955	1676956	TSS_3668	.	-	-75
ZM4	1687744	1687745	ZMO0774_peak_197	60.2229	ZM4	1687584	1687585	TSS_3697	.	-	-160
ZM4	1726749	1726750	ZMO0774_peak_198	49.299	ZM4	1726705	1726706	TSS_3767	.	+	44
ZM4	1731455	1731456	ZMO0774_peak_199	198.809	ZM4	1731666	1731667	TSS_3771	.	+	-211
ZM4	1734535	1734536	ZMO0774_peak_200	16.7922	ZM4	1734703	1734704	TSS_3772	.	+	-168
ZM4	1751593	1751594	ZMO0774_peak_201	8.61138	ZM4	1751553	1751554	TSS_3807	.	+	40
ZM4	1768007	1768008	ZMO0774_peak_202a	136.528	ZM4	1768475	1768476	TSS_3866	.	+	-468
ZM4	1768204	1768205	ZMO0774_peak_202b	6.1292	ZM4	1768475	1768476	TSS_3866	.	+	-271
ZM4	1770744	1770745	ZMO0774_peak_203	43.1266	ZM4	1770789	1770790	TSS_3879	.	-	45
ZM4	1778712	1778713	ZMO0774_peak_204	232.569	ZM4	1778995	1778996	TSS_3895	.	+	-283
ZM4	1779689	1779690	ZMO0774_peak_205	86.2505	ZM4	1779238	1779239	TSS_3900	.	+	451
ZM4	1780577	1780578	ZMO0774_peak_206	25.8476	ZM4	1780429	1780430	TSS_3907	.	+	148
ZM4	1794319	1794320	ZMO0774_peak_207	12.8571	ZM4	1794364	1794365	TSS_3925	.	+	-45
ZM4	1796815	1796816	ZMO0774_peak_208a	214.204	ZM4	1796927	1796928	TSS_3931	.	+	-112
ZM4	1797038	1797039	ZMO0774_peak_208b	49.8416	ZM4	1797020	1797021	TSS_3952	.	+	18
ZM4	1800685	1800686	ZMO0774_peak_209	620.41	ZM4	1800736	1800737	TSS_3964	.	-	51
ZM4	1801847	1801848	ZMO0774_peak_210a	121.908	ZM4	1801999	1802000	TSS_3966	.	+	-152
ZM4	1802094	1802095	ZMO0774_peak_210b	9.01166	ZM4	1801999	1802000	TSS_3966	.	+	95
ZM4	1813332	1813333	ZMO0774_peak_211	33.8413	ZM4	1813332	1813333	TSS_3984	.	-	0
ZM4	1814161	1814162	ZMO0774_peak_212	6401.15	ZM4	1813346	1813347	TSS_3986	.	-	-815
ZM4	1818956	1818957	ZMO0774_peak_213	47.1011	ZM4	1819947	1819948	TSS_3993	.	-	991
ZM4	1821043	1821044	ZMO0774_peak_214	369.604	ZM4	1821000	1821001	TSS_3999	.	+	43
ZM4	1824068	1824069	ZMO0774_peak_215a	32.4953	ZM4	1823956	1823957	TSS_4003	.	+	112
ZM4	1824329	1824330	ZMO0774_peak_215b	239.307	ZM4	1823956	1823957	TSS_4003	.	+	373
ZM4	1826457	1826458	ZMO0774_peak_216	27.473	ZM4	1826464	1826465	TSS_4004	.	-	7
ZM4	1828964	1828965	ZMO0774_peak_217	35.9347	ZM4	1827380	1827381	TSS_4024	.	-	-1584
ZM4	1829878	1829879	ZMO0774_peak_218	50.2789	ZM4	1827380	1827381	TSS_4024	.	-	-2498
ZM4	1832307	1832308	ZMO0774_peak_219	68.6259	ZM4	1834544	1834545	TSS_4033	.	+	-2237
ZM4	1834847	1834848	ZMO0774_peak_220	29.2999	ZM4	1834853	1834854	TSS_4035	.	+	-6
ZM4	1849797	1849798	ZMO0774_peak_221	15800.1	ZM4	1849748	1849749	TSS_4086	.	-	-49
ZM4	1860502	1860503	ZMO0774_peak_222a	15170.7	ZM4	1860550	1860551	TSS_4092	.	-	48
ZM4	1860827	1860828	ZMO0774_peak_222b	41.0707	ZM4	1860551	1860552	TSS_4093	.	-	-276
ZM4	1862960	1862961	ZMO0774_peak_223	42.1647	ZM4	1864306	1864307	TSS_4096	.	+	-1346
ZM4	1863322	1863323	ZMO0774_peak_224	78.1746	ZM4	1864306	1864307	TSS_4096	.	+	-984
ZM4	1884969	1884970	ZMO0774_peak_225	25.272	ZM4	1884937	1884938	TSS_4122	.	-	-32
ZM4	1893326	1893327	ZMO0774_peak_226	46.1368	ZM4	1893193	1893194	TSS_4139	.	-	-133
ZM4	1899572	1899573	ZMO0774_peak_227	10.8898	ZM4	1895930	1895931	TSS_4141	.	-	-3642
ZM4	1903557	1903558	ZMO0774_peak_228	212.859	ZM4	1908779	1908780	TSS_4143	.	-	5222
ZM4	1905964	1905965	ZMO0774_peak_229	41.7238	ZM4	1908779	1908780	TSS_4143	.	-	2815
ZM4	1917408	1917409	ZMO0774_peak_230	206.159	ZM4	1922589	1922590	TSS_4158	.	-	5181
ZM4	1921356	1921357	ZMO0774_peak_231	83.2325	ZM4	1922589	1922590	TSS_4158	.	-	1233
ZM4	1940559	1940560	ZMO0774_peak_232	53.5137	ZM4	1941316	1941317	TSS_4221	.	-	757
ZM4	1951579	1951580	ZMO0774_peak_233	49.8745	ZM4	1950035	1950036	TSS_4246	.	-	-1544
ZM4	1957813	1957814	ZMO0774_peak_234	846.674	ZM4	1957009	1957010	TSS_4266	.	+	804
ZM4	1959941	1959942	ZMO0774_peak_235	83.9331	ZM4	1958887	1958888	TSS_4269	.	-	-1054
ZM4	1965643	1965644	ZMO0774_peak_236	130.239	ZM4	1965803	1965804	TSS_4297	.	+	-160
ZM4	1967660	1967661	ZMO0774_peak_237	551.058	ZM4	1965804	1965805	TSS_4298	.	+	1856
ZM4	1972071	1972072	ZMO0774_peak_238	30.9965	ZM4	1973025	1973026	TSS_4311	.	+	-954
ZM4	2017737	2017738	ZMO0774_peak_239	28.5733	ZM4	2017437	2017438	TSS_4391	.	-	-300
ZM4	2019488	2019489	ZMO0774_peak_240	32.6945	ZM4	2020203	2020204	TSS_4393	.	-	715
ZM4	2032633	2032634	ZMO0774_peak_241	325.865	ZM4	2033927	2033928	TSS_4406	.	-	1294
ZM4	2040924	2040925	ZMO0774_peak_242	2993.05	ZM4	2043114	2043115	TSS_4414	.	-	2190
ZM4	2048404	2048405	ZMO0774_peak_243	29.8663	ZM4	2045899	2045900	TSS_4417	.	+	2505
pZM32	8579	8580	ZMO0774_peak_244	4.67127	pZM32	11376	11377	TSS_4444	.	-	2797
pZM33	1559	1560	ZMO0774_peak_245	96.2578	pZM33	1943	1944	TSS_4496	.	-	384
pZM33	4681	4682	ZMO0774_peak_246	67.7695	pZM33	4574	4575	TSS_4504	.	-	-107
pZM33	8645	8646	ZMO0774_peak_247	29.4189	pZM33	8824	8825	TSS_4508	.	+	-179
pZM33	21712	21713	ZMO0774_peak_248	14.4854	pZM33	23287	23288	TSS_4552	.	-	1575
pZM33	27568	27569	ZMO0774_peak_249	45.2587	pZM33	27771	27772	TSS_4562	.	+	-203
pZM36	3587	3588	ZMO0774_peak_250	41.1001	pZM36	13287	13288	TSS_4582	.	+	-9700
pZM36	8594	8595	ZMO0774_peak_251	207.74	pZM36	13287	13288	TSS_4582	.	+	-4693
pZM36	17617	17618	ZMO0774_peak_252	115.187	pZM36	17283	17284	TSS_4588	.	-	-334
pZM36	25463	25464	ZMO0774_peak_253	97.1363	pZM36	24219	24220	TSS_4602	.	-	-1244
pZM36	27941	27942	ZMO0774_peak_254	175.966	pZM36	28416	28417	TSS_4603	.	+	-475
pZM36	28726	28727	ZMO0774_peak_255	97.1363	pZM36	28793	28794	TSS_4604	.	+	-67
pZM39	38715	38716	ZMO0774_peak_256	257.688	pZM39	38694	38695	TSS_4651	.	-	-21
ZM4	63	64	ZMO0781_peak_1	148.406	ZM4	12709	12710	TSS_0006	.	+	-12646
ZM4	14528	14529	ZMO0781_peak_2	196.509	ZM4	14514	14515	TSS_0014	.	-	-14
ZM4	26161	26162	ZMO0781_peak_3	247.269	ZM4	26028	26029	TSS_0027	.	-	-133
ZM4	28017	28018	ZMO0781_peak_4	22899.4	ZM4	29259	29260	TSS_0028	.	+	-1242
ZM4	33973	33974	ZMO0781_peak_5	109.371	ZM4	34058	34059	TSS_0031	.	+	-85
ZM4	37179	37180	ZMO0781_peak_6	202.75	ZM4	37928	37929	TSS_0035	.	+	-749
ZM4	43307	43308	ZMO0781_peak_7a	872.608	ZM4	43156	43157	TSS_0059	.	-	-151
ZM4	43530	43531	ZMO0781_peak_7b	297.634	ZM4	43156	43157	TSS_0059	.	-	-374
ZM4	59507	59508	ZMO0781_peak_8	214.167	ZM4	60122	60123	TSS_0077	.	+	-615
ZM4	76636	76637	ZMO0781_peak_9	487.925	ZM4	74934	74935	TSS_0099	.	-	-1702
ZM4	95170	95171	ZMO0781_peak_10	829.986	ZM4	94651	94652	TSS_0124	.	-	-519
ZM4	97717	97718	ZMO0781_peak_11	558.848	ZM4	99594	99595	TSS_0136	.	+	-1877
ZM4	99797	99798	ZMO0781_peak_12	717.7	ZM4	99831	99832	TSS_0138	.	+	-34
ZM4	119271	119272	ZMO0781_peak_13	5812.61	ZM4	119236	119237	TSS_0172	.	-	-35
ZM4	121823	121824	ZMO0781_peak_14	23056.8	ZM4	121810	121811	TSS_0174	.	+	13
ZM4	125237	125238	ZMO0781_peak_15	19168	ZM4	124201	124202	TSS_0180	.	+	1036
ZM4	127498	127499	ZMO0781_peak_16	68.7185	ZM4	129849	129850	TSS_0193	.	-	2351
ZM4	166821	166822	ZMO0781_peak_17	26464.4	ZM4	166932	166933	TSS_0325	.	+	-111
ZM4	177542	177543	ZMO0781_peak_18	17505.5	ZM4	175617	175618	TSS_0374	.	+	1925
ZM4	185096	185097	ZMO0781_peak_19	12026.5	ZM4	185047	185048	TSS_0381	.	-	-49
ZM4	193691	193692	ZMO0781_peak_20	147.153	ZM4	194458	194459	TSS_0396	.	-	767
ZM4	194440	194441	ZMO0781_peak_21	105.302	ZM4	194458	194459	TSS_0396	.	-	18
ZM4	196745	196746	ZMO0781_peak_22	674.669	ZM4	196961	196962	TSS_0399	.	+	-216
ZM4	208931	208932	ZMO0781_peak_23	2315.63	ZM4	208720	208721	TSS_0417	.	-	-211
ZM4	217732	217733	ZMO0781_peak_24	25982	ZM4	218162	218163	TSS_0433	.	+	-430
ZM4	218173	218174	ZMO0781_peak_25a	43.0559	ZM4	218162	218163	TSS_0433	.	+	11
ZM4	218350	218351	ZMO0781_peak_25b	100.704	ZM4	218162	218163	TSS_0433	.	+	188
ZM4	228015	228016	ZMO0781_peak_26	654.609	ZM4	228082	228083	TSS_0442	.	+	-67
ZM4	239290	239291	ZMO0781_peak_27	85.6846	ZM4	238511	238512	TSS_0470	.	+	779
ZM4	245019	245020	ZMO0781_peak_28	1580.39	ZM4	245089	245090	TSS_0500	.	+	-70
ZM4	299272	299273	ZMO0781_peak_29	2980.61	ZM4	299414	299415	TSS_0587	.	-	142
ZM4	310098	310099	ZMO0781_peak_30	103.085	ZM4	310703	310704	TSS_0602	.	-	605
ZM4	318539	318540	ZMO0781_peak_31	23730.5	ZM4	318573	318574	TSS_0613	.	+	-34
ZM4	363498	363499	ZMO0781_peak_32	3739.87	ZM4	363690	363691	TSS_0711	.	+	-192
ZM4	377240	377241	ZMO0781_peak_33	19417.9	ZM4	378389	378390	TSS_0771	.	+	-1149
ZM4	379325	379326	ZMO0781_peak_34a	1441.4	ZM4	378392	378393	TSS_0773	.	+	933
ZM4	379623	379624	ZMO0781_peak_34b	268.82	ZM4	378392	378393	TSS_0773	.	+	1231
ZM4	397699	397700	ZMO0781_peak_35	4821.23	ZM4	397722	397723	TSS_0795	.	+	-23
ZM4	403485	403486	ZMO0781_peak_36	306.17	ZM4	405797	405798	TSS_0803	.	-	2312
ZM4	417499	417500	ZMO0781_peak_37	20285.9	ZM4	418225	418226	TSS_0828	.	-	726
ZM4	425174	425175	ZMO0781_peak_38	214.512	ZM4	425032	425033	TSS_0837	.	-	-142
ZM4	425496	425497	ZMO0781_peak_39	118.223	ZM4	425420	425421	TSS_0839	.	+	76
ZM4	434091	434092	ZMO0781_peak_40	142.096	ZM4	433937	433938	TSS_0852	.	-	-154
ZM4	434592	434593	ZMO0781_peak_41	35.2049	ZM4	434909	434910	TSS_0853	.	-	317
ZM4	450516	450517	ZMO0781_peak_42	45.911	ZM4	452429	452430	TSS_0906	.	-	1913
ZM4	452499	452500	ZMO0781_peak_43	167.546	ZM4	452446	452447	TSS_0908	.	-	-53
ZM4	479024	479025	ZMO0781_peak_44	654.708	ZM4	479088	479089	TSS_0973	.	+	-64
ZM4	549371	549372	ZMO0781_peak_45	118.471	ZM4	548633	548634	TSS_1304	.	-	-738
ZM4	562975	562976	ZMO0781_peak_46	1494.63	ZM4	563393	563394	TSS_1338	.	-	418
ZM4	619049	619050	ZMO0781_peak_47	12487.3	ZM4	619099	619100	TSS_1442	.	+	-50
ZM4	625685	625686	ZMO0781_peak_48	28.0848	ZM4	625894	625895	TSS_1454	.	+	-209
ZM4	647157	647158	ZMO0781_peak_49	8.40251	ZM4	648223	648224	TSS_1491	.	-	1066
ZM4	673764	673765	ZMO0781_peak_50	97.551	ZM4	673600	673601	TSS_1559	.	-	-164
ZM4	682345	682346	ZMO0781_peak_51a	295.293	ZM4	684964	684965	TSS_1564	.	-	2619
ZM4	682682	682683	ZMO0781_peak_51b	195.952	ZM4	684964	684965	TSS_1564	.	-	2282
ZM4	683211	683212	ZMO0781_peak_52	214.304	ZM4	684964	684965	TSS_1564	.	-	1753
ZM4	687825	687826	ZMO0781_peak_53	29391.2	ZM4	687621	687622	TSS_1575	.	-	-204
ZM4	714454	714455	ZMO0781_peak_54	189.723	ZM4	714298	714299	TSS_1620	.	+	156
ZM4	741940	741941	ZMO0781_peak_55	72.0105	ZM4	741940	741941	TSS_1720	.	+	0
ZM4	773608	773609	ZMO0781_peak_56	141.686	ZM4	773264	773265	TSS_1789	.	+	344
ZM4	788578	788579	ZMO0781_peak_57a	958.067	ZM4	792107	792108	TSS_1806	.	+	-3529
ZM4	788865	788866	ZMO0781_peak_57b	91.8729	ZM4	792107	792108	TSS_1806	.	+	-3242
ZM4	791518	791519	ZMO0781_peak_58	628.163	ZM4	792107	792108	TSS_1806	.	+	-589
ZM4	807501	807502	ZMO0781_peak_59	46.8945	ZM4	810611	810612	TSS_1815	.	-	3110
ZM4	820118	820119	ZMO0781_peak_60	25742.1	ZM4	820157	820158	TSS_1853	.	+	-39
ZM4	826515	826516	ZMO0781_peak_61	107.973	ZM4	826778	826779	TSS_1868	.	+	-263
ZM4	843698	843699	ZMO0781_peak_62	413.366	ZM4	843741	843742	TSS_1886	.	+	-43
ZM4	844449	844450	ZMO0781_peak_63	7005.54	ZM4	843885	843886	TSS_1891	.	+	564
ZM4	862379	862380	ZMO0781_peak_64	36.9128	ZM4	862488	862489	TSS_1919	.	+	-109
ZM4	862760	862761	ZMO0781_peak_65	53.4985	ZM4	862764	862765	TSS_1922	.	+	-4
ZM4	869591	869592	ZMO0781_peak_66	120.816	ZM4	869458	869459	TSS_1936	.	-	-133
ZM4	890716	890717	ZMO0781_peak_67a	181.546	ZM4	890738	890739	TSS_1985	.	-	22
ZM4	890975	890976	ZMO0781_peak_67b	205.323	ZM4	890937	890938	TSS_1988	.	-	-38
ZM4	897709	897710	ZMO0781_peak_68	36.7457	ZM4	896865	896866	TSS_2001	.	-	-844
ZM4	899209	899210	ZMO0781_peak_69a	17338.1	ZM4	899111	899112	TSS_2003	.	-	-98
ZM4	899427	899428	ZMO0781_peak_69b	16454.4	ZM4	899111	899112	TSS_2003	.	-	-316
ZM4	906829	906830	ZMO0781_peak_70	1171.6	ZM4	906999	907000	TSS_2014	.	-	170
ZM4	919200	919201	ZMO0781_peak_71	21917.9	ZM4	919274	919275	TSS_2030	.	-	74
ZM4	935216	935217	ZMO0781_peak_72a	32601.2	ZM4	935263	935264	TSS_2073	.	+	-47
ZM4	935470	935471	ZMO0781_peak_72b	1955.12	ZM4	935535	935536	TSS_2074	.	+	-65
ZM4	955183	955184	ZMO0781_peak_73	154.521	ZM4	954996	954997	TSS_2109	.	-	-187
ZM4	1000352	1000353	ZMO0781_peak_74	93.6217	ZM4	1000352	1000353	TSS_2197	.	-	0
ZM4	1012412	1012413	ZMO0781_peak_75	62.8129	ZM4	1012360	1012361	TSS_2228	.	-	-52
ZM4	1027958	1027959	ZMO0781_peak_76	63.4542	ZM4	1027960	1027961	TSS_2274	.	+	-2
ZM4	1034491	1034492	ZMO0781_peak_77	46.313	ZM4	1034550	1034551	TSS_2292	.	-	59
ZM4	1055178	1055179	ZMO0781_peak_78	193.851	ZM4	1055163	1055164	TSS_2348	.	+	15
ZM4	1071522	1071523	ZMO0781_peak_79	30.6463	ZM4	1071475	1071476	TSS_2379	.	+	47
ZM4	1089289	1089290	ZMO0781_peak_80a	35.4929	ZM4	1089330	1089331	TSS_2433	.	+	-41
ZM4	1089548	1089549	ZMO0781_peak_80b	5448.64	ZM4	1089333	1089334	TSS_2434	.	+	215
ZM4	1098723	1098724	ZMO0781_peak_81	295.382	ZM4	1098695	1098696	TSS_2439	.	+	28
ZM4	1109037	1109038	ZMO0781_peak_82	1826.33	ZM4	1107819	1107820	TSS_2449	.	+	1218
ZM4	1127254	1127255	ZMO0781_peak_83	165.205	ZM4	1127268	1127269	TSS_2491	.	+	-14
ZM4	1177632	1177633	ZMO0781_peak_84	8.4234	ZM4	1176964	1176965	TSS_2620	.	+	668
ZM4	1193746	1193747	ZMO0781_peak_85	744.895	ZM4	1194887	1194888	TSS_2649	.	-	1141
ZM4	1203368	1203369	ZMO0781_peak_86	3814.15	ZM4	1203316	1203317	TSS_2666	.	-	-52
ZM4	1204504	1204505	ZMO0781_peak_87	659.01	ZM4	1204323	1204324	TSS_2670	.	-	-181
ZM4	1208131	1208132	ZMO0781_peak_88	202.554	ZM4	1208142	1208143	TSS_2676	.	+	-11
ZM4	1208512	1208513	ZMO0781_peak_89	62.8716	ZM4	1208156	1208157	TSS_2678	.	-	-356
ZM4	1210960	1210961	ZMO0781_peak_90	927.81	ZM4	1211854	1211855	TSS_2681	.	-	894
ZM4	1222987	1222988	ZMO0781_peak_91	27.706	ZM4	1225593	1225594	TSS_2694	.	+	-2606
ZM4	1225545	1225546	ZMO0781_peak_92	124.753	ZM4	1225593	1225594	TSS_2694	.	+	-48
ZM4	1226879	1226880	ZMO0781_peak_93	4324.82	ZM4	1226918	1226919	TSS_2697	.	+	-39
ZM4	1242296	1242297	ZMO0781_peak_94	1654.08	ZM4	1242330	1242331	TSS_2751	.	+	-34
ZM4	1256428	1256429	ZMO0781_peak_95	1491.01	ZM4	1255857	1255858	TSS_2803	.	+	571
ZM4	1262963	1262964	ZMO0781_peak_96	17872.5	ZM4	1262861	1262862	TSS_2826	.	-	-102
ZM4	1276152	1276153	ZMO0781_peak_97	4446.01	ZM4	1278786	1278787	TSS_2859	.	+	-2634
ZM4	1278729	1278730	ZMO0781_peak_98	503.382	ZM4	1278786	1278787	TSS_2859	.	+	-57
ZM4	1281402	1281403	ZMO0781_peak_99	1355.7	ZM4	1283501	1283502	TSS_2860	.	+	-2099
ZM4	1302688	1302689	ZMO0781_peak_100	76.3613	ZM4	1302461	1302462	TSS_2908	.	-	-227
ZM4	1304040	1304041	ZMO0781_peak_101	129.924	ZM4	1304150	1304151	TSS_2916	.	+	-110
ZM4	1307797	1307798	ZMO0781_peak_102a	61.3211	ZM4	1307713	1307714	TSS_2933	.	-	-84
ZM4	1308094	1308095	ZMO0781_peak_102b	65.0918	ZM4	1308264	1308265	TSS_2934	.	+	-170
ZM4	1311295	1311296	ZMO0781_peak_103	19599.3	ZM4	1311230	1311231	TSS_2940	.	-	-65
ZM4	1312926	1312927	ZMO0781_peak_104	1958.4	ZM4	1312976	1312977	TSS_2941	.	+	-50
ZM4	1315568	1315569	ZMO0781_peak_105a	236.227	ZM4	1315310	1315311	TSS_2946	.	+	258
ZM4	1315854	1315855	ZMO0781_peak_105b	8.9741	ZM4	1315843	1315844	TSS_2947	.	+	11
ZM4	1318714	1318715	ZMO0781_peak_106	822.276	ZM4	1316003	1316004	TSS_2951	.	+	2711
ZM4	1341570	1341571	ZMO0781_peak_107	1714.7	ZM4	1341572	1341573	TSS_2994	.	+	-2
ZM4	1371117	1371118	ZMO0781_peak_108	595.063	ZM4	1371021	1371022	TSS_3096	.	-	-96
ZM4	1386932	1386933	ZMO0781_peak_109	102.187	ZM4	1387850	1387851	TSS_3139	.	-	918
ZM4	1421030	1421031	ZMO0781_peak_110	46.313	ZM4	1420890	1420891	TSS_3191	.	-	-140
ZM4	1422126	1422127	ZMO0781_peak_111	5732.66	ZM4	1422132	1422133	TSS_3193	.	-	6
ZM4	1440674	1440675	ZMO0781_peak_112	57.9214	ZM4	1440794	1440795	TSS_3236	.	+	-120
ZM4	1451470	1451471	ZMO0781_peak_113	6879.81	ZM4	1451208	1451209	TSS_3251	.	-	-262
ZM4	1459668	1459669	ZMO0781_peak_114	7231.41	ZM4	1459607	1459608	TSS_3260	.	-	-61
ZM4	1463690	1463691	ZMO0781_peak_115	27.7207	ZM4	1462045	1462046	TSS_3264	.	-	-1645
ZM4	1470694	1470695	ZMO0781_peak_116	30218.7	ZM4	1468913	1468914	TSS_3272	.	-	-1781
ZM4	1480948	1480949	ZMO0781_peak_117	979.739	ZM4	1480998	1480999	TSS_3279	.	-	50
ZM4	1486412	1486413	ZMO0781_peak_118	309.872	ZM4	1486365	1486366	TSS_3285	.	-	-47
ZM4	1490011	1490012	ZMO0781_peak_119	5.11515	ZM4	1489121	1489122	TSS_3290	.	+	890
ZM4	1491718	1491719	ZMO0781_peak_120	46.3866	ZM4	1492604	1492605	TSS_3294	.	-	886
ZM4	1492466	1492467	ZMO0781_peak_121	230.573	ZM4	1492604	1492605	TSS_3294	.	-	138
ZM4	1497055	1497056	ZMO0781_peak_122	9721.65	ZM4	1495948	1495949	TSS_3299	.	-	-1107
ZM4	1501092	1501093	ZMO0781_peak_123	4650.71	ZM4	1501598	1501599	TSS_3304	.	-	506
ZM4	1509300	1509301	ZMO0781_peak_124	672.428	ZM4	1512700	1512701	TSS_3323	.	+	-3400
ZM4	1519724	1519725	ZMO0781_peak_125	969.284	ZM4	1518240	1518241	TSS_3374	.	+	1484
ZM4	1522309	1522310	ZMO0781_peak_126	22817.7	ZM4	1522124	1522125	TSS_3380	.	-	-185
ZM4	1547084	1547085	ZMO0781_peak_127	15486.4	ZM4	1547277	1547278	TSS_3436	.	+	-193
ZM4	1550564	1550565	ZMO0781_peak_128	25.9961	ZM4	1550719	1550720	TSS_3456	.	+	-155
ZM4	1563119	1563120	ZMO0781_peak_129	104.405	ZM4	1563114	1563115	TSS_3473	.	-	-5
ZM4	1563119	1563120	ZMO0781_peak_129	104.405	ZM4	1563124	1563125	TSS_3474	.	+	-5
ZM4	1568550	1568551	ZMO0781_peak_130	465.061	ZM4	1565803	1565804	TSS_3481	.	+	2747
ZM4	1569237	1569238	ZMO0781_peak_131	8692.19	ZM4	1565803	1565804	TSS_3481	.	+	3434
ZM4	1604527	1604528	ZMO0781_peak_132	5102.14	ZM4	1604521	1604522	TSS_3543	.	-	-6
ZM4	1604958	1604959	ZMO0781_peak_133	118.392	ZM4	1605086	1605087	TSS_3544	.	+	-128
ZM4	1610968	1610969	ZMO0781_peak_134	231.894	ZM4	1609991	1609992	TSS_3550	.	+	977
ZM4	1630705	1630706	ZMO0781_peak_135	159.977	ZM4	1633836	1633837	TSS_3567	.	-	3131
ZM4	1636641	1636642	ZMO0781_peak_136	41951.2	ZM4	1636761	1636762	TSS_3575	.	+	-120
ZM4	1677097	1677098	ZMO0781_peak_137	21.4289	ZM4	1676955	1676956	TSS_3668	.	-	-142
ZM4	1695513	1695514	ZMO0781_peak_138	78.6726	ZM4	1695623	1695624	TSS_3704	.	+	-110
ZM4	1696551	1696552	ZMO0781_peak_139	1795.26	ZM4	1696586	1696587	TSS_3707	.	+	-35
ZM4	1699051	1699052	ZMO0781_peak_140	23.322	ZM4	1697872	1697873	TSS_3716	.	+	1179
ZM4	1703848	1703849	ZMO0781_peak_141	32.0777	ZM4	1703841	1703842	TSS_3731	.	-	-7
ZM4	1704657	1704658	ZMO0781_peak_142	582.531	ZM4	1704249	1704250	TSS_3732	.	+	408
ZM4	1726612	1726613	ZMO0781_peak_143	79.4901	ZM4	1726705	1726706	TSS_3767	.	+	-93
ZM4	1731381	1731382	ZMO0781_peak_144	28370.3	ZM4	1731666	1731667	TSS_3771	.	+	-285
ZM4	1751744	1751745	ZMO0781_peak_145	152.212	ZM4	1751658	1751659	TSS_3808	.	+	86
ZM4	1768379	1768380	ZMO0781_peak_146	35.5049	ZM4	1768475	1768476	TSS_3866	.	+	-96
ZM4	1780336	1780337	ZMO0781_peak_147	914.881	ZM4	1780429	1780430	TSS_3907	.	+	-93
ZM4	1796239	1796240	ZMO0781_peak_148a	9.37473	ZM4	1796927	1796928	TSS_3931	.	+	-688
ZM4	1796543	1796544	ZMO0781_peak_148b	1520.01	ZM4	1796927	1796928	TSS_3931	.	+	-384
ZM4	1796875	1796876	ZMO0781_peak_148c	6506.82	ZM4	1796927	1796928	TSS_3931	.	+	-52
ZM4	1799066	1799067	ZMO0781_peak_149	994.513	ZM4	1798084	1798085	TSS_3961	.	+	982
ZM4	1800760	1800761	ZMO0781_peak_150	573.625	ZM4	1800740	1800741	TSS_3965	.	-	-20
ZM4	1801826	1801827	ZMO0781_peak_151	2938.73	ZM4	1801999	1802000	TSS_3966	.	+	-173
ZM4	1821075	1821076	ZMO0781_peak_152	19272.5	ZM4	1821000	1821001	TSS_3999	.	+	75
ZM4	1832333	1832334	ZMO0781_peak_153a	1460.37	ZM4	1834544	1834545	TSS_4033	.	+	-2211
ZM4	1832711	1832712	ZMO0781_peak_153b	263.387	ZM4	1834544	1834545	TSS_4033	.	+	-1833
ZM4	1860658	1860659	ZMO0781_peak_154a	24.3903	ZM4	1860551	1860552	TSS_4093	.	-	-107
ZM4	1860816	1860817	ZMO0781_peak_154b	134.942	ZM4	1860551	1860552	TSS_4093	.	-	-265
ZM4	1868463	1868464	ZMO0781_peak_155	455.042	ZM4	1868635	1868636	TSS_4103	.	+	-172
ZM4	1882328	1882329	ZMO0781_peak_156	447.581	ZM4	1882292	1882293	TSS_4112	.	-	-36
ZM4	1890310	1890311	ZMO0781_peak_157	29.0519	ZM4	1890387	1890388	TSS_4135	.	+	-77
ZM4	1893326	1893327	ZMO0781_peak_158	41.6623	ZM4	1893193	1893194	TSS_4139	.	-	-133
ZM4	1899556	1899557	ZMO0781_peak_159	254.132	ZM4	1895930	1895931	TSS_4141	.	-	-3626
ZM4	1927992	1927993	ZMO0781_peak_160	989.514	ZM4	1927930	1927931	TSS_4180	.	-	-62
ZM4	1965679	1965680	ZMO0781_peak_161	18.627	ZM4	1965803	1965804	TSS_4297	.	+	-124
ZM4	2018803	2018804	ZMO0781_peak_162	407.239	ZM4	2017437	2017438	TSS_4391	.	-	-1366
ZM4	2021606	2021607	ZMO0781_peak_163	190.367	ZM4	2020374	2020375	TSS_4395	.	-	-1232
ZM4	2032674	2032675	ZMO0781_peak_164	7719.33	ZM4	2033927	2033928	TSS_4406	.	-	1253
ZM4	2039685	2039686	ZMO0781_peak_165	295.055	ZM4	2037494	2037495	TSS_4413	.	+	2191
ZM4	2045839	2045840	ZMO0781_peak_166	453.44	ZM4	2045899	2045900	TSS_4417	.	+	-60
ZM4	2046894	2046895	ZMO0781_peak_167	1093.53	ZM4	2045899	2045900	TSS_4417	.	+	995
ZM4	2048413	2048414	ZMO0781_peak_168	680.197	ZM4	2045899	2045900	TSS_4417	.	+	2514
ZM4	2058633	2058634	ZMO0781_peak_169	310.091	ZM4	2058164	2058165	TSS_4428	.	-	-469
pZM32	210	211	ZMO0781_peak_170	828.868	pZM32	4033	4034	TSS_4431	.	+	-3823
pZM32	8631	8632	ZMO0781_peak_171	1833.5	pZM32	11376	11377	TSS_4444	.	-	2745
pZM32	10022	10023	ZMO0781_peak_172	231.023	pZM32	11376	11377	TSS_4444	.	-	1354
pZM32	11862	11863	ZMO0781_peak_173	139.229	pZM32	11969	11970	TSS_4449	.	+	-107
pZM32	32737	32738	ZMO0781_peak_174	59.637	pZM32	30170	30171	TSS_4489	.	+	2567
pZM33	2377	2378	ZMO0781_peak_175	4274.79	pZM33	2327	2328	TSS_4498	.	-	-50
pZM33	4710	4711	ZMO0781_peak_176	2771.32	pZM33	4574	4575	TSS_4504	.	-	-136
pZM33	12183	12184	ZMO0781_peak_177	2661.44	pZM33	13259	13260	TSS_4520	.	+	-1076
pZM33	13547	13548	ZMO0781_peak_178	128.727	pZM33	13446	13447	TSS_4522	.	+	101
pZM33	15239	15240	ZMO0781_peak_179	65.3917	pZM33	16701	16702	TSS_4525	.	-	1462
pZM33	30246	30247	ZMO0781_peak_180	35.5283	pZM33	30621	30622	TSS_4572	.	-	375
pZM36	10075	10076	ZMO0781_peak_181	78.7701	pZM36	13287	13288	TSS_4582	.	+	-3212
pZM36	16481	16482	ZMO0781_peak_182	104.698	pZM36	16769	16770	TSS_4586	.	-	288
pZM36	27941	27942	ZMO0781_peak_183	235.673	pZM36	28416	28417	TSS_4603	.	+	-475
pZM39	1695	1696	ZMO0781_peak_184	163.491	pZM39	2634	2635	TSS_4612	.	+	-939
pZM39	3365	3366	ZMO0781_peak_185	17810.3	pZM39	2690	2691	TSS_4614	.	+	675
pZM39	8894	8895	ZMO0781_peak_186	521.907	pZM39	6857	6858	TSS_4620	.	+	2037
pZM39	26057	26058	ZMO0781_peak_187	18.0474	pZM39	24683	24684	TSS_4631	.	-	-1374
ZM4	166537	166538	ZMO0925_peak_1	249.715	ZM4	166932	166933	TSS_0325	.	+	-395
ZM4	246502	246503	ZMO0925_peak_2a	4.64532	ZM4	245089	245090	TSS_0500	.	+	1413
ZM4	246726	246727	ZMO0925_peak_2b	4.71494	ZM4	245089	245090	TSS_0500	.	+	1637
ZM4	247373	247374	ZMO0925_peak_3	1.77646	ZM4	245089	245090	TSS_0500	.	+	2284
ZM4	318419	318420	ZMO0925_peak_4	22.211	ZM4	318303	318304	TSS_0612	.	-	-116
ZM4	758111	758112	ZMO0925_peak_5	40.3848	ZM4	757241	757242	TSS_1764	.	-	-870
ZM4	953070	953071	ZMO0925_peak_6	14.7233	ZM4	954142	954143	TSS_2106	.	-	1072
ZM4	997154	997155	ZMO0925_peak_7	34.7974	ZM4	996722	996723	TSS_2196	.	+	432
ZM4	1233597	1233598	ZMO0925_peak_8	51.5201	ZM4	1232253	1232254	TSS_2708	.	+	1344
ZM4	1450734	1450735	ZMO0925_peak_9	8.87729	ZM4	1451208	1451209	TSS_3251	.	-	474
ZM4	1519483	1519484	ZMO0925_peak_10	21.4293	ZM4	1518240	1518241	TSS_3374	.	+	1243
ZM4	1768190	1768191	ZMO0925_peak_11	51.4393	ZM4	1768475	1768476	TSS_3866	.	+	-285
ZM4	1902595	1902596	ZMO0925_peak_12	2.08259	ZM4	1908779	1908780	TSS_4143	.	-	6184
ZM4	1916427	1916428	ZMO0925_peak_13	3.1519	ZM4	1910302	1910303	TSS_4149	.	-	-6125
ZM4	787	788	ZMO0940_peak_1	144.436	ZM4	12709	12710	TSS_0006	.	+	-11922
ZM4	1761	1762	ZMO0940_peak_2	3599.61	ZM4	12709	12710	TSS_0006	.	+	-10948
ZM4	4996	4997	ZMO0940_peak_3	203.365	ZM4	12709	12710	TSS_0006	.	+	-7713
ZM4	11584	11585	ZMO0940_peak_4	329.234	ZM4	12709	12710	TSS_0006	.	+	-1125
ZM4	18302	18303	ZMO0940_peak_5	47.6094	ZM4	18318	18319	TSS_0019	.	+	-16
ZM4	20366	20367	ZMO0940_peak_6	752.36	ZM4	21174	21175	TSS_0025	.	+	-808
ZM4	26077	26078	ZMO0940_peak_7	432.142	ZM4	26028	26029	TSS_0027	.	-	-49
ZM4	27032	27033	ZMO0940_peak_8	594.116	ZM4	26028	26029	TSS_0027	.	-	-1004
ZM4	34154	34155	ZMO0940_peak_9	41.417	ZM4	34171	34172	TSS_0032	.	+	-17
ZM4	36335	36336	ZMO0940_peak_10	1662.14	ZM4	37928	37929	TSS_0035	.	+	-1593
ZM4	37329	37330	ZMO0940_peak_11	67.6303	ZM4	37928	37929	TSS_0035	.	+	-599
ZM4	41151	41152	ZMO0940_peak_12	77.4649	ZM4	41041	41042	TSS_0056	.	-	-110
ZM4	43340	43341	ZMO0940_peak_13	1801.17	ZM4	43156	43157	TSS_0059	.	-	-184
ZM4	44142	44143	ZMO0940_peak_14	40.5637	ZM4	43156	43157	TSS_0059	.	-	-986
ZM4	44644	44645	ZMO0940_peak_15	86.8988	ZM4	43156	43157	TSS_0059	.	-	-1488
ZM4	50890	50891	ZMO0940_peak_16	67.014	ZM4	50901	50902	TSS_0064	.	-	11
ZM4	52853	52854	ZMO0940_peak_17a	301.147	ZM4	52847	52848	TSS_0067	.	-	-6
ZM4	53079	53080	ZMO0940_peak_17b	793.692	ZM4	52847	52848	TSS_0067	.	-	-232
ZM4	54995	54996	ZMO0940_peak_18	47.2234	ZM4	53528	53529	TSS_0069	.	-	-1467
ZM4	57235	57236	ZMO0940_peak_19	891.575	ZM4	57608	57609	TSS_0074	.	-	373
ZM4	59945	59946	ZMO0940_peak_20	3008.81	ZM4	60122	60123	TSS_0077	.	+	-177
ZM4	61505	61506	ZMO0940_peak_21	176.004	ZM4	61521	61522	TSS_0079	.	+	-16
ZM4	62426	62427	ZMO0940_peak_22	41.1976	ZM4	61537	61538	TSS_0081	.	+	889
ZM4	66982	66983	ZMO0940_peak_23	23.843	ZM4	67080	67081	TSS_0090	.	-	98
ZM4	71542	71543	ZMO0940_peak_24	18.1358	ZM4	71485	71486	TSS_0095	.	-	-57
ZM4	76495	76496	ZMO0940_peak_25	172.055	ZM4	74934	74935	TSS_0099	.	-	-1561
ZM4	78935	78936	ZMO0940_peak_26	177.7	ZM4	79614	79615	TSS_0101	.	-	679
ZM4	79658	79659	ZMO0940_peak_27	433.486	ZM4	79619	79620	TSS_0102	.	-	-39
ZM4	83651	83652	ZMO0940_peak_28	25479.3	ZM4	83751	83752	TSS_0108	.	+	-100
ZM4	85389	85390	ZMO0940_peak_29	521.2	ZM4	85198	85199	TSS_0111	.	-	-191
ZM4	88440	88441	ZMO0940_peak_30	488.774	ZM4	89833	89834	TSS_0116	.	+	-1393
ZM4	89761	89762	ZMO0940_peak_31	1583.55	ZM4	89833	89834	TSS_0116	.	+	-72
ZM4	93159	93160	ZMO0940_peak_32	404.716	ZM4	94651	94652	TSS_0124	.	-	1492
ZM4	95160	95161	ZMO0940_peak_33	20.492	ZM4	94651	94652	TSS_0124	.	-	-509
ZM4	96128	96129	ZMO0940_peak_34	30.2152	ZM4	94651	94652	TSS_0124	.	-	-1477
ZM4	103281	103282	ZMO0940_peak_35	443.864	ZM4	102908	102909	TSS_0140	.	+	373
ZM4	108052	108053	ZMO0940_peak_36	83.684	ZM4	107621	107622	TSS_0150	.	+	431
ZM4	110437	110438	ZMO0940_peak_37	43.8996	ZM4	110455	110456	TSS_0154	.	+	-18
ZM4	112447	112448	ZMO0940_peak_38a	7.83908	ZM4	110458	110459	TSS_0156	.	+	1989
ZM4	112669	112670	ZMO0940_peak_38b	357.53	ZM4	110458	110459	TSS_0156	.	+	2211
ZM4	119862	119863	ZMO0940_peak_39	26.3296	ZM4	119236	119237	TSS_0172	.	-	-626
ZM4	124235	124236	ZMO0940_peak_40	50.3252	ZM4	124201	124202	TSS_0180	.	+	34
ZM4	125514	125515	ZMO0940_peak_41	187.877	ZM4	124201	124202	TSS_0180	.	+	1313
ZM4	127713	127714	ZMO0940_peak_42	170.868	ZM4	129849	129850	TSS_0193	.	-	2136
ZM4	135836	135837	ZMO0940_peak_43a	61.2309	ZM4	137247	137248	TSS_0201	.	-	1411
ZM4	136049	136050	ZMO0940_peak_43b	234.113	ZM4	137247	137248	TSS_0201	.	-	1198
ZM4	138995	138996	ZMO0940_peak_44	565.536	ZM4	140512	140513	TSS_0207	.	-	1517
ZM4	155993	155994	ZMO0940_peak_45	55.796	ZM4	157635	157636	TSS_0267	.	+	-1642
ZM4	161794	161795	ZMO0940_peak_46a	18.6275	ZM4	161767	161768	TSS_0289	.	+	27
ZM4	161987	161988	ZMO0940_peak_46b	138.756	ZM4	161767	161768	TSS_0289	.	+	220
ZM4	165013	165014	ZMO0940_peak_47	6938.37	ZM4	165095	165096	TSS_0324	.	+	-82
ZM4	167110	167111	ZMO0940_peak_48	3461.49	ZM4	167061	167062	TSS_0327	.	+	49
ZM4	175569	175570	ZMO0940_peak_49	408.008	ZM4	175568	175569	TSS_0372	.	+	1
ZM4	176627	176628	ZMO0940_peak_50	43.65	ZM4	175617	175618	TSS_0374	.	+	1010
ZM4	179943	179944	ZMO0940_peak_51	3.83893	ZM4	181509	181510	TSS_0377	.	-	1566
ZM4	182623	182624	ZMO0940_peak_52	880.991	ZM4	181512	181513	TSS_0379	.	-	-1111
ZM4	183449	183450	ZMO0940_peak_53	107.455	ZM4	185047	185048	TSS_0381	.	-	1598
ZM4	186842	186843	ZMO0940_peak_54	360.591	ZM4	188105	188106	TSS_0383	.	-	1263
ZM4	189670	189671	ZMO0940_peak_55	188.579	ZM4	189463	189464	TSS_0389	.	+	207
ZM4	195708	195709	ZMO0940_peak_56	149.842	ZM4	196200	196201	TSS_0398	.	-	492
ZM4	196748	196749	ZMO0940_peak_57	45.3454	ZM4	196961	196962	TSS_0399	.	+	-213
ZM4	197201	197202	ZMO0940_peak_58	91.3139	ZM4	197126	197127	TSS_0402	.	+	75
ZM4	197761	197762	ZMO0940_peak_59	107.373	ZM4	197126	197127	TSS_0402	.	+	635
ZM4	204423	204424	ZMO0940_peak_60	295.105	ZM4	204631	204632	TSS_0409	.	-	208
ZM4	205161	205162	ZMO0940_peak_61	440.883	ZM4	205071	205072	TSS_0415	.	-	-90
ZM4	208928	208929	ZMO0940_peak_62	38.9581	ZM4	208720	208721	TSS_0417	.	-	-208
ZM4	216762	216763	ZMO0940_peak_63	50.3608	ZM4	216845	216846	TSS_0429	.	+	-83
ZM4	217709	217710	ZMO0940_peak_64	71.3145	ZM4	218162	218163	TSS_0433	.	+	-453
ZM4	219555	219556	ZMO0940_peak_65	2486.06	ZM4	219888	219889	TSS_0434	.	-	333
ZM4	220025	220026	ZMO0940_peak_66	291.372	ZM4	219888	219889	TSS_0434	.	-	-137
ZM4	223675	223676	ZMO0940_peak_67	80.1304	ZM4	224289	224290	TSS_0439	.	+	-614
ZM4	228081	228082	ZMO0940_peak_68	2048.28	ZM4	228082	228083	TSS_0442	.	+	-1
ZM4	231477	231478	ZMO0940_peak_69	355.285	ZM4	232373	232374	TSS_0448	.	-	896
ZM4	234191	234192	ZMO0940_peak_70	500.147	ZM4	234091	234092	TSS_0457	.	+	100
ZM4	239215	239216	ZMO0940_peak_71	565.835	ZM4	238511	238512	TSS_0470	.	+	704
ZM4	239719	239720	ZMO0940_peak_72	1514.66	ZM4	238511	238512	TSS_0470	.	+	1208
ZM4	240445	240446	ZMO0940_peak_73	104.166	ZM4	240931	240932	TSS_0471	.	-	486
ZM4	243023	243024	ZMO0940_peak_74	99.0918	ZM4	242970	242971	TSS_0489	.	+	53
ZM4	245014	245015	ZMO0940_peak_75	349.039	ZM4	245089	245090	TSS_0500	.	+	-75
ZM4	249021	249022	ZMO0940_peak_76a	28.3417	ZM4	245089	245090	TSS_0500	.	+	3932
ZM4	249301	249302	ZMO0940_peak_76b	137.873	ZM4	245089	245090	TSS_0500	.	+	4212
ZM4	252160	252161	ZMO0940_peak_77	12320.5	ZM4	259009	259010	TSS_0512	.	+	-6849
ZM4	258823	258824	ZMO0940_peak_78	557.727	ZM4	259009	259010	TSS_0512	.	+	-186
ZM4	260528	260529	ZMO0940_peak_79	527.756	ZM4	260896	260897	TSS_0519	.	+	-368
ZM4	262357	262358	ZMO0940_peak_80	272.013	ZM4	263309	263310	TSS_0524	.	+	-952
ZM4	266728	266729	ZMO0940_peak_81	102.378	ZM4	266314	266315	TSS_0529	.	-	-414
ZM4	269364	269365	ZMO0940_peak_82	224.756	ZM4	270955	270956	TSS_0534	.	-	1591
ZM4	272413	272414	ZMO0940_peak_83	35.033	ZM4	270955	270956	TSS_0534	.	-	-1458
ZM4	276423	276424	ZMO0940_peak_84	241.235	ZM4	276580	276581	TSS_0538	.	+	-157
ZM4	277347	277348	ZMO0940_peak_85	107.296	ZM4	277111	277112	TSS_0539	.	+	236
ZM4	278361	278362	ZMO0940_peak_86	1038.85	ZM4	278858	278859	TSS_0540	.	+	-497
ZM4	282816	282817	ZMO0940_peak_87	388.993	ZM4	282731	282732	TSS_0547	.	-	-85
ZM4	283542	283543	ZMO0940_peak_88	5849.69	ZM4	282731	282732	TSS_0547	.	-	-811
ZM4	286468	286469	ZMO0940_peak_89	60.7886	ZM4	286924	286925	TSS_0569	.	-	456
ZM4	287315	287316	ZMO0940_peak_90a	456.976	ZM4	286985	286986	TSS_0574	.	-	-330
ZM4	287612	287613	ZMO0940_peak_90b	1436.43	ZM4	286985	286986	TSS_0574	.	-	-627
ZM4	289188	289189	ZMO0940_peak_91	244.945	ZM4	286985	286986	TSS_0574	.	-	-2203
ZM4	294217	294218	ZMO0940_peak_92	87.6983	ZM4	294294	294295	TSS_0581	.	-	77
ZM4	296167	296168	ZMO0940_peak_93	493.368	ZM4	295366	295367	TSS_0583	.	+	801
ZM4	299059	299060	ZMO0940_peak_94a	124.589	ZM4	299414	299415	TSS_0587	.	-	355
ZM4	299277	299278	ZMO0940_peak_94b	33.2118	ZM4	299414	299415	TSS_0587	.	-	137
ZM4	300073	300074	ZMO0940_peak_95	65.9781	ZM4	300226	300227	TSS_0589	.	-	153
ZM4	312490	312491	ZMO0940_peak_96	30.6223	ZM4	312500	312501	TSS_0603	.	+	-10
ZM4	314410	314411	ZMO0940_peak_97	78.2509	ZM4	314512	314513	TSS_0606	.	-	102
ZM4	315248	315249	ZMO0940_peak_98	1130.02	ZM4	315795	315796	TSS_0609	.	+	-547
ZM4	316217	316218	ZMO0940_peak_99	206.801	ZM4	315795	315796	TSS_0609	.	+	422
ZM4	332229	332230	ZMO0940_peak_100	47.2435	ZM4	332345	332346	TSS_0644	.	-	116
ZM4	338417	338418	ZMO0940_peak_101	216.587	ZM4	338771	338772	TSS_0658	.	-	354
ZM4	338796	338797	ZMO0940_peak_102	277.932	ZM4	338784	338785	TSS_0659	.	-	-12
ZM4	339696	339697	ZMO0940_peak_103	838.952	ZM4	340218	340219	TSS_0664	.	+	-522
ZM4	340234	340235	ZMO0940_peak_104	51.8319	ZM4	340224	340225	TSS_0665	.	+	10
ZM4	344246	344247	ZMO0940_peak_105	213.738	ZM4	344906	344907	TSS_0682	.	+	-660
ZM4	346493	346494	ZMO0940_peak_106	203.77	ZM4	346690	346691	TSS_0687	.	+	-197
ZM4	357245	357246	ZMO0940_peak_107	13498.8	ZM4	357222	357223	TSS_0700	.	+	23
ZM4	360652	360653	ZMO0940_peak_108a	206.574	ZM4	360122	360123	TSS_0707	.	+	530
ZM4	361006	361007	ZMO0940_peak_108b	1770.14	ZM4	360122	360123	TSS_0707	.	+	884
ZM4	363783	363784	ZMO0940_peak_109a	190.418	ZM4	363690	363691	TSS_0711	.	+	93
ZM4	364034	364035	ZMO0940_peak_109b	1371.62	ZM4	363690	363691	TSS_0711	.	+	344
ZM4	365455	365456	ZMO0940_peak_110	79.126	ZM4	364911	364912	TSS_0713	.	+	544
ZM4	367375	367376	ZMO0940_peak_111	123.321	ZM4	367275	367276	TSS_0720	.	+	100
ZM4	370269	370270	ZMO0940_peak_112	644.673	ZM4	370589	370590	TSS_0722	.	+	-320
ZM4	371600	371601	ZMO0940_peak_113	201.9	ZM4	371018	371019	TSS_0738	.	+	582
ZM4	372088	372089	ZMO0940_peak_114	111.361	ZM4	372593	372594	TSS_0742	.	+	-505
ZM4	372668	372669	ZMO0940_peak_115	81.0224	ZM4	372624	372625	TSS_0745	.	+	44
ZM4	377253	377254	ZMO0940_peak_116	68.9759	ZM4	378389	378390	TSS_0771	.	+	-1136
ZM4	379460	379461	ZMO0940_peak_117	126.063	ZM4	378392	378393	TSS_0773	.	+	1068
ZM4	379998	379999	ZMO0940_peak_118	162.573	ZM4	378392	378393	TSS_0773	.	+	1606
ZM4	381017	381018	ZMO0940_peak_119	350.756	ZM4	378392	378393	TSS_0773	.	+	2625
ZM4	381422	381423	ZMO0940_peak_120	13.5404	ZM4	378392	378393	TSS_0773	.	+	3030
ZM4	382175	382176	ZMO0940_peak_121	7742.4	ZM4	385464	385465	TSS_0787	.	-	3289
ZM4	382677	382678	ZMO0940_peak_122	84.9188	ZM4	385464	385465	TSS_0787	.	-	2787
ZM4	384598	384599	ZMO0940_peak_123	41.9242	ZM4	385464	385465	TSS_0787	.	-	866
ZM4	388804	388805	ZMO0940_peak_124	24.4607	ZM4	390011	390012	TSS_0792	.	+	-1207
ZM4	391726	391727	ZMO0940_peak_125	262.247	ZM4	391738	391739	TSS_0793	.	+	-12
ZM4	397694	397695	ZMO0940_peak_126	1736.61	ZM4	397722	397723	TSS_0795	.	+	-28
ZM4	401280	401281	ZMO0940_peak_127	19.9339	ZM4	397722	397723	TSS_0795	.	+	3558
ZM4	402952	402953	ZMO0940_peak_128	372.855	ZM4	405797	405798	TSS_0803	.	-	2845
ZM4	403695	403696	ZMO0940_peak_129	55.2031	ZM4	405797	405798	TSS_0803	.	-	2102
ZM4	404401	404402	ZMO0940_peak_130	2173.82	ZM4	405797	405798	TSS_0803	.	-	1396
ZM4	405792	405793	ZMO0940_peak_131	149.917	ZM4	405797	405798	TSS_0803	.	-	5
ZM4	406768	406769	ZMO0940_peak_132	73.8975	ZM4	406810	406811	TSS_0804	.	-	42
ZM4	407114	407115	ZMO0940_peak_133	295.953	ZM4	407411	407412	TSS_0807	.	+	-297
ZM4	410569	410570	ZMO0940_peak_134	32.424	ZM4	410669	410670	TSS_0814	.	+	-100
ZM4	412694	412695	ZMO0940_peak_135	37656.6	ZM4	411925	411926	TSS_0823	.	+	769
ZM4	413446	413447	ZMO0940_peak_136	16.692	ZM4	414258	414259	TSS_0825	.	+	-812
ZM4	416920	416921	ZMO0940_peak_137	105.125	ZM4	418225	418226	TSS_0828	.	-	1305
ZM4	419305	419306	ZMO0940_peak_138	41.6966	ZM4	419803	419804	TSS_0831	.	-	498
ZM4	419944	419945	ZMO0940_peak_139	447.412	ZM4	419827	419828	TSS_0833	.	-	-117
ZM4	425311	425312	ZMO0940_peak_140a	58.2329	ZM4	425420	425421	TSS_0839	.	+	-109
ZM4	425439	425440	ZMO0940_peak_140b	168.068	ZM4	425420	425421	TSS_0839	.	+	19
ZM4	431620	431621	ZMO0940_peak_141	192.109	ZM4	432046	432047	TSS_0846	.	+	-426
ZM4	431620	431621	ZMO0940_peak_141	192.109	ZM4	431194	431195	TSS_0845	.	+	426
ZM4	434276	434277	ZMO0940_peak_142	83.8833	ZM4	433937	433938	TSS_0852	.	-	-339
ZM4	434984	434985	ZMO0940_peak_143	651.788	ZM4	434909	434910	TSS_0853	.	-	-75
ZM4	436136	436137	ZMO0940_peak_144	6.41747	ZM4	435595	435596	TSS_0859	.	-	-541
ZM4	448259	448260	ZMO0940_peak_145	4.17078	ZM4	446871	446872	TSS_0900	.	+	1388
ZM4	458405	458406	ZMO0940_peak_146	451.745	ZM4	457289	457290	TSS_0918	.	+	1116
ZM4	469262	469263	ZMO0940_peak_147	239.398	ZM4	468600	468601	TSS_0951	.	-	-662
ZM4	470667	470668	ZMO0940_peak_148	867.421	ZM4	470633	470634	TSS_0953	.	-	-34
ZM4	472244	472245	ZMO0940_peak_149	272.62	ZM4	472301	472302	TSS_0960	.	+	-57
ZM4	472718	472719	ZMO0940_peak_150	24.9417	ZM4	472678	472679	TSS_0962	.	+	40
ZM4	474141	474142	ZMO0940_peak_151	75.4332	ZM4	472788	472789	TSS_0963	.	+	1353
ZM4	477407	477408	ZMO0940_peak_152	68.9677	ZM4	477010	477011	TSS_0971	.	-	-397
ZM4	478882	478883	ZMO0940_peak_153	685.874	ZM4	479088	479089	TSS_0973	.	+	-206
ZM4	481805	481806	ZMO0940_peak_154	112.446	ZM4	483304	483305	TSS_0981	.	-	1499
ZM4	482550	482551	ZMO0940_peak_155	106.428	ZM4	483304	483305	TSS_0981	.	-	754
ZM4	487823	487824	ZMO0940_peak_156	12.0686	ZM4	487927	487928	TSS_1008	.	+	-104
ZM4	488388	488389	ZMO0940_peak_157	241.05	ZM4	488384	488385	TSS_1018	.	+	4
ZM4	489946	489947	ZMO0940_peak_158	18.282	ZM4	489935	489936	TSS_1023	.	+	11
ZM4	490283	490284	ZMO0940_peak_159a	625.12	ZM4	489935	489936	TSS_1023	.	+	348
ZM4	490513	490514	ZMO0940_peak_159b	21.5864	ZM4	489935	489936	TSS_1023	.	+	578
ZM4	491191	491192	ZMO0940_peak_160	1254.34	ZM4	489935	489936	TSS_1023	.	+	1256
ZM4	492736	492737	ZMO0940_peak_161	5834.28	ZM4	489935	489936	TSS_1023	.	+	2801
ZM4	499517	499518	ZMO0940_peak_162	7.03634	ZM4	498519	498520	TSS_1030	.	+	998
ZM4	505738	505739	ZMO0940_peak_163	184.909	ZM4	504334	504335	TSS_1041	.	+	1404
ZM4	507485	507486	ZMO0940_peak_164	201.786	ZM4	509404	509405	TSS_1045	.	+	-1919
ZM4	509294	509295	ZMO0940_peak_165a	21.967	ZM4	509404	509405	TSS_1045	.	+	-110
ZM4	509530	509531	ZMO0940_peak_165b	7914.78	ZM4	509404	509405	TSS_1045	.	+	126
ZM4	511624	511625	ZMO0940_peak_166	25.9263	ZM4	511319	511320	TSS_1049	.	+	305
ZM4	516727	516728	ZMO0940_peak_167	5170.86	ZM4	516633	516634	TSS_1073	.	+	94
ZM4	523316	523317	ZMO0940_peak_168a	6.59971	ZM4	523097	523098	TSS_1133	.	+	219
ZM4	523469	523470	ZMO0940_peak_168b	13.6861	ZM4	523768	523769	TSS_1138	.	+	-299
ZM4	527796	527797	ZMO0940_peak_169	173.525	ZM4	527862	527863	TSS_1179	.	+	-66
ZM4	534000	534001	ZMO0940_peak_170	32.1038	ZM4	534262	534263	TSS_1216	.	+	-262
ZM4	543544	543545	ZMO0940_peak_171	234.958	ZM4	543526	543527	TSS_1287	.	-	-18
ZM4	544561	544562	ZMO0940_peak_172	461.917	ZM4	544541	544542	TSS_1289	.	-	-20
ZM4	547874	547875	ZMO0940_peak_173	282.737	ZM4	548423	548424	TSS_1299	.	-	549
ZM4	556711	556712	ZMO0940_peak_174	412.01	ZM4	556627	556628	TSS_1327	.	-	-84
ZM4	559116	559117	ZMO0940_peak_175	395.001	ZM4	559230	559231	TSS_1328	.	+	-114
ZM4	560059	560060	ZMO0940_peak_176a	1246.38	ZM4	559230	559231	TSS_1328	.	+	829
ZM4	560428	560429	ZMO0940_peak_176b	139.186	ZM4	559230	559231	TSS_1328	.	+	1198
ZM4	560738	560739	ZMO0940_peak_176c	786.496	ZM4	559230	559231	TSS_1328	.	+	1508
ZM4	561002	561003	ZMO0940_peak_176d	168.14	ZM4	559230	559231	TSS_1328	.	+	1772
ZM4	568426	568427	ZMO0940_peak_177	478.421	ZM4	569906	569907	TSS_1353	.	-	1480
ZM4	569894	569895	ZMO0940_peak_178	1908.19	ZM4	569906	569907	TSS_1353	.	-	12
ZM4	570579	570580	ZMO0940_peak_179	4256.28	ZM4	571041	571042	TSS_1354	.	-	462
ZM4	572341	572342	ZMO0940_peak_180	6513.25	ZM4	571947	571948	TSS_1359	.	+	394
ZM4	573525	573526	ZMO0940_peak_181	29.0389	ZM4	573476	573477	TSS_1369	.	+	49
ZM4	573860	573861	ZMO0940_peak_182	119.326	ZM4	573476	573477	TSS_1369	.	+	384
ZM4	577290	577291	ZMO0940_peak_183	275.308	ZM4	580146	580147	TSS_1370	.	-	2856
ZM4	583230	583231	ZMO0940_peak_184a	790.778	ZM4	583750	583751	TSS_1374	.	-	520
ZM4	583516	583517	ZMO0940_peak_184b	1141.04	ZM4	583750	583751	TSS_1374	.	-	234
ZM4	584579	584580	ZMO0940_peak_185	7739.8	ZM4	584085	584086	TSS_1377	.	-	-494
ZM4	586766	586767	ZMO0940_peak_186	227.311	ZM4	587929	587930	TSS_1379	.	-	1163
ZM4	588684	588685	ZMO0940_peak_187	271.207	ZM4	587929	587930	TSS_1379	.	-	-755
ZM4	591409	591410	ZMO0940_peak_188	496.969	ZM4	591469	591470	TSS_1383	.	-	60
ZM4	592937	592938	ZMO0940_peak_189	55.9412	ZM4	592852	592853	TSS_1386	.	+	85
ZM4	600577	600578	ZMO0940_peak_190	1615.24	ZM4	599377	599378	TSS_1402	.	+	1200
ZM4	601196	601197	ZMO0940_peak_191	3778.08	ZM4	599377	599378	TSS_1402	.	+	1819
ZM4	602379	602380	ZMO0940_peak_192	1626.74	ZM4	603093	603094	TSS_1405	.	+	-714
ZM4	604385	604386	ZMO0940_peak_193	2566.62	ZM4	603125	603126	TSS_1406	.	+	1260
ZM4	606149	606150	ZMO0940_peak_194	98.6913	ZM4	606167	606168	TSS_1409	.	-	18
ZM4	607769	607770	ZMO0940_peak_195	132.301	ZM4	607071	607072	TSS_1410	.	-	-698
ZM4	610655	610656	ZMO0940_peak_196	171.382	ZM4	610824	610825	TSS_1416	.	-	169
ZM4	611248	611249	ZMO0940_peak_197	1124.3	ZM4	610960	610961	TSS_1419	.	-	-288
ZM4	613144	613145	ZMO0940_peak_198	12895.6	ZM4	612724	612725	TSS_1425	.	-	-420
ZM4	617428	617429	ZMO0940_peak_199	772.071	ZM4	617213	617214	TSS_1436	.	+	215
ZM4	618963	618964	ZMO0940_peak_200	4117.92	ZM4	619099	619100	TSS_1442	.	+	-136
ZM4	620581	620582	ZMO0940_peak_201	37.1545	ZM4	620685	620686	TSS_1445	.	+	-104
ZM4	622959	622960	ZMO0940_peak_202	389.472	ZM4	623556	623557	TSS_1448	.	+	-597
ZM4	624052	624053	ZMO0940_peak_203a	305.719	ZM4	623558	623559	TSS_1449	.	+	494
ZM4	624336	624337	ZMO0940_peak_203b	11.9983	ZM4	623558	623559	TSS_1449	.	+	778
ZM4	625347	625348	ZMO0940_peak_204a	34.1445	ZM4	625384	625385	TSS_1453	.	-	37
ZM4	625590	625591	ZMO0940_peak_204b	22.1776	ZM4	625384	625385	TSS_1453	.	-	-206
ZM4	625793	625794	ZMO0940_peak_204c	17.2054	ZM4	625894	625895	TSS_1454	.	+	-101
ZM4	637762	637763	ZMO0940_peak_205a	114.388	ZM4	637092	637093	TSS_1467	.	+	670
ZM4	638082	638083	ZMO0940_peak_205b	59.5034	ZM4	638856	638857	TSS_1469	.	+	-774
ZM4	640046	640047	ZMO0940_peak_206	17.9765	ZM4	641037	641038	TSS_1471	.	+	-991
ZM4	640980	640981	ZMO0940_peak_207	35.0604	ZM4	641037	641038	TSS_1471	.	+	-57
ZM4	642642	642643	ZMO0940_peak_208	748.513	ZM4	642643	642644	TSS_1477	.	+	-1
ZM4	644372	644373	ZMO0940_peak_209	342.33	ZM4	644525	644526	TSS_1488	.	-	153
ZM4	646129	646130	ZMO0940_peak_210	103.222	ZM4	644525	644526	TSS_1488	.	-	-1604
ZM4	649571	649572	ZMO0940_peak_211a	2.04735	ZM4	648223	648224	TSS_1491	.	-	-1348
ZM4	649821	649822	ZMO0940_peak_211b	343.747	ZM4	648223	648224	TSS_1491	.	-	-1598
ZM4	650692	650693	ZMO0940_peak_212	30.7892	ZM4	651452	651453	TSS_1492	.	-	760
ZM4	652696	652697	ZMO0940_peak_213	49.6931	ZM4	652673	652674	TSS_1496	.	+	23
ZM4	659133	659134	ZMO0940_peak_214	69.1788	ZM4	659134	659135	TSS_1515	.	+	-1
ZM4	662394	662395	ZMO0940_peak_215	66.4695	ZM4	662411	662412	TSS_1519	.	+	-17
ZM4	672441	672442	ZMO0940_peak_216a	396.025	ZM4	672208	672209	TSS_1555	.	-	-233
ZM4	672773	672774	ZMO0940_peak_216b	527.18	ZM4	672719	672720	TSS_1558	.	-	-54
ZM4	673944	673945	ZMO0940_peak_217	1264.18	ZM4	673600	673601	TSS_1559	.	-	-344
ZM4	680441	680442	ZMO0940_peak_218	206.422	ZM4	678246	678247	TSS_1561	.	+	2195
ZM4	685416	685417	ZMO0940_peak_219	87.3897	ZM4	684966	684967	TSS_1565	.	-	-450
ZM4	685923	685924	ZMO0940_peak_220	549.853	ZM4	686349	686350	TSS_1568	.	-	426
ZM4	687601	687602	ZMO0940_peak_221a	15.6151	ZM4	687621	687622	TSS_1575	.	-	20
ZM4	687856	687857	ZMO0940_peak_221b	1014.75	ZM4	687621	687622	TSS_1575	.	-	-235
ZM4	688252	688253	ZMO0940_peak_221c	412.528	ZM4	687621	687622	TSS_1575	.	-	-631
ZM4	696990	696991	ZMO0940_peak_222	177.115	ZM4	698310	698311	TSS_1600	.	-	1320
ZM4	704179	704180	ZMO0940_peak_223	587.547	ZM4	703984	703985	TSS_1605	.	-	-195
ZM4	707707	707708	ZMO0940_peak_224	4.77644	ZM4	707658	707659	TSS_1608	.	-	-49
ZM4	711985	711986	ZMO0940_peak_225	7934.28	ZM4	711827	711828	TSS_1619	.	+	158
ZM4	723376	723377	ZMO0940_peak_226	529.129	ZM4	723850	723851	TSS_1645	.	+	-474
ZM4	735395	735396	ZMO0940_peak_227	76.0918	ZM4	736997	736998	TSS_1693	.	+	-1602
ZM4	740342	740343	ZMO0940_peak_228	103.239	ZM4	740400	740401	TSS_1713	.	+	-58
ZM4	746950	746951	ZMO0940_peak_229	82.1893	ZM4	746200	746201	TSS_1737	.	+	750
ZM4	748378	748379	ZMO0940_peak_230	6897.21	ZM4	748436	748437	TSS_1738	.	-	58
ZM4	749767	749768	ZMO0940_peak_231	139.592	ZM4	749710	749711	TSS_1751	.	-	-57
ZM4	756146	756147	ZMO0940_peak_232	6013.62	ZM4	757145	757146	TSS_1760	.	-	999
ZM4	757492	757493	ZMO0940_peak_233	1134.42	ZM4	757241	757242	TSS_1764	.	-	-251
ZM4	766090	766091	ZMO0940_peak_234	23.383	ZM4	764204	764205	TSS_1779	.	+	1886
ZM4	771288	771289	ZMO0940_peak_235a	196.985	ZM4	771418	771419	TSS_1786	.	+	-130
ZM4	771545	771546	ZMO0940_peak_235b	46.4762	ZM4	771418	771419	TSS_1786	.	+	127
ZM4	771823	771824	ZMO0940_peak_235c	11.9983	ZM4	771695	771696	TSS_1787	.	+	128
ZM4	771961	771962	ZMO0940_peak_235d	44.4994	ZM4	771695	771696	TSS_1787	.	+	266
ZM4	772460	772461	ZMO0940_peak_236	60.3106	ZM4	771695	771696	TSS_1787	.	+	765
ZM4	773215	773216	ZMO0940_peak_237	19.2631	ZM4	773232	773233	TSS_1788	.	-	17
ZM4	774077	774078	ZMO0940_peak_238	73.3737	ZM4	773264	773265	TSS_1789	.	+	813
ZM4	775029	775030	ZMO0940_peak_239	75.691	ZM4	773264	773265	TSS_1789	.	+	1765
ZM4	777811	777812	ZMO0940_peak_240	75.5454	ZM4	779323	779324	TSS_1792	.	+	-1512
ZM4	782743	782744	ZMO0940_peak_241	23.0281	ZM4	783746	783747	TSS_1798	.	-	1003
ZM4	784582	784583	ZMO0940_peak_242	3468.34	ZM4	784638	784639	TSS_1801	.	+	-56
ZM4	785151	785152	ZMO0940_peak_243	124.492	ZM4	784680	784681	TSS_1802	.	+	471
ZM4	787263	787264	ZMO0940_peak_244	2307.58	ZM4	784680	784681	TSS_1802	.	+	2583
ZM4	788227	788228	ZMO0940_peak_245	135.784	ZM4	784680	784681	TSS_1802	.	+	3547
ZM4	789473	789474	ZMO0940_peak_246	82.7514	ZM4	792107	792108	TSS_1806	.	+	-2634
ZM4	789824	789825	ZMO0940_peak_247	268.755	ZM4	792107	792108	TSS_1806	.	+	-2283
ZM4	790847	790848	ZMO0940_peak_248a	4.22134	ZM4	792107	792108	TSS_1806	.	+	-1260
ZM4	790916	790917	ZMO0940_peak_248b	4.22134	ZM4	792107	792108	TSS_1806	.	+	-1191
ZM4	791730	791731	ZMO0940_peak_249	948.786	ZM4	792107	792108	TSS_1806	.	+	-377
ZM4	794034	794035	ZMO0940_peak_250	503.556	ZM4	792107	792108	TSS_1806	.	+	1927
ZM4	800902	800903	ZMO0940_peak_251	37.9018	ZM4	800836	800837	TSS_1811	.	-	-66
ZM4	806464	806465	ZMO0940_peak_252	12.8313	ZM4	810611	810612	TSS_1815	.	-	4147
ZM4	810077	810078	ZMO0940_peak_253	1022.79	ZM4	810611	810612	TSS_1815	.	-	534
ZM4	811464	811465	ZMO0940_peak_254	10.3994	ZM4	810611	810612	TSS_1815	.	-	-853
ZM4	812973	812974	ZMO0940_peak_255	41.6603	ZM4	812943	812944	TSS_1816	.	-	-30
ZM4	814493	814494	ZMO0940_peak_256	3038.7	ZM4	814346	814347	TSS_1818	.	-	-147
ZM4	818680	818681	ZMO0940_peak_257	120.646	ZM4	819609	819610	TSS_1823	.	-	929
ZM4	824582	824583	ZMO0940_peak_258	847.099	ZM4	824565	824566	TSS_1866	.	+	17
ZM4	825179	825180	ZMO0940_peak_259	1050.88	ZM4	825345	825346	TSS_1867	.	+	-166
ZM4	826041	826042	ZMO0940_peak_260	99.0713	ZM4	825345	825346	TSS_1867	.	+	696
ZM4	826805	826806	ZMO0940_peak_261	210.065	ZM4	826778	826779	TSS_1868	.	+	27
ZM4	831937	831938	ZMO0940_peak_262	57.3105	ZM4	831738	831739	TSS_1873	.	+	199
ZM4	840453	840454	ZMO0940_peak_263	190.224	ZM4	842246	842247	TSS_1877	.	+	-1793
ZM4	841071	841072	ZMO0940_peak_264	502.583	ZM4	842246	842247	TSS_1877	.	+	-1175
ZM4	845402	845403	ZMO0940_peak_265	37.0819	ZM4	845509	845510	TSS_1896	.	+	-107
ZM4	850560	850561	ZMO0940_peak_266	1011.13	ZM4	851610	851611	TSS_1897	.	+	-1050
ZM4	853412	853413	ZMO0940_peak_267	1225.62	ZM4	853157	853158	TSS_1910	.	+	255
ZM4	857513	857514	ZMO0940_peak_268	84.4456	ZM4	858076	858077	TSS_1912	.	+	-563
ZM4	858225	858226	ZMO0940_peak_269	543.202	ZM4	858191	858192	TSS_1917	.	+	34
ZM4	861490	861491	ZMO0940_peak_270	6.29895	ZM4	862488	862489	TSS_1919	.	+	-998
ZM4	862319	862320	ZMO0940_peak_271	72.6703	ZM4	862488	862489	TSS_1919	.	+	-169
ZM4	862675	862676	ZMO0940_peak_272a	17.9265	ZM4	862764	862765	TSS_1922	.	+	-89
ZM4	862867	862868	ZMO0940_peak_272b	35.9918	ZM4	862766	862767	TSS_1923	.	+	101
ZM4	871134	871135	ZMO0940_peak_273	24.2511	ZM4	871328	871329	TSS_1939	.	+	-194
ZM4	871520	871521	ZMO0940_peak_274	1136.64	ZM4	871576	871577	TSS_1946	.	+	-56
ZM4	872098	872099	ZMO0940_peak_275	13.6861	ZM4	871576	871577	TSS_1946	.	+	522
ZM4	874646	874647	ZMO0940_peak_276	27.424	ZM4	874864	874865	TSS_1951	.	+	-218
ZM4	875197	875198	ZMO0940_peak_277	16.0719	ZM4	875072	875073	TSS_1953	.	+	125
ZM4	876366	876367	ZMO0940_peak_278	10827.3	ZM4	876426	876427	TSS_1956	.	+	-60
ZM4	876858	876859	ZMO0940_peak_279	155.165	ZM4	876775	876776	TSS_1957	.	+	83
ZM4	877324	877325	ZMO0940_peak_280	319.861	ZM4	876775	876776	TSS_1957	.	+	549
ZM4	877897	877898	ZMO0940_peak_281	27.3148	ZM4	877979	877980	TSS_1958	.	+	-82
ZM4	879244	879245	ZMO0940_peak_282	2572.38	ZM4	880165	880166	TSS_1961	.	+	-921
ZM4	882253	882254	ZMO0940_peak_283	28.1848	ZM4	883194	883195	TSS_1963	.	+	-941
ZM4	883755	883756	ZMO0940_peak_284	23.0281	ZM4	883194	883195	TSS_1963	.	+	561
ZM4	885254	885255	ZMO0940_peak_285	459.324	ZM4	885260	885261	TSS_1965	.	+	-6
ZM4	888250	888251	ZMO0940_peak_286	563.851	ZM4	888204	888205	TSS_1972	.	-	-46
ZM4	892889	892890	ZMO0940_peak_287	50.5234	ZM4	892798	892799	TSS_1989	.	-	-91
ZM4	893559	893560	ZMO0940_peak_288	134.278	ZM4	893129	893130	TSS_1990	.	-	-430
ZM4	894380	894381	ZMO0940_peak_289	589.076	ZM4	894384	894385	TSS_1991	.	-	4
ZM4	895658	895659	ZMO0940_peak_290	891.057	ZM4	895606	895607	TSS_1998	.	-	-52
ZM4	896656	896657	ZMO0940_peak_291	38.3294	ZM4	896865	896866	TSS_2001	.	-	209
ZM4	897703	897704	ZMO0940_peak_292a	213.489	ZM4	896865	896866	TSS_2001	.	-	-838
ZM4	898109	898110	ZMO0940_peak_292b	49.5787	ZM4	899111	899112	TSS_2003	.	-	1002
ZM4	899167	899168	ZMO0940_peak_293	841.373	ZM4	899111	899112	TSS_2003	.	-	-56
ZM4	900198	900199	ZMO0940_peak_294a	2446.33	ZM4	901168	901169	TSS_2006	.	-	970
ZM4	900478	900479	ZMO0940_peak_294b	6.81657	ZM4	901168	901169	TSS_2006	.	-	690
ZM4	908805	908806	ZMO0940_peak_295	114.949	ZM4	908198	908199	TSS_2022	.	+	607
ZM4	913360	913361	ZMO0940_peak_296	57.3105	ZM4	914345	914346	TSS_2025	.	-	985
ZM4	917930	917931	ZMO0940_peak_297a	34.9584	ZM4	919274	919275	TSS_2030	.	-	1344
ZM4	918039	918040	ZMO0940_peak_297b	41.3727	ZM4	919274	919275	TSS_2030	.	-	1235
ZM4	921612	921613	ZMO0940_peak_298	1137.45	ZM4	919422	919423	TSS_2032	.	+	2190
ZM4	924233	924234	ZMO0940_peak_299	1918.46	ZM4	924784	924785	TSS_2042	.	-	551
ZM4	925376	925377	ZMO0940_peak_300a	57.7728	ZM4	925136	925137	TSS_2043	.	-	-240
ZM4	925718	925719	ZMO0940_peak_300b	3067.66	ZM4	926039	926040	TSS_2045	.	-	321
ZM4	926359	926360	ZMO0940_peak_301	142.947	ZM4	926039	926040	TSS_2045	.	-	-320
ZM4	932586	932587	ZMO0940_peak_302	64.7559	ZM4	932566	932567	TSS_2068	.	+	20
ZM4	933109	933110	ZMO0940_peak_303	56.8157	ZM4	932566	932567	TSS_2068	.	+	543
ZM4	935207	935208	ZMO0940_peak_304	115.497	ZM4	935263	935264	TSS_2073	.	+	-56
ZM4	935820	935821	ZMO0940_peak_305	2863.76	ZM4	935593	935594	TSS_2075	.	+	227
ZM4	937101	937102	ZMO0940_peak_306	140.261	ZM4	937176	937177	TSS_2079	.	+	-75
ZM4	938396	938397	ZMO0940_peak_307a	54.3645	ZM4	938767	938768	TSS_2084	.	+	-371
ZM4	938807	938808	ZMO0940_peak_307b	655.516	ZM4	938778	938779	TSS_2085	.	+	29
ZM4	939314	939315	ZMO0940_peak_308a	263.058	ZM4	938778	938779	TSS_2085	.	+	536
ZM4	939681	939682	ZMO0940_peak_308b	167.829	ZM4	938778	938779	TSS_2085	.	+	903
ZM4	939873	939874	ZMO0940_peak_308c	74.982	ZM4	938778	938779	TSS_2085	.	+	1095
ZM4	951197	951198	ZMO0940_peak_309	35.3736	ZM4	951136	951137	TSS_2105	.	-	-61
ZM4	952785	952786	ZMO0940_peak_310	32.1038	ZM4	954142	954143	TSS_2106	.	-	1357
ZM4	956324	956325	ZMO0940_peak_311	35.7903	ZM4	957435	957436	TSS_2111	.	-	1111
ZM4	957583	957584	ZMO0940_peak_312	8002.13	ZM4	957435	957436	TSS_2111	.	-	-148
ZM4	958145	958146	ZMO0940_peak_313	78.2906	ZM4	957435	957436	TSS_2111	.	-	-710
ZM4	960562	960563	ZMO0940_peak_314	78.2906	ZM4	957435	957436	TSS_2111	.	-	-3127
ZM4	963396	963397	ZMO0940_peak_315	21.9504	ZM4	964162	964163	TSS_2119	.	-	766
ZM4	964848	964849	ZMO0940_peak_316	272.845	ZM4	965357	965358	TSS_2121	.	-	509
ZM4	965712	965713	ZMO0940_peak_317	89.5982	ZM4	965587	965588	TSS_2132	.	+	125
ZM4	968154	968155	ZMO0940_peak_318	322.439	ZM4	968192	968193	TSS_2139	.	+	-38
ZM4	972288	972289	ZMO0940_peak_319a	1268.45	ZM4	972262	972263	TSS_2153	.	-	-26
ZM4	972511	972512	ZMO0940_peak_319b	269.571	ZM4	972262	972263	TSS_2153	.	-	-249
ZM4	975897	975898	ZMO0940_peak_320	1194.52	ZM4	974364	974365	TSS_2157	.	+	1533
ZM4	978050	978051	ZMO0940_peak_321a	7.33176	ZM4	977944	977945	TSS_2160	.	+	106
ZM4	978300	978301	ZMO0940_peak_321b	17.5092	ZM4	977944	977945	TSS_2160	.	+	356
ZM4	980185	980186	ZMO0940_peak_322	1721.05	ZM4	980120	980121	TSS_2162	.	+	65
ZM4	984876	984877	ZMO0940_peak_323a	548.857	ZM4	984710	984711	TSS_2178	.	+	166
ZM4	985114	985115	ZMO0940_peak_323b	78.0551	ZM4	984710	984711	TSS_2178	.	+	404
ZM4	986992	986993	ZMO0940_peak_324	2523.52	ZM4	986158	986159	TSS_2179	.	+	834
ZM4	998069	998070	ZMO0940_peak_325a	9.63466	ZM4	996722	996723	TSS_2196	.	+	1347
ZM4	998293	998294	ZMO0940_peak_325b	10.142	ZM4	996722	996723	TSS_2196	.	+	1571
ZM4	1006060	1006061	ZMO0940_peak_326	17.9596	ZM4	1005664	1005665	TSS_2204	.	-	-396
ZM4	1006740	1006741	ZMO0940_peak_327	405.17	ZM4	1005664	1005665	TSS_2204	.	-	-1076
ZM4	1008322	1008323	ZMO0940_peak_328	79.398	ZM4	1008319	1008320	TSS_2205	.	-	-3
ZM4	1010348	1010349	ZMO0940_peak_329	103.025	ZM4	1010381	1010382	TSS_2224	.	-	33
ZM4	1011851	1011852	ZMO0940_peak_330	520.177	ZM4	1012360	1012361	TSS_2228	.	-	509
ZM4	1012398	1012399	ZMO0940_peak_331	28.9533	ZM4	1012360	1012361	TSS_2228	.	-	-38
ZM4	1015650	1015651	ZMO0940_peak_332	48.6406	ZM4	1015590	1015591	TSS_2246	.	+	60
ZM4	1023326	1023327	ZMO0940_peak_333	248.574	ZM4	1023743	1023744	TSS_2263	.	+	-417
ZM4	1025241	1025242	ZMO0940_peak_334	22.4093	ZM4	1024647	1024648	TSS_2265	.	+	594
ZM4	1029504	1029505	ZMO0940_peak_335	43.2257	ZM4	1030111	1030112	TSS_2278	.	+	-607
ZM4	1040917	1040918	ZMO0940_peak_336a	553.843	ZM4	1041285	1041286	TSS_2309	.	+	-368
ZM4	1041119	1041120	ZMO0940_peak_336b	206.628	ZM4	1041285	1041286	TSS_2309	.	+	-166
ZM4	1042698	1042699	ZMO0940_peak_337	140.261	ZM4	1042612	1042613	TSS_2312	.	+	86
ZM4	1043464	1043465	ZMO0940_peak_338	63.3642	ZM4	1042612	1042613	TSS_2312	.	+	852
ZM4	1046951	1046952	ZMO0940_peak_339a	11.2337	ZM4	1047209	1047210	TSS_2319	.	+	-258
ZM4	1047195	1047196	ZMO0940_peak_339b	2.03789	ZM4	1047209	1047210	TSS_2319	.	+	-14
ZM4	1055183	1055184	ZMO0940_peak_340	15.5431	ZM4	1055163	1055164	TSS_2348	.	+	20
ZM4	1061251	1061252	ZMO0940_peak_341	395.646	ZM4	1061294	1061295	TSS_2358	.	+	-43
ZM4	1066111	1066112	ZMO0940_peak_342	534.606	ZM4	1064743	1064744	TSS_2370	.	+	1368
ZM4	1068530	1068531	ZMO0940_peak_343	60.8159	ZM4	1067835	1067836	TSS_2374	.	+	695
ZM4	1071497	1071498	ZMO0940_peak_344a	192.563	ZM4	1071475	1071476	TSS_2379	.	+	22
ZM4	1071748	1071749	ZMO0940_peak_344b	10.7696	ZM4	1071475	1071476	TSS_2379	.	+	273
ZM4	1072151	1072152	ZMO0940_peak_345	43.1494	ZM4	1071475	1071476	TSS_2379	.	+	676
ZM4	1077097	1077098	ZMO0940_peak_346	71.2244	ZM4	1076724	1076725	TSS_2389	.	-	-373
ZM4	1083370	1083371	ZMO0940_peak_347a	57.8069	ZM4	1083368	1083369	TSS_2419	.	-	-2
ZM4	1083605	1083606	ZMO0940_peak_347b	98.4106	ZM4	1083368	1083369	TSS_2419	.	-	-237
ZM4	1090953	1090954	ZMO0940_peak_348	268.445	ZM4	1089333	1089334	TSS_2434	.	+	1620
ZM4	1094525	1094526	ZMO0940_peak_349	239.156	ZM4	1094581	1094582	TSS_2437	.	+	-56
ZM4	1096159	1096160	ZMO0940_peak_350	108.109	ZM4	1094581	1094582	TSS_2437	.	+	1578
ZM4	1098781	1098782	ZMO0940_peak_351a	331.943	ZM4	1098806	1098807	TSS_2440	.	+	-25
ZM4	1099152	1099153	ZMO0940_peak_351b	1317.81	ZM4	1098806	1098807	TSS_2440	.	+	346
ZM4	1104579	1104580	ZMO0940_peak_352a	50.5234	ZM4	1104117	1104118	TSS_2447	.	+	462
ZM4	1104903	1104904	ZMO0940_peak_352b	197.629	ZM4	1104117	1104118	TSS_2447	.	+	786
ZM4	1106795	1106796	ZMO0940_peak_353	759.579	ZM4	1107819	1107820	TSS_2449	.	+	-1024
ZM4	1107366	1107367	ZMO0940_peak_354	15.4612	ZM4	1107819	1107820	TSS_2449	.	+	-453
ZM4	1108819	1108820	ZMO0940_peak_355a	56.2181	ZM4	1107819	1107820	TSS_2449	.	+	1000
ZM4	1108989	1108990	ZMO0940_peak_355b	67.5028	ZM4	1107819	1107820	TSS_2449	.	+	1170
ZM4	1115914	1115915	ZMO0940_peak_356	168.538	ZM4	1115701	1115702	TSS_2457	.	-	-213
ZM4	1119382	1119383	ZMO0940_peak_357	326.749	ZM4	1119183	1119184	TSS_2458	.	-	-199
ZM4	1119908	1119909	ZMO0940_peak_358	50.0502	ZM4	1119792	1119793	TSS_2459	.	-	-116
ZM4	1127170	1127171	ZMO0940_peak_359	123.224	ZM4	1127127	1127128	TSS_2486	.	-	-43
ZM4	1127785	1127786	ZMO0940_peak_360	590.759	ZM4	1127318	1127319	TSS_2492	.	+	467
ZM4	1130912	1130913	ZMO0940_peak_361	113.07	ZM4	1130795	1130796	TSS_2501	.	+	117
ZM4	1132134	1132135	ZMO0940_peak_362	46.3238	ZM4	1132916	1132917	TSS_2506	.	+	-782
ZM4	1132809	1132810	ZMO0940_peak_363	37330.1	ZM4	1132916	1132917	TSS_2506	.	+	-107
ZM4	1139145	1139146	ZMO0940_peak_364	64.8012	ZM4	1139181	1139182	TSS_2512	.	+	-36
ZM4	1140721	1140722	ZMO0940_peak_365	58.599	ZM4	1140919	1140920	TSS_2513	.	-	198
ZM4	1142790	1142791	ZMO0940_peak_366	2807.89	ZM4	1143217	1143218	TSS_2518	.	-	427
ZM4	1145086	1145087	ZMO0940_peak_367	88.4441	ZM4	1145468	1145469	TSS_2521	.	-	382
ZM4	1146688	1146689	ZMO0940_peak_368	9706.69	ZM4	1146950	1146951	TSS_2523	.	-	262
ZM4	1152704	1152705	ZMO0940_peak_369	169.248	ZM4	1154148	1154149	TSS_2538	.	-	1444
ZM4	1163290	1163291	ZMO0940_peak_370	499.513	ZM4	1163348	1163349	TSS_2573	.	-	58
ZM4	1164145	1164146	ZMO0940_peak_371a	1157.84	ZM4	1164717	1164718	TSS_2575	.	-	572
ZM4	1164450	1164451	ZMO0940_peak_371b	8.01622	ZM4	1164717	1164718	TSS_2575	.	-	267
ZM4	1166798	1166799	ZMO0940_peak_372	23.7401	ZM4	1166496	1166497	TSS_2584	.	-	-302
ZM4	1169941	1169942	ZMO0940_peak_373	69.6269	ZM4	1169859	1169860	TSS_2589	.	-	-82
ZM4	1172048	1172049	ZMO0940_peak_374	140.931	ZM4	1171045	1171046	TSS_2592	.	-	-1003
ZM4	1176656	1176657	ZMO0940_peak_375	292.53	ZM4	1176582	1176583	TSS_2618	.	+	74
ZM4	1177560	1177561	ZMO0940_peak_376a	13.9422	ZM4	1176964	1176965	TSS_2620	.	+	596
ZM4	1177712	1177713	ZMO0940_peak_376b	13.9177	ZM4	1176964	1176965	TSS_2620	.	+	748
ZM4	1179558	1179559	ZMO0940_peak_377	121.99	ZM4	1179567	1179568	TSS_2624	.	+	-9
ZM4	1183389	1183390	ZMO0940_peak_378	19.9283	ZM4	1184548	1184549	TSS_2634	.	-	1159
ZM4	1189137	1189138	ZMO0940_peak_379	25.179	ZM4	1189129	1189130	TSS_2641	.	+	8
ZM4	1190172	1190173	ZMO0940_peak_380	159.397	ZM4	1189657	1189658	TSS_2644	.	-	-515
ZM4	1193195	1193196	ZMO0940_peak_381	2069.07	ZM4	1194887	1194888	TSS_2649	.	-	1692
ZM4	1194833	1194834	ZMO0940_peak_382	737.684	ZM4	1194887	1194888	TSS_2649	.	-	54
ZM4	1196920	1196921	ZMO0940_peak_383	70.158	ZM4	1197156	1197157	TSS_2652	.	-	236
ZM4	1198790	1198791	ZMO0940_peak_384	8.41262	ZM4	1198920	1198921	TSS_2655	.	-	130
ZM4	1199502	1199503	ZMO0940_peak_385	287.721	ZM4	1199496	1199497	TSS_2659	.	-	-6
ZM4	1201800	1201801	ZMO0940_peak_386	1004.16	ZM4	1202318	1202319	TSS_2664	.	-	518
ZM4	1202393	1202394	ZMO0940_peak_387a	225.561	ZM4	1202368	1202369	TSS_2665	.	-	-25
ZM4	1202702	1202703	ZMO0940_peak_387b	3373.8	ZM4	1202368	1202369	TSS_2665	.	-	-334
ZM4	1208190	1208191	ZMO0940_peak_388	214.727	ZM4	1208156	1208157	TSS_2678	.	-	-34
ZM4	1212702	1212703	ZMO0940_peak_389	194.205	ZM4	1212228	1212229	TSS_2686	.	+	474
ZM4	1215144	1215145	ZMO0940_peak_390	84.4456	ZM4	1212228	1212229	TSS_2686	.	+	2916
ZM4	1216808	1216809	ZMO0940_peak_391	93.1548	ZM4	1212228	1212229	TSS_2686	.	+	4580
ZM4	1217835	1217836	ZMO0940_peak_392	2758.1	ZM4	1212228	1212229	TSS_2686	.	+	5607
ZM4	1219114	1219115	ZMO0940_peak_393	540.904	ZM4	1225593	1225594	TSS_2694	.	+	-6479
ZM4	1221496	1221497	ZMO0940_peak_394	141.602	ZM4	1225593	1225594	TSS_2694	.	+	-4097
ZM4	1223142	1223143	ZMO0940_peak_395	816.881	ZM4	1225593	1225594	TSS_2694	.	+	-2451
ZM4	1224040	1224041	ZMO0940_peak_396	217.397	ZM4	1225593	1225594	TSS_2694	.	+	-1553
ZM4	1224628	1224629	ZMO0940_peak_397	22.0608	ZM4	1225593	1225594	TSS_2694	.	+	-965
ZM4	1226924	1226925	ZMO0940_peak_398	46.8117	ZM4	1226918	1226919	TSS_2697	.	+	6
ZM4	1230911	1230912	ZMO0940_peak_399	1647.7	ZM4	1230974	1230975	TSS_2704	.	-	63
ZM4	1236239	1236240	ZMO0940_peak_400	70.7061	ZM4	1236263	1236264	TSS_2716	.	-	24
ZM4	1240165	1240166	ZMO0940_peak_401	194.656	ZM4	1239864	1239865	TSS_2742	.	+	301
ZM4	1242113	1242114	ZMO0940_peak_402	1332.23	ZM4	1242123	1242124	TSS_2746	.	+	-10
ZM4	1244877	1244878	ZMO0940_peak_403	86.7719	ZM4	1244612	1244613	TSS_2762	.	+	265
ZM4	1245247	1245248	ZMO0940_peak_404	95.778	ZM4	1245168	1245169	TSS_2763	.	+	79
ZM4	1248120	1248121	ZMO0940_peak_405	2785.9	ZM4	1248120	1248121	TSS_2769	.	-	0
ZM4	1250542	1250543	ZMO0940_peak_406	635.202	ZM4	1250594	1250595	TSS_2779	.	+	-52
ZM4	1256576	1256577	ZMO0940_peak_407	6516.99	ZM4	1255857	1255858	TSS_2803	.	+	719
ZM4	1260933	1260934	ZMO0940_peak_408	556.84	ZM4	1260890	1260891	TSS_2807	.	-	-43
ZM4	1264583	1264584	ZMO0940_peak_409	4703.02	ZM4	1264569	1264570	TSS_2830	.	-	-14
ZM4	1269091	1269092	ZMO0940_peak_410	2330.07	ZM4	1268345	1268346	TSS_2851	.	+	746
ZM4	1269765	1269766	ZMO0940_peak_411	99.6062	ZM4	1270888	1270889	TSS_2852	.	-	1123
ZM4	1276004	1276005	ZMO0940_peak_412	210.222	ZM4	1278786	1278787	TSS_2859	.	+	-2782
ZM4	1278036	1278037	ZMO0940_peak_413	400.849	ZM4	1278786	1278787	TSS_2859	.	+	-750
ZM4	1278762	1278763	ZMO0940_peak_414	1350.88	ZM4	1278786	1278787	TSS_2859	.	+	-24
ZM4	1282328	1282329	ZMO0940_peak_415	679.729	ZM4	1283501	1283502	TSS_2860	.	+	-1173
ZM4	1286424	1286425	ZMO0940_peak_416	2662.51	ZM4	1286430	1286431	TSS_2868	.	+	-6
ZM4	1291723	1291724	ZMO0940_peak_417	610.488	ZM4	1292464	1292465	TSS_2883	.	-	741
ZM4	1292854	1292855	ZMO0940_peak_418	303.668	ZM4	1292554	1292555	TSS_2884	.	+	300
ZM4	1293819	1293820	ZMO0940_peak_419a	95.4425	ZM4	1292554	1292555	TSS_2884	.	+	1265
ZM4	1294121	1294122	ZMO0940_peak_419b	180.004	ZM4	1292554	1292555	TSS_2884	.	+	1567
ZM4	1298008	1298009	ZMO0940_peak_420a	38.3294	ZM4	1297477	1297478	TSS_2904	.	+	531
ZM4	1298246	1298247	ZMO0940_peak_420b	763.531	ZM4	1297477	1297478	TSS_2904	.	+	769
ZM4	1298864	1298865	ZMO0940_peak_421	441.38	ZM4	1297477	1297478	TSS_2904	.	+	1387
ZM4	1301355	1301356	ZMO0940_peak_422	91.3384	ZM4	1302227	1302228	TSS_2906	.	-	872
ZM4	1302596	1302597	ZMO0940_peak_423	607.309	ZM4	1302461	1302462	TSS_2908	.	-	-135
ZM4	1307745	1307746	ZMO0940_peak_424a	8843.52	ZM4	1307713	1307714	TSS_2933	.	-	-32
ZM4	1308133	1308134	ZMO0940_peak_424b	1268.71	ZM4	1308264	1308265	TSS_2934	.	+	-131
ZM4	1309712	1309713	ZMO0940_peak_425	62.1039	ZM4	1308264	1308265	TSS_2934	.	+	1448
ZM4	1312976	1312977	ZMO0940_peak_426	68.2721	ZM4	1312976	1312977	TSS_2941	.	+	0
ZM4	1315298	1315299	ZMO0940_peak_427a	1074.42	ZM4	1315308	1315309	TSS_2945	.	+	-10
ZM4	1315632	1315633	ZMO0940_peak_427b	35.0835	ZM4	1315843	1315844	TSS_2947	.	+	-211
ZM4	1316003	1316004	ZMO0940_peak_428	6.07233	ZM4	1316003	1316004	TSS_2951	.	+	0
ZM4	1316496	1316497	ZMO0940_peak_429	72.4359	ZM4	1316003	1316004	TSS_2951	.	+	493
ZM4	1316975	1316976	ZMO0940_peak_430	608.835	ZM4	1316003	1316004	TSS_2951	.	+	972
ZM4	1317656	1317657	ZMO0940_peak_431	40.5182	ZM4	1316003	1316004	TSS_2951	.	+	1653
ZM4	1318490	1318491	ZMO0940_peak_432	50.8381	ZM4	1316003	1316004	TSS_2951	.	+	2487
ZM4	1319776	1319777	ZMO0940_peak_433	444.205	ZM4	1322319	1322320	TSS_2955	.	-	2543
ZM4	1320572	1320573	ZMO0940_peak_434	198.407	ZM4	1322319	1322320	TSS_2955	.	-	1747
ZM4	1321731	1321732	ZMO0940_peak_435a	47.6737	ZM4	1322319	1322320	TSS_2955	.	-	588
ZM4	1321978	1321979	ZMO0940_peak_435b	23.0725	ZM4	1322319	1322320	TSS_2955	.	-	341
ZM4	1325296	1325297	ZMO0940_peak_436	2024.59	ZM4	1323682	1323683	TSS_2966	.	-	-1614
ZM4	1329588	1329589	ZMO0940_peak_437a	13.1137	ZM4	1330247	1330248	TSS_2975	.	+	-659
ZM4	1329827	1329828	ZMO0940_peak_437b	272.845	ZM4	1330247	1330248	TSS_2975	.	+	-420
ZM4	1331699	1331700	ZMO0940_peak_438	82.7514	ZM4	1331692	1331693	TSS_2980	.	+	7
ZM4	1332451	1332452	ZMO0940_peak_439	68.5689	ZM4	1331692	1331693	TSS_2980	.	+	759
ZM4	1334522	1334523	ZMO0940_peak_440	39.2857	ZM4	1334504	1334505	TSS_2982	.	-	-18
ZM4	1335421	1335422	ZMO0940_peak_441	380.611	ZM4	1335874	1335875	TSS_2983	.	-	453
ZM4	1335840	1335841	ZMO0940_peak_442	69.9537	ZM4	1335874	1335875	TSS_2983	.	-	34
ZM4	1337532	1337533	ZMO0940_peak_443	17.3088	ZM4	1338535	1338536	TSS_2986	.	-	1003
ZM4	1341875	1341876	ZMO0940_peak_444a	82.4181	ZM4	1341676	1341677	TSS_2995	.	+	199
ZM4	1342052	1342053	ZMO0940_peak_444b	49.1089	ZM4	1342259	1342260	TSS_2996	.	+	-207
ZM4	1350249	1350250	ZMO0940_peak_445	81.6285	ZM4	1351697	1351698	TSS_3020	.	+	-1448
ZM4	1352674	1352675	ZMO0940_peak_446	9989.48	ZM4	1352574	1352575	TSS_3025	.	+	100
ZM4	1353293	1353294	ZMO0940_peak_447	441.38	ZM4	1353460	1353461	TSS_3027	.	-	167
ZM4	1356469	1356470	ZMO0940_peak_448a	5486.5	ZM4	1354468	1354469	TSS_3031	.	+	2001
ZM4	1356766	1356767	ZMO0940_peak_448b	30.2641	ZM4	1358472	1358473	TSS_3032	.	-	1706
ZM4	1357400	1357401	ZMO0940_peak_449	58.6542	ZM4	1358472	1358473	TSS_3032	.	-	1072
ZM4	1358820	1358821	ZMO0940_peak_450	57.256	ZM4	1358762	1358763	TSS_3046	.	+	58
ZM4	1362312	1362313	ZMO0940_peak_451	32.5063	ZM4	1362997	1362998	TSS_3050	.	-	685
ZM4	1363168	1363169	ZMO0940_peak_452	12.7545	ZM4	1362997	1362998	TSS_3050	.	-	-171
ZM4	1363765	1363766	ZMO0940_peak_453	130.989	ZM4	1363959	1363960	TSS_3053	.	-	194
ZM4	1368117	1368118	ZMO0940_peak_454	58.9531	ZM4	1368619	1368620	TSS_3069	.	-	502
ZM4	1368684	1368685	ZMO0940_peak_455	100.807	ZM4	1368730	1368731	TSS_3070	.	-	46
ZM4	1370438	1370439	ZMO0940_peak_456	96.0337	ZM4	1370688	1370689	TSS_3082	.	-	250
ZM4	1377712	1377713	ZMO0940_peak_457	229.901	ZM4	1377709	1377710	TSS_3118	.	-	-3
ZM4	1381385	1381386	ZMO0940_peak_458a	18.2242	ZM4	1379883	1379884	TSS_3124	.	+	1502
ZM4	1381636	1381637	ZMO0940_peak_458b	322.439	ZM4	1383305	1383306	TSS_3129	.	+	-1669
ZM4	1381984	1381985	ZMO0940_peak_458c	567.818	ZM4	1383305	1383306	TSS_3129	.	+	-1321
ZM4	1383201	1383202	ZMO0940_peak_459	4163.79	ZM4	1383305	1383306	TSS_3129	.	+	-104
ZM4	1386899	1386900	ZMO0940_peak_460	827.276	ZM4	1387850	1387851	TSS_3139	.	-	951
ZM4	1387478	1387479	ZMO0940_peak_461	58.3047	ZM4	1387850	1387851	TSS_3139	.	-	372
ZM4	1388462	1388463	ZMO0940_peak_462	44.7935	ZM4	1388128	1388129	TSS_3143	.	+	334
ZM4	1389357	1389358	ZMO0940_peak_463	7.94254	ZM4	1388128	1388129	TSS_3143	.	+	1229
ZM4	1389881	1389882	ZMO0940_peak_464	106.043	ZM4	1388128	1388129	TSS_3143	.	+	1753
ZM4	1395410	1395411	ZMO0940_peak_465	4739.44	ZM4	1395415	1395416	TSS_3155	.	-	5
ZM4	1395938	1395939	ZMO0940_peak_466	611.512	ZM4	1395415	1395416	TSS_3155	.	-	-523
ZM4	1399185	1399186	ZMO0940_peak_467a	272.127	ZM4	1399254	1399255	TSS_3158	.	+	-69
ZM4	1399502	1399503	ZMO0940_peak_467b	35.8036	ZM4	1399293	1399294	TSS_3159	.	+	209
ZM4	1399779	1399780	ZMO0940_peak_468	120.646	ZM4	1399293	1399294	TSS_3159	.	+	486
ZM4	1409685	1409686	ZMO0940_peak_469	114.662	ZM4	1409050	1409051	TSS_3171	.	-	-635
ZM4	1413434	1413435	ZMO0940_peak_470	4266.93	ZM4	1413590	1413591	TSS_3177	.	+	-156
ZM4	1416313	1416314	ZMO0940_peak_471	40.9328	ZM4	1416987	1416988	TSS_3180	.	-	674
ZM4	1420851	1420852	ZMO0940_peak_472	191.698	ZM4	1420890	1420891	TSS_3191	.	-	39
ZM4	1424551	1424552	ZMO0940_peak_473	63.3927	ZM4	1424822	1424823	TSS_3196	.	-	271
ZM4	1429532	1429533	ZMO0940_peak_474	53.428	ZM4	1429455	1429456	TSS_3228	.	-	-77
ZM4	1435085	1435086	ZMO0940_peak_475	1555.52	ZM4	1437690	1437691	TSS_3234	.	-	2605
ZM4	1437406	1437407	ZMO0940_peak_476	182.906	ZM4	1437690	1437691	TSS_3234	.	-	284
ZM4	1438977	1438978	ZMO0940_peak_477	21889.2	ZM4	1437737	1437738	TSS_3235	.	-	-1240
ZM4	1451143	1451144	ZMO0940_peak_478a	933.464	ZM4	1451208	1451209	TSS_3251	.	-	65
ZM4	1451414	1451415	ZMO0940_peak_478b	17.6971	ZM4	1451208	1451209	TSS_3251	.	-	-206
ZM4	1452658	1452659	ZMO0940_peak_479	462.175	ZM4	1453174	1453175	TSS_3252	.	-	516
ZM4	1455236	1455237	ZMO0940_peak_480a	73.9146	ZM4	1456147	1456148	TSS_3254	.	-	911
ZM4	1455543	1455544	ZMO0940_peak_480b	106.88	ZM4	1456147	1456148	TSS_3254	.	-	604
ZM4	1458298	1458299	ZMO0940_peak_481	2.72086	ZM4	1458639	1458640	TSS_3257	.	-	341
ZM4	1459629	1459630	ZMO0940_peak_482a	9.22589	ZM4	1459607	1459608	TSS_3260	.	-	-22
ZM4	1459787	1459788	ZMO0940_peak_482b	22.8605	ZM4	1459881	1459882	TSS_3261	.	+	-94
ZM4	1462070	1462071	ZMO0940_peak_483	3806	ZM4	1462045	1462046	TSS_3264	.	-	-25
ZM4	1463145	1463146	ZMO0940_peak_484	93.8866	ZM4	1462045	1462046	TSS_3264	.	-	-1100
ZM4	1463720	1463721	ZMO0940_peak_485	1727.72	ZM4	1462045	1462046	TSS_3264	.	-	-1675
ZM4	1466919	1466920	ZMO0940_peak_486a	279.428	ZM4	1466925	1466926	TSS_3269	.	-	6
ZM4	1467175	1467176	ZMO0940_peak_486b	174.965	ZM4	1467079	1467080	TSS_3270	.	+	96
ZM4	1470982	1470983	ZMO0940_peak_487	149.076	ZM4	1468913	1468914	TSS_3272	.	-	-2069
ZM4	1473501	1473502	ZMO0940_peak_488	232.336	ZM4	1473707	1473708	TSS_3273	.	-	206
ZM4	1476218	1476219	ZMO0940_peak_489	50.962	ZM4	1476000	1476001	TSS_3276	.	+	218
ZM4	1476629	1476630	ZMO0940_peak_490	2838.05	ZM4	1476000	1476001	TSS_3276	.	+	629
ZM4	1477963	1477964	ZMO0940_peak_491	125.056	ZM4	1476000	1476001	TSS_3276	.	+	1963
ZM4	1480114	1480115	ZMO0940_peak_492	6965.65	ZM4	1480998	1480999	TSS_3279	.	-	884
ZM4	1480827	1480828	ZMO0940_peak_493a	2.48716	ZM4	1480998	1480999	TSS_3279	.	-	171
ZM4	1480976	1480977	ZMO0940_peak_493b	7.59148	ZM4	1480998	1480999	TSS_3279	.	-	22
ZM4	1481673	1481674	ZMO0940_peak_494	1193.66	ZM4	1480998	1480999	TSS_3279	.	-	-675
ZM4	1486472	1486473	ZMO0940_peak_495	225.296	ZM4	1486365	1486366	TSS_3285	.	-	-107
ZM4	1487575	1487576	ZMO0940_peak_496a	218.618	ZM4	1486365	1486366	TSS_3285	.	-	-1210
ZM4	1487881	1487882	ZMO0940_peak_496b	98.7861	ZM4	1489121	1489122	TSS_3290	.	+	-1240
ZM4	1488132	1488133	ZMO0940_peak_496c	1955.7	ZM4	1489121	1489122	TSS_3290	.	+	-989
ZM4	1489503	1489504	ZMO0940_peak_497	129.423	ZM4	1489121	1489122	TSS_3290	.	+	382
ZM4	1492547	1492548	ZMO0940_peak_498a	203.63	ZM4	1492604	1492605	TSS_3294	.	-	57
ZM4	1492826	1492827	ZMO0940_peak_498b	1002.1	ZM4	1492604	1492605	TSS_3294	.	-	-222
ZM4	1495867	1495868	ZMO0940_peak_499	240.916	ZM4	1495871	1495872	TSS_3298	.	+	-4
ZM4	1496618	1496619	ZMO0940_peak_500	64.0442	ZM4	1495948	1495949	TSS_3299	.	-	-670
ZM4	1497325	1497326	ZMO0940_peak_501	3.44131	ZM4	1495948	1495949	TSS_3299	.	-	-1377
ZM4	1498513	1498514	ZMO0940_peak_502	5890.42	ZM4	1500148	1500149	TSS_3302	.	+	-1635
ZM4	1499977	1499978	ZMO0940_peak_503	1402.2	ZM4	1500148	1500149	TSS_3302	.	+	-171
ZM4	1501310	1501311	ZMO0940_peak_504	755.949	ZM4	1501598	1501599	TSS_3304	.	-	288
ZM4	1505465	1505466	ZMO0940_peak_505a	118.323	ZM4	1505529	1505530	TSS_3319	.	-	64
ZM4	1505725	1505726	ZMO0940_peak_505b	540.488	ZM4	1505529	1505530	TSS_3319	.	-	-196
ZM4	1507215	1507216	ZMO0940_peak_506	2936.14	ZM4	1505529	1505530	TSS_3319	.	-	-1686
ZM4	1513310	1513311	ZMO0940_peak_507	132.771	ZM4	1512700	1512701	TSS_3323	.	+	610
ZM4	1514314	1514315	ZMO0940_peak_508	677.838	ZM4	1515197	1515198	TSS_3332	.	-	883
ZM4	1517081	1517082	ZMO0940_peak_509	969.524	ZM4	1517065	1517066	TSS_3342	.	+	16
ZM4	1519690	1519691	ZMO0940_peak_510a	503.062	ZM4	1518240	1518241	TSS_3374	.	+	1450
ZM4	1519856	1519857	ZMO0940_peak_510b	195.842	ZM4	1518240	1518241	TSS_3374	.	+	1616
ZM4	1520149	1520150	ZMO0940_peak_510c	3734.03	ZM4	1518240	1518241	TSS_3374	.	+	1909
ZM4	1522469	1522470	ZMO0940_peak_511	281.852	ZM4	1522536	1522537	TSS_3381	.	+	-67
ZM4	1526693	1526694	ZMO0940_peak_512	61.1302	ZM4	1527045	1527046	TSS_3390	.	-	352
ZM4	1527197	1527198	ZMO0940_peak_513	22.3701	ZM4	1527173	1527174	TSS_3393	.	-	-24
ZM4	1531733	1531734	ZMO0940_peak_514	2229.38	ZM4	1531682	1531683	TSS_3397	.	+	51
ZM4	1533251	1533252	ZMO0940_peak_515	72.1578	ZM4	1532836	1532837	TSS_3404	.	+	415
ZM4	1536026	1536027	ZMO0940_peak_516	87.2954	ZM4	1536286	1536287	TSS_3408	.	+	-260
ZM4	1538192	1538193	ZMO0940_peak_517	33.4257	ZM4	1536286	1536287	TSS_3408	.	+	1906
ZM4	1543353	1543354	ZMO0940_peak_518	796.256	ZM4	1543379	1543380	TSS_3415	.	-	26
ZM4	1546366	1546367	ZMO0940_peak_519	166.782	ZM4	1546229	1546230	TSS_3435	.	-	-137
ZM4	1547126	1547127	ZMO0940_peak_520	43.7986	ZM4	1547277	1547278	TSS_3436	.	+	-151
ZM4	1550404	1550405	ZMO0940_peak_521a	96.5774	ZM4	1550719	1550720	TSS_3456	.	+	-315
ZM4	1550654	1550655	ZMO0940_peak_521b	1171.43	ZM4	1550719	1550720	TSS_3456	.	+	-65
ZM4	1553406	1553407	ZMO0940_peak_522	82.7514	ZM4	1550719	1550720	TSS_3456	.	+	2687
ZM4	1555718	1555719	ZMO0940_peak_523	427.352	ZM4	1550719	1550720	TSS_3456	.	+	4999
ZM4	1559910	1559911	ZMO0940_peak_524	37.9848	ZM4	1562901	1562902	TSS_3466	.	-	2991
ZM4	1566950	1566951	ZMO0940_peak_525	95.9927	ZM4	1565803	1565804	TSS_3481	.	+	1147
ZM4	1567476	1567477	ZMO0940_peak_526a	545.833	ZM4	1565803	1565804	TSS_3481	.	+	1673
ZM4	1567672	1567673	ZMO0940_peak_526b	29.4228	ZM4	1565803	1565804	TSS_3481	.	+	1869
ZM4	1569191	1569192	ZMO0940_peak_527	8367.34	ZM4	1565803	1565804	TSS_3481	.	+	3388
ZM4	1573866	1573867	ZMO0940_peak_528	37.8042	ZM4	1573897	1573898	TSS_3495	.	+	-31
ZM4	1575182	1575183	ZMO0940_peak_529	19.8456	ZM4	1576170	1576171	TSS_3499	.	+	-988
ZM4	1582357	1582358	ZMO0940_peak_530	16.0719	ZM4	1583161	1583162	TSS_3516	.	+	-804
ZM4	1587709	1587710	ZMO0940_peak_531	43.311	ZM4	1587839	1587840	TSS_3521	.	+	-130
ZM4	1588159	1588160	ZMO0940_peak_532a	932.361	ZM4	1587839	1587840	TSS_3521	.	+	320
ZM4	1588530	1588531	ZMO0940_peak_532b	178.558	ZM4	1588942	1588943	TSS_3522	.	+	-412
ZM4	1588877	1588878	ZMO0940_peak_532c	52.2146	ZM4	1588942	1588943	TSS_3522	.	+	-65
ZM4	1590508	1590509	ZMO0940_peak_533	54.4181	ZM4	1590449	1590450	TSS_3523	.	+	59
ZM4	1591732	1591733	ZMO0940_peak_534	36.209	ZM4	1590726	1590727	TSS_3525	.	+	1006
ZM4	1592498	1592499	ZMO0940_peak_535a	1783.5	ZM4	1593641	1593642	TSS_3527	.	+	-1143
ZM4	1592668	1592669	ZMO0940_peak_535b	5514.22	ZM4	1593641	1593642	TSS_3527	.	+	-973
ZM4	1595834	1595835	ZMO0940_peak_536a	6.17443	ZM4	1596788	1596789	TSS_3537	.	-	954
ZM4	1595997	1595998	ZMO0940_peak_536b	12.439	ZM4	1596788	1596789	TSS_3537	.	-	791
ZM4	1598509	1598510	ZMO0940_peak_537	54.6902	ZM4	1597152	1597153	TSS_3540	.	+	1357
ZM4	1604571	1604572	ZMO0940_peak_538	248.667	ZM4	1604521	1604522	TSS_3543	.	-	-50
ZM4	1604952	1604953	ZMO0940_peak_539	71.5813	ZM4	1605086	1605087	TSS_3544	.	+	-134
ZM4	1608756	1608757	ZMO0940_peak_540	4522.69	ZM4	1607609	1607610	TSS_3547	.	+	1147
ZM4	1609386	1609387	ZMO0940_peak_541	129.577	ZM4	1609991	1609992	TSS_3550	.	+	-605
ZM4	1615519	1615520	ZMO0940_peak_542	3425.28	ZM4	1620985	1620986	TSS_3553	.	+	-5466
ZM4	1621501	1621502	ZMO0940_peak_543	407.088	ZM4	1620990	1620991	TSS_3554	.	+	511
ZM4	1626765	1626766	ZMO0940_peak_544	16581.5	ZM4	1627080	1627081	TSS_3564	.	+	-315
ZM4	1630125	1630126	ZMO0940_peak_545a	82.3972	ZM4	1627080	1627081	TSS_3564	.	+	3045
ZM4	1630346	1630347	ZMO0940_peak_545b	91.8983	ZM4	1627080	1627081	TSS_3564	.	+	3266
ZM4	1632423	1632424	ZMO0940_peak_546	546.141	ZM4	1633836	1633837	TSS_3567	.	-	1413
ZM4	1636476	1636477	ZMO0940_peak_547	66.6404	ZM4	1636761	1636762	TSS_3575	.	+	-285
ZM4	1648386	1648387	ZMO0940_peak_548a	489.086	ZM4	1648656	1648657	TSS_3598	.	-	270
ZM4	1648651	1648652	ZMO0940_peak_548b	159.938	ZM4	1648656	1648657	TSS_3598	.	-	5
ZM4	1654993	1654994	ZMO0940_peak_549	846.356	ZM4	1655015	1655016	TSS_3630	.	+	-22
ZM4	1660490	1660491	ZMO0940_peak_550	562.848	ZM4	1661980	1661981	TSS_3641	.	-	1490
ZM4	1664225	1664226	ZMO0940_peak_551	110.58	ZM4	1663342	1663343	TSS_3650	.	+	883
ZM4	1669153	1669154	ZMO0940_peak_552	39.7013	ZM4	1669286	1669287	TSS_3662	.	+	-133
ZM4	1670642	1670643	ZMO0940_peak_553	244.503	ZM4	1671640	1671641	TSS_3666	.	+	-998
ZM4	1676115	1676116	ZMO0940_peak_554	327.893	ZM4	1676953	1676954	TSS_3667	.	-	838
ZM4	1677088	1677089	ZMO0940_peak_555	137.391	ZM4	1676955	1676956	TSS_3668	.	-	-133
ZM4	1679934	1679935	ZMO0940_peak_556a	625.622	ZM4	1679692	1679693	TSS_3672	.	-	-242
ZM4	1680114	1680115	ZMO0940_peak_556b	121.848	ZM4	1679692	1679693	TSS_3672	.	-	-422
ZM4	1681917	1681918	ZMO0940_peak_557	466.961	ZM4	1681866	1681867	TSS_3678	.	-	-51
ZM4	1683719	1683720	ZMO0940_peak_558	71.2244	ZM4	1683995	1683996	TSS_3686	.	+	-276
ZM4	1686241	1686242	ZMO0940_peak_559	3001.45	ZM4	1685537	1685538	TSS_3691	.	+	704
ZM4	1688047	1688048	ZMO0940_peak_560	36.6296	ZM4	1687584	1687585	TSS_3697	.	-	-463
ZM4	1704670	1704671	ZMO0940_peak_561	79.5612	ZM4	1704249	1704250	TSS_3732	.	+	421
ZM4	1705379	1705380	ZMO0940_peak_562	2501.03	ZM4	1705407	1705408	TSS_3734	.	+	-28
ZM4	1708219	1708220	ZMO0940_peak_563	3376.6	ZM4	1708308	1708309	TSS_3740	.	+	-89
ZM4	1709804	1709805	ZMO0940_peak_564	73.3737	ZM4	1708737	1708738	TSS_3741	.	+	1067
ZM4	1715183	1715184	ZMO0940_peak_565a	1.43221	ZM4	1715213	1715214	TSS_3747	.	+	-30
ZM4	1715381	1715382	ZMO0940_peak_565b	7.58104	ZM4	1715213	1715214	TSS_3747	.	+	168
ZM4	1715517	1715518	ZMO0940_peak_565c	3.8073	ZM4	1715213	1715214	TSS_3747	.	+	304
ZM4	1717217	1717218	ZMO0940_peak_566	423.684	ZM4	1716982	1716983	TSS_3752	.	+	235
ZM4	1721581	1721582	ZMO0940_peak_567	417.715	ZM4	1721797	1721798	TSS_3760	.	-	216
ZM4	1725618	1725619	ZMO0940_peak_568	87.2954	ZM4	1725645	1725646	TSS_3765	.	-	27
ZM4	1726119	1726120	ZMO0940_peak_569	57.1487	ZM4	1725645	1725646	TSS_3765	.	-	-474
ZM4	1726671	1726672	ZMO0940_peak_570	2113.14	ZM4	1726705	1726706	TSS_3767	.	+	-34
ZM4	1728444	1728445	ZMO0940_peak_571a	10.6594	ZM4	1729998	1729999	TSS_3768	.	+	-1554
ZM4	1728642	1728643	ZMO0940_peak_571b	30.7334	ZM4	1729998	1729999	TSS_3768	.	+	-1356
ZM4	1730323	1730324	ZMO0940_peak_572	370.573	ZM4	1730155	1730156	TSS_3769	.	+	168
ZM4	1731943	1731944	ZMO0940_peak_573	170.964	ZM4	1731666	1731667	TSS_3771	.	+	277
ZM4	1733444	1733445	ZMO0940_peak_574a	415.296	ZM4	1734703	1734704	TSS_3772	.	+	-1259
ZM4	1733637	1733638	ZMO0940_peak_574b	38.7589	ZM4	1734703	1734704	TSS_3772	.	+	-1066
ZM4	1734615	1734616	ZMO0940_peak_575	150.977	ZM4	1734703	1734704	TSS_3772	.	+	-88
ZM4	1745166	1745167	ZMO0940_peak_576a	453.09	ZM4	1746747	1746748	TSS_3787	.	-	1581
ZM4	1745602	1745603	ZMO0940_peak_576b	308.497	ZM4	1746747	1746748	TSS_3787	.	-	1145
ZM4	1749257	1749258	ZMO0940_peak_577	265.857	ZM4	1748683	1748684	TSS_3804	.	+	574
ZM4	1751192	1751193	ZMO0940_peak_578	448.263	ZM4	1751423	1751424	TSS_3806	.	-	231
ZM4	1751986	1751987	ZMO0940_peak_579	31698.6	ZM4	1751658	1751659	TSS_3808	.	+	328
ZM4	1754213	1754214	ZMO0940_peak_580	37.7143	ZM4	1752975	1752976	TSS_3809	.	-	-1238
ZM4	1755537	1755538	ZMO0940_peak_581a	7.4199	ZM4	1755522	1755523	TSS_3815	.	+	15
ZM4	1755704	1755705	ZMO0940_peak_581b	93.8338	ZM4	1755577	1755578	TSS_3816	.	+	127
ZM4	1761153	1761154	ZMO0940_peak_582	43.146	ZM4	1761090	1761091	TSS_3831	.	+	63
ZM4	1763784	1763785	ZMO0940_peak_583	48.2172	ZM4	1763800	1763801	TSS_3839	.	-	16
ZM4	1767011	1767012	ZMO0940_peak_584	272.978	ZM4	1766945	1766946	TSS_3864	.	+	66
ZM4	1768062	1768063	ZMO0940_peak_585a	251.604	ZM4	1768475	1768476	TSS_3866	.	+	-413
ZM4	1768214	1768215	ZMO0940_peak_585b	115.51	ZM4	1768475	1768476	TSS_3866	.	+	-261
ZM4	1768876	1768877	ZMO0940_peak_586	10531.4	ZM4	1768545	1768546	TSS_3874	.	+	331
ZM4	1776846	1776847	ZMO0940_peak_587a	31.2633	ZM4	1776972	1776973	TSS_3891	.	-	126
ZM4	1777095	1777096	ZMO0940_peak_587b	57.3807	ZM4	1776972	1776973	TSS_3891	.	-	-123
ZM4	1779126	1779127	ZMO0940_peak_588	25.3974	ZM4	1779117	1779118	TSS_3896	.	-	-9
ZM4	1780327	1780328	ZMO0940_peak_589	2862.89	ZM4	1780429	1780430	TSS_3907	.	+	-102
ZM4	1782628	1782629	ZMO0940_peak_590a	967.353	ZM4	1783917	1783918	TSS_3909	.	-	1289
ZM4	1782964	1782965	ZMO0940_peak_590b	24818.7	ZM4	1783917	1783918	TSS_3909	.	-	953
ZM4	1787693	1787694	ZMO0940_peak_591	355.499	ZM4	1787442	1787443	TSS_3916	.	-	-251
ZM4	1789542	1789543	ZMO0940_peak_592	60.0487	ZM4	1788630	1788631	TSS_3919	.	-	-912
ZM4	1791471	1791472	ZMO0940_peak_593	56.6003	ZM4	1792394	1792395	TSS_3923	.	-	923
ZM4	1791814	1791815	ZMO0940_peak_594	82.8012	ZM4	1792394	1792395	TSS_3923	.	-	580
ZM4	1794317	1794318	ZMO0940_peak_595	50.95	ZM4	1794364	1794365	TSS_3925	.	+	-47
ZM4	1795665	1795666	ZMO0940_peak_596	283.117	ZM4	1794544	1794545	TSS_3928	.	+	1121
ZM4	1796235	1796236	ZMO0940_peak_597a	502.517	ZM4	1796927	1796928	TSS_3931	.	+	-692
ZM4	1796413	1796414	ZMO0940_peak_597b	1030.07	ZM4	1796927	1796928	TSS_3931	.	+	-514
ZM4	1796742	1796743	ZMO0940_peak_597c	8.88813	ZM4	1796927	1796928	TSS_3931	.	+	-185
ZM4	1798062	1798063	ZMO0940_peak_598	356.47	ZM4	1798073	1798074	TSS_3960	.	+	-11
ZM4	1800669	1800670	ZMO0940_peak_599	133.251	ZM4	1800736	1800737	TSS_3964	.	-	67
ZM4	1811351	1811352	ZMO0940_peak_600	29.8832	ZM4	1811258	1811259	TSS_3980	.	-	-93
ZM4	1816452	1816453	ZMO0940_peak_601	14172.2	ZM4	1816476	1816477	TSS_3989	.	-	24
ZM4	1820393	1820394	ZMO0940_peak_602	35.5219	ZM4	1820186	1820187	TSS_3996	.	-	-207
ZM4	1821148	1821149	ZMO0940_peak_603	39.2691	ZM4	1821000	1821001	TSS_3999	.	+	148
ZM4	1825985	1825986	ZMO0940_peak_604a	187.075	ZM4	1826464	1826465	TSS_4004	.	-	479
ZM4	1826160	1826161	ZMO0940_peak_604b	983.892	ZM4	1826464	1826465	TSS_4004	.	-	304
ZM4	1827449	1827450	ZMO0940_peak_605	1724.55	ZM4	1827380	1827381	TSS_4024	.	-	-69
ZM4	1832864	1832865	ZMO0940_peak_606	163.623	ZM4	1834544	1834545	TSS_4033	.	+	-1680
ZM4	1835742	1835743	ZMO0940_peak_607	520.744	ZM4	1834932	1834933	TSS_4037	.	+	810
ZM4	1837739	1837740	ZMO0940_peak_608	192.808	ZM4	1840491	1840492	TSS_4059	.	-	2752
ZM4	1838806	1838807	ZMO0940_peak_609	62.7071	ZM4	1840491	1840492	TSS_4059	.	-	1685
ZM4	1842530	1842531	ZMO0940_peak_610	41.2433	ZM4	1842683	1842684	TSS_4069	.	+	-153
ZM4	1845945	1845946	ZMO0940_peak_611	13470.8	ZM4	1845879	1845880	TSS_4080	.	+	66
ZM4	1849919	1849920	ZMO0940_peak_612	334.787	ZM4	1849748	1849749	TSS_4086	.	-	-171
ZM4	1850846	1850847	ZMO0940_peak_613	5645.03	ZM4	1849748	1849749	TSS_4086	.	-	-1098
ZM4	1852366	1852367	ZMO0940_peak_614	332.253	ZM4	1849748	1849749	TSS_4086	.	-	-2618
ZM4	1857445	1857446	ZMO0940_peak_615	4006.01	ZM4	1857841	1857842	TSS_4089	.	-	396
ZM4	1859758	1859759	ZMO0940_peak_616	996.765	ZM4	1860550	1860551	TSS_4092	.	-	792
ZM4	1862069	1862070	ZMO0940_peak_617	276.406	ZM4	1860551	1860552	TSS_4093	.	-	-1518
ZM4	1867872	1867873	ZMO0940_peak_618	2956.67	ZM4	1868635	1868636	TSS_4103	.	+	-763
ZM4	1868424	1868425	ZMO0940_peak_619	104.818	ZM4	1868635	1868636	TSS_4103	.	+	-211
ZM4	1874991	1874992	ZMO0940_peak_620	42.6735	ZM4	1874059	1874060	TSS_4106	.	+	932
ZM4	1885067	1885068	ZMO0940_peak_621	371.826	ZM4	1884937	1884938	TSS_4122	.	-	-130
ZM4	1888170	1888171	ZMO0940_peak_622	981.145	ZM4	1888831	1888832	TSS_4130	.	-	661
ZM4	1890193	1890194	ZMO0940_peak_623a	203.783	ZM4	1890387	1890388	TSS_4135	.	+	-194
ZM4	1890398	1890399	ZMO0940_peak_623b	132.471	ZM4	1890387	1890388	TSS_4135	.	+	11
ZM4	1890922	1890923	ZMO0940_peak_624	143.754	ZM4	1890387	1890388	TSS_4135	.	+	535
ZM4	1892268	1892269	ZMO0940_peak_625	58.5724	ZM4	1893190	1893191	TSS_4138	.	-	922
ZM4	1893352	1893353	ZMO0940_peak_626	1763.36	ZM4	1893193	1893194	TSS_4139	.	-	-159
ZM4	1897617	1897618	ZMO0940_peak_627	589.371	ZM4	1895930	1895931	TSS_4141	.	-	-1687
ZM4	1900668	1900669	ZMO0940_peak_628	3310.22	ZM4	1895930	1895931	TSS_4141	.	-	-4738
ZM4	1908846	1908847	ZMO0940_peak_629	34.4999	ZM4	1908781	1908782	TSS_4144	.	-	-65
ZM4	1914520	1914521	ZMO0940_peak_630a	3356.3	ZM4	1910302	1910303	TSS_4149	.	-	-4218
ZM4	1914784	1914785	ZMO0940_peak_630b	1.95998	ZM4	1910302	1910303	TSS_4149	.	-	-4482
ZM4	1920330	1920331	ZMO0940_peak_631	24.9009	ZM4	1922589	1922590	TSS_4158	.	-	2259
ZM4	1921931	1921932	ZMO0940_peak_632a	48.882	ZM4	1922589	1922590	TSS_4158	.	-	658
ZM4	1922112	1922113	ZMO0940_peak_632b	436.127	ZM4	1922589	1922590	TSS_4158	.	-	477
ZM4	1922765	1922766	ZMO0940_peak_633	105.172	ZM4	1922694	1922695	TSS_4160	.	-	-71
ZM4	1923895	1923896	ZMO0940_peak_634	23.3488	ZM4	1924136	1924137	TSS_4167	.	-	241
ZM4	1927187	1927188	ZMO0940_peak_635	115.467	ZM4	1927204	1927205	TSS_4174	.	-	17
ZM4	1928124	1928125	ZMO0940_peak_636	1599.18	ZM4	1928140	1928141	TSS_4184	.	+	-16
ZM4	1928930	1928931	ZMO0940_peak_637	1266.07	ZM4	1929478	1929479	TSS_4188	.	+	-548
ZM4	1934362	1934363	ZMO0940_peak_638	846.593	ZM4	1934578	1934579	TSS_4203	.	+	-216
ZM4	1934713	1934714	ZMO0940_peak_639a	60.2632	ZM4	1934616	1934617	TSS_4217	.	+	97
ZM4	1934973	1934974	ZMO0940_peak_639b	5.14557	ZM4	1934616	1934617	TSS_4217	.	+	357
ZM4	1936147	1936148	ZMO0940_peak_640	26785.7	ZM4	1934616	1934617	TSS_4217	.	+	1531
ZM4	1939247	1939248	ZMO0940_peak_641	933.875	ZM4	1939167	1939168	TSS_4219	.	-	-80
ZM4	1948445	1948446	ZMO0940_peak_642	20100.2	ZM4	1950035	1950036	TSS_4246	.	-	1590
ZM4	1950398	1950399	ZMO0940_peak_643	291.665	ZM4	1950035	1950036	TSS_4246	.	-	-363
ZM4	1953098	1953099	ZMO0940_peak_644a	6.22202	ZM4	1953176	1953177	TSS_4249	.	-	78
ZM4	1953257	1953258	ZMO0940_peak_644b	165.803	ZM4	1953179	1953180	TSS_4251	.	-	-78
ZM4	1957458	1957459	ZMO0940_peak_645a	591.077	ZM4	1957009	1957010	TSS_4266	.	+	449
ZM4	1957854	1957855	ZMO0940_peak_645b	2145.4	ZM4	1957009	1957010	TSS_4266	.	+	845
ZM4	1959655	1959656	ZMO0940_peak_646	990.166	ZM4	1958887	1958888	TSS_4269	.	-	-768
ZM4	1966659	1966660	ZMO0940_peak_647	69.3868	ZM4	1965804	1965805	TSS_4298	.	+	855
ZM4	1973040	1973041	ZMO0940_peak_648	5648.06	ZM4	1973040	1973041	TSS_4317	.	+	0
ZM4	1978175	1978176	ZMO0940_peak_649	4312.43	ZM4	1977451	1977452	TSS_4324	.	+	724
ZM4	2013201	2013202	ZMO0940_peak_650	117.907	ZM4	2013493	2013494	TSS_4384	.	-	292
ZM4	2017189	2017190	ZMO0940_peak_651	797.845	ZM4	2017407	2017408	TSS_4390	.	-	218
ZM4	2019924	2019925	ZMO0940_peak_652	1188.57	ZM4	2020203	2020204	TSS_4393	.	-	279
ZM4	2021314	2021315	ZMO0940_peak_653a	43.2263	ZM4	2020374	2020375	TSS_4395	.	-	-940
ZM4	2021437	2021438	ZMO0940_peak_653b	51.988	ZM4	2020374	2020375	TSS_4395	.	-	-1063
ZM4	2022343	2022344	ZMO0940_peak_654	7.86756	ZM4	2020374	2020375	TSS_4395	.	-	-1969
ZM4	2026691	2026692	ZMO0940_peak_655	402.715	ZM4	2025846	2025847	TSS_4400	.	-	-845
ZM4	2027870	2027871	ZMO0940_peak_656	47.3841	ZM4	2025846	2025847	TSS_4400	.	-	-2024
ZM4	2030498	2030499	ZMO0940_peak_657	1895.08	ZM4	2031057	2031058	TSS_4404	.	+	-559
ZM4	2032582	2032583	ZMO0940_peak_658	118.188	ZM4	2033927	2033928	TSS_4406	.	-	1345
ZM4	2036125	2036126	ZMO0940_peak_659	349.332	ZM4	2035817	2035818	TSS_4411	.	-	-308
ZM4	2036549	2036550	ZMO0940_peak_660	208.378	ZM4	2036639	2036640	TSS_4412	.	+	-90
ZM4	2040412	2040413	ZMO0940_peak_661	219.267	ZM4	2043114	2043115	TSS_4414	.	-	2702
ZM4	2045653	2045654	ZMO0940_peak_662	195.586	ZM4	2045899	2045900	TSS_4417	.	+	-246
ZM4	2046296	2046297	ZMO0940_peak_663	159.016	ZM4	2045899	2045900	TSS_4417	.	+	397
ZM4	2046957	2046958	ZMO0940_peak_664	54.1588	ZM4	2045899	2045900	TSS_4417	.	+	1058
ZM4	2047571	2047572	ZMO0940_peak_665	81.8272	ZM4	2045899	2045900	TSS_4417	.	+	1672
ZM4	2048434	2048435	ZMO0940_peak_666	202.444	ZM4	2045899	2045900	TSS_4417	.	+	2535
ZM4	2049518	2049519	ZMO0940_peak_667	41.9987	ZM4	2052954	2052955	TSS_4422	.	+	-3436
ZM4	2050387	2050388	ZMO0940_peak_668	501.381	ZM4	2052954	2052955	TSS_4422	.	+	-2567
ZM4	2053632	2053633	ZMO0940_peak_669	531.901	ZM4	2053613	2053614	TSS_4423	.	+	19
pZM32	409	410	ZMO0940_peak_670	1300.48	pZM32	4033	4034	TSS_4431	.	+	-3624
pZM32	6869	6870	ZMO0940_peak_671a	37.0519	pZM32	5676	5677	TSS_4434	.	+	1193
pZM32	7130	7131	ZMO0940_peak_671b	68.042	pZM32	5676	5677	TSS_4434	.	+	1454
pZM32	7716	7717	ZMO0940_peak_672	42.7026	pZM32	5676	5677	TSS_4434	.	+	2040
pZM32	8566	8567	ZMO0940_peak_673a	164.708	pZM32	11376	11377	TSS_4444	.	-	2810
pZM32	8820	8821	ZMO0940_peak_673b	2617.1	pZM32	11376	11377	TSS_4444	.	-	2556
pZM32	9970	9971	ZMO0940_peak_674	202.864	pZM32	11376	11377	TSS_4444	.	-	1406
pZM32	11489	11490	ZMO0940_peak_675a	1.60417	pZM32	11401	11402	TSS_4446	.	-	-88
pZM32	11721	11722	ZMO0940_peak_675b	11.1873	pZM32	11969	11970	TSS_4449	.	+	-248
pZM32	13208	13209	ZMO0940_peak_676	507.454	pZM32	14287	14288	TSS_4453	.	+	-1079
pZM32	13632	13633	ZMO0940_peak_677	28.1848	pZM32	14287	14288	TSS_4453	.	+	-655
pZM33	1349	1350	ZMO0940_peak_678	60.3106	pZM33	1943	1944	TSS_4496	.	-	594
pZM33	4765	4766	ZMO0940_peak_679	39.1902	pZM33	4574	4575	TSS_4504	.	-	-191
pZM33	9164	9165	ZMO0940_peak_680	41.8144	pZM33	8824	8825	TSS_4508	.	+	340
pZM33	10288	10289	ZMO0940_peak_681	1400.22	pZM33	10339	10340	TSS_4510	.	+	-51
pZM33	11998	11999	ZMO0940_peak_682	44.0477	pZM33	10739	10740	TSS_4514	.	+	1259
pZM33	13466	13467	ZMO0940_peak_683	15.4612	pZM33	13446	13447	TSS_4522	.	+	20
pZM33	20690	20691	ZMO0940_peak_684	72.2964	pZM33	18494	18495	TSS_4537	.	+	2196
pZM33	21658	21659	ZMO0940_peak_685	256.591	pZM33	23287	23288	TSS_4552	.	-	1629
pZM33	22310	22311	ZMO0940_peak_686	939.634	pZM33	23287	23288	TSS_4552	.	-	977
pZM33	24654	24655	ZMO0940_peak_687	761.361	pZM33	24849	24850	TSS_4556	.	-	195
pZM33	27501	27502	ZMO0940_peak_688a	7.2587	pZM33	27771	27772	TSS_4562	.	+	-270
pZM33	27753	27754	ZMO0940_peak_688b	42.2576	pZM33	27771	27772	TSS_4562	.	+	-18
pZM33	29102	29103	ZMO0940_peak_689	339.778	pZM33	29066	29067	TSS_4568	.	+	36
pZM33	30255	30256	ZMO0940_peak_690a	64.7299	pZM33	30621	30622	TSS_4572	.	-	366
pZM33	30482	30483	ZMO0940_peak_690b	354.716	pZM33	30621	30622	TSS_4572	.	-	139
pZM36	20909	20910	ZMO0940_peak_691	3243.49	pZM36	22455	22456	TSS_4594	.	-	1546
pZM36	23848	23849	ZMO0940_peak_692	41.3727	pZM36	24074	24075	TSS_4600	.	-	226
pZM36	29796	29797	ZMO0940_peak_693	142.274	pZM36	28793	28794	TSS_4604	.	+	1003
pZM39	1148	1149	ZMO0940_peak_694	89.5982	pZM39	26	27	TSS_4608	.	+	1122
pZM39	1689	1690	ZMO0940_peak_695	571.89	pZM39	2634	2635	TSS_4612	.	+	-945
pZM39	4611	4612	ZMO0940_peak_696	1617.63	pZM39	2690	2691	TSS_4614	.	+	1921
pZM39	7941	7942	ZMO0940_peak_697	25.1894	pZM39	6857	6858	TSS_4620	.	+	1084
pZM39	8892	8893	ZMO0940_peak_698	76.0918	pZM39	6857	6858	TSS_4620	.	+	2035
pZM39	13459	13460	ZMO0940_peak_699	73.3737	pZM39	19060	19061	TSS_4622	.	-	5601
pZM39	15128	15129	ZMO0940_peak_700	158.005	pZM39	19060	19061	TSS_4622	.	-	3932
pZM39	16391	16392	ZMO0940_peak_701	30.9083	pZM39	19060	19061	TSS_4622	.	-	2669
pZM39	20211	20212	ZMO0940_peak_702	408.844	pZM39	19060	19061	TSS_4622	.	-	-1151
pZM39	21267	21268	ZMO0940_peak_703	784.216	pZM39	21422	21423	TSS_4624	.	+	-155
pZM39	24634	24635	ZMO0940_peak_704	840.423	pZM39	24671	24672	TSS_4629	.	-	37
pZM39	25982	25983	ZMO0940_peak_705a	834.869	pZM39	24683	24684	TSS_4631	.	-	-1299
pZM39	26391	26392	ZMO0940_peak_705b	1330.22	pZM39	24683	24684	TSS_4631	.	-	-1708
pZM39	27384	27385	ZMO0940_peak_706a	5.55787	pZM39	24683	24684	TSS_4631	.	-	-2701
pZM39	27590	27591	ZMO0940_peak_706b	11.9983	pZM39	24683	24684	TSS_4631	.	-	-2907
pZM39	32146	32147	ZMO0940_peak_707	68.5689	pZM39	33816	33817	TSS_4643	.	-	1670
pZM39	34329	34330	ZMO0940_peak_708	354.716	pZM39	34261	34262	TSS_4644	.	-	-68
ZM4	7652	7653	ZMO1061_peak_1	25.3845	ZM4	12709	12710	TSS_0006	.	+	-5057
ZM4	13232	13233	ZMO1061_peak_2	250.289	ZM4	12709	12710	TSS_0006	.	+	523
ZM4	18486	18487	ZMO1061_peak_3	55.4588	ZM4	18633	18634	TSS_0023	.	+	-147
ZM4	22664	22665	ZMO1061_peak_4	47.8284	ZM4	21174	21175	TSS_0025	.	+	1490
ZM4	28518	28519	ZMO1061_peak_5	2.4929	ZM4	29259	29260	TSS_0028	.	+	-741
ZM4	66921	66922	ZMO1061_peak_6	108.754	ZM4	67080	67081	TSS_0090	.	-	159
ZM4	71515	71516	ZMO1061_peak_7	251.831	ZM4	71485	71486	TSS_0095	.	-	-30
ZM4	89063	89064	ZMO1061_peak_8	275.645	ZM4	89833	89834	TSS_0116	.	+	-770
ZM4	93762	93763	ZMO1061_peak_9	4.3995	ZM4	94651	94652	TSS_0124	.	-	889
ZM4	130552	130553	ZMO1061_peak_10	5887.91	ZM4	130628	130629	TSS_0195	.	+	-76
ZM4	138153	138154	ZMO1061_peak_11	217.189	ZM4	137393	137394	TSS_0202	.	-	-760
ZM4	145774	145775	ZMO1061_peak_12	1388.74	ZM4	145844	145845	TSS_0236	.	+	-70
ZM4	156775	156776	ZMO1061_peak_13	660.308	ZM4	157635	157636	TSS_0267	.	+	-860
ZM4	159298	159299	ZMO1061_peak_14	79.9069	ZM4	160583	160584	TSS_0278	.	-	1285
ZM4	167559	167560	ZMO1061_peak_15	129.697	ZM4	167061	167062	TSS_0327	.	+	498
ZM4	209332	209333	ZMO1061_peak_16	59.7379	ZM4	208720	208721	TSS_0417	.	-	-612
ZM4	229030	229031	ZMO1061_peak_17	404.872	ZM4	228082	228083	TSS_0442	.	+	948
ZM4	231468	231469	ZMO1061_peak_18	36.8948	ZM4	232373	232374	TSS_0448	.	-	905
ZM4	232514	232515	ZMO1061_peak_19	47.0678	ZM4	232569	232570	TSS_0453	.	-	55
ZM4	233619	233620	ZMO1061_peak_20	1108.75	ZM4	234091	234092	TSS_0457	.	+	-472
ZM4	239993	239994	ZMO1061_peak_21	27.8284	ZM4	240931	240932	TSS_0471	.	-	938
ZM4	243505	243506	ZMO1061_peak_22	62.0885	ZM4	243473	243474	TSS_0494	.	+	32
ZM4	259874	259875	ZMO1061_peak_23	82.1285	ZM4	259012	259013	TSS_0513	.	+	862
ZM4	266490	266491	ZMO1061_peak_24	29.7402	ZM4	266314	266315	TSS_0529	.	-	-176
ZM4	302394	302395	ZMO1061_peak_25	9807.78	ZM4	303405	303406	TSS_0596	.	-	1011
ZM4	309745	309746	ZMO1061_peak_26	27.7314	ZM4	310703	310704	TSS_0602	.	-	958
ZM4	320338	320339	ZMO1061_peak_27	13.0453	ZM4	320224	320225	TSS_0623	.	+	114
ZM4	332223	332224	ZMO1061_peak_28	61.8448	ZM4	332345	332346	TSS_0644	.	-	122
ZM4	358082	358083	ZMO1061_peak_29	81.0898	ZM4	357647	357648	TSS_0704	.	-	-435
ZM4	359558	359559	ZMO1061_peak_30	597.683	ZM4	359813	359814	TSS_0706	.	+	-255
ZM4	365713	365714	ZMO1061_peak_31	25.5682	ZM4	364911	364912	TSS_0713	.	+	802
ZM4	377296	377297	ZMO1061_peak_32	26553	ZM4	378389	378390	TSS_0771	.	+	-1093
ZM4	386657	386658	ZMO1061_peak_33	28.9942	ZM4	385497	385498	TSS_0790	.	-	-1160
ZM4	397420	397421	ZMO1061_peak_34	77.1983	ZM4	397722	397723	TSS_0795	.	+	-302
ZM4	422288	422289	ZMO1061_peak_35	292.728	ZM4	419827	419828	TSS_0833	.	-	-2461
ZM4	423322	423323	ZMO1061_peak_36	15.2399	ZM4	424989	424990	TSS_0836	.	-	1667
ZM4	436393	436394	ZMO1061_peak_37	21.7781	ZM4	435595	435596	TSS_0859	.	-	-798
ZM4	449212	449213	ZMO1061_peak_38	325.564	ZM4	446871	446872	TSS_0900	.	+	2341
ZM4	453665	453666	ZMO1061_peak_39	2083.62	ZM4	452669	452670	TSS_0910	.	+	996
ZM4	461307	461308	ZMO1061_peak_40	130.398	ZM4	460899	460900	TSS_0937	.	+	408
ZM4	465006	465007	ZMO1061_peak_41	790.495	ZM4	465014	465015	TSS_0947	.	-	8
ZM4	467572	467573	ZMO1061_peak_42	89.7529	ZM4	466854	466855	TSS_0950	.	-	-718
ZM4	478639	478640	ZMO1061_peak_43a	47.0582	ZM4	479088	479089	TSS_0973	.	+	-449
ZM4	479008	479009	ZMO1061_peak_43b	1547.54	ZM4	479088	479089	TSS_0973	.	+	-80
ZM4	491898	491899	ZMO1061_peak_44	39.9175	ZM4	489935	489936	TSS_1023	.	+	1963
ZM4	503982	503983	ZMO1061_peak_45	42.4336	ZM4	504288	504289	TSS_1040	.	-	306
ZM4	517207	517208	ZMO1061_peak_46	116.034	ZM4	516633	516634	TSS_1073	.	+	574
ZM4	535794	535795	ZMO1061_peak_47	1184.09	ZM4	536066	536067	TSS_1234	.	+	-272
ZM4	543339	543340	ZMO1061_peak_48	203.441	ZM4	543526	543527	TSS_1287	.	-	187
ZM4	568703	568704	ZMO1061_peak_49	17.3352	ZM4	569906	569907	TSS_1353	.	-	1203
ZM4	575153	575154	ZMO1061_peak_50	1916.94	ZM4	573476	573477	TSS_1369	.	+	1677
ZM4	595618	595619	ZMO1061_peak_51	33.3458	ZM4	596080	596081	TSS_1388	.	-	462
ZM4	596752	596753	ZMO1061_peak_52	199.263	ZM4	596812	596813	TSS_1396	.	-	60
ZM4	617750	617751	ZMO1061_peak_53	144.847	ZM4	617994	617995	TSS_1437	.	+	-244
ZM4	619057	619058	ZMO1061_peak_54	3009.9	ZM4	619099	619100	TSS_1442	.	+	-42
ZM4	625833	625834	ZMO1061_peak_55	51.8681	ZM4	625894	625895	TSS_1454	.	+	-61
ZM4	635047	635048	ZMO1061_peak_56	10.5248	ZM4	635196	635197	TSS_1465	.	+	-149
ZM4	647286	647287	ZMO1061_peak_57	9365.92	ZM4	648223	648224	TSS_1491	.	-	937
ZM4	655463	655464	ZMO1061_peak_58	524.466	ZM4	655078	655079	TSS_1506	.	+	385
ZM4	667862	667863	ZMO1061_peak_59	42.5402	ZM4	666131	666132	TSS_1542	.	+	1731
ZM4	688196	688197	ZMO1061_peak_60	596.294	ZM4	687621	687622	TSS_1575	.	-	-575
ZM4	691639	691640	ZMO1061_peak_61	408.387	ZM4	692242	692243	TSS_1582	.	-	603
ZM4	693705	693706	ZMO1061_peak_62	14.1595	ZM4	693748	693749	TSS_1591	.	-	43
ZM4	699385	699386	ZMO1061_peak_63	58.9015	ZM4	699718	699719	TSS_1601	.	-	333
ZM4	731390	731391	ZMO1061_peak_64	99.6259	ZM4	731609	731610	TSS_1685	.	+	-219
ZM4	747592	747593	ZMO1061_peak_65	19.5081	ZM4	748436	748437	TSS_1738	.	-	844
ZM4	754187	754188	ZMO1061_peak_66	810.939	ZM4	751890	751891	TSS_1757	.	+	2297
ZM4	757966	757967	ZMO1061_peak_67	717.935	ZM4	757241	757242	TSS_1764	.	-	-725
ZM4	759659	759660	ZMO1061_peak_68	9.22397	ZM4	759322	759323	TSS_1768	.	+	337
ZM4	775630	775631	ZMO1061_peak_69	6.66799	ZM4	773264	773265	TSS_1789	.	+	2366
ZM4	816657	816658	ZMO1061_peak_70	289.519	ZM4	816731	816732	TSS_1820	.	+	-74
ZM4	843834	843835	ZMO1061_peak_71	7.46789	ZM4	843877	843878	TSS_1890	.	+	-43
ZM4	847921	847922	ZMO1061_peak_72	354.8	ZM4	845509	845510	TSS_1896	.	+	2412
ZM4	889619	889620	ZMO1061_peak_73	103.559	ZM4	890657	890658	TSS_1981	.	-	1038
ZM4	893331	893332	ZMO1061_peak_74	38.9242	ZM4	893129	893130	TSS_1990	.	-	-202
ZM4	935850	935851	ZMO1061_peak_75	16.927	ZM4	935593	935594	TSS_2075	.	+	257
ZM4	940409	940410	ZMO1061_peak_76	85.413	ZM4	938778	938779	TSS_2085	.	+	1631
ZM4	953218	953219	ZMO1061_peak_77	260.464	ZM4	954142	954143	TSS_2106	.	-	924
ZM4	956385	956386	ZMO1061_peak_78	70.3107	ZM4	957435	957436	TSS_2111	.	-	1050
ZM4	958127	958128	ZMO1061_peak_79	296.894	ZM4	957435	957436	TSS_2111	.	-	-692
ZM4	1013653	1013654	ZMO1061_peak_80	9.22397	ZM4	1013576	1013577	TSS_2239	.	-	-77
ZM4	1020291	1020292	ZMO1061_peak_81	519.795	ZM4	1020047	1020048	TSS_2259	.	+	244
ZM4	1021861	1021862	ZMO1061_peak_82	282.188	ZM4	1021550	1021551	TSS_2261	.	+	311
ZM4	1030651	1030652	ZMO1061_peak_83	83.3564	ZM4	1030111	1030112	TSS_2278	.	+	540
ZM4	1042073	1042074	ZMO1061_peak_84	197.945	ZM4	1042612	1042613	TSS_2312	.	+	-539
ZM4	1046920	1046921	ZMO1061_peak_85	50.0534	ZM4	1047209	1047210	TSS_2319	.	+	-289
ZM4	1068643	1068644	ZMO1061_peak_86	413.393	ZM4	1067835	1067836	TSS_2374	.	+	808
ZM4	1077906	1077907	ZMO1061_peak_87	53633.4	ZM4	1078025	1078026	TSS_2390	.	+	-119
ZM4	1078847	1078848	ZMO1061_peak_88	19.5006	ZM4	1078511	1078512	TSS_2392	.	+	336
ZM4	1080333	1080334	ZMO1061_peak_89	55.2743	ZM4	1078511	1078512	TSS_2392	.	+	1822
ZM4	1093909	1093910	ZMO1061_peak_90	91.475	ZM4	1094581	1094582	TSS_2437	.	+	-672
ZM4	1109464	1109465	ZMO1061_peak_91	894.035	ZM4	1107819	1107820	TSS_2449	.	+	1645
ZM4	1123427	1123428	ZMO1061_peak_92	18.3645	ZM4	1124611	1124612	TSS_2464	.	+	-1184
ZM4	1124726	1124727	ZMO1061_peak_93	315.646	ZM4	1124737	1124738	TSS_2466	.	+	-11
ZM4	1146348	1146349	ZMO1061_peak_94	23.0378	ZM4	1146950	1146951	TSS_2523	.	-	602
ZM4	1149000	1149001	ZMO1061_peak_95	719.131	ZM4	1148449	1148450	TSS_2528	.	+	551
ZM4	1164401	1164402	ZMO1061_peak_96	13.1521	ZM4	1164717	1164718	TSS_2575	.	-	316
ZM4	1166861	1166862	ZMO1061_peak_97	102.615	ZM4	1166496	1166497	TSS_2584	.	-	-365
ZM4	1177057	1177058	ZMO1061_peak_98	3405.56	ZM4	1176964	1176965	TSS_2620	.	+	93
ZM4	1177883	1177884	ZMO1061_peak_99	219.907	ZM4	1176964	1176965	TSS_2620	.	+	919
ZM4	1182735	1182736	ZMO1061_peak_100	173.376	ZM4	1181555	1181556	TSS_2631	.	+	1180
ZM4	1185171	1185172	ZMO1061_peak_101	460.212	ZM4	1184635	1184636	TSS_2636	.	-	-536
ZM4	1188456	1188457	ZMO1061_peak_102	89.6524	ZM4	1189129	1189130	TSS_2641	.	+	-673
ZM4	1192987	1192988	ZMO1061_peak_103	30.6569	ZM4	1194887	1194888	TSS_2649	.	-	1900
ZM4	1197900	1197901	ZMO1061_peak_104	2055.21	ZM4	1197238	1197239	TSS_2654	.	-	-662
ZM4	1198868	1198869	ZMO1061_peak_105	67.572	ZM4	1198920	1198921	TSS_2655	.	-	52
ZM4	1203794	1203795	ZMO1061_peak_106	460.84	ZM4	1203670	1203671	TSS_2667	.	-	-124
ZM4	1205628	1205629	ZMO1061_peak_107	8.77972	ZM4	1204323	1204324	TSS_2670	.	-	-1305
ZM4	1209449	1209450	ZMO1061_peak_108	115.491	ZM4	1208971	1208972	TSS_2679	.	+	478
ZM4	1212730	1212731	ZMO1061_peak_109	53.9985	ZM4	1212228	1212229	TSS_2686	.	+	502
ZM4	1253175	1253176	ZMO1061_peak_110	30.6569	ZM4	1253138	1253139	TSS_2793	.	-	-37
ZM4	1300865	1300866	ZMO1061_peak_111	69.4638	ZM4	1302227	1302228	TSS_2906	.	-	1362
ZM4	1305837	1305838	ZMO1061_peak_112	13.6144	ZM4	1305837	1305838	TSS_2930	.	-	0
ZM4	1310118	1310119	ZMO1061_peak_113a	3.93124	ZM4	1311230	1311231	TSS_2940	.	-	1112
ZM4	1310403	1310404	ZMO1061_peak_113b	1425.44	ZM4	1311230	1311231	TSS_2940	.	-	827
ZM4	1312945	1312946	ZMO1061_peak_114	18573.1	ZM4	1312976	1312977	TSS_2941	.	+	-31
ZM4	1319926	1319927	ZMO1061_peak_115	2754.99	ZM4	1322319	1322320	TSS_2955	.	-	2393
ZM4	1329761	1329762	ZMO1061_peak_116	18.3645	ZM4	1330247	1330248	TSS_2975	.	+	-486
ZM4	1333829	1333830	ZMO1061_peak_117	46.252	ZM4	1334504	1334505	TSS_2982	.	-	675
ZM4	1364977	1364978	ZMO1061_peak_118	33.6988	ZM4	1365071	1365072	TSS_3059	.	-	94
ZM4	1389291	1389292	ZMO1061_peak_119	107.79	ZM4	1388128	1388129	TSS_3143	.	+	1163
ZM4	1391354	1391355	ZMO1061_peak_120	25.9934	ZM4	1388128	1388129	TSS_3143	.	+	3226
ZM4	1409088	1409089	ZMO1061_peak_121	86.0391	ZM4	1409050	1409051	TSS_3171	.	-	-38
ZM4	1415811	1415812	ZMO1061_peak_122	2793.33	ZM4	1416987	1416988	TSS_3180	.	-	1176
ZM4	1420476	1420477	ZMO1061_peak_123	443.204	ZM4	1420890	1420891	TSS_3191	.	-	414
ZM4	1427150	1427151	ZMO1061_peak_124	126.879	ZM4	1427047	1427048	TSS_3220	.	-	-103
ZM4	1433830	1433831	ZMO1061_peak_125	21.8378	ZM4	1432209	1432210	TSS_3232	.	-	-1621
ZM4	1483717	1483718	ZMO1061_peak_126	8.33204	ZM4	1486364	1486365	TSS_3284	.	-	2647
ZM4	1491017	1491018	ZMO1061_peak_127	16.9776	ZM4	1492604	1492605	TSS_3294	.	-	1587
ZM4	1491509	1491510	ZMO1061_peak_128	208.959	ZM4	1492604	1492605	TSS_3294	.	-	1095
ZM4	1492632	1492633	ZMO1061_peak_129	969.322	ZM4	1492604	1492605	TSS_3294	.	-	-28
ZM4	1496086	1496087	ZMO1061_peak_130	35.0755	ZM4	1495948	1495949	TSS_3299	.	-	-138
ZM4	1507976	1507977	ZMO1061_peak_131	21.4663	ZM4	1505529	1505530	TSS_3319	.	-	-2447
ZM4	1517197	1517198	ZMO1061_peak_132	24.6131	ZM4	1517256	1517257	TSS_3343	.	+	-59
ZM4	1525740	1525741	ZMO1061_peak_133	13.8928	ZM4	1527045	1527046	TSS_3390	.	-	1305
ZM4	1536184	1536185	ZMO1061_peak_134	14.9074	ZM4	1536286	1536287	TSS_3408	.	+	-102
ZM4	1552321	1552322	ZMO1061_peak_135	53.8452	ZM4	1550719	1550720	TSS_3456	.	+	1602
ZM4	1553695	1553696	ZMO1061_peak_136	141.044	ZM4	1550719	1550720	TSS_3456	.	+	2976
ZM4	1557676	1557677	ZMO1061_peak_137	27.3979	ZM4	1562901	1562902	TSS_3466	.	-	5225
ZM4	1589412	1589413	ZMO1061_peak_138	1317.14	ZM4	1588942	1588943	TSS_3522	.	+	470
ZM4	1595752	1595753	ZMO1061_peak_139	125.251	ZM4	1596788	1596789	TSS_3537	.	-	1036
ZM4	1600656	1600657	ZMO1061_peak_140	1020.88	ZM4	1597152	1597153	TSS_3540	.	+	3504
ZM4	1615118	1615119	ZMO1061_peak_141	138.313	ZM4	1609991	1609992	TSS_3550	.	+	5127
ZM4	1629325	1629326	ZMO1061_peak_142	8.86535	ZM4	1627080	1627081	TSS_3564	.	+	2245
ZM4	1633278	1633279	ZMO1061_peak_143	30.696	ZM4	1633836	1633837	TSS_3567	.	-	558
ZM4	1636415	1636416	ZMO1061_peak_144	112.063	ZM4	1636761	1636762	TSS_3575	.	+	-346
ZM4	1653481	1653482	ZMO1061_peak_145	1935.04	ZM4	1653433	1653434	TSS_3622	.	+	48
ZM4	1666304	1666305	ZMO1061_peak_146	920.838	ZM4	1665381	1665382	TSS_3658	.	+	923
ZM4	1689814	1689815	ZMO1061_peak_147	890.963	ZM4	1690931	1690932	TSS_3698	.	-	1117
ZM4	1690265	1690266	ZMO1061_peak_148	408.223	ZM4	1690931	1690932	TSS_3698	.	-	666
ZM4	1694959	1694960	ZMO1061_peak_149	80.1096	ZM4	1694878	1694879	TSS_3703	.	-	-81
ZM4	1704018	1704019	ZMO1061_peak_150	11.8653	ZM4	1703841	1703842	TSS_3731	.	-	-177
ZM4	1707933	1707934	ZMO1061_peak_151	1019.03	ZM4	1708308	1708309	TSS_3740	.	+	-375
ZM4	1711542	1711543	ZMO1061_peak_152	18.6461	ZM4	1711204	1711205	TSS_3744	.	+	338
ZM4	1729804	1729805	ZMO1061_peak_153	45.9739	ZM4	1729998	1729999	TSS_3768	.	+	-194
ZM4	1739937	1739938	ZMO1061_peak_154	7.55623	ZM4	1739910	1739911	TSS_3780	.	+	27
ZM4	1741546	1741547	ZMO1061_peak_155	1107.15	ZM4	1742054	1742055	TSS_3782	.	+	-508
ZM4	1754101	1754102	ZMO1061_peak_156	329.068	ZM4	1752975	1752976	TSS_3809	.	-	-1126
ZM4	1765652	1765653	ZMO1061_peak_157	294.673	ZM4	1765873	1765874	TSS_3850	.	-	221
ZM4	1768040	1768041	ZMO1061_peak_158	187.252	ZM4	1768475	1768476	TSS_3866	.	+	-435
ZM4	1774687	1774688	ZMO1061_peak_159	38.2282	ZM4	1774478	1774479	TSS_3886	.	-	-209
ZM4	1779052	1779053	ZMO1061_peak_160	222.147	ZM4	1778995	1778996	TSS_3895	.	+	57
ZM4	1794199	1794200	ZMO1061_peak_161	28.5467	ZM4	1794364	1794365	TSS_3925	.	+	-165
ZM4	1801364	1801365	ZMO1061_peak_162	21.9014	ZM4	1800740	1800741	TSS_3965	.	-	-624
ZM4	1805819	1805820	ZMO1061_peak_163	619.238	ZM4	1805142	1805143	TSS_3972	.	-	-677
ZM4	1806654	1806655	ZMO1061_peak_164	82.5973	ZM4	1807385	1807386	TSS_3975	.	+	-731
ZM4	1811200	1811201	ZMO1061_peak_165	2404.29	ZM4	1811168	1811169	TSS_3979	.	-	-32
ZM4	1823413	1823414	ZMO1061_peak_166	209.806	ZM4	1823956	1823957	TSS_4003	.	+	-543
ZM4	1834006	1834007	ZMO1061_peak_167	28.0637	ZM4	1834544	1834545	TSS_4033	.	+	-538
ZM4	1835805	1835806	ZMO1061_peak_168	725.786	ZM4	1834932	1834933	TSS_4037	.	+	873
ZM4	1841636	1841637	ZMO1061_peak_169	26.9665	ZM4	1840680	1840681	TSS_4066	.	+	956
ZM4	1862106	1862107	ZMO1061_peak_170	69.4048	ZM4	1860551	1860552	TSS_4093	.	-	-1555
ZM4	1862932	1862933	ZMO1061_peak_171	22.567	ZM4	1864306	1864307	TSS_4096	.	+	-1374
ZM4	1882268	1882269	ZMO1061_peak_172	3443	ZM4	1882290	1882291	TSS_4110	.	-	22
ZM4	1888479	1888480	ZMO1061_peak_173	368.629	ZM4	1888831	1888832	TSS_4130	.	-	352
ZM4	1889462	1889463	ZMO1061_peak_174	22.5412	ZM4	1889721	1889722	TSS_4132	.	-	259
ZM4	1893670	1893671	ZMO1061_peak_175	41.2777	ZM4	1893193	1893194	TSS_4139	.	-	-477
ZM4	1894924	1894925	ZMO1061_peak_176	46.1913	ZM4	1895930	1895931	TSS_4141	.	-	1006
ZM4	1900260	1900261	ZMO1061_peak_177	362.535	ZM4	1895930	1895931	TSS_4141	.	-	-4330
ZM4	1914111	1914112	ZMO1061_peak_178	365.9	ZM4	1910302	1910303	TSS_4149	.	-	-3809
ZM4	1929101	1929102	ZMO1061_peak_179	15085.2	ZM4	1929478	1929479	TSS_4188	.	+	-377
ZM4	1936602	1936603	ZMO1061_peak_180	20.3045	ZM4	1934616	1934617	TSS_4217	.	+	1986
ZM4	1948693	1948694	ZMO1061_peak_181	4204.03	ZM4	1950035	1950036	TSS_4246	.	-	1342
ZM4	1959670	1959671	ZMO1061_peak_182	82.3056	ZM4	1958887	1958888	TSS_4269	.	-	-783
ZM4	1964444	1964445	ZMO1061_peak_183	266.499	ZM4	1964283	1964284	TSS_4292	.	+	161
ZM4	1973488	1973489	ZMO1061_peak_184	18.6976	ZM4	1973075	1973076	TSS_4318	.	+	413
ZM4	1982254	1982255	ZMO1061_peak_185a	2607.86	ZM4	1982248	1982249	TSS_4331	.	-	-6
ZM4	1982652	1982653	ZMO1061_peak_185b	730.047	ZM4	1982382	1982383	TSS_4332	.	-	-270
ZM4	2009315	2009316	ZMO1061_peak_186	22.6657	ZM4	2013493	2013494	TSS_4384	.	-	4178
ZM4	2013896	2013897	ZMO1061_peak_187	27.9366	ZM4	2013557	2013558	TSS_4386	.	-	-339
ZM4	2015457	2015458	ZMO1061_peak_188	5439.04	ZM4	2015319	2015320	TSS_4388	.	-	-138
ZM4	2018481	2018482	ZMO1061_peak_189a	2546.31	ZM4	2017437	2017438	TSS_4391	.	-	-1044
ZM4	2018723	2018724	ZMO1061_peak_189b	608.294	ZM4	2017437	2017438	TSS_4391	.	-	-1286
ZM4	2020930	2020931	ZMO1061_peak_190	265.142	ZM4	2020374	2020375	TSS_4395	.	-	-556
ZM4	2044119	2044120	ZMO1061_peak_191	159.838	ZM4	2043114	2043115	TSS_4414	.	-	-1005
ZM4	2056960	2056961	ZMO1061_peak_192	108.655	ZM4	2057069	2057070	TSS_4427	.	-	109
pZM32	17341	17342	ZMO1061_peak_193	38.2128	pZM32	18516	18517	TSS_4463	.	-	1175
pZM32	31315	31316	ZMO1061_peak_194	19.5006	pZM32	30170	30171	TSS_4489	.	+	1145
pZM33	827	828	ZMO1061_peak_195	15.0953	pZM33	386	387	TSS_4493	.	+	441
pZM33	20675	20676	ZMO1061_peak_196	68.6198	pZM33	18494	18495	TSS_4537	.	+	2181
pZM33	26434	26435	ZMO1061_peak_197	47.0043	pZM33	27771	27772	TSS_4562	.	+	-1337
pZM33	27839	27840	ZMO1061_peak_198	131.891	pZM33	27887	27888	TSS_4565	.	+	-48
pZM36	11694	11695	ZMO1061_peak_199	174.821	pZM36	13287	13288	TSS_4582	.	+	-1593
pZM36	24123	24124	ZMO1061_peak_200	21.8378	pZM36	24074	24075	TSS_4600	.	-	-49
pZM39	127	128	ZMO1061_peak_201	1238.05	pZM39	26	27	TSS_4608	.	+	101
pZM39	523	524	ZMO1061_peak_202	189.051	pZM39	26	27	TSS_4608	.	+	497
pZM39	15329	15330	ZMO1061_peak_203	240.337	pZM39	19060	19061	TSS_4622	.	-	3731
pZM39	20349	20350	ZMO1061_peak_204	1131.92	pZM39	21422	21423	TSS_4624	.	+	-1073
ZM4	64	65	ZMO1121_peak_1	69.2652	ZM4	12709	12710	TSS_0006	.	+	-12645
ZM4	14522	14523	ZMO1121_peak_2	69.1798	ZM4	14514	14515	TSS_0014	.	-	-8
ZM4	37184	37185	ZMO1121_peak_3	635.517	ZM4	37928	37929	TSS_0035	.	+	-744
ZM4	43525	43526	ZMO1121_peak_4	9.67848	ZM4	43156	43157	TSS_0059	.	-	-369
ZM4	76443	76444	ZMO1121_peak_5a	2.32833	ZM4	74934	74935	TSS_0099	.	-	-1509
ZM4	76571	76572	ZMO1121_peak_5b	4.67614	ZM4	74934	74935	TSS_0099	.	-	-1637
ZM4	79667	79668	ZMO1121_peak_6	59.7239	ZM4	79619	79620	TSS_0102	.	-	-48
ZM4	95168	95169	ZMO1121_peak_7	37.5383	ZM4	94651	94652	TSS_0124	.	-	-517
ZM4	99743	99744	ZMO1121_peak_8	9.08089	ZM4	99831	99832	TSS_0138	.	+	-88
ZM4	100427	100428	ZMO1121_peak_9	39.8557	ZM4	100905	100906	TSS_0139	.	+	-478
ZM4	127524	127525	ZMO1121_peak_10	28.1915	ZM4	129849	129850	TSS_0193	.	-	2325
ZM4	166551	166552	ZMO1121_peak_11a	116.052	ZM4	166932	166933	TSS_0325	.	+	-381
ZM4	166774	166775	ZMO1121_peak_11b	23.174	ZM4	166932	166933	TSS_0325	.	+	-158
ZM4	177507	177508	ZMO1121_peak_12	10.6361	ZM4	175617	175618	TSS_0374	.	+	1890
ZM4	182539	182540	ZMO1121_peak_13	611.603	ZM4	181512	181513	TSS_0379	.	-	-1027
ZM4	185217	185218	ZMO1121_peak_14	5.53879	ZM4	185047	185048	TSS_0381	.	-	-170
ZM4	196936	196937	ZMO1121_peak_15	4.71125	ZM4	196961	196962	TSS_0399	.	+	-25
ZM4	208764	208765	ZMO1121_peak_16a	1.36249	ZM4	208720	208721	TSS_0417	.	-	-44
ZM4	208926	208927	ZMO1121_peak_16b	2.00752	ZM4	208720	208721	TSS_0417	.	-	-206
ZM4	217707	217708	ZMO1121_peak_17	5.07111	ZM4	218162	218163	TSS_0433	.	+	-455
ZM4	246647	246648	ZMO1121_peak_18	8.5913	ZM4	245089	245090	TSS_0500	.	+	1558
ZM4	247206	247207	ZMO1121_peak_19a	5.32478	ZM4	245089	245090	TSS_0500	.	+	2117
ZM4	247448	247449	ZMO1121_peak_19b	3.88261	ZM4	245089	245090	TSS_0500	.	+	2359
ZM4	293869	293870	ZMO1121_peak_20	52.4814	ZM4	293932	293933	TSS_0579	.	+	-63
ZM4	299300	299301	ZMO1121_peak_21	35.4575	ZM4	299414	299415	TSS_0587	.	-	114
ZM4	318408	318409	ZMO1121_peak_22	27.4837	ZM4	318303	318304	TSS_0612	.	-	-105
ZM4	327977	327978	ZMO1121_peak_23	23.2159	ZM4	328882	328883	TSS_0636	.	+	-905
ZM4	363679	363680	ZMO1121_peak_24	15.4394	ZM4	363690	363691	TSS_0711	.	+	-11
ZM4	377178	377179	ZMO1121_peak_25	729.092	ZM4	376022	376023	TSS_0767	.	+	1156
ZM4	378878	378879	ZMO1121_peak_26	14.1204	ZM4	378392	378393	TSS_0773	.	+	486
ZM4	379350	379351	ZMO1121_peak_27	6.73796	ZM4	378392	378393	TSS_0773	.	+	958
ZM4	379698	379699	ZMO1121_peak_28	95.1722	ZM4	378392	378393	TSS_0773	.	+	1306
ZM4	403689	403690	ZMO1121_peak_29	142.339	ZM4	405797	405798	TSS_0803	.	-	2108
ZM4	434101	434102	ZMO1121_peak_30	29.7068	ZM4	433937	433938	TSS_0852	.	-	-164
ZM4	440968	440969	ZMO1121_peak_31	85.6799	ZM4	440988	440989	TSS_0869	.	+	-20
ZM4	460746	460747	ZMO1121_peak_32	109.2	ZM4	460742	460743	TSS_0932	.	+	4
ZM4	476831	476832	ZMO1121_peak_33	17.5031	ZM4	476840	476841	TSS_0970	.	-	9
ZM4	509112	509113	ZMO1121_peak_34	29.7758	ZM4	509404	509405	TSS_1045	.	+	-292
ZM4	535953	535954	ZMO1121_peak_35	7.53613	ZM4	536066	536067	TSS_1234	.	+	-113
ZM4	563051	563052	ZMO1121_peak_36	3.51018	ZM4	563393	563394	TSS_1338	.	-	342
ZM4	573421	573422	ZMO1121_peak_37	5.5734	ZM4	573476	573477	TSS_1369	.	+	-55
ZM4	583293	583294	ZMO1121_peak_38	33.8208	ZM4	583750	583751	TSS_1374	.	-	457
ZM4	603042	603043	ZMO1121_peak_39	45.5078	ZM4	603093	603094	TSS_1405	.	+	-51
ZM4	619056	619057	ZMO1121_peak_40	70.9034	ZM4	619099	619100	TSS_1442	.	+	-43
ZM4	634983	634984	ZMO1121_peak_41	16.5966	ZM4	635196	635197	TSS_1465	.	+	-213
ZM4	644392	644393	ZMO1121_peak_42	1.32891	ZM4	644525	644526	TSS_1488	.	-	133
ZM4	673736	673737	ZMO1121_peak_43	6.14286	ZM4	673600	673601	TSS_1559	.	-	-136
ZM4	682689	682690	ZMO1121_peak_44	82.3363	ZM4	684964	684965	TSS_1564	.	-	2275
ZM4	686005	686006	ZMO1121_peak_45	50.1008	ZM4	686349	686350	TSS_1568	.	-	344
ZM4	771558	771559	ZMO1121_peak_46	123.889	ZM4	771695	771696	TSS_1787	.	+	-137
ZM4	807504	807505	ZMO1121_peak_47	63.9036	ZM4	810611	810612	TSS_1815	.	-	3107
ZM4	826399	826400	ZMO1121_peak_48	65.8953	ZM4	826778	826779	TSS_1868	.	+	-379
ZM4	826952	826953	ZMO1121_peak_49	33.1649	ZM4	826778	826779	TSS_1868	.	+	174
ZM4	861497	861498	ZMO1121_peak_50	67.6013	ZM4	862488	862489	TSS_1919	.	+	-991
ZM4	862692	862693	ZMO1121_peak_51	5.57473	ZM4	862764	862765	TSS_1922	.	+	-72
ZM4	875716	875717	ZMO1121_peak_52	163.836	ZM4	875072	875073	TSS_1953	.	+	644
ZM4	876799	876800	ZMO1121_peak_53	24.3215	ZM4	876775	876776	TSS_1957	.	+	24
ZM4	897686	897687	ZMO1121_peak_54	22.2665	ZM4	896865	896866	TSS_2001	.	-	-821
ZM4	899148	899149	ZMO1121_peak_55a	1065.76	ZM4	899111	899112	TSS_2003	.	-	-37
ZM4	899407	899408	ZMO1121_peak_55b	52.9366	ZM4	899111	899112	TSS_2003	.	-	-296
ZM4	906704	906705	ZMO1121_peak_56	115.226	ZM4	906999	907000	TSS_2014	.	-	295
ZM4	919072	919073	ZMO1121_peak_57	15.7138	ZM4	919274	919275	TSS_2030	.	-	202
ZM4	928149	928150	ZMO1121_peak_58	71.9525	ZM4	928347	928348	TSS_2057	.	+	-198
ZM4	931459	931460	ZMO1121_peak_59	12.0062	ZM4	931469	931470	TSS_2060	.	-	10
ZM4	935206	935207	ZMO1121_peak_60a	11.1536	ZM4	935263	935264	TSS_2073	.	+	-57
ZM4	935436	935437	ZMO1121_peak_60b	8.81274	ZM4	935535	935536	TSS_2074	.	+	-99
ZM4	974418	974419	ZMO1121_peak_61	46.0912	ZM4	974364	974365	TSS_2157	.	+	54
ZM4	988844	988845	ZMO1121_peak_62	714.702	ZM4	989495	989496	TSS_2180	.	+	-651
ZM4	992214	992215	ZMO1121_peak_63	171.333	ZM4	992235	992236	TSS_2186	.	+	-21
ZM4	1013374	1013375	ZMO1121_peak_64	1040.96	ZM4	1013306	1013307	TSS_2238	.	+	68
ZM4	1016158	1016159	ZMO1121_peak_65	21.9246	ZM4	1015590	1015591	TSS_2246	.	+	568
ZM4	1055252	1055253	ZMO1121_peak_66	392.856	ZM4	1055305	1055306	TSS_2350	.	+	-53
ZM4	1067725	1067726	ZMO1121_peak_67	28.7179	ZM4	1067834	1067835	TSS_2373	.	+	-109
ZM4	1071534	1071535	ZMO1121_peak_68	10.6916	ZM4	1071475	1071476	TSS_2379	.	+	59
ZM4	1089257	1089258	ZMO1121_peak_69	68.1317	ZM4	1089330	1089331	TSS_2433	.	+	-73
ZM4	1108995	1108996	ZMO1121_peak_70	69.1544	ZM4	1107819	1107820	TSS_2449	.	+	1176
ZM4	1109910	1109911	ZMO1121_peak_71	435.068	ZM4	1111838	1111839	TSS_2452	.	-	1928
ZM4	1132798	1132799	ZMO1121_peak_72	14.6832	ZM4	1132916	1132917	TSS_2506	.	+	-118
ZM4	1156026	1156027	ZMO1121_peak_73	61.0763	ZM4	1155873	1155874	TSS_2544	.	-	-153
ZM4	1203360	1203361	ZMO1121_peak_74	8.407	ZM4	1203316	1203317	TSS_2666	.	-	-44
ZM4	1204576	1204577	ZMO1121_peak_75	6.44051	ZM4	1204323	1204324	TSS_2670	.	-	-253
ZM4	1208189	1208190	ZMO1121_peak_76	1.7767	ZM4	1208156	1208157	TSS_2678	.	-	-33
ZM4	1208463	1208464	ZMO1121_peak_77	14.8743	ZM4	1208156	1208157	TSS_2678	.	-	-307
ZM4	1212662	1212663	ZMO1121_peak_78	11.8038	ZM4	1212228	1212229	TSS_2686	.	+	434
ZM4	1215485	1215486	ZMO1121_peak_79	32.2192	ZM4	1212228	1212229	TSS_2686	.	+	3257
ZM4	1256387	1256388	ZMO1121_peak_80	73.4386	ZM4	1255857	1255858	TSS_2803	.	+	530
ZM4	1263001	1263002	ZMO1121_peak_81	43.6877	ZM4	1262861	1262862	TSS_2826	.	-	-140
ZM4	1278520	1278521	ZMO1121_peak_82a	4.43244	ZM4	1278786	1278787	TSS_2859	.	+	-266
ZM4	1278796	1278797	ZMO1121_peak_82b	14.8154	ZM4	1278786	1278787	TSS_2859	.	+	10
ZM4	1296658	1296659	ZMO1121_peak_83	166.325	ZM4	1296662	1296663	TSS_2890	.	-	4
ZM4	1302784	1302785	ZMO1121_peak_84	14.3702	ZM4	1302961	1302962	TSS_2909	.	-	177
ZM4	1303983	1303984	ZMO1121_peak_85	6.49954	ZM4	1304150	1304151	TSS_2916	.	+	-167
ZM4	1307794	1307795	ZMO1121_peak_86	152.103	ZM4	1307713	1307714	TSS_2933	.	-	-81
ZM4	1311344	1311345	ZMO1121_peak_87	150.368	ZM4	1311230	1311231	TSS_2940	.	-	-114
ZM4	1313007	1313008	ZMO1121_peak_88	7.29593	ZM4	1312979	1312980	TSS_2943	.	+	28
ZM4	1315596	1315597	ZMO1121_peak_89	16.1285	ZM4	1315843	1315844	TSS_2947	.	+	-247
ZM4	1319918	1319919	ZMO1121_peak_90	32.0359	ZM4	1322319	1322320	TSS_2955	.	-	2401
ZM4	1327801	1327802	ZMO1121_peak_91	18.7306	ZM4	1327727	1327728	TSS_2973	.	+	74
ZM4	1357414	1357415	ZMO1121_peak_92	492.678	ZM4	1358472	1358473	TSS_3032	.	-	1058
ZM4	1360607	1360608	ZMO1121_peak_93	14.1192	ZM4	1359311	1359312	TSS_3048	.	+	1296
ZM4	1386935	1386936	ZMO1121_peak_94	292.963	ZM4	1387850	1387851	TSS_3139	.	-	915
ZM4	1389756	1389757	ZMO1121_peak_95	30.9027	ZM4	1388128	1388129	TSS_3143	.	+	1628
ZM4	1425348	1425349	ZMO1121_peak_96	12.7725	ZM4	1425415	1425416	TSS_3198	.	-	67
ZM4	1437755	1437756	ZMO1121_peak_97	7.43777	ZM4	1437737	1437738	TSS_3235	.	-	-18
ZM4	1445107	1445108	ZMO1121_peak_98	11.3109	ZM4	1444544	1444545	TSS_3242	.	+	563
ZM4	1459656	1459657	ZMO1121_peak_99	12.6896	ZM4	1459607	1459608	TSS_3260	.	-	-49
ZM4	1463669	1463670	ZMO1121_peak_100	16.1655	ZM4	1462045	1462046	TSS_3264	.	-	-1624
ZM4	1470808	1470809	ZMO1121_peak_101	55.8169	ZM4	1468913	1468914	TSS_3272	.	-	-1895
ZM4	1480127	1480128	ZMO1121_peak_102	279.524	ZM4	1480998	1480999	TSS_3279	.	-	871
ZM4	1483740	1483741	ZMO1121_peak_103	116.082	ZM4	1486364	1486365	TSS_3284	.	-	2624
ZM4	1491773	1491774	ZMO1121_peak_104	121.974	ZM4	1492604	1492605	TSS_3294	.	-	831
ZM4	1492392	1492393	ZMO1121_peak_105	45.8766	ZM4	1492604	1492605	TSS_3294	.	-	212
ZM4	1501044	1501045	ZMO1121_peak_106a	7.91737	ZM4	1501598	1501599	TSS_3304	.	-	554
ZM4	1501171	1501172	ZMO1121_peak_106b	20.26	ZM4	1501598	1501599	TSS_3304	.	-	427
ZM4	1509303	1509304	ZMO1121_peak_107	18.1033	ZM4	1512700	1512701	TSS_3323	.	+	-3397
ZM4	1519879	1519880	ZMO1121_peak_108	1501.78	ZM4	1518240	1518241	TSS_3374	.	+	1639
ZM4	1522295	1522296	ZMO1121_peak_109	21.1295	ZM4	1522124	1522125	TSS_3380	.	-	-171
ZM4	1547128	1547129	ZMO1121_peak_110	22.4416	ZM4	1547277	1547278	TSS_3436	.	+	-149
ZM4	1548706	1548707	ZMO1121_peak_111	5.10268	ZM4	1547344	1547345	TSS_3443	.	+	1362
ZM4	1550570	1550571	ZMO1121_peak_112	759.716	ZM4	1550719	1550720	TSS_3456	.	+	-149
ZM4	1565445	1565446	ZMO1121_peak_113	4049.66	ZM4	1565786	1565787	TSS_3480	.	+	-341
ZM4	1567539	1567540	ZMO1121_peak_114	21.3967	ZM4	1565803	1565804	TSS_3481	.	+	1736
ZM4	1568520	1568521	ZMO1121_peak_115	95.6174	ZM4	1565803	1565804	TSS_3481	.	+	2717
ZM4	1569185	1569186	ZMO1121_peak_116	256.727	ZM4	1565803	1565804	TSS_3481	.	+	3382
ZM4	1573834	1573835	ZMO1121_peak_117	2.63532	ZM4	1573897	1573898	TSS_3495	.	+	-63
ZM4	1615460	1615461	ZMO1121_peak_118	25.1944	ZM4	1609991	1609992	TSS_3550	.	+	5469
ZM4	1630100	1630101	ZMO1121_peak_119	19.6678	ZM4	1627080	1627081	TSS_3564	.	+	3020
ZM4	1677116	1677117	ZMO1121_peak_120	40.3302	ZM4	1676955	1676956	TSS_3668	.	-	-161
ZM4	1703876	1703877	ZMO1121_peak_121	20.4084	ZM4	1703841	1703842	TSS_3731	.	-	-35
ZM4	1726654	1726655	ZMO1121_peak_122	809.021	ZM4	1726705	1726706	TSS_3767	.	+	-51
ZM4	1730126	1730127	ZMO1121_peak_123	22.3919	ZM4	1730155	1730156	TSS_3769	.	+	-29
ZM4	1731467	1731468	ZMO1121_peak_124	543.761	ZM4	1731666	1731667	TSS_3771	.	+	-199
ZM4	1765855	1765856	ZMO1121_peak_125	6.14281	ZM4	1765873	1765874	TSS_3850	.	-	18
ZM4	1780351	1780352	ZMO1121_peak_126	16.2531	ZM4	1780429	1780430	TSS_3907	.	+	-78
ZM4	1794461	1794462	ZMO1121_peak_127	133.153	ZM4	1794468	1794469	TSS_3926	.	-	7
ZM4	1796258	1796259	ZMO1121_peak_128	33.1591	ZM4	1796927	1796928	TSS_3931	.	+	-669
ZM4	1796901	1796902	ZMO1121_peak_129	883.559	ZM4	1796927	1796928	TSS_3931	.	+	-26
ZM4	1797912	1797913	ZMO1121_peak_130a	26.308	ZM4	1797947	1797948	TSS_3957	.	+	-35
ZM4	1798135	1798136	ZMO1121_peak_130b	1.84601	ZM4	1798084	1798085	TSS_3961	.	+	51
ZM4	1800647	1800648	ZMO1121_peak_131	32.8595	ZM4	1800736	1800737	TSS_3964	.	-	89
ZM4	1801881	1801882	ZMO1121_peak_132	90.565	ZM4	1801999	1802000	TSS_3966	.	+	-118
ZM4	1821007	1821008	ZMO1121_peak_133	23.9796	ZM4	1821000	1821001	TSS_3999	.	+	7
ZM4	1828578	1828579	ZMO1121_peak_134	28.6991	ZM4	1827380	1827381	TSS_4024	.	-	-1198
ZM4	1831231	1831232	ZMO1121_peak_135	33.3296	ZM4	1834544	1834545	TSS_4033	.	+	-3313
ZM4	1845795	1845796	ZMO1121_peak_136	32.4107	ZM4	1845856	1845857	TSS_4078	.	+	-61
ZM4	1849835	1849836	ZMO1121_peak_137	5.70731	ZM4	1849748	1849749	TSS_4086	.	-	-87
ZM4	1860625	1860626	ZMO1121_peak_138a	23.9307	ZM4	1860551	1860552	TSS_4093	.	-	-74
ZM4	1860836	1860837	ZMO1121_peak_138b	13.7298	ZM4	1860551	1860552	TSS_4093	.	-	-285
ZM4	1861016	1861017	ZMO1121_peak_138c	7.02798	ZM4	1860551	1860552	TSS_4093	.	-	-465
ZM4	1862940	1862941	ZMO1121_peak_139	18.2866	ZM4	1864306	1864307	TSS_4096	.	+	-1366
ZM4	1868403	1868404	ZMO1121_peak_140	34.7419	ZM4	1868635	1868636	TSS_4103	.	+	-232
ZM4	1879402	1879403	ZMO1121_peak_141	11.8272	ZM4	1882290	1882291	TSS_4110	.	-	2888
ZM4	1890272	1890273	ZMO1121_peak_142	80.9045	ZM4	1890387	1890388	TSS_4135	.	+	-115
ZM4	1896866	1896867	ZMO1121_peak_143	5.28229	ZM4	1895930	1895931	TSS_4141	.	-	-936
ZM4	1900610	1900611	ZMO1121_peak_144	30.1602	ZM4	1895930	1895931	TSS_4141	.	-	-4680
ZM4	1904910	1904911	ZMO1121_peak_145	2.39609	ZM4	1908779	1908780	TSS_4143	.	-	3869
ZM4	1914458	1914459	ZMO1121_peak_146	28.6593	ZM4	1910302	1910303	TSS_4149	.	-	-4156
ZM4	1914802	1914803	ZMO1121_peak_147	1.84243	ZM4	1910302	1910303	TSS_4149	.	-	-4500
ZM4	1922547	1922548	ZMO1121_peak_148	15.893	ZM4	1922589	1922590	TSS_4158	.	-	42
ZM4	1934804	1934805	ZMO1121_peak_149	14.5557	ZM4	1934616	1934617	TSS_4217	.	+	188
ZM4	1939258	1939259	ZMO1121_peak_150	25.2829	ZM4	1939167	1939168	TSS_4219	.	-	-91
ZM4	1954656	1954657	ZMO1121_peak_151	130.876	ZM4	1954553	1954554	TSS_4255	.	-	-103
ZM4	1971048	1971049	ZMO1121_peak_152	14.5616	ZM4	1971103	1971104	TSS_4309	.	-	55
ZM4	1972930	1972931	ZMO1121_peak_153	33.1571	ZM4	1973025	1973026	TSS_4311	.	+	-95
ZM4	2021217	2021218	ZMO1121_peak_154	76.4652	ZM4	2020374	2020375	TSS_4395	.	-	-843
ZM4	2025830	2025831	ZMO1121_peak_155	28.9281	ZM4	2025846	2025847	TSS_4400	.	-	16
ZM4	2030825	2030826	ZMO1121_peak_156	38.7874	ZM4	2031057	2031058	TSS_4404	.	+	-232
ZM4	2032593	2032594	ZMO1121_peak_157	104.648	ZM4	2033927	2033928	TSS_4406	.	-	1334
ZM4	2048283	2048284	ZMO1121_peak_158	507.377	ZM4	2045899	2045900	TSS_4417	.	+	2384
ZM4	2058661	2058662	ZMO1121_peak_159	40.4746	ZM4	2058164	2058165	TSS_4428	.	-	-497
pZM32	394	395	ZMO1121_peak_160	231.082	pZM32	4033	4034	TSS_4431	.	+	-3639
pZM32	9975	9976	ZMO1121_peak_161	33.9005	pZM32	11376	11377	TSS_4444	.	-	1401
pZM33	1317	1318	ZMO1121_peak_162	5.4162	pZM33	1943	1944	TSS_4496	.	-	626
pZM33	2401	2402	ZMO1121_peak_163	14.2532	pZM33	2327	2328	TSS_4498	.	-	-74
pZM33	2401	2402	ZMO1121_peak_163	14.2532	pZM33	2475	2476	TSS_4499	.	+	-74
pZM33	4756	4757	ZMO1121_peak_164	10.3826	pZM33	4574	4575	TSS_4504	.	-	-182
pZM33	12198	12199	ZMO1121_peak_165	68.716	pZM33	13259	13260	TSS_4520	.	+	-1061
pZM36	16498	16499	ZMO1121_peak_166	5.78738	pZM36	16769	16770	TSS_4586	.	-	271
pZM36	24201	24202	ZMO1121_peak_167	116.394	pZM36	24196	24197	TSS_4601	.	+	5
pZM39	3491	3492	ZMO1121_peak_168	31.2466	pZM39	2690	2691	TSS_4614	.	+	801
pZM39	7908	7909	ZMO1121_peak_169	100.358	pZM39	6857	6858	TSS_4620	.	+	1051
pZM39	8912	8913	ZMO1121_peak_170	24.3064	pZM39	6857	6858	TSS_4620	.	+	2055
pZM39	25987	25988	ZMO1121_peak_171	10.843	pZM39	24683	24684	TSS_4631	.	-	-1304
ZM4	166539	166540	ZMO1124_peak_1	66.5444	ZM4	166932	166933	TSS_0325	.	+	-393
ZM4	246520	246521	ZMO1124_peak_2a	5.70246	ZM4	245089	245090	TSS_0500	.	+	1431
ZM4	246648	246649	ZMO1124_peak_2b	5.30352	ZM4	245089	245090	TSS_0500	.	+	1559
ZM4	318413	318414	ZMO1124_peak_3	16.4314	ZM4	318303	318304	TSS_0612	.	-	-110
ZM4	877892	877893	ZMO1124_peak_4	58.3249	ZM4	877979	877980	TSS_1958	.	+	-87
ZM4	997150	997151	ZMO1124_peak_5	19.5046	ZM4	996722	996723	TSS_2196	.	+	428
ZM4	2030815	2030816	ZMO1124_peak_6	39.4624	ZM4	2031057	2031058	TSS_4404	.	+	-242
ZM4	2058675	2058676	ZMO1124_peak_7	33.1376	ZM4	2058164	2058165	TSS_4428	.	-	-511
ZM4	5307	5308	ZMO1126_peak_1	9739.53	ZM4	12709	12710	TSS_0006	.	+	-7402
ZM4	6087	6088	ZMO1126_peak_2	33.1862	ZM4	12709	12710	TSS_0006	.	+	-6622
ZM4	11987	11988	ZMO1126_peak_3	43.9832	ZM4	12709	12710	TSS_0006	.	+	-722
ZM4	19790	19791	ZMO1126_peak_4	44515.5	ZM4	18756	18757	TSS_0024	.	+	1034
ZM4	21604	21605	ZMO1126_peak_5	145.956	ZM4	21174	21175	TSS_0025	.	+	430
ZM4	24569	24570	ZMO1126_peak_6	24.4489	ZM4	26028	26029	TSS_0027	.	-	1459
ZM4	25274	25275	ZMO1126_peak_7	158.657	ZM4	26028	26029	TSS_0027	.	-	754
ZM4	28267	28268	ZMO1126_peak_8	16861.5	ZM4	29259	29260	TSS_0028	.	+	-992
ZM4	33226	33227	ZMO1126_peak_9a	24.0484	ZM4	33787	33788	TSS_0030	.	+	-561
ZM4	33391	33392	ZMO1126_peak_9b	24.6862	ZM4	33787	33788	TSS_0030	.	+	-396
ZM4	34175	34176	ZMO1126_peak_10	331.007	ZM4	34171	34172	TSS_0032	.	+	4
ZM4	35877	35878	ZMO1126_peak_11	69.8238	ZM4	34171	34172	TSS_0032	.	+	1706
ZM4	37684	37685	ZMO1126_peak_12	313.926	ZM4	37928	37929	TSS_0035	.	+	-244
ZM4	42283	42284	ZMO1126_peak_13	273.656	ZM4	42112	42113	TSS_0057	.	-	-171
ZM4	45745	45746	ZMO1126_peak_14	661.668	ZM4	43156	43157	TSS_0059	.	-	-2589
ZM4	48187	48188	ZMO1126_peak_15	346.896	ZM4	50901	50902	TSS_0064	.	-	2714
ZM4	57077	57078	ZMO1126_peak_16	108.825	ZM4	56610	56611	TSS_0073	.	-	-467
ZM4	57493	57494	ZMO1126_peak_17	75.5371	ZM4	57608	57609	TSS_0074	.	-	115
ZM4	61323	61324	ZMO1126_peak_18	2620.98	ZM4	61521	61522	TSS_0079	.	+	-198
ZM4	64879	64880	ZMO1126_peak_19	658.154	ZM4	64871	64872	TSS_0082	.	-	-8
ZM4	65580	65581	ZMO1126_peak_20	29.1214	ZM4	65546	65547	TSS_0087	.	-	-34
ZM4	73652	73653	ZMO1126_peak_21	3078.11	ZM4	74906	74907	TSS_0098	.	-	1254
ZM4	74647	74648	ZMO1126_peak_22	2319.22	ZM4	74906	74907	TSS_0098	.	-	259
ZM4	75608	75609	ZMO1126_peak_23	65.3518	ZM4	74934	74935	TSS_0099	.	-	-674
ZM4	82888	82889	ZMO1126_peak_24	205.008	ZM4	82635	82636	TSS_0107	.	-	-253
ZM4	89943	89944	ZMO1126_peak_25	336.04	ZM4	89879	89880	TSS_0117	.	+	64
ZM4	98751	98752	ZMO1126_peak_26	1483.5	ZM4	99594	99595	TSS_0136	.	+	-843
ZM4	101493	101494	ZMO1126_peak_27	8507.41	ZM4	100905	100906	TSS_0139	.	+	588
ZM4	102127	102128	ZMO1126_peak_28	18156.1	ZM4	102908	102909	TSS_0140	.	+	-781
ZM4	111268	111269	ZMO1126_peak_29a	785.418	ZM4	110458	110459	TSS_0156	.	+	810
ZM4	111587	111588	ZMO1126_peak_29b	69.8449	ZM4	110458	110459	TSS_0156	.	+	1129
ZM4	123133	123134	ZMO1126_peak_30	93.7527	ZM4	122425	122426	TSS_0175	.	+	708
ZM4	125013	125014	ZMO1126_peak_31	246.417	ZM4	124201	124202	TSS_0180	.	+	812
ZM4	127249	127250	ZMO1126_peak_32	367.459	ZM4	129849	129850	TSS_0193	.	-	2600
ZM4	129486	129487	ZMO1126_peak_33	39.7755	ZM4	129849	129850	TSS_0193	.	-	363
ZM4	129787	129788	ZMO1126_peak_34	40.4297	ZM4	129849	129850	TSS_0193	.	-	62
ZM4	134557	134558	ZMO1126_peak_35	267.539	ZM4	132373	132374	TSS_0199	.	+	2184
ZM4	134929	134930	ZMO1126_peak_36	34.7508	ZM4	137247	137248	TSS_0201	.	-	2318
ZM4	138402	138403	ZMO1126_peak_37	3184.08	ZM4	137393	137394	TSS_0202	.	-	-1009
ZM4	145372	145373	ZMO1126_peak_38	105.303	ZM4	145168	145169	TSS_0235	.	+	204
ZM4	150469	150470	ZMO1126_peak_39	41.9309	ZM4	150353	150354	TSS_0243	.	+	116
ZM4	153456	153457	ZMO1126_peak_40	6657.12	ZM4	154079	154080	TSS_0262	.	-	623
ZM4	158680	158681	ZMO1126_peak_41a	94.0538	ZM4	157635	157636	TSS_0267	.	+	1045
ZM4	158940	158941	ZMO1126_peak_41b	67.8535	ZM4	157635	157636	TSS_0267	.	+	1305
ZM4	160217	160218	ZMO1126_peak_42	3882.69	ZM4	160583	160584	TSS_0278	.	-	366
ZM4	165880	165881	ZMO1126_peak_43	205.512	ZM4	165095	165096	TSS_0324	.	+	785
ZM4	166545	166546	ZMO1126_peak_44a	5.74147	ZM4	166932	166933	TSS_0325	.	+	-387
ZM4	166756	166757	ZMO1126_peak_44b	279.609	ZM4	166932	166933	TSS_0325	.	+	-176
ZM4	174527	174528	ZMO1126_peak_45	14.1695	ZM4	173874	173875	TSS_0366	.	+	653
ZM4	195393	195394	ZMO1126_peak_46	1375.97	ZM4	196200	196201	TSS_0398	.	-	807
ZM4	198722	198723	ZMO1126_peak_47	119.947	ZM4	197126	197127	TSS_0402	.	+	1596
ZM4	200119	200120	ZMO1126_peak_48	75.6306	ZM4	197126	197127	TSS_0402	.	+	2993
ZM4	201242	201243	ZMO1126_peak_49	538.581	ZM4	203393	203394	TSS_0405	.	-	2151
ZM4	227701	227702	ZMO1126_peak_50	99.1442	ZM4	228082	228083	TSS_0442	.	+	-381
ZM4	231775	231776	ZMO1126_peak_51	26.0313	ZM4	232373	232374	TSS_0448	.	-	598
ZM4	245105	245106	ZMO1126_peak_52	53.7573	ZM4	245089	245090	TSS_0500	.	+	16
ZM4	249005	249006	ZMO1126_peak_53	2.18123	ZM4	245089	245090	TSS_0500	.	+	3916
ZM4	254685	254686	ZMO1126_peak_54	45.9744	ZM4	259009	259010	TSS_0512	.	+	-4324
ZM4	258634	258635	ZMO1126_peak_55	9.62896	ZM4	259009	259010	TSS_0512	.	+	-375
ZM4	268769	268770	ZMO1126_peak_56	106.262	ZM4	267770	267771	TSS_0530	.	-	-999
ZM4	276744	276745	ZMO1126_peak_57	2883.77	ZM4	276580	276581	TSS_0538	.	+	164
ZM4	282688	282689	ZMO1126_peak_58	3905.45	ZM4	282731	282732	TSS_0547	.	-	43
ZM4	283586	283587	ZMO1126_peak_59	37.5629	ZM4	282731	282732	TSS_0547	.	-	-855
ZM4	292249	292250	ZMO1126_peak_60	114.863	ZM4	293575	293576	TSS_0576	.	+	-1326
ZM4	305827	305828	ZMO1126_peak_61	3894.02	ZM4	304778	304779	TSS_0599	.	-	-1049
ZM4	318822	318823	ZMO1126_peak_62	5071.84	ZM4	318579	318580	TSS_0615	.	+	243
ZM4	323071	323072	ZMO1126_peak_63	414.485	ZM4	321934	321935	TSS_0626	.	+	1137
ZM4	342103	342104	ZMO1126_peak_64	132.423	ZM4	341549	341550	TSS_0673	.	+	554
ZM4	348085	348086	ZMO1126_peak_65	636.983	ZM4	346690	346691	TSS_0687	.	+	1395
ZM4	350539	350540	ZMO1126_peak_66	399.093	ZM4	351956	351957	TSS_0689	.	+	-1417
ZM4	359848	359849	ZMO1126_peak_67	5506.48	ZM4	359813	359814	TSS_0706	.	+	35
ZM4	365757	365758	ZMO1126_peak_68	178.211	ZM4	364911	364912	TSS_0713	.	+	846
ZM4	388539	388540	ZMO1126_peak_69	1584.95	ZM4	390011	390012	TSS_0792	.	+	-1472
ZM4	390338	390339	ZMO1126_peak_70	897.843	ZM4	390011	390012	TSS_0792	.	+	327
ZM4	390885	390886	ZMO1126_peak_71	38.7075	ZM4	391738	391739	TSS_0793	.	+	-853
ZM4	393507	393508	ZMO1126_peak_72	2073.55	ZM4	391738	391739	TSS_0793	.	+	1769
ZM4	395025	395026	ZMO1126_peak_73	39.86	ZM4	397722	397723	TSS_0795	.	+	-2697
ZM4	396768	396769	ZMO1126_peak_74	701.318	ZM4	397722	397723	TSS_0795	.	+	-954
ZM4	397275	397276	ZMO1126_peak_75	123.093	ZM4	397722	397723	TSS_0795	.	+	-447
ZM4	399801	399802	ZMO1126_peak_76	119.324	ZM4	397722	397723	TSS_0795	.	+	2079
ZM4	402140	402141	ZMO1126_peak_77	9132.23	ZM4	405797	405798	TSS_0803	.	-	3657
ZM4	418665	418666	ZMO1126_peak_78	341.981	ZM4	418225	418226	TSS_0828	.	-	-440
ZM4	422286	422287	ZMO1126_peak_79	1182.24	ZM4	419827	419828	TSS_0833	.	-	-2459
ZM4	426207	426208	ZMO1126_peak_80	3154.78	ZM4	425762	425763	TSS_0841	.	+	445
ZM4	427860	427861	ZMO1126_peak_81	4744.48	ZM4	427103	427104	TSS_0843	.	+	757
ZM4	428900	428901	ZMO1126_peak_82	478.31	ZM4	430341	430342	TSS_0844	.	+	-1441
ZM4	429593	429594	ZMO1126_peak_83	179.816	ZM4	430341	430342	TSS_0844	.	+	-748
ZM4	432577	432578	ZMO1126_peak_84	34.6961	ZM4	432117	432118	TSS_0849	.	+	460
ZM4	439519	439520	ZMO1126_peak_85	79.6718	ZM4	438921	438922	TSS_0866	.	+	598
ZM4	446395	446396	ZMO1126_peak_86	33.9023	ZM4	446368	446369	TSS_0880	.	-	-27
ZM4	450548	450549	ZMO1126_peak_87	113.138	ZM4	452429	452430	TSS_0906	.	-	1881
ZM4	454061	454062	ZMO1126_peak_88	9629.87	ZM4	452669	452670	TSS_0910	.	+	1392
ZM4	455043	455044	ZMO1126_peak_89	106.241	ZM4	457025	457026	TSS_0911	.	-	1982
ZM4	455484	455485	ZMO1126_peak_90	56.0667	ZM4	457025	457026	TSS_0911	.	-	1541
ZM4	456968	456969	ZMO1126_peak_91	385.707	ZM4	457025	457026	TSS_0911	.	-	57
ZM4	458588	458589	ZMO1126_peak_92	215.389	ZM4	459770	459771	TSS_0923	.	-	1182
ZM4	461798	461799	ZMO1126_peak_93	1683.8	ZM4	462622	462623	TSS_0939	.	+	-824
ZM4	465087	465088	ZMO1126_peak_94	290.507	ZM4	465014	465015	TSS_0947	.	-	-73
ZM4	466491	466492	ZMO1126_peak_95	384.257	ZM4	466854	466855	TSS_0950	.	-	363
ZM4	467305	467306	ZMO1126_peak_96	63.4871	ZM4	466854	466855	TSS_0950	.	-	-451
ZM4	468923	468924	ZMO1126_peak_97	21450.6	ZM4	468600	468601	TSS_0951	.	-	-323
ZM4	470292	470293	ZMO1126_peak_98	94.961	ZM4	470599	470600	TSS_0952	.	-	307
ZM4	476052	476053	ZMO1126_peak_99	2875.83	ZM4	476744	476745	TSS_0966	.	-	692
ZM4	486634	486635	ZMO1126_peak_100	378.323	ZM4	486033	486034	TSS_1007	.	+	601
ZM4	487075	487076	ZMO1126_peak_101	180.05	ZM4	487927	487928	TSS_1008	.	+	-852
ZM4	490508	490509	ZMO1126_peak_102	159.937	ZM4	489935	489936	TSS_1023	.	+	573
ZM4	492283	492284	ZMO1126_peak_103	318.608	ZM4	489935	489936	TSS_1023	.	+	2348
ZM4	495515	495516	ZMO1126_peak_104	444.598	ZM4	497665	497666	TSS_1028	.	-	2150
ZM4	500879	500880	ZMO1126_peak_105	3312.34	ZM4	502236	502237	TSS_1037	.	-	1357
ZM4	505868	505869	ZMO1126_peak_106	17.7446	ZM4	504334	504335	TSS_1041	.	+	1534
ZM4	508501	508502	ZMO1126_peak_107a	7.94587	ZM4	509404	509405	TSS_1045	.	+	-903
ZM4	508673	508674	ZMO1126_peak_107b	3.98114	ZM4	509404	509405	TSS_1045	.	+	-731
ZM4	510224	510225	ZMO1126_peak_108	27.3793	ZM4	510996	510997	TSS_1046	.	+	-772
ZM4	543104	543105	ZMO1126_peak_109a	13.3016	ZM4	543015	543016	TSS_1286	.	-	-89
ZM4	543329	543330	ZMO1126_peak_109b	150.616	ZM4	543526	543527	TSS_1287	.	-	197
ZM4	548457	548458	ZMO1126_peak_110	20.5314	ZM4	548441	548442	TSS_1300	.	-	-16
ZM4	553115	553116	ZMO1126_peak_111	2339.9	ZM4	553505	553506	TSS_1309	.	-	390
ZM4	556971	556972	ZMO1126_peak_112	9081.16	ZM4	556627	556628	TSS_1327	.	-	-344
ZM4	558418	558419	ZMO1126_peak_113	1867.79	ZM4	559230	559231	TSS_1328	.	+	-812
ZM4	568329	568330	ZMO1126_peak_114	11.9873	ZM4	569906	569907	TSS_1353	.	-	1577
ZM4	570124	570125	ZMO1126_peak_115	247.911	ZM4	569906	569907	TSS_1353	.	-	-218
ZM4	570869	570870	ZMO1126_peak_116	46.3233	ZM4	571041	571042	TSS_1354	.	-	172
ZM4	571492	571493	ZMO1126_peak_117	180.287	ZM4	571603	571604	TSS_1355	.	+	-111
ZM4	574305	574306	ZMO1126_peak_118	15.3389	ZM4	573476	573477	TSS_1369	.	+	829
ZM4	576251	576252	ZMO1126_peak_119	76.1013	ZM4	573476	573477	TSS_1369	.	+	2775
ZM4	583028	583029	ZMO1126_peak_120	449.408	ZM4	583750	583751	TSS_1374	.	-	722
ZM4	590764	590765	ZMO1126_peak_121	23.7469	ZM4	590371	590372	TSS_1381	.	-	-393
ZM4	597313	597314	ZMO1126_peak_122	1274.54	ZM4	596812	596813	TSS_1396	.	-	-501
ZM4	598797	598798	ZMO1126_peak_123	207.772	ZM4	599025	599026	TSS_1400	.	+	-228
ZM4	608929	608930	ZMO1126_peak_124	5884.8	ZM4	608481	608482	TSS_1413	.	-	-448
ZM4	612477	612478	ZMO1126_peak_125	18286.7	ZM4	612589	612590	TSS_1424	.	-	112
ZM4	616384	616385	ZMO1126_peak_126	598.03	ZM4	617211	617212	TSS_1434	.	+	-827
ZM4	620695	620696	ZMO1126_peak_127	56.1269	ZM4	620685	620686	TSS_1445	.	+	10
ZM4	623153	623154	ZMO1126_peak_128	101.43	ZM4	623556	623557	TSS_1448	.	+	-403
ZM4	625632	625633	ZMO1126_peak_129	861.475	ZM4	625384	625385	TSS_1453	.	-	-248
ZM4	625978	625979	ZMO1126_peak_130	59.4919	ZM4	625945	625946	TSS_1456	.	+	33
ZM4	634216	634217	ZMO1126_peak_131a	398.396	ZM4	635196	635197	TSS_1465	.	+	-980
ZM4	634433	634434	ZMO1126_peak_131b	46.3233	ZM4	635196	635197	TSS_1465	.	+	-763
ZM4	635769	635770	ZMO1126_peak_132	185.463	ZM4	635196	635197	TSS_1465	.	+	573
ZM4	638254	638255	ZMO1126_peak_133	132.396	ZM4	638856	638857	TSS_1469	.	+	-602
ZM4	644083	644084	ZMO1126_peak_134	368.617	ZM4	644525	644526	TSS_1488	.	-	442
ZM4	644971	644972	ZMO1126_peak_135	88.9594	ZM4	644525	644526	TSS_1488	.	-	-446
ZM4	648211	648212	ZMO1126_peak_136	3711.18	ZM4	648223	648224	TSS_1491	.	-	12
ZM4	655961	655962	ZMO1126_peak_137	1389.93	ZM4	655078	655079	TSS_1506	.	+	883
ZM4	656904	656905	ZMO1126_peak_138	446.467	ZM4	655078	655079	TSS_1506	.	+	1826
ZM4	659372	659373	ZMO1126_peak_139	216.4	ZM4	659222	659223	TSS_1516	.	+	150
ZM4	662383	662384	ZMO1126_peak_140	22.5205	ZM4	662411	662412	TSS_1519	.	+	-28
ZM4	664699	664700	ZMO1126_peak_141	102.766	ZM4	664327	664328	TSS_1537	.	+	372
ZM4	670042	670043	ZMO1126_peak_142	146.789	ZM4	670330	670331	TSS_1544	.	-	288
ZM4	677070	677071	ZMO1126_peak_143	140.206	ZM4	678192	678193	TSS_1560	.	+	-1122
ZM4	683078	683079	ZMO1126_peak_144	1150.2	ZM4	684964	684965	TSS_1564	.	-	1886
ZM4	697725	697726	ZMO1126_peak_145	103.798	ZM4	698310	698311	TSS_1600	.	-	585
ZM4	703903	703904	ZMO1126_peak_146	103.364	ZM4	703889	703890	TSS_1603	.	-	-14
ZM4	705463	705464	ZMO1126_peak_147	991.583	ZM4	703984	703985	TSS_1605	.	-	-1479
ZM4	713031	713032	ZMO1126_peak_148	66.4219	ZM4	711827	711828	TSS_1619	.	+	1204
ZM4	713746	713747	ZMO1126_peak_149	4618.74	ZM4	714298	714299	TSS_1620	.	+	-552
ZM4	722074	722075	ZMO1126_peak_150	1940.75	ZM4	721619	721620	TSS_1638	.	+	455
ZM4	748216	748217	ZMO1126_peak_151	79.8411	ZM4	748436	748437	TSS_1738	.	-	220
ZM4	761413	761414	ZMO1126_peak_152	764.776	ZM4	761329	761330	TSS_1775	.	+	84
ZM4	762397	762398	ZMO1126_peak_153	27.1317	ZM4	761329	761330	TSS_1775	.	+	1068
ZM4	772836	772837	ZMO1126_peak_154	41.6961	ZM4	773232	773233	TSS_1788	.	-	396
ZM4	774285	774286	ZMO1126_peak_155	44.7621	ZM4	773264	773265	TSS_1789	.	+	1021
ZM4	795576	795577	ZMO1126_peak_156	2394.88	ZM4	797196	797197	TSS_1808	.	-	1620
ZM4	797928	797929	ZMO1126_peak_157	67.0141	ZM4	797198	797199	TSS_1809	.	-	-730
ZM4	804246	804247	ZMO1126_peak_158	554.343	ZM4	800836	800837	TSS_1811	.	-	-3410
ZM4	808153	808154	ZMO1126_peak_159	3081.85	ZM4	810611	810612	TSS_1815	.	-	2458
ZM4	809996	809997	ZMO1126_peak_160	105.502	ZM4	810611	810612	TSS_1815	.	-	615
ZM4	812688	812689	ZMO1126_peak_161	58.8843	ZM4	812943	812944	TSS_1816	.	-	255
ZM4	814988	814989	ZMO1126_peak_162	654.05	ZM4	814346	814347	TSS_1818	.	-	-642
ZM4	825712	825713	ZMO1126_peak_163	607.841	ZM4	825345	825346	TSS_1867	.	+	367
ZM4	829917	829918	ZMO1126_peak_164	2544.29	ZM4	828701	828702	TSS_1871	.	+	1216
ZM4	834959	834960	ZMO1126_peak_165a	10.5149	ZM4	831738	831739	TSS_1873	.	+	3221
ZM4	835204	835205	ZMO1126_peak_165b	6.78477	ZM4	831738	831739	TSS_1873	.	+	3466
ZM4	837239	837240	ZMO1126_peak_166	8.95878	ZM4	842246	842247	TSS_1877	.	+	-5007
ZM4	838769	838770	ZMO1126_peak_167	292.781	ZM4	842246	842247	TSS_1877	.	+	-3477
ZM4	839924	839925	ZMO1126_peak_168	88.1392	ZM4	842246	842247	TSS_1877	.	+	-2322
ZM4	846965	846966	ZMO1126_peak_169	16.6166	ZM4	845509	845510	TSS_1896	.	+	1456
ZM4	861476	861477	ZMO1126_peak_170	37.9896	ZM4	862488	862489	TSS_1919	.	+	-1012
ZM4	875517	875518	ZMO1126_peak_171	20.5314	ZM4	875072	875073	TSS_1953	.	+	445
ZM4	879438	879439	ZMO1126_peak_172	482.111	ZM4	880165	880166	TSS_1961	.	+	-727
ZM4	880360	880361	ZMO1126_peak_173	617.733	ZM4	880165	880166	TSS_1961	.	+	195
ZM4	883977	883978	ZMO1126_peak_174	52.7495	ZM4	883194	883195	TSS_1963	.	+	783
ZM4	895708	895709	ZMO1126_peak_175	1142.85	ZM4	895795	895796	TSS_2000	.	+	-87
ZM4	908927	908928	ZMO1126_peak_176	59.4533	ZM4	908198	908199	TSS_2022	.	+	729
ZM4	915066	915067	ZMO1126_peak_177	37.7281	ZM4	914345	914346	TSS_2025	.	-	-721
ZM4	919017	919018	ZMO1126_peak_178	82.3663	ZM4	919274	919275	TSS_2030	.	-	257
ZM4	926353	926354	ZMO1126_peak_179	118.79	ZM4	926039	926040	TSS_2045	.	-	-314
ZM4	933255	933256	ZMO1126_peak_180	15592.3	ZM4	932566	932567	TSS_2068	.	+	689
ZM4	933790	933791	ZMO1126_peak_181	511.736	ZM4	934326	934327	TSS_2070	.	+	-536
ZM4	942465	942466	ZMO1126_peak_182	682.137	ZM4	945338	945339	TSS_2088	.	-	2873
ZM4	944122	944123	ZMO1126_peak_183	1066.71	ZM4	945338	945339	TSS_2088	.	-	1216
ZM4	948216	948217	ZMO1126_peak_184	25.4593	ZM4	948276	948277	TSS_2097	.	+	-60
ZM4	950264	950265	ZMO1126_peak_185	3422.05	ZM4	951136	951137	TSS_2105	.	-	872
ZM4	951112	951113	ZMO1126_peak_186	51.4241	ZM4	951136	951137	TSS_2105	.	-	24
ZM4	955429	955430	ZMO1126_peak_187	11702	ZM4	954996	954997	TSS_2109	.	-	-433
ZM4	958436	958437	ZMO1126_peak_188	68.2037	ZM4	957435	957436	TSS_2111	.	-	-1001
ZM4	966855	966856	ZMO1126_peak_189a	65.2425	ZM4	966858	966859	TSS_2138	.	+	-3
ZM4	967111	967112	ZMO1126_peak_189b	6403.17	ZM4	966858	966859	TSS_2138	.	+	253
ZM4	970281	970282	ZMO1126_peak_190	99.8865	ZM4	968979	968980	TSS_2147	.	+	1302
ZM4	970942	970943	ZMO1126_peak_191	248.961	ZM4	972262	972263	TSS_2153	.	-	1320
ZM4	975563	975564	ZMO1126_peak_192	608.519	ZM4	974364	974365	TSS_2157	.	+	1199
ZM4	978160	978161	ZMO1126_peak_193a	823.747	ZM4	977944	977945	TSS_2160	.	+	216
ZM4	978386	978387	ZMO1126_peak_193b	156.771	ZM4	977944	977945	TSS_2160	.	+	442
ZM4	983888	983889	ZMO1126_peak_194	174.1	ZM4	984710	984711	TSS_2178	.	+	-822
ZM4	986811	986812	ZMO1126_peak_195	4074.6	ZM4	986158	986159	TSS_2179	.	+	653
ZM4	988085	988086	ZMO1126_peak_196	59.4533	ZM4	989495	989496	TSS_2180	.	+	-1410
ZM4	989714	989715	ZMO1126_peak_197	267.189	ZM4	989699	989700	TSS_2182	.	+	15
ZM4	992940	992941	ZMO1126_peak_198	236.953	ZM4	992908	992909	TSS_2189	.	+	32
ZM4	994680	994681	ZMO1126_peak_199	39.2001	ZM4	995678	995679	TSS_2192	.	-	998
ZM4	1005124	1005125	ZMO1126_peak_200a	3256.77	ZM4	1005664	1005665	TSS_2204	.	-	540
ZM4	1005471	1005472	ZMO1126_peak_200b	215.389	ZM4	1005664	1005665	TSS_2204	.	-	193
ZM4	1006253	1006254	ZMO1126_peak_201	92.7153	ZM4	1005664	1005665	TSS_2204	.	-	-589
ZM4	1012005	1012006	ZMO1126_peak_202	35.3199	ZM4	1012360	1012361	TSS_2228	.	-	355
ZM4	1017919	1017920	ZMO1126_peak_203	1544.39	ZM4	1017456	1017457	TSS_2255	.	+	463
ZM4	1021596	1021597	ZMO1126_peak_204	387.647	ZM4	1021550	1021551	TSS_2261	.	+	46
ZM4	1023764	1023765	ZMO1126_peak_205a	5260.74	ZM4	1023743	1023744	TSS_2263	.	+	21
ZM4	1024121	1024122	ZMO1126_peak_205b	115.956	ZM4	1023743	1023744	TSS_2263	.	+	378
ZM4	1026829	1026830	ZMO1126_peak_206	97.4411	ZM4	1027024	1027025	TSS_2267	.	+	-195
ZM4	1029776	1029777	ZMO1126_peak_207	134.095	ZM4	1030111	1030112	TSS_2278	.	+	-335
ZM4	1033688	1033689	ZMO1126_peak_208a	2341.43	ZM4	1033400	1033401	TSS_2289	.	-	-288
ZM4	1034074	1034075	ZMO1126_peak_208b	18.6128	ZM4	1034259	1034260	TSS_2290	.	-	185
ZM4	1035985	1035986	ZMO1126_peak_209	1220.92	ZM4	1035204	1035205	TSS_2294	.	-	-781
ZM4	1036807	1036808	ZMO1126_peak_210	19.3716	ZM4	1036940	1036941	TSS_2295	.	-	133
ZM4	1038689	1038690	ZMO1126_peak_211	4837.44	ZM4	1038660	1038661	TSS_2298	.	-	-29
ZM4	1041058	1041059	ZMO1126_peak_212	1139.16	ZM4	1041285	1041286	TSS_2309	.	+	-227
ZM4	1041452	1041453	ZMO1126_peak_213	258.625	ZM4	1041340	1041341	TSS_2310	.	+	112
ZM4	1049416	1049417	ZMO1126_peak_214	1443.31	ZM4	1048782	1048783	TSS_2320	.	+	634
ZM4	1052959	1052960	ZMO1126_peak_215	452.706	ZM4	1054730	1054731	TSS_2346	.	-	1771
ZM4	1059012	1059013	ZMO1126_peak_216	222.226	ZM4	1061294	1061295	TSS_2358	.	+	-2282
ZM4	1060352	1060353	ZMO1126_peak_217	99.3792	ZM4	1061294	1061295	TSS_2358	.	+	-942
ZM4	1061668	1061669	ZMO1126_peak_218	3319.21	ZM4	1061345	1061346	TSS_2360	.	+	323
ZM4	1063206	1063207	ZMO1126_peak_219a	70.6033	ZM4	1063532	1063533	TSS_2366	.	-	326
ZM4	1063536	1063537	ZMO1126_peak_219b	1748.06	ZM4	1063532	1063533	TSS_2366	.	-	-4
ZM4	1063800	1063801	ZMO1126_peak_219c	34.8451	ZM4	1063726	1063727	TSS_2368	.	+	74
ZM4	1068035	1068036	ZMO1126_peak_220	2670.45	ZM4	1067835	1067836	TSS_2374	.	+	200
ZM4	1075323	1075324	ZMO1126_peak_221	34829.4	ZM4	1075241	1075242	TSS_2383	.	+	82
ZM4	1087853	1087854	ZMO1126_peak_222	91.4003	ZM4	1087196	1087197	TSS_2425	.	+	657
ZM4	1100409	1100410	ZMO1126_peak_223	9917.44	ZM4	1100847	1100848	TSS_2442	.	+	-438
ZM4	1101445	1101446	ZMO1126_peak_224	408.503	ZM4	1101310	1101311	TSS_2445	.	+	135
ZM4	1103909	1103910	ZMO1126_peak_225	2579.99	ZM4	1104117	1104118	TSS_2447	.	+	-208
ZM4	1106284	1106285	ZMO1126_peak_226	629.025	ZM4	1107819	1107820	TSS_2449	.	+	-1535
ZM4	1114364	1114365	ZMO1126_peak_227	1596.19	ZM4	1115701	1115702	TSS_2457	.	-	1337
ZM4	1128575	1128576	ZMO1126_peak_228	371.448	ZM4	1129059	1129060	TSS_2493	.	+	-484
ZM4	1133109	1133110	ZMO1126_peak_229	2419.4	ZM4	1132918	1132919	TSS_2507	.	+	191
ZM4	1136709	1136710	ZMO1126_peak_230	1473.61	ZM4	1139181	1139182	TSS_2512	.	+	-2472
ZM4	1139590	1139591	ZMO1126_peak_231	781.439	ZM4	1139181	1139182	TSS_2512	.	+	409
ZM4	1144850	1144851	ZMO1126_peak_232	28.0028	ZM4	1145468	1145469	TSS_2521	.	-	618
ZM4	1149200	1149201	ZMO1126_peak_233	9.5377	ZM4	1148449	1148450	TSS_2528	.	+	751
ZM4	1150876	1150877	ZMO1126_peak_234a	71.0574	ZM4	1151085	1151086	TSS_2530	.	+	-209
ZM4	1151103	1151104	ZMO1126_peak_234b	353.222	ZM4	1151105	1151106	TSS_2532	.	-	2
ZM4	1151575	1151576	ZMO1126_peak_235	533.601	ZM4	1151171	1151172	TSS_2536	.	+	404
ZM4	1152471	1152472	ZMO1126_peak_236	49.5009	ZM4	1151171	1151172	TSS_2536	.	+	1300
ZM4	1154271	1154272	ZMO1126_peak_237	200.311	ZM4	1154148	1154149	TSS_2538	.	-	-123
ZM4	1159152	1159153	ZMO1126_peak_238	443.357	ZM4	1159416	1159417	TSS_2562	.	+	-264
ZM4	1161768	1161769	ZMO1126_peak_239	86.4063	ZM4	1160414	1160415	TSS_2569	.	+	1354
ZM4	1162489	1162490	ZMO1126_peak_240	31.1726	ZM4	1163348	1163349	TSS_2573	.	-	859
ZM4	1163564	1163565	ZMO1126_peak_241	5409.98	ZM4	1163348	1163349	TSS_2573	.	-	-216
ZM4	1164152	1164153	ZMO1126_peak_242	152.908	ZM4	1164717	1164718	TSS_2575	.	-	565
ZM4	1172273	1172274	ZMO1126_peak_243	41.1925	ZM4	1171045	1171046	TSS_2592	.	-	-1228
ZM4	1172757	1172758	ZMO1126_peak_244	139.997	ZM4	1173741	1173742	TSS_2594	.	-	984
ZM4	1173977	1173978	ZMO1126_peak_245	1563.94	ZM4	1173741	1173742	TSS_2594	.	-	-236
ZM4	1180450	1180451	ZMO1126_peak_246	458.437	ZM4	1180926	1180927	TSS_2627	.	+	-476
ZM4	1183006	1183007	ZMO1126_peak_247a	32.0634	ZM4	1181555	1181556	TSS_2631	.	+	1451
ZM4	1183300	1183301	ZMO1126_peak_247b	700.97	ZM4	1184548	1184549	TSS_2634	.	-	1248
ZM4	1201422	1201423	ZMO1126_peak_248	23.3354	ZM4	1202318	1202319	TSS_2664	.	-	896
ZM4	1202864	1202865	ZMO1126_peak_249	48.4709	ZM4	1203316	1203317	TSS_2666	.	-	452
ZM4	1210685	1210686	ZMO1126_peak_250	121.43	ZM4	1211854	1211855	TSS_2681	.	-	1169
ZM4	1219642	1219643	ZMO1126_peak_251	466.299	ZM4	1225593	1225594	TSS_2694	.	+	-5951
ZM4	1223977	1223978	ZMO1126_peak_252	2207.7	ZM4	1225593	1225594	TSS_2694	.	+	-1616
ZM4	1224951	1224952	ZMO1126_peak_253	1098.92	ZM4	1225593	1225594	TSS_2694	.	+	-642
ZM4	1230215	1230216	ZMO1126_peak_254	285.438	ZM4	1230397	1230398	TSS_2702	.	-	182
ZM4	1231501	1231502	ZMO1126_peak_255	117.372	ZM4	1231054	1231055	TSS_2705	.	-	-447
ZM4	1232987	1232988	ZMO1126_peak_256	42.7094	ZM4	1232253	1232254	TSS_2708	.	+	734
ZM4	1235522	1235523	ZMO1126_peak_257	380.374	ZM4	1236263	1236264	TSS_2716	.	-	741
ZM4	1236582	1236583	ZMO1126_peak_258	516.732	ZM4	1236429	1236430	TSS_2724	.	-	-153
ZM4	1241154	1241155	ZMO1126_peak_259	1030.9	ZM4	1241759	1241760	TSS_2744	.	+	-605
ZM4	1246139	1246140	ZMO1126_peak_260	16.7649	ZM4	1245168	1245169	TSS_2763	.	+	971
ZM4	1255350	1255351	ZMO1126_peak_261	37.7281	ZM4	1255857	1255858	TSS_2803	.	+	-507
ZM4	1264005	1264006	ZMO1126_peak_262a	44.5402	ZM4	1264494	1264495	TSS_2829	.	-	489
ZM4	1264258	1264259	ZMO1126_peak_262b	25.8439	ZM4	1264494	1264495	TSS_2829	.	-	236
ZM4	1270185	1270186	ZMO1126_peak_263	33.9023	ZM4	1270888	1270889	TSS_2852	.	-	703
ZM4	1271855	1271856	ZMO1126_peak_264	8952.95	ZM4	1271268	1271269	TSS_2853	.	-	-587
ZM4	1274813	1274814	ZMO1126_peak_265	842.866	ZM4	1271268	1271269	TSS_2853	.	-	-3545
ZM4	1279723	1279724	ZMO1126_peak_266	38.559	ZM4	1278786	1278787	TSS_2859	.	+	937
ZM4	1282483	1282484	ZMO1126_peak_267	28.9914	ZM4	1283501	1283502	TSS_2860	.	+	-1018
ZM4	1294019	1294020	ZMO1126_peak_268	41.1925	ZM4	1292554	1292555	TSS_2884	.	+	1465
ZM4	1295272	1295273	ZMO1126_peak_269a	86.2009	ZM4	1296627	1296628	TSS_2885	.	-	1355
ZM4	1295531	1295532	ZMO1126_peak_269b	60.0242	ZM4	1296627	1296628	TSS_2885	.	-	1096
ZM4	1298204	1298205	ZMO1126_peak_270	971.431	ZM4	1297477	1297478	TSS_2904	.	+	727
ZM4	1320603	1320604	ZMO1126_peak_271	18.2758	ZM4	1322319	1322320	TSS_2955	.	-	1716
ZM4	1321660	1321661	ZMO1126_peak_272	66.4587	ZM4	1322319	1322320	TSS_2955	.	-	659
ZM4	1322131	1322132	ZMO1126_peak_273	1541.48	ZM4	1322319	1322320	TSS_2955	.	-	188
ZM4	1327269	1327270	ZMO1126_peak_274	29.3279	ZM4	1327375	1327376	TSS_2967	.	+	-106
ZM4	1327943	1327944	ZMO1126_peak_275	1024.53	ZM4	1327727	1327728	TSS_2973	.	+	216
ZM4	1328511	1328512	ZMO1126_peak_276	117.049	ZM4	1327727	1327728	TSS_2973	.	+	784
ZM4	1331122	1331123	ZMO1126_peak_277a	57.188	ZM4	1331663	1331664	TSS_2978	.	+	-541
ZM4	1331256	1331257	ZMO1126_peak_277b	18.2376	ZM4	1331663	1331664	TSS_2978	.	+	-407
ZM4	1335983	1335984	ZMO1126_peak_278	31.0841	ZM4	1335874	1335875	TSS_2983	.	-	-109
ZM4	1343614	1343615	ZMO1126_peak_279	84.2768	ZM4	1344079	1344080	TSS_2997	.	+	-465
ZM4	1346249	1346250	ZMO1126_peak_280	6627.67	ZM4	1345567	1345568	TSS_3006	.	+	682
ZM4	1349468	1349469	ZMO1126_peak_281	154.921	ZM4	1348166	1348167	TSS_3016	.	+	1302
ZM4	1353297	1353298	ZMO1126_peak_282	3525.95	ZM4	1353460	1353461	TSS_3027	.	-	163
ZM4	1356624	1356625	ZMO1126_peak_283	36.7582	ZM4	1358472	1358473	TSS_3032	.	-	1848
ZM4	1362955	1362956	ZMO1126_peak_284	59.5694	ZM4	1362997	1362998	TSS_3050	.	-	42
ZM4	1366433	1366434	ZMO1126_peak_285	3233.99	ZM4	1366529	1366530	TSS_3066	.	+	-96
ZM4	1367605	1367606	ZMO1126_peak_286	46.9558	ZM4	1368619	1368620	TSS_3069	.	-	1014
ZM4	1369151	1369152	ZMO1126_peak_287	4105.29	ZM4	1369408	1369409	TSS_3073	.	-	257
ZM4	1371680	1371681	ZMO1126_peak_288	102.282	ZM4	1371021	1371022	TSS_3096	.	-	-659
ZM4	1374118	1374119	ZMO1126_peak_289	51.1167	ZM4	1374707	1374708	TSS_3097	.	-	589
ZM4	1377604	1377605	ZMO1126_peak_290	44.7639	ZM4	1377635	1377636	TSS_3117	.	-	31
ZM4	1381524	1381525	ZMO1126_peak_291	388.359	ZM4	1379883	1379884	TSS_3124	.	+	1641
ZM4	1382112	1382113	ZMO1126_peak_292	280.845	ZM4	1383305	1383306	TSS_3129	.	+	-1193
ZM4	1383791	1383792	ZMO1126_peak_293	140.993	ZM4	1383941	1383942	TSS_3134	.	+	-150
ZM4	1395561	1395562	ZMO1126_peak_294	4322.7	ZM4	1395415	1395416	TSS_3155	.	-	-146
ZM4	1401798	1401799	ZMO1126_peak_295a	203.464	ZM4	1401423	1401424	TSS_3161	.	+	375
ZM4	1402098	1402099	ZMO1126_peak_295b	52.2033	ZM4	1401423	1401424	TSS_3161	.	+	675
ZM4	1403925	1403926	ZMO1126_peak_296	34.3726	ZM4	1404133	1404134	TSS_3163	.	-	208
ZM4	1411791	1411792	ZMO1126_peak_297	1749.45	ZM4	1413024	1413025	TSS_3173	.	-	1233
ZM4	1419100	1419101	ZMO1126_peak_298	294.685	ZM4	1419108	1419109	TSS_3186	.	-	8
ZM4	1422452	1422453	ZMO1126_peak_299	1781.04	ZM4	1422354	1422355	TSS_3194	.	-	-98
ZM4	1425800	1425801	ZMO1126_peak_300a	252.181	ZM4	1425891	1425892	TSS_3212	.	+	-91
ZM4	1426048	1426049	ZMO1126_peak_300b	344.196	ZM4	1425903	1425904	TSS_3216	.	+	145
ZM4	1433109	1433110	ZMO1126_peak_301	2640.75	ZM4	1432209	1432210	TSS_3232	.	-	-900
ZM4	1445230	1445231	ZMO1126_peak_302	121.882	ZM4	1444544	1444545	TSS_3242	.	+	686
ZM4	1452433	1452434	ZMO1126_peak_303	17.1287	ZM4	1453174	1453175	TSS_3252	.	-	741
ZM4	1453213	1453214	ZMO1126_peak_304	16.7649	ZM4	1453174	1453175	TSS_3252	.	-	-39
ZM4	1453213	1453214	ZMO1126_peak_304	16.7649	ZM4	1453252	1453253	TSS_3253	.	-	39
ZM4	1454741	1454742	ZMO1126_peak_305	232.594	ZM4	1456147	1456148	TSS_3254	.	-	1406
ZM4	1457104	1457105	ZMO1126_peak_306	77.8586	ZM4	1456331	1456332	TSS_3256	.	-	-773
ZM4	1458304	1458305	ZMO1126_peak_307	298.407	ZM4	1458639	1458640	TSS_3257	.	-	335
ZM4	1460421	1460422	ZMO1126_peak_308	34688.1	ZM4	1459885	1459886	TSS_3263	.	+	536
ZM4	1462143	1462144	ZMO1126_peak_309	212.276	ZM4	1462045	1462046	TSS_3264	.	-	-98
ZM4	1465276	1465277	ZMO1126_peak_310	118.083	ZM4	1466925	1466926	TSS_3269	.	-	1649
ZM4	1471240	1471241	ZMO1126_peak_311	24.7667	ZM4	1468913	1468914	TSS_3272	.	-	-2327
ZM4	1477236	1477237	ZMO1126_peak_312	30.0829	ZM4	1476000	1476001	TSS_3276	.	+	1236
ZM4	1490494	1490495	ZMO1126_peak_313	3663.93	ZM4	1489121	1489122	TSS_3290	.	+	1373
ZM4	1492877	1492878	ZMO1126_peak_314	112.673	ZM4	1492604	1492605	TSS_3294	.	-	-273
ZM4	1499781	1499782	ZMO1126_peak_315	24.7015	ZM4	1500148	1500149	TSS_3302	.	+	-367
ZM4	1503261	1503262	ZMO1126_peak_316	238.879	ZM4	1502326	1502327	TSS_3314	.	-	-935
ZM4	1504248	1504249	ZMO1126_peak_317	33388.7	ZM4	1504207	1504208	TSS_3316	.	-	-41
ZM4	1505207	1505208	ZMO1126_peak_318	1208.17	ZM4	1505529	1505530	TSS_3319	.	-	322
ZM4	1510663	1510664	ZMO1126_peak_319	429.951	ZM4	1512700	1512701	TSS_3323	.	+	-2037
ZM4	1513068	1513069	ZMO1126_peak_320	852.972	ZM4	1512700	1512701	TSS_3323	.	+	368
ZM4	1519496	1519497	ZMO1126_peak_321	447.517	ZM4	1518240	1518241	TSS_3374	.	+	1256
ZM4	1520394	1520395	ZMO1126_peak_322	8.13178	ZM4	1522124	1522125	TSS_3380	.	-	1730
ZM4	1522428	1522429	ZMO1126_peak_323	222.377	ZM4	1522536	1522537	TSS_3381	.	+	-108
ZM4	1523049	1523050	ZMO1126_peak_324	1678.76	ZM4	1522632	1522633	TSS_3383	.	+	417
ZM4	1526754	1526755	ZMO1126_peak_325	53.952	ZM4	1527045	1527046	TSS_3390	.	-	291
ZM4	1534191	1534192	ZMO1126_peak_326	232.594	ZM4	1533779	1533780	TSS_3405	.	+	412
ZM4	1539594	1539595	ZMO1126_peak_327	295.614	ZM4	1536286	1536287	TSS_3408	.	+	3308
ZM4	1540883	1540884	ZMO1126_peak_328	165.368	ZM4	1543125	1543126	TSS_3414	.	-	2242
ZM4	1544886	1544887	ZMO1126_peak_329	607.612	ZM4	1544006	1544007	TSS_3429	.	-	-880
ZM4	1547749	1547750	ZMO1126_peak_330	118.609	ZM4	1547344	1547345	TSS_3443	.	+	405
ZM4	1552780	1552781	ZMO1126_peak_331	412.564	ZM4	1550719	1550720	TSS_3456	.	+	2061
ZM4	1553947	1553948	ZMO1126_peak_332	143.759	ZM4	1550719	1550720	TSS_3456	.	+	3228
ZM4	1570072	1570073	ZMO1126_peak_333	42.7776	ZM4	1573897	1573898	TSS_3495	.	+	-3825
ZM4	1572602	1572603	ZMO1126_peak_334	327.405	ZM4	1573897	1573898	TSS_3495	.	+	-1295
ZM4	1590662	1590663	ZMO1126_peak_335	10891	ZM4	1590726	1590727	TSS_3525	.	+	-64
ZM4	1591087	1591088	ZMO1126_peak_336	103.448	ZM4	1590726	1590727	TSS_3525	.	+	361
ZM4	1591849	1591850	ZMO1126_peak_337	395.622	ZM4	1590726	1590727	TSS_3525	.	+	1123
ZM4	1593996	1593997	ZMO1126_peak_338	32.7379	ZM4	1594299	1594300	TSS_3528	.	+	-303
ZM4	1596234	1596235	ZMO1126_peak_339	35.4224	ZM4	1596788	1596789	TSS_3537	.	-	554
ZM4	1601452	1601453	ZMO1126_peak_340	1422.72	ZM4	1604521	1604522	TSS_3543	.	-	3069
ZM4	1603259	1603260	ZMO1126_peak_341	8.95878	ZM4	1604521	1604522	TSS_3543	.	-	1262
ZM4	1611657	1611658	ZMO1126_peak_342	3389.8	ZM4	1609991	1609992	TSS_3550	.	+	1666
ZM4	1621531	1621532	ZMO1126_peak_343	288.023	ZM4	1620990	1620991	TSS_3554	.	+	541
ZM4	1626378	1626379	ZMO1126_peak_344	35.482	ZM4	1626402	1626403	TSS_3563	.	+	-24
ZM4	1633033	1633034	ZMO1126_peak_345	65.9742	ZM4	1633836	1633837	TSS_3567	.	-	803
ZM4	1643719	1643720	ZMO1126_peak_346	316.496	ZM4	1643384	1643385	TSS_3590	.	+	335
ZM4	1644162	1644163	ZMO1126_peak_347	51.1939	ZM4	1643384	1643385	TSS_3590	.	+	778
ZM4	1645886	1645887	ZMO1126_peak_348	14528.2	ZM4	1646256	1646257	TSS_3595	.	+	-370
ZM4	1646743	1646744	ZMO1126_peak_349	1403.79	ZM4	1646797	1646798	TSS_3596	.	+	-54
ZM4	1658785	1658786	ZMO1126_peak_350	14.3007	ZM4	1657724	1657725	TSS_3640	.	-	-1061
ZM4	1663916	1663917	ZMO1126_peak_351	932.664	ZM4	1663342	1663343	TSS_3650	.	+	574
ZM4	1671230	1671231	ZMO1126_peak_352	33.71	ZM4	1671640	1671641	TSS_3666	.	+	-410
ZM4	1672783	1672784	ZMO1126_peak_353	1249.6	ZM4	1671640	1671641	TSS_3666	.	+	1143
ZM4	1675092	1675093	ZMO1126_peak_354	210.006	ZM4	1676953	1676954	TSS_3667	.	-	1861
ZM4	1677300	1677301	ZMO1126_peak_355	76.4086	ZM4	1676955	1676956	TSS_3668	.	-	-345
ZM4	1691382	1691383	ZMO1126_peak_356	411.929	ZM4	1691109	1691110	TSS_3700	.	+	273
ZM4	1698895	1698896	ZMO1126_peak_357a	6.45985	ZM4	1697872	1697873	TSS_3716	.	+	1023
ZM4	1699153	1699154	ZMO1126_peak_357b	1948.95	ZM4	1697872	1697873	TSS_3716	.	+	1281
ZM4	1703825	1703826	ZMO1126_peak_358	40.4398	ZM4	1703827	1703828	TSS_3727	.	-	2
ZM4	1708021	1708022	ZMO1126_peak_359	8.29919	ZM4	1708308	1708309	TSS_3740	.	+	-287
ZM4	1714095	1714096	ZMO1126_peak_360	446.4	ZM4	1713167	1713168	TSS_3746	.	+	928
ZM4	1716604	1716605	ZMO1126_peak_361	2502.15	ZM4	1716807	1716808	TSS_3748	.	+	-203
ZM4	1727875	1727876	ZMO1126_peak_362	251.574	ZM4	1726705	1726706	TSS_3767	.	+	1170
ZM4	1729867	1729868	ZMO1126_peak_363	2056.01	ZM4	1729998	1729999	TSS_3768	.	+	-131
ZM4	1732474	1732475	ZMO1126_peak_364a	651.765	ZM4	1731666	1731667	TSS_3771	.	+	808
ZM4	1732712	1732713	ZMO1126_peak_364b	42.2017	ZM4	1731666	1731667	TSS_3771	.	+	1046
ZM4	1733485	1733486	ZMO1126_peak_365	345.979	ZM4	1734703	1734704	TSS_3772	.	+	-1218
ZM4	1734016	1734017	ZMO1126_peak_366	359.632	ZM4	1734703	1734704	TSS_3772	.	+	-687
ZM4	1738159	1738160	ZMO1126_peak_367	83.8557	ZM4	1738133	1738134	TSS_3776	.	+	26
ZM4	1738705	1738706	ZMO1126_peak_368	756.087	ZM4	1738133	1738134	TSS_3776	.	+	572
ZM4	1742613	1742614	ZMO1126_peak_369	338.335	ZM4	1742186	1742187	TSS_3784	.	+	427
ZM4	1745599	1745600	ZMO1126_peak_370	117	ZM4	1746747	1746748	TSS_3787	.	-	1148
ZM4	1751327	1751328	ZMO1126_peak_371	75.1108	ZM4	1751423	1751424	TSS_3806	.	-	96
ZM4	1755299	1755300	ZMO1126_peak_372	121.77	ZM4	1755471	1755472	TSS_3811	.	-	172
ZM4	1758336	1758337	ZMO1126_peak_373	58.4997	ZM4	1758460	1758461	TSS_3822	.	-	124
ZM4	1762297	1762298	ZMO1126_peak_374	378.823	ZM4	1761090	1761091	TSS_3831	.	+	1207
ZM4	1771709	1771710	ZMO1126_peak_375	4982.81	ZM4	1770792	1770793	TSS_3882	.	-	-917
ZM4	1772713	1772714	ZMO1126_peak_376a	305.023	ZM4	1772739	1772740	TSS_3884	.	-	26
ZM4	1773051	1773052	ZMO1126_peak_376b	32282.9	ZM4	1772877	1772878	TSS_3885	.	-	-174
ZM4	1773928	1773929	ZMO1126_peak_377	18.4409	ZM4	1774478	1774479	TSS_3886	.	-	550
ZM4	1778515	1778516	ZMO1126_peak_378	40.0725	ZM4	1778351	1778352	TSS_3893	.	-	-164
ZM4	1779561	1779562	ZMO1126_peak_379	1842.67	ZM4	1779238	1779239	TSS_3900	.	+	323
ZM4	1784799	1784800	ZMO1126_peak_380	42.4403	ZM4	1784117	1784118	TSS_3912	.	-	-682
ZM4	1789267	1789268	ZMO1126_peak_381a	2.33547	ZM4	1788630	1788631	TSS_3919	.	-	-637
ZM4	1789465	1789466	ZMO1126_peak_381b	21.6037	ZM4	1788630	1788631	TSS_3919	.	-	-835
ZM4	1795279	1795280	ZMO1126_peak_382	236.121	ZM4	1794544	1794545	TSS_3928	.	+	735
ZM4	1800727	1800728	ZMO1126_peak_383	744.372	ZM4	1800736	1800737	TSS_3964	.	-	9
ZM4	1801384	1801385	ZMO1126_peak_384	291.911	ZM4	1801999	1802000	TSS_3966	.	+	-615
ZM4	1802070	1802071	ZMO1126_peak_385	3565.08	ZM4	1801999	1802000	TSS_3966	.	+	71
ZM4	1817695	1817696	ZMO1126_peak_386	713.465	ZM4	1817850	1817851	TSS_3990	.	-	155
ZM4	1818129	1818130	ZMO1126_peak_387	104.532	ZM4	1817955	1817956	TSS_3992	.	-	-174
ZM4	1819802	1819803	ZMO1126_peak_388	5246.82	ZM4	1819947	1819948	TSS_3993	.	-	145
ZM4	1821381	1821382	ZMO1126_peak_389	1689.22	ZM4	1821000	1821001	TSS_3999	.	+	381
ZM4	1823529	1823530	ZMO1126_peak_390	793.695	ZM4	1823956	1823957	TSS_4003	.	+	-427
ZM4	1826260	1826261	ZMO1126_peak_391	1796.01	ZM4	1826464	1826465	TSS_4004	.	-	204
ZM4	1830391	1830392	ZMO1126_peak_392	2741.26	ZM4	1827380	1827381	TSS_4024	.	-	-3011
ZM4	1842474	1842475	ZMO1126_peak_393a	480.087	ZM4	1842683	1842684	TSS_4069	.	+	-209
ZM4	1842700	1842701	ZMO1126_peak_393b	57.5216	ZM4	1842683	1842684	TSS_4069	.	+	17
ZM4	1844753	1844754	ZMO1126_peak_394	9502.51	ZM4	1845713	1845714	TSS_4076	.	-	960
ZM4	1851113	1851114	ZMO1126_peak_395	49.3485	ZM4	1849748	1849749	TSS_4086	.	-	-1365
ZM4	1859001	1859002	ZMO1126_peak_396a	508.439	ZM4	1857916	1857917	TSS_4091	.	-	-1085
ZM4	1859282	1859283	ZMO1126_peak_396b	3.93756	ZM4	1860550	1860551	TSS_4092	.	-	1268
ZM4	1864271	1864272	ZMO1126_peak_397	904.554	ZM4	1864306	1864307	TSS_4096	.	+	-35
ZM4	1865951	1865952	ZMO1126_peak_398	668.077	ZM4	1864521	1864522	TSS_4101	.	+	1430
ZM4	1866527	1866528	ZMO1126_peak_399	158.456	ZM4	1864521	1864522	TSS_4101	.	+	2006
ZM4	1871392	1871393	ZMO1126_peak_400	2301.6	ZM4	1874059	1874060	TSS_4106	.	+	-2667
ZM4	1872276	1872277	ZMO1126_peak_401	57.6647	ZM4	1874059	1874060	TSS_4106	.	+	-1783
ZM4	1873200	1873201	ZMO1126_peak_402	160.323	ZM4	1874059	1874060	TSS_4106	.	+	-859
ZM4	1875411	1875412	ZMO1126_peak_403	398.613	ZM4	1874059	1874060	TSS_4106	.	+	1352
ZM4	1876784	1876785	ZMO1126_peak_404	107.648	ZM4	1874059	1874060	TSS_4106	.	+	2725
ZM4	1878889	1878890	ZMO1126_peak_405	63.029	ZM4	1882290	1882291	TSS_4110	.	-	3401
ZM4	1884717	1884718	ZMO1126_peak_406	19.1912	ZM4	1884874	1884875	TSS_4119	.	-	157
ZM4	1885243	1885244	ZMO1126_peak_407a	1155.32	ZM4	1884937	1884938	TSS_4122	.	-	-306
ZM4	1885579	1885580	ZMO1126_peak_407b	26.2526	ZM4	1884937	1884938	TSS_4122	.	-	-642
ZM4	1889670	1889671	ZMO1126_peak_408	177.614	ZM4	1889721	1889722	TSS_4132	.	-	51
ZM4	1895658	1895659	ZMO1126_peak_409	118.176	ZM4	1895930	1895931	TSS_4141	.	-	272
ZM4	1899067	1899068	ZMO1126_peak_410	110.552	ZM4	1895930	1895931	TSS_4141	.	-	-3137
ZM4	1924007	1924008	ZMO1126_peak_411	547.299	ZM4	1924136	1924137	TSS_4167	.	-	129
ZM4	1928028	1928029	ZMO1126_peak_412	1541.56	ZM4	1928055	1928056	TSS_4182	.	+	-27
ZM4	1930092	1930093	ZMO1126_peak_413	576.951	ZM4	1930277	1930278	TSS_4192	.	-	185
ZM4	1931028	1931029	ZMO1126_peak_414	137.924	ZM4	1930277	1930278	TSS_4192	.	-	-751
ZM4	1936511	1936512	ZMO1126_peak_415	18.7752	ZM4	1934616	1934617	TSS_4217	.	+	1895
ZM4	1937663	1937664	ZMO1126_peak_416	451.552	ZM4	1939167	1939168	TSS_4219	.	-	1504
ZM4	1938913	1938914	ZMO1126_peak_417	90.8401	ZM4	1939167	1939168	TSS_4219	.	-	254
ZM4	1944041	1944042	ZMO1126_peak_418	974.944	ZM4	1945090	1945091	TSS_4233	.	-	1049
ZM4	1944882	1944883	ZMO1126_peak_419	778.783	ZM4	1945090	1945091	TSS_4233	.	-	208
ZM4	1949971	1949972	ZMO1126_peak_420	347.183	ZM4	1950035	1950036	TSS_4246	.	-	64
ZM4	1952906	1952907	ZMO1126_peak_421	198.113	ZM4	1953176	1953177	TSS_4249	.	-	270
ZM4	1954156	1954157	ZMO1126_peak_422	1032.16	ZM4	1954444	1954445	TSS_4253	.	-	288
ZM4	1958655	1958656	ZMO1126_peak_423	33.483	ZM4	1958838	1958839	TSS_4267	.	-	183
ZM4	1960736	1960737	ZMO1126_peak_424	120.964	ZM4	1961898	1961899	TSS_4276	.	-	1162
ZM4	1966152	1966153	ZMO1126_peak_425	7787.38	ZM4	1965804	1965805	TSS_4298	.	+	348
ZM4	1982029	1982030	ZMO1126_peak_426	63.4709	ZM4	1982248	1982249	TSS_4331	.	-	219
ZM4	1983474	1983475	ZMO1126_peak_427	122.103	ZM4	1983991	1983992	TSS_4335	.	-	517
ZM4	2013172	2013173	ZMO1126_peak_428	3149.51	ZM4	2013493	2013494	TSS_4384	.	-	321
ZM4	2018817	2018818	ZMO1126_peak_429	4086.03	ZM4	2017437	2017438	TSS_4391	.	-	-1380
ZM4	2019373	2019374	ZMO1126_peak_430	221.654	ZM4	2020203	2020204	TSS_4393	.	-	830
ZM4	2019904	2019905	ZMO1126_peak_431	795.299	ZM4	2020203	2020204	TSS_4393	.	-	299
ZM4	2025236	2025237	ZMO1126_peak_432	143.969	ZM4	2025775	2025776	TSS_4399	.	-	539
ZM4	2030411	2030412	ZMO1126_peak_433	507.525	ZM4	2031057	2031058	TSS_4404	.	+	-646
ZM4	2032138	2032139	ZMO1126_peak_434	2870.71	ZM4	2031059	2031060	TSS_4405	.	+	1079
ZM4	2043478	2043479	ZMO1126_peak_435	69.5222	ZM4	2043114	2043115	TSS_4414	.	-	-364
ZM4	2044447	2044448	ZMO1126_peak_436	53.9961	ZM4	2043114	2043115	TSS_4414	.	-	-1333
ZM4	2044936	2044937	ZMO1126_peak_437	20.6292	ZM4	2045899	2045900	TSS_4417	.	+	-963
ZM4	2047331	2047332	ZMO1126_peak_438	617.13	ZM4	2045899	2045900	TSS_4417	.	+	1432
ZM4	2049798	2049799	ZMO1126_peak_439	162.282	ZM4	2052954	2052955	TSS_4422	.	+	-3156
ZM4	2053003	2053004	ZMO1126_peak_440	654.437	ZM4	2052954	2052955	TSS_4422	.	+	49
pZM32	30570	30571	ZMO1126_peak_441	623.373	pZM32	30170	30171	TSS_4489	.	+	400
pZM33	333	334	ZMO1126_peak_442	101.407	pZM33	383	384	TSS_4491	.	+	-50
pZM33	7226	7227	ZMO1126_peak_443	53.2977	pZM33	8360	8361	TSS_4507	.	+	-1134
pZM33	9239	9240	ZMO1126_peak_444	146.789	pZM33	8824	8825	TSS_4508	.	+	415
pZM33	13544	13545	ZMO1126_peak_445	134.043	pZM33	13446	13447	TSS_4522	.	+	98
pZM33	14256	14257	ZMO1126_peak_446	86.8455	pZM33	13446	13447	TSS_4522	.	+	810
pZM33	19834	19835	ZMO1126_peak_447	448.544	pZM33	18494	18495	TSS_4537	.	+	1340
pZM33	30917	30918	ZMO1126_peak_448	3478.05	pZM33	30842	30843	TSS_4574	.	-	-75
pZM36	674	675	ZMO1126_peak_449	152.139	pZM36	13287	13288	TSS_4582	.	+	-12613
pZM36	4050	4051	ZMO1126_peak_450	243.974	pZM36	13287	13288	TSS_4582	.	+	-9237
pZM36	14794	14795	ZMO1126_peak_451	310.591	pZM36	15483	15484	TSS_4583	.	-	689
pZM36	21009	21010	ZMO1126_peak_452	21.2483	pZM36	22455	22456	TSS_4594	.	-	1446
pZM39	13720	13721	ZMO1126_peak_453	77.3414	pZM39	19060	19061	TSS_4622	.	-	5340
pZM39	23790	23791	ZMO1126_peak_454	81.7326	pZM39	24671	24672	TSS_4629	.	-	881
ZM4	75	76	ZMO1206_peak_1	794.637	ZM4	12709	12710	TSS_0006	.	+	-12634
ZM4	10157	10158	ZMO1206_peak_2	10.197	ZM4	12709	12710	TSS_0006	.	+	-2552
ZM4	21566	21567	ZMO1206_peak_3	117.207	ZM4	21174	21175	TSS_0025	.	+	392
ZM4	24306	24307	ZMO1206_peak_4	875.252	ZM4	26028	26029	TSS_0027	.	-	1722
ZM4	26158	26159	ZMO1206_peak_5a	710.453	ZM4	26028	26029	TSS_0027	.	-	-130
ZM4	26485	26486	ZMO1206_peak_5b	76.4407	ZM4	26028	26029	TSS_0027	.	-	-457
ZM4	26766	26767	ZMO1206_peak_5c	45.635	ZM4	26028	26029	TSS_0027	.	-	-738
ZM4	29655	29656	ZMO1206_peak_6	273.628	ZM4	29259	29260	TSS_0028	.	+	396
ZM4	33970	33971	ZMO1206_peak_7a	183.373	ZM4	34058	34059	TSS_0031	.	+	-88
ZM4	34256	34257	ZMO1206_peak_7b	64.036	ZM4	34171	34172	TSS_0032	.	+	85
ZM4	37208	37209	ZMO1206_peak_8	149.67	ZM4	37928	37929	TSS_0035	.	+	-720
ZM4	43497	43498	ZMO1206_peak_9	20653	ZM4	43156	43157	TSS_0059	.	-	-341
ZM4	46132	46133	ZMO1206_peak_10	12144.1	ZM4	43156	43157	TSS_0059	.	-	-2976
ZM4	52801	52802	ZMO1206_peak_11a	4.72975	ZM4	52847	52848	TSS_0067	.	-	46
ZM4	53159	53160	ZMO1206_peak_11b	7132.89	ZM4	53469	53470	TSS_0068	.	-	310
ZM4	53519	53520	ZMO1206_peak_11c	23.1201	ZM4	53528	53529	TSS_0069	.	-	9
ZM4	59471	59472	ZMO1206_peak_12a	226.071	ZM4	60122	60123	TSS_0077	.	+	-651
ZM4	59687	59688	ZMO1206_peak_12b	44.8131	ZM4	60122	60123	TSS_0077	.	+	-435
ZM4	59946	59947	ZMO1206_peak_12c	51.3733	ZM4	60122	60123	TSS_0077	.	+	-176
ZM4	76583	76584	ZMO1206_peak_13a	953.83	ZM4	74934	74935	TSS_0099	.	-	-1649
ZM4	76697	76698	ZMO1206_peak_13b	877.767	ZM4	74934	74935	TSS_0099	.	-	-1763
ZM4	79675	79676	ZMO1206_peak_14	226.361	ZM4	79619	79620	TSS_0102	.	-	-56
ZM4	80546	80547	ZMO1206_peak_15	654.286	ZM4	79619	79620	TSS_0102	.	-	-927
ZM4	81413	81414	ZMO1206_peak_16	2279.4	ZM4	82635	82636	TSS_0107	.	-	1222
ZM4	82740	82741	ZMO1206_peak_17	288.503	ZM4	82635	82636	TSS_0107	.	-	-105
ZM4	85228	85229	ZMO1206_peak_18	45.2466	ZM4	85198	85199	TSS_0111	.	-	-30
ZM4	93168	93169	ZMO1206_peak_19	610.734	ZM4	94651	94652	TSS_0124	.	-	1483
ZM4	95162	95163	ZMO1206_peak_20a	11771.2	ZM4	94651	94652	TSS_0124	.	-	-511
ZM4	95598	95599	ZMO1206_peak_20b	17.8856	ZM4	94651	94652	TSS_0124	.	-	-947
ZM4	96101	96102	ZMO1206_peak_21	99.2932	ZM4	94651	94652	TSS_0124	.	-	-1450
ZM4	97710	97711	ZMO1206_peak_22	266.419	ZM4	99594	99595	TSS_0136	.	+	-1884
ZM4	100492	100493	ZMO1206_peak_23a	338.909	ZM4	100905	100906	TSS_0139	.	+	-413
ZM4	100759	100760	ZMO1206_peak_23b	98.2669	ZM4	100905	100906	TSS_0139	.	+	-146
ZM4	101070	101071	ZMO1206_peak_23c	459.73	ZM4	100905	100906	TSS_0139	.	+	165
ZM4	101615	101616	ZMO1206_peak_24	384.567	ZM4	100905	100906	TSS_0139	.	+	710
ZM4	103850	103851	ZMO1206_peak_25	78.8303	ZM4	103994	103995	TSS_0143	.	+	-144
ZM4	107534	107535	ZMO1206_peak_26	93.3507	ZM4	107533	107534	TSS_0148	.	+	1
ZM4	118121	118122	ZMO1206_peak_27	13.3191	ZM4	118105	118106	TSS_0165	.	-	-16
ZM4	119614	119615	ZMO1206_peak_28	437.974	ZM4	119236	119237	TSS_0172	.	-	-378
ZM4	125212	125213	ZMO1206_peak_29	277.886	ZM4	124201	124202	TSS_0180	.	+	1011
ZM4	127026	127027	ZMO1206_peak_30	4559.95	ZM4	129849	129850	TSS_0193	.	-	2823
ZM4	127508	127509	ZMO1206_peak_31	4498.59	ZM4	129849	129850	TSS_0193	.	-	2341
ZM4	150717	150718	ZMO1206_peak_32	170.141	ZM4	150727	150728	TSS_0247	.	+	-10
ZM4	154625	154626	ZMO1206_peak_33a	4.1009	ZM4	154101	154102	TSS_0265	.	+	524
ZM4	154792	154793	ZMO1206_peak_33b	30.8228	ZM4	154101	154102	TSS_0265	.	+	691
ZM4	160926	160927	ZMO1206_peak_34	70.3084	ZM4	160904	160905	TSS_0284	.	-	-22
ZM4	169388	169389	ZMO1206_peak_35	261.157	ZM4	169342	169343	TSS_0332	.	-	-46
ZM4	172908	172909	ZMO1206_peak_36	60.2856	ZM4	173062	173063	TSS_0344	.	-	154
ZM4	173261	173262	ZMO1206_peak_37	2650.08	ZM4	173165	173166	TSS_0346	.	-	-96
ZM4	177623	177624	ZMO1206_peak_38	6880.62	ZM4	175617	175618	TSS_0374	.	+	2006
ZM4	182624	182625	ZMO1206_peak_39	84.2794	ZM4	181512	181513	TSS_0379	.	-	-1112
ZM4	185194	185195	ZMO1206_peak_40	207.208	ZM4	185047	185048	TSS_0381	.	-	-147
ZM4	196771	196772	ZMO1206_peak_41a	12.0593	ZM4	196961	196962	TSS_0399	.	+	-190
ZM4	196909	196910	ZMO1206_peak_41b	6.44092	ZM4	196961	196962	TSS_0399	.	+	-52
ZM4	203458	203459	ZMO1206_peak_42	31.6234	ZM4	203393	203394	TSS_0405	.	-	-65
ZM4	206439	206440	ZMO1206_peak_43	84.9891	ZM4	205071	205072	TSS_0415	.	-	-1368
ZM4	208090	208091	ZMO1206_peak_44	342.117	ZM4	208720	208721	TSS_0417	.	-	630
ZM4	208942	208943	ZMO1206_peak_45	24.8784	ZM4	208720	208721	TSS_0417	.	-	-222
ZM4	218129	218130	ZMO1206_peak_46a	76.4293	ZM4	218162	218163	TSS_0433	.	+	-33
ZM4	218383	218384	ZMO1206_peak_46b	93.395	ZM4	218162	218163	TSS_0433	.	+	221
ZM4	219492	219493	ZMO1206_peak_47	16.1204	ZM4	219888	219889	TSS_0434	.	-	396
ZM4	227980	227981	ZMO1206_peak_48	9.51438	ZM4	228082	228083	TSS_0442	.	+	-102
ZM4	229801	229802	ZMO1206_peak_49	99.7799	ZM4	228082	228083	TSS_0442	.	+	1719
ZM4	232720	232721	ZMO1206_peak_50	17.7599	ZM4	232592	232593	TSS_0454	.	-	-128
ZM4	243133	243134	ZMO1206_peak_51	518.381	ZM4	242970	242971	TSS_0489	.	+	163
ZM4	245015	245016	ZMO1206_peak_52	893.07	ZM4	245089	245090	TSS_0500	.	+	-74
ZM4	250016	250017	ZMO1206_peak_53a	264.512	ZM4	245089	245090	TSS_0500	.	+	4927
ZM4	250229	250230	ZMO1206_peak_53b	50.4699	ZM4	245089	245090	TSS_0500	.	+	5140
ZM4	251949	251950	ZMO1206_peak_54	80.7512	ZM4	245089	245090	TSS_0500	.	+	6860
ZM4	258943	258944	ZMO1206_peak_55	40.0935	ZM4	259009	259010	TSS_0512	.	+	-66
ZM4	266296	266297	ZMO1206_peak_56	1364.3	ZM4	266314	266315	TSS_0529	.	-	18
ZM4	266762	266763	ZMO1206_peak_57a	15.6067	ZM4	266314	266315	TSS_0529	.	-	-448
ZM4	267056	267057	ZMO1206_peak_57b	37.2878	ZM4	267770	267771	TSS_0530	.	-	714
ZM4	276974	276975	ZMO1206_peak_58	3659.03	ZM4	277111	277112	TSS_0539	.	+	-137
ZM4	284862	284863	ZMO1206_peak_59	38.2505	ZM4	284913	284914	TSS_0552	.	+	-51
ZM4	286188	286189	ZMO1206_peak_60	269.932	ZM4	286924	286925	TSS_0569	.	-	736
ZM4	292794	292795	ZMO1206_peak_61	4.5533	ZM4	293575	293576	TSS_0576	.	+	-781
ZM4	299304	299305	ZMO1206_peak_62	529.274	ZM4	299414	299415	TSS_0587	.	-	110
ZM4	300300	300301	ZMO1206_peak_63	58.6983	ZM4	300287	300288	TSS_0593	.	-	-13
ZM4	301126	301127	ZMO1206_peak_64	32.542	ZM4	301158	301159	TSS_0595	.	+	-32
ZM4	306992	306993	ZMO1206_peak_65	910.686	ZM4	304778	304779	TSS_0599	.	-	-2214
ZM4	312195	312196	ZMO1206_peak_66	76.9404	ZM4	312500	312501	TSS_0603	.	+	-305
ZM4	315928	315929	ZMO1206_peak_67	32.4757	ZM4	315795	315796	TSS_0609	.	+	133
ZM4	316165	316166	ZMO1206_peak_68	1.43953	ZM4	315795	315796	TSS_0609	.	+	370
ZM4	317411	317412	ZMO1206_peak_69	94.7775	ZM4	318198	318199	TSS_0611	.	-	787
ZM4	317963	317964	ZMO1206_peak_70	33.1478	ZM4	318198	318199	TSS_0611	.	-	235
ZM4	318488	318489	ZMO1206_peak_71	332.833	ZM4	318573	318574	TSS_0613	.	+	-85
ZM4	319658	319659	ZMO1206_peak_72	578.806	ZM4	319710	319711	TSS_0617	.	-	52
ZM4	324877	324878	ZMO1206_peak_73a	237.869	ZM4	325382	325383	TSS_0632	.	+	-505
ZM4	325121	325122	ZMO1206_peak_73b	25.5829	ZM4	325382	325383	TSS_0632	.	+	-261
ZM4	328212	328213	ZMO1206_peak_74	156.06	ZM4	328882	328883	TSS_0636	.	+	-670
ZM4	329010	329011	ZMO1206_peak_75	783.361	ZM4	328935	328936	TSS_0637	.	+	75
ZM4	331074	331075	ZMO1206_peak_76	27.3678	ZM4	330740	330741	TSS_0643	.	+	334
ZM4	332338	332339	ZMO1206_peak_77	523.481	ZM4	332345	332346	TSS_0644	.	-	7
ZM4	338785	338786	ZMO1206_peak_78	53.9874	ZM4	338784	338785	TSS_0659	.	-	-1
ZM4	346470	346471	ZMO1206_peak_79	348.356	ZM4	346690	346691	TSS_0687	.	+	-220
ZM4	352138	352139	ZMO1206_peak_80	20.5206	ZM4	352124	352125	TSS_0691	.	+	14
ZM4	362290	362291	ZMO1206_peak_81	39.8645	ZM4	361997	361998	TSS_0709	.	+	293
ZM4	363532	363533	ZMO1206_peak_82a	944.469	ZM4	363690	363691	TSS_0711	.	+	-158
ZM4	363753	363754	ZMO1206_peak_82b	815.095	ZM4	363690	363691	TSS_0711	.	+	63
ZM4	365436	365437	ZMO1206_peak_83	39.3446	ZM4	364911	364912	TSS_0713	.	+	525
ZM4	370805	370806	ZMO1206_peak_84	231.334	ZM4	370845	370846	TSS_0723	.	+	-40
ZM4	377236	377237	ZMO1206_peak_85	2059.65	ZM4	378389	378390	TSS_0771	.	+	-1153
ZM4	377919	377920	ZMO1206_peak_86	153.905	ZM4	378389	378390	TSS_0771	.	+	-470
ZM4	378606	378607	ZMO1206_peak_87	1.40095	ZM4	378392	378393	TSS_0773	.	+	214
ZM4	379297	379298	ZMO1206_peak_88	460.421	ZM4	378392	378393	TSS_0773	.	+	905
ZM4	379712	379713	ZMO1206_peak_89	405.944	ZM4	378392	378393	TSS_0773	.	+	1320
ZM4	385555	385556	ZMO1206_peak_90	14.4616	ZM4	385497	385498	TSS_0790	.	-	-58
ZM4	396480	396481	ZMO1206_peak_91	45.4288	ZM4	397722	397723	TSS_0795	.	+	-1242
ZM4	397010	397011	ZMO1206_peak_92	869.145	ZM4	397722	397723	TSS_0795	.	+	-712
ZM4	397753	397754	ZMO1206_peak_93	259.503	ZM4	397722	397723	TSS_0795	.	+	31
ZM4	403409	403410	ZMO1206_peak_94	15.9394	ZM4	405797	405798	TSS_0803	.	-	2388
ZM4	407614	407615	ZMO1206_peak_95	1182.88	ZM4	407652	407653	TSS_0810	.	+	-38
ZM4	418254	418255	ZMO1206_peak_96	21.1873	ZM4	418225	418226	TSS_0828	.	-	-29
ZM4	430713	430714	ZMO1206_peak_97	42.2781	ZM4	430341	430342	TSS_0844	.	+	372
ZM4	450614	450615	ZMO1206_peak_98	1565.07	ZM4	452429	452430	TSS_0906	.	-	1815
ZM4	452496	452497	ZMO1206_peak_99	215.914	ZM4	452446	452447	TSS_0908	.	-	-50
ZM4	461748	461749	ZMO1206_peak_100	64.5143	ZM4	460899	460900	TSS_0937	.	+	849
ZM4	474187	474188	ZMO1206_peak_101a	295.456	ZM4	472788	472789	TSS_0963	.	+	1399
ZM4	474474	474475	ZMO1206_peak_101b	12.1323	ZM4	472788	472789	TSS_0963	.	+	1686
ZM4	474849	474850	ZMO1206_peak_102	1272.96	ZM4	476744	476745	TSS_0966	.	-	1895
ZM4	475760	475761	ZMO1206_peak_103	17.0538	ZM4	476744	476745	TSS_0966	.	-	984
ZM4	476808	476809	ZMO1206_peak_104	261.775	ZM4	476782	476783	TSS_0969	.	-	-26
ZM4	485961	485962	ZMO1206_peak_105	274.58	ZM4	485965	485966	TSS_1001	.	+	-4
ZM4	493282	493283	ZMO1206_peak_106	21.8172	ZM4	489935	489936	TSS_1023	.	+	3347
ZM4	496946	496947	ZMO1206_peak_107	48.0863	ZM4	497665	497666	TSS_1028	.	-	719
ZM4	499639	499640	ZMO1206_peak_108	71.8967	ZM4	498519	498520	TSS_1030	.	+	1120
ZM4	500044	500045	ZMO1206_peak_109	139.052	ZM4	498519	498520	TSS_1030	.	+	1525
ZM4	516713	516714	ZMO1206_peak_110a	1377.92	ZM4	516633	516634	TSS_1073	.	+	80
ZM4	516915	516916	ZMO1206_peak_110b	68.2099	ZM4	516633	516634	TSS_1073	.	+	282
ZM4	518292	518293	ZMO1206_peak_111	32.53	ZM4	518215	518216	TSS_1078	.	+	77
ZM4	535723	535724	ZMO1206_peak_112a	9.47301	ZM4	535519	535520	TSS_1232	.	+	204
ZM4	535977	535978	ZMO1206_peak_112b	136.947	ZM4	536066	536067	TSS_1234	.	+	-89
ZM4	537816	537817	ZMO1206_peak_113	68.2454	ZM4	536068	536069	TSS_1235	.	+	1748
ZM4	540786	540787	ZMO1206_peak_114	160.401	ZM4	542667	542668	TSS_1242	.	+	-1881
ZM4	551680	551681	ZMO1206_peak_115	181.584	ZM4	550473	550474	TSS_1308	.	-	-1207
ZM4	559183	559184	ZMO1206_peak_116	1792.87	ZM4	559230	559231	TSS_1328	.	+	-47
ZM4	559806	559807	ZMO1206_peak_117	353.663	ZM4	559230	559231	TSS_1328	.	+	576
ZM4	561042	561043	ZMO1206_peak_118	3968.7	ZM4	559230	559231	TSS_1328	.	+	1812
ZM4	562763	562764	ZMO1206_peak_119a	104.635	ZM4	563393	563394	TSS_1338	.	-	630
ZM4	563031	563032	ZMO1206_peak_119b	776.911	ZM4	563393	563394	TSS_1338	.	-	362
ZM4	563416	563417	ZMO1206_peak_120a	15.7974	ZM4	563393	563394	TSS_1338	.	-	-23
ZM4	563686	563687	ZMO1206_peak_120b	112.951	ZM4	563578	563579	TSS_1339	.	-	-108
ZM4	564672	564673	ZMO1206_peak_121	60.5009	ZM4	564672	564673	TSS_1347	.	+	0
ZM4	569081	569082	ZMO1206_peak_122	138.37	ZM4	569906	569907	TSS_1353	.	-	825
ZM4	573767	573768	ZMO1206_peak_123	763.173	ZM4	573476	573477	TSS_1369	.	+	291
ZM4	579423	579424	ZMO1206_peak_124	135.62	ZM4	580146	580147	TSS_1370	.	-	723
ZM4	581045	581046	ZMO1206_peak_125	803.378	ZM4	580146	580147	TSS_1370	.	-	-899
ZM4	599823	599824	ZMO1206_peak_126	369.405	ZM4	599377	599378	TSS_1402	.	+	446
ZM4	601961	601962	ZMO1206_peak_127	19.2995	ZM4	603093	603094	TSS_1405	.	+	-1132
ZM4	622941	622942	ZMO1206_peak_128a	33.552	ZM4	623556	623557	TSS_1448	.	+	-615
ZM4	623261	623262	ZMO1206_peak_128b	16720.9	ZM4	623556	623557	TSS_1448	.	+	-295
ZM4	624121	624122	ZMO1206_peak_129	139.687	ZM4	623558	623559	TSS_1449	.	+	563
ZM4	632544	632545	ZMO1206_peak_130	175.828	ZM4	632567	632568	TSS_1461	.	+	-23
ZM4	634809	634810	ZMO1206_peak_131a	443.536	ZM4	635196	635197	TSS_1465	.	+	-387
ZM4	635066	635067	ZMO1206_peak_131b	530.619	ZM4	635196	635197	TSS_1465	.	+	-130
ZM4	638214	638215	ZMO1206_peak_132	118.517	ZM4	638856	638857	TSS_1469	.	+	-642
ZM4	638610	638611	ZMO1206_peak_133	19.9716	ZM4	638856	638857	TSS_1469	.	+	-246
ZM4	646212	646213	ZMO1206_peak_134	144.205	ZM4	644525	644526	TSS_1488	.	-	-1687
ZM4	650136	650137	ZMO1206_peak_135	396.566	ZM4	651452	651453	TSS_1492	.	-	1316
ZM4	663667	663668	ZMO1206_peak_136	614.317	ZM4	663608	663609	TSS_1533	.	+	59
ZM4	673715	673716	ZMO1206_peak_137	2536.84	ZM4	673600	673601	TSS_1559	.	-	-115
ZM4	678291	678292	ZMO1206_peak_138	156.246	ZM4	678246	678247	TSS_1561	.	+	45
ZM4	681096	681097	ZMO1206_peak_139	236.772	ZM4	678246	678247	TSS_1561	.	+	2850
ZM4	682649	682650	ZMO1206_peak_140a	2704.86	ZM4	684964	684965	TSS_1564	.	-	2315
ZM4	682890	682891	ZMO1206_peak_140b	7.41823	ZM4	684964	684965	TSS_1564	.	-	2074
ZM4	683774	683775	ZMO1206_peak_141	211.468	ZM4	684964	684965	TSS_1564	.	-	1190
ZM4	685043	685044	ZMO1206_peak_142	6.73284	ZM4	684966	684967	TSS_1565	.	-	-77
ZM4	685970	685971	ZMO1206_peak_143	79.868	ZM4	686349	686350	TSS_1568	.	-	379
ZM4	687805	687806	ZMO1206_peak_144a	10.7431	ZM4	687621	687622	TSS_1575	.	-	-184
ZM4	688011	688012	ZMO1206_peak_144b	37.6881	ZM4	687621	687622	TSS_1575	.	-	-390
ZM4	704119	704120	ZMO1206_peak_145	25.1244	ZM4	703984	703985	TSS_1605	.	-	-135
ZM4	711999	712000	ZMO1206_peak_146	102.96	ZM4	711827	711828	TSS_1619	.	+	172
ZM4	714291	714292	ZMO1206_peak_147	62.9181	ZM4	714298	714299	TSS_1620	.	+	-7
ZM4	717228	717229	ZMO1206_peak_148	129.025	ZM4	716449	716450	TSS_1624	.	+	779
ZM4	741759	741760	ZMO1206_peak_149	35.1344	ZM4	741807	741808	TSS_1715	.	-	48
ZM4	743019	743020	ZMO1206_peak_150	4624.12	ZM4	742521	742522	TSS_1729	.	+	498
ZM4	746105	746106	ZMO1206_peak_151	112.382	ZM4	746200	746201	TSS_1737	.	+	-95
ZM4	750619	750620	ZMO1206_peak_152	11.7293	ZM4	751307	751308	TSS_1753	.	+	-688
ZM4	751030	751031	ZMO1206_peak_153	54.4859	ZM4	751307	751308	TSS_1753	.	+	-277
ZM4	781017	781018	ZMO1206_peak_154	222.442	ZM4	779367	779368	TSS_1794	.	+	1650
ZM4	787253	787254	ZMO1206_peak_155	25.9197	ZM4	784680	784681	TSS_1802	.	+	2573
ZM4	788586	788587	ZMO1206_peak_156	2093.96	ZM4	792107	792108	TSS_1806	.	+	-3521
ZM4	789034	789035	ZMO1206_peak_157	126.494	ZM4	792107	792108	TSS_1806	.	+	-3073
ZM4	790346	790347	ZMO1206_peak_158	76.3412	ZM4	792107	792108	TSS_1806	.	+	-1761
ZM4	791519	791520	ZMO1206_peak_159a	131.096	ZM4	792107	792108	TSS_1806	.	+	-588
ZM4	791731	791732	ZMO1206_peak_159b	12.268	ZM4	792107	792108	TSS_1806	.	+	-376
ZM4	799775	799776	ZMO1206_peak_160	39.7527	ZM4	800835	800836	TSS_1810	.	-	1060
ZM4	805068	805069	ZMO1206_peak_161	6.43536	ZM4	800836	800837	TSS_1811	.	-	-4232
ZM4	807452	807453	ZMO1206_peak_162	75.8815	ZM4	810611	810612	TSS_1815	.	-	3159
ZM4	810392	810393	ZMO1206_peak_163	35.7495	ZM4	810611	810612	TSS_1815	.	-	219
ZM4	820493	820494	ZMO1206_peak_164	95.5945	ZM4	820663	820664	TSS_1857	.	+	-170
ZM4	826475	826476	ZMO1206_peak_165	60.9258	ZM4	826778	826779	TSS_1868	.	+	-303
ZM4	826992	826993	ZMO1206_peak_166	16.1855	ZM4	826778	826779	TSS_1868	.	+	214
ZM4	844729	844730	ZMO1206_peak_167	4480.72	ZM4	845509	845510	TSS_1896	.	+	-780
ZM4	850164	850165	ZMO1206_peak_168	65.3946	ZM4	851610	851611	TSS_1897	.	+	-1446
ZM4	853097	853098	ZMO1206_peak_169	48.4047	ZM4	853157	853158	TSS_1910	.	+	-60
ZM4	854734	854735	ZMO1206_peak_170	28.4012	ZM4	853157	853158	TSS_1910	.	+	1577
ZM4	857843	857844	ZMO1206_peak_171	318.675	ZM4	858076	858077	TSS_1912	.	+	-233
ZM4	862005	862006	ZMO1206_peak_172a	18.0671	ZM4	862488	862489	TSS_1919	.	+	-483
ZM4	862276	862277	ZMO1206_peak_172b	148.463	ZM4	862488	862489	TSS_1919	.	+	-212
ZM4	862664	862665	ZMO1206_peak_172c	131.554	ZM4	862579	862580	TSS_1921	.	+	85
ZM4	863939	863940	ZMO1206_peak_173	6.73067	ZM4	864638	864639	TSS_1926	.	-	699
ZM4	864682	864683	ZMO1206_peak_174	179.318	ZM4	864682	864683	TSS_1927	.	-	0
ZM4	869578	869579	ZMO1206_peak_175	1065.82	ZM4	869458	869459	TSS_1936	.	-	-120
ZM4	876780	876781	ZMO1206_peak_176	1269.37	ZM4	876775	876776	TSS_1957	.	+	5
ZM4	877704	877705	ZMO1206_peak_177	70.1071	ZM4	877979	877980	TSS_1958	.	+	-275
ZM4	888225	888226	ZMO1206_peak_178	1102.27	ZM4	888204	888205	TSS_1972	.	-	-21
ZM4	890991	890992	ZMO1206_peak_179	195.198	ZM4	890937	890938	TSS_1988	.	-	-54
ZM4	897689	897690	ZMO1206_peak_180	84.8776	ZM4	896865	896866	TSS_2001	.	-	-824
ZM4	899123	899124	ZMO1206_peak_181a	501.674	ZM4	899111	899112	TSS_2003	.	-	-12
ZM4	899394	899395	ZMO1206_peak_181b	13.4054	ZM4	899111	899112	TSS_2003	.	-	-283
ZM4	906267	906268	ZMO1206_peak_182	48.2812	ZM4	906229	906230	TSS_2013	.	-	-38
ZM4	906767	906768	ZMO1206_peak_183	99.1223	ZM4	906999	907000	TSS_2014	.	-	232
ZM4	913381	913382	ZMO1206_peak_184	18.5416	ZM4	914345	914346	TSS_2025	.	-	964
ZM4	924911	924912	ZMO1206_peak_185	40.3937	ZM4	924784	924785	TSS_2042	.	-	-127
ZM4	925868	925869	ZMO1206_peak_186	6.07082	ZM4	926039	926040	TSS_2045	.	-	171
ZM4	927153	927154	ZMO1206_peak_187	57.7311	ZM4	927121	927122	TSS_2054	.	-	-32
ZM4	928175	928176	ZMO1206_peak_188	35.938	ZM4	928347	928348	TSS_2057	.	+	-172
ZM4	940387	940388	ZMO1206_peak_189	3.81062	ZM4	938778	938779	TSS_2085	.	+	1609
ZM4	940684	940685	ZMO1206_peak_190	43.002	ZM4	938778	938779	TSS_2085	.	+	1906
ZM4	942184	942185	ZMO1206_peak_191	38.9654	ZM4	945338	945339	TSS_2088	.	-	3154
ZM4	942879	942880	ZMO1206_peak_192	49.8139	ZM4	945338	945339	TSS_2088	.	-	2459
ZM4	946211	946212	ZMO1206_peak_193	14.0036	ZM4	945556	945557	TSS_2094	.	+	655
ZM4	949308	949309	ZMO1206_peak_194	62.3633	ZM4	949302	949303	TSS_2103	.	+	6
ZM4	949792	949793	ZMO1206_peak_195	212.293	ZM4	949302	949303	TSS_2103	.	+	490
ZM4	952343	952344	ZMO1206_peak_196	14.3967	ZM4	951136	951137	TSS_2105	.	-	-1207
ZM4	954232	954233	ZMO1206_peak_197	72.2315	ZM4	954142	954143	TSS_2106	.	-	-90
ZM4	955177	955178	ZMO1206_peak_198	713.486	ZM4	954996	954997	TSS_2109	.	-	-181
ZM4	957586	957587	ZMO1206_peak_199	121.334	ZM4	957435	957436	TSS_2111	.	-	-151
ZM4	961716	961717	ZMO1206_peak_200	82.0324	ZM4	964162	964163	TSS_2119	.	-	2446
ZM4	963146	963147	ZMO1206_peak_201	28.4012	ZM4	964162	964163	TSS_2119	.	-	1016
ZM4	965329	965330	ZMO1206_peak_202	69.0339	ZM4	965357	965358	TSS_2121	.	-	28
ZM4	980035	980036	ZMO1206_peak_203	39.6359	ZM4	980120	980121	TSS_2162	.	+	-85
ZM4	990170	990171	ZMO1206_peak_204a	3796.84	ZM4	990372	990373	TSS_2183	.	+	-202
ZM4	990481	990482	ZMO1206_peak_204b	18.9768	ZM4	990422	990423	TSS_2184	.	+	59
ZM4	1005976	1005977	ZMO1206_peak_205	372.278	ZM4	1005664	1005665	TSS_2204	.	-	-312
ZM4	1013320	1013321	ZMO1206_peak_206	478.923	ZM4	1013306	1013307	TSS_2238	.	+	14
ZM4	1029508	1029509	ZMO1206_peak_207	34.3184	ZM4	1030111	1030112	TSS_2278	.	+	-603
ZM4	1036263	1036264	ZMO1206_peak_208	33.0594	ZM4	1036940	1036941	TSS_2295	.	-	677
ZM4	1048483	1048484	ZMO1206_peak_209	23.9935	ZM4	1048782	1048783	TSS_2320	.	+	-299
ZM4	1054768	1054769	ZMO1206_peak_210	29.3738	ZM4	1054772	1054773	TSS_2347	.	-	4
ZM4	1055207	1055208	ZMO1206_peak_211	833	ZM4	1055163	1055164	TSS_2348	.	+	44
ZM4	1062050	1062051	ZMO1206_peak_212	16.8377	ZM4	1061345	1061346	TSS_2360	.	+	705
ZM4	1068437	1068438	ZMO1206_peak_213	98.3127	ZM4	1067835	1067836	TSS_2374	.	+	602
ZM4	1071477	1071478	ZMO1206_peak_214a	148.754	ZM4	1071475	1071476	TSS_2379	.	+	2
ZM4	1071731	1071732	ZMO1206_peak_214b	1168.16	ZM4	1071475	1071476	TSS_2379	.	+	256
ZM4	1073004	1073005	ZMO1206_peak_215	1093.07	ZM4	1071475	1071476	TSS_2379	.	+	1529
ZM4	1079448	1079449	ZMO1206_peak_216	602.888	ZM4	1078511	1078512	TSS_2392	.	+	937
ZM4	1081215	1081216	ZMO1206_peak_217	42.4946	ZM4	1082283	1082284	TSS_2412	.	-	1068
ZM4	1087918	1087919	ZMO1206_peak_218	34.6653	ZM4	1088589	1088590	TSS_2427	.	+	-671
ZM4	1089343	1089344	ZMO1206_peak_219	46.3601	ZM4	1089333	1089334	TSS_2434	.	+	10
ZM4	1098480	1098481	ZMO1206_peak_220a	491.062	ZM4	1098695	1098696	TSS_2439	.	+	-215
ZM4	1098759	1098760	ZMO1206_peak_220b	18.9768	ZM4	1098806	1098807	TSS_2440	.	+	-47
ZM4	1103758	1103759	ZMO1206_peak_221	45.6004	ZM4	1104117	1104118	TSS_2447	.	+	-359
ZM4	1108626	1108627	ZMO1206_peak_222	193.827	ZM4	1107819	1107820	TSS_2449	.	+	807
ZM4	1109043	1109044	ZMO1206_peak_223	41.2094	ZM4	1107819	1107820	TSS_2449	.	+	1224
ZM4	1120764	1120765	ZMO1206_peak_224	50.2044	ZM4	1119792	1119793	TSS_2459	.	-	-972
ZM4	1127126	1127127	ZMO1206_peak_225	30.2198	ZM4	1127127	1127128	TSS_2486	.	-	1
ZM4	1132910	1132911	ZMO1206_peak_226	1458.7	ZM4	1132916	1132917	TSS_2506	.	+	-6
ZM4	1139953	1139954	ZMO1206_peak_227	17.258	ZM4	1139181	1139182	TSS_2512	.	+	772
ZM4	1153008	1153009	ZMO1206_peak_228	73.5611	ZM4	1154148	1154149	TSS_2538	.	-	1140
ZM4	1161991	1161992	ZMO1206_peak_229	157.337	ZM4	1163348	1163349	TSS_2573	.	-	1357
ZM4	1162892	1162893	ZMO1206_peak_230	99.2508	ZM4	1163348	1163349	TSS_2573	.	-	456
ZM4	1167642	1167643	ZMO1206_peak_231	73.0164	ZM4	1166496	1166497	TSS_2584	.	-	-1146
ZM4	1169464	1169465	ZMO1206_peak_232	90.853	ZM4	1169434	1169435	TSS_2586	.	-	-30
ZM4	1170792	1170793	ZMO1206_peak_233a	3.52844	ZM4	1170971	1170972	TSS_2591	.	-	179
ZM4	1170893	1170894	ZMO1206_peak_233b	23.9804	ZM4	1170971	1170972	TSS_2591	.	-	78
ZM4	1177684	1177685	ZMO1206_peak_234	31.0081	ZM4	1176964	1176965	TSS_2620	.	+	720
ZM4	1179592	1179593	ZMO1206_peak_235	216.774	ZM4	1179567	1179568	TSS_2624	.	+	25
ZM4	1189110	1189111	ZMO1206_peak_236	67.2766	ZM4	1189129	1189130	TSS_2641	.	+	-19
ZM4	1192188	1192189	ZMO1206_peak_237	159.427	ZM4	1189657	1189658	TSS_2644	.	-	-2531
ZM4	1192539	1192540	ZMO1206_peak_238	60.9561	ZM4	1194887	1194888	TSS_2649	.	-	2348
ZM4	1194191	1194192	ZMO1206_peak_239a	23.7107	ZM4	1194887	1194888	TSS_2649	.	-	696
ZM4	1194432	1194433	ZMO1206_peak_239b	56.551	ZM4	1194887	1194888	TSS_2649	.	-	455
ZM4	1204514	1204515	ZMO1206_peak_240	13.0739	ZM4	1204323	1204324	TSS_2670	.	-	-191
ZM4	1208082	1208083	ZMO1206_peak_241a	43.8273	ZM4	1208025	1208026	TSS_2675	.	+	57
ZM4	1208199	1208200	ZMO1206_peak_241b	36.9504	ZM4	1208156	1208157	TSS_2678	.	-	-43
ZM4	1209096	1209097	ZMO1206_peak_242a	36.8251	ZM4	1208971	1208972	TSS_2679	.	+	125
ZM4	1209335	1209336	ZMO1206_peak_242b	18.206	ZM4	1208971	1208972	TSS_2679	.	+	364
ZM4	1214393	1214394	ZMO1206_peak_243	214.34	ZM4	1212228	1212229	TSS_2686	.	+	2165
ZM4	1215342	1215343	ZMO1206_peak_244	52.3197	ZM4	1212228	1212229	TSS_2686	.	+	3114
ZM4	1216164	1216165	ZMO1206_peak_245	215.787	ZM4	1212228	1212229	TSS_2686	.	+	3936
ZM4	1232193	1232194	ZMO1206_peak_246	41426.4	ZM4	1232237	1232238	TSS_2707	.	+	-44
ZM4	1235884	1235885	ZMO1206_peak_247a	3.15916	ZM4	1236263	1236264	TSS_2716	.	-	379
ZM4	1236026	1236027	ZMO1206_peak_247b	10.0965	ZM4	1236263	1236264	TSS_2716	.	-	237
ZM4	1243186	1243187	ZMO1206_peak_248	20.6665	ZM4	1242350	1242351	TSS_2753	.	+	836
ZM4	1256248	1256249	ZMO1206_peak_249a	68.0216	ZM4	1255857	1255858	TSS_2803	.	+	391
ZM4	1256566	1256567	ZMO1206_peak_249b	867.201	ZM4	1255857	1255858	TSS_2803	.	+	709
ZM4	1260250	1260251	ZMO1206_peak_250	169.12	ZM4	1260890	1260891	TSS_2807	.	-	640
ZM4	1262929	1262930	ZMO1206_peak_251	2092.77	ZM4	1262861	1262862	TSS_2826	.	-	-68
ZM4	1263634	1263635	ZMO1206_peak_252	23.0508	ZM4	1262861	1262862	TSS_2826	.	-	-773
ZM4	1275992	1275993	ZMO1206_peak_253	88.5137	ZM4	1278786	1278787	TSS_2859	.	+	-2794
ZM4	1278732	1278733	ZMO1206_peak_254	396.54	ZM4	1278786	1278787	TSS_2859	.	+	-54
ZM4	1281416	1281417	ZMO1206_peak_255	119.229	ZM4	1283501	1283502	TSS_2860	.	+	-2085
ZM4	1297360	1297361	ZMO1206_peak_256	1000.83	ZM4	1297477	1297478	TSS_2904	.	+	-117
ZM4	1302438	1302439	ZMO1206_peak_257a	228.545	ZM4	1302461	1302462	TSS_2908	.	-	23
ZM4	1302731	1302732	ZMO1206_peak_257b	888.456	ZM4	1302961	1302962	TSS_2909	.	-	230
ZM4	1304013	1304014	ZMO1206_peak_258	1868.3	ZM4	1304150	1304151	TSS_2916	.	+	-137
ZM4	1307760	1307761	ZMO1206_peak_259	1391.79	ZM4	1307713	1307714	TSS_2933	.	-	-47
ZM4	1310186	1310187	ZMO1206_peak_260a	52.205	ZM4	1311230	1311231	TSS_2940	.	-	1044
ZM4	1310439	1310440	ZMO1206_peak_260b	393.102	ZM4	1311230	1311231	TSS_2940	.	-	791
ZM4	1311283	1311284	ZMO1206_peak_261	35.8339	ZM4	1311230	1311231	TSS_2940	.	-	-53
ZM4	1312951	1312952	ZMO1206_peak_262	493.182	ZM4	1312976	1312977	TSS_2941	.	+	-25
ZM4	1314014	1314015	ZMO1206_peak_263	92.3804	ZM4	1312979	1312980	TSS_2943	.	+	1035
ZM4	1314998	1314999	ZMO1206_peak_264	143.492	ZM4	1315308	1315309	TSS_2945	.	+	-310
ZM4	1315608	1315609	ZMO1206_peak_265	140.944	ZM4	1315843	1315844	TSS_2947	.	+	-235
ZM4	1316160	1316161	ZMO1206_peak_266	128.165	ZM4	1316003	1316004	TSS_2951	.	+	157
ZM4	1316802	1316803	ZMO1206_peak_267	4180.61	ZM4	1316003	1316004	TSS_2951	.	+	799
ZM4	1319520	1319521	ZMO1206_peak_268a	2264.03	ZM4	1322319	1322320	TSS_2955	.	-	2799
ZM4	1319884	1319885	ZMO1206_peak_268b	303.858	ZM4	1322319	1322320	TSS_2955	.	-	2435
ZM4	1327474	1327475	ZMO1206_peak_269	133.704	ZM4	1327473	1327474	TSS_2969	.	-	-1
ZM4	1333815	1333816	ZMO1206_peak_270	4.00854	ZM4	1334504	1334505	TSS_2982	.	-	689
ZM4	1341681	1341682	ZMO1206_peak_271	59.384	ZM4	1341676	1341677	TSS_2995	.	+	5
ZM4	1342322	1342323	ZMO1206_peak_272	40.1841	ZM4	1342259	1342260	TSS_2996	.	+	63
ZM4	1354409	1354410	ZMO1206_peak_273	148.587	ZM4	1354443	1354444	TSS_3030	.	+	-34
ZM4	1365018	1365019	ZMO1206_peak_274	91.8956	ZM4	1365071	1365072	TSS_3059	.	-	53
ZM4	1368614	1368615	ZMO1206_peak_275a	46.01	ZM4	1368619	1368620	TSS_3069	.	-	5
ZM4	1368768	1368769	ZMO1206_peak_275b	22.798	ZM4	1368745	1368746	TSS_3071	.	-	-23
ZM4	1379839	1379840	ZMO1206_peak_276	30.2753	ZM4	1379883	1379884	TSS_3124	.	+	-44
ZM4	1380234	1380235	ZMO1206_peak_277	34.8996	ZM4	1379883	1379884	TSS_3124	.	+	351
ZM4	1381982	1381983	ZMO1206_peak_278	48.5408	ZM4	1383305	1383306	TSS_3129	.	+	-1323
ZM4	1382997	1382998	ZMO1206_peak_279	376.197	ZM4	1383305	1383306	TSS_3129	.	+	-308
ZM4	1388217	1388218	ZMO1206_peak_280	74.7975	ZM4	1388128	1388129	TSS_3143	.	+	89
ZM4	1401433	1401434	ZMO1206_peak_281	77.1848	ZM4	1401423	1401424	TSS_3161	.	+	10
ZM4	1415791	1415792	ZMO1206_peak_282	27.399	ZM4	1416987	1416988	TSS_3180	.	-	1196
ZM4	1420073	1420074	ZMO1206_peak_283	64.1841	ZM4	1420006	1420007	TSS_3190	.	-	-67
ZM4	1420884	1420885	ZMO1206_peak_284	23.0508	ZM4	1420890	1420891	TSS_3191	.	-	6
ZM4	1433165	1433166	ZMO1206_peak_285	315.604	ZM4	1432209	1432210	TSS_3232	.	-	-956
ZM4	1434670	1434671	ZMO1206_peak_286	20.3031	ZM4	1432209	1432210	TSS_3232	.	-	-2461
ZM4	1437759	1437760	ZMO1206_peak_287a	196.453	ZM4	1437737	1437738	TSS_3235	.	-	-22
ZM4	1437972	1437973	ZMO1206_peak_287b	8.15797	ZM4	1437737	1437738	TSS_3235	.	-	-235
ZM4	1440684	1440685	ZMO1206_peak_288	129.067	ZM4	1440794	1440795	TSS_3236	.	+	-110
ZM4	1444377	1444378	ZMO1206_peak_289	313.552	ZM4	1444240	1444241	TSS_3241	.	+	137
ZM4	1449149	1449150	ZMO1206_peak_290	288.707	ZM4	1448803	1448804	TSS_3247	.	-	-346
ZM4	1451462	1451463	ZMO1206_peak_291	109.751	ZM4	1451208	1451209	TSS_3251	.	-	-254
ZM4	1462841	1462842	ZMO1206_peak_292	299.386	ZM4	1462045	1462046	TSS_3264	.	-	-796
ZM4	1463366	1463367	ZMO1206_peak_293a	12.5962	ZM4	1462045	1462046	TSS_3264	.	-	-1321
ZM4	1463664	1463665	ZMO1206_peak_293b	4532.31	ZM4	1462045	1462046	TSS_3264	.	-	-1619
ZM4	1467178	1467179	ZMO1206_peak_294	73.8152	ZM4	1467079	1467080	TSS_3270	.	+	99
ZM4	1470768	1470769	ZMO1206_peak_295a	32.699	ZM4	1468913	1468914	TSS_3272	.	-	-1855
ZM4	1471021	1471022	ZMO1206_peak_295b	2504.62	ZM4	1468913	1468914	TSS_3272	.	-	-2108
ZM4	1475055	1475056	ZMO1206_peak_296	11.9307	ZM4	1475500	1475501	TSS_3275	.	+	-445
ZM4	1475919	1475920	ZMO1206_peak_297	184.713	ZM4	1476000	1476001	TSS_3276	.	+	-81
ZM4	1476687	1476688	ZMO1206_peak_298	22.4024	ZM4	1476000	1476001	TSS_3276	.	+	687
ZM4	1480248	1480249	ZMO1206_peak_299	561.399	ZM4	1480998	1480999	TSS_3279	.	-	750
ZM4	1483270	1483271	ZMO1206_peak_300	45.9523	ZM4	1480998	1480999	TSS_3279	.	-	-2272
ZM4	1483738	1483739	ZMO1206_peak_301a	1625.01	ZM4	1486364	1486365	TSS_3284	.	-	2626
ZM4	1484145	1484146	ZMO1206_peak_301b	208.801	ZM4	1486364	1486365	TSS_3284	.	-	2219
ZM4	1485025	1485026	ZMO1206_peak_302	56.5022	ZM4	1486364	1486365	TSS_3284	.	-	1339
ZM4	1485868	1485869	ZMO1206_peak_303	1028.33	ZM4	1486364	1486365	TSS_3284	.	-	496
ZM4	1486439	1486440	ZMO1206_peak_304	47.6223	ZM4	1486365	1486366	TSS_3285	.	-	-74
ZM4	1487943	1487944	ZMO1206_peak_305a	10.4418	ZM4	1489121	1489122	TSS_3290	.	+	-1178
ZM4	1488204	1488205	ZMO1206_peak_305b	166.742	ZM4	1489121	1489122	TSS_3290	.	+	-917
ZM4	1489997	1489998	ZMO1206_peak_306	9.51765	ZM4	1489121	1489122	TSS_3290	.	+	876
ZM4	1490872	1490873	ZMO1206_peak_307	1097.47	ZM4	1492604	1492605	TSS_3294	.	-	1732
ZM4	1491684	1491685	ZMO1206_peak_308	64.9014	ZM4	1492604	1492605	TSS_3294	.	-	920
ZM4	1492306	1492307	ZMO1206_peak_309a	2984.51	ZM4	1492604	1492605	TSS_3294	.	-	298
ZM4	1492685	1492686	ZMO1206_peak_309b	12.6217	ZM4	1492604	1492605	TSS_3294	.	-	-81
ZM4	1496114	1496115	ZMO1206_peak_310	13.9679	ZM4	1495948	1495949	TSS_3299	.	-	-166
ZM4	1497698	1497699	ZMO1206_peak_311	764.273	ZM4	1495948	1495949	TSS_3299	.	-	-1750
ZM4	1498473	1498474	ZMO1206_peak_312	69.9042	ZM4	1500148	1500149	TSS_3302	.	+	-1675
ZM4	1499423	1499424	ZMO1206_peak_313	147.058	ZM4	1500148	1500149	TSS_3302	.	+	-725
ZM4	1501043	1501044	ZMO1206_peak_314a	35.7072	ZM4	1501598	1501599	TSS_3304	.	-	555
ZM4	1501239	1501240	ZMO1206_peak_314b	1440.8	ZM4	1501598	1501599	TSS_3304	.	-	359
ZM4	1505681	1505682	ZMO1206_peak_315a	4.14913	ZM4	1505529	1505530	TSS_3319	.	-	-152
ZM4	1505896	1505897	ZMO1206_peak_315b	26.2738	ZM4	1505529	1505530	TSS_3319	.	-	-367
ZM4	1515247	1515248	ZMO1206_peak_316	28.3856	ZM4	1515197	1515198	TSS_3332	.	-	-50
ZM4	1517070	1517071	ZMO1206_peak_317a	36.6416	ZM4	1517065	1517066	TSS_3342	.	+	5
ZM4	1517280	1517281	ZMO1206_peak_317b	21.5637	ZM4	1517288	1517289	TSS_3348	.	+	-8
ZM4	1519814	1519815	ZMO1206_peak_318	130.105	ZM4	1518240	1518241	TSS_3374	.	+	1574
ZM4	1522223	1522224	ZMO1206_peak_319a	330.196	ZM4	1522124	1522125	TSS_3380	.	-	-99
ZM4	1522499	1522500	ZMO1206_peak_319b	144.575	ZM4	1522536	1522537	TSS_3381	.	+	-37
ZM4	1527148	1527149	ZMO1206_peak_320	331.445	ZM4	1527145	1527146	TSS_3391	.	-	-3
ZM4	1527720	1527721	ZMO1206_peak_321	12.1637	ZM4	1527693	1527694	TSS_3394	.	-	-27
ZM4	1532790	1532791	ZMO1206_peak_322a	12.0983	ZM4	1532836	1532837	TSS_3404	.	+	-46
ZM4	1533037	1533038	ZMO1206_peak_322b	18.7941	ZM4	1532836	1532837	TSS_3404	.	+	201
ZM4	1545891	1545892	ZMO1206_peak_323	733.174	ZM4	1545795	1545796	TSS_3434	.	-	-96
ZM4	1547068	1547069	ZMO1206_peak_324	24.1832	ZM4	1547277	1547278	TSS_3436	.	+	-209
ZM4	1548904	1548905	ZMO1206_peak_325	726.499	ZM4	1547344	1547345	TSS_3443	.	+	1560
ZM4	1550400	1550401	ZMO1206_peak_326a	143.386	ZM4	1550719	1550720	TSS_3456	.	+	-319
ZM4	1550591	1550592	ZMO1206_peak_326b	60.2594	ZM4	1550719	1550720	TSS_3456	.	+	-128
ZM4	1567572	1567573	ZMO1206_peak_327	434.475	ZM4	1565803	1565804	TSS_3481	.	+	1769
ZM4	1568167	1568168	ZMO1206_peak_328a	595.48	ZM4	1565803	1565804	TSS_3481	.	+	2364
ZM4	1568453	1568454	ZMO1206_peak_328b	18.9103	ZM4	1565803	1565804	TSS_3481	.	+	2650
ZM4	1569058	1569059	ZMO1206_peak_329a	1347.26	ZM4	1565803	1565804	TSS_3481	.	+	3255
ZM4	1569213	1569214	ZMO1206_peak_329b	691.863	ZM4	1565803	1565804	TSS_3481	.	+	3410
ZM4	1573861	1573862	ZMO1206_peak_330	39.7383	ZM4	1573897	1573898	TSS_3495	.	+	-36
ZM4	1604578	1604579	ZMO1206_peak_331a	831.787	ZM4	1604521	1604522	TSS_3543	.	-	-57
ZM4	1604933	1604934	ZMO1206_peak_331b	116.095	ZM4	1605086	1605087	TSS_3544	.	+	-153
ZM4	1628913	1628914	ZMO1206_peak_332	242.752	ZM4	1627080	1627081	TSS_3564	.	+	1833
ZM4	1630108	1630109	ZMO1206_peak_333a	457.259	ZM4	1627080	1627081	TSS_3564	.	+	3028
ZM4	1630321	1630322	ZMO1206_peak_333b	72.6681	ZM4	1627080	1627081	TSS_3564	.	+	3241
ZM4	1630742	1630743	ZMO1206_peak_334	51.5829	ZM4	1633836	1633837	TSS_3567	.	-	3094
ZM4	1636362	1636363	ZMO1206_peak_335a	22.2754	ZM4	1636761	1636762	TSS_3575	.	+	-399
ZM4	1636589	1636590	ZMO1206_peak_335b	13.0333	ZM4	1636761	1636762	TSS_3575	.	+	-172
ZM4	1639221	1639222	ZMO1206_peak_336	149.425	ZM4	1638523	1638524	TSS_3587	.	+	698
ZM4	1655030	1655031	ZMO1206_peak_337	3870.87	ZM4	1655015	1655016	TSS_3630	.	+	15
ZM4	1670593	1670594	ZMO1206_peak_338a	26.0452	ZM4	1671640	1671641	TSS_3666	.	+	-1047
ZM4	1670765	1670766	ZMO1206_peak_338b	15.2631	ZM4	1671640	1671641	TSS_3666	.	+	-875
ZM4	1677113	1677114	ZMO1206_peak_339	183.267	ZM4	1676955	1676956	TSS_3668	.	-	-158
ZM4	1678745	1678746	ZMO1206_peak_340	116.369	ZM4	1679641	1679642	TSS_3670	.	-	896
ZM4	1680815	1680816	ZMO1206_peak_341	19.1756	ZM4	1681798	1681799	TSS_3673	.	-	983
ZM4	1695264	1695265	ZMO1206_peak_342a	97.651	ZM4	1695623	1695624	TSS_3704	.	+	-359
ZM4	1695542	1695543	ZMO1206_peak_342b	6.67295	ZM4	1695623	1695624	TSS_3704	.	+	-81
ZM4	1697709	1697710	ZMO1206_peak_343	248.933	ZM4	1697725	1697726	TSS_3715	.	+	-16
ZM4	1704637	1704638	ZMO1206_peak_344	260.038	ZM4	1704249	1704250	TSS_3732	.	+	388
ZM4	1716037	1716038	ZMO1206_peak_345	76.3886	ZM4	1716807	1716808	TSS_3748	.	+	-770
ZM4	1718717	1718718	ZMO1206_peak_346	7.22017	ZM4	1718669	1718670	TSS_3753	.	+	48
ZM4	1726590	1726591	ZMO1206_peak_347	860.684	ZM4	1726705	1726706	TSS_3767	.	+	-115
ZM4	1730102	1730103	ZMO1206_peak_348	59.1153	ZM4	1730155	1730156	TSS_3769	.	+	-53
ZM4	1734564	1734565	ZMO1206_peak_349	24.9707	ZM4	1734703	1734704	TSS_3772	.	+	-139
ZM4	1739598	1739599	ZMO1206_peak_350a	596.214	ZM4	1739858	1739859	TSS_3778	.	+	-260
ZM4	1739805	1739806	ZMO1206_peak_350b	5432.09	ZM4	1739858	1739859	TSS_3778	.	+	-53
ZM4	1751581	1751582	ZMO1206_peak_351a	167.38	ZM4	1751553	1751554	TSS_3807	.	+	28
ZM4	1751721	1751722	ZMO1206_peak_351b	140.119	ZM4	1751658	1751659	TSS_3808	.	+	63
ZM4	1767981	1767982	ZMO1206_peak_352	14.8094	ZM4	1768475	1768476	TSS_3866	.	+	-494
ZM4	1769665	1769666	ZMO1206_peak_353	21.2034	ZM4	1770141	1770142	TSS_3877	.	-	476
ZM4	1770098	1770099	ZMO1206_peak_354	51.4285	ZM4	1770141	1770142	TSS_3877	.	-	43
ZM4	1775048	1775049	ZMO1206_peak_355	94.1185	ZM4	1775017	1775018	TSS_3889	.	-	-31
ZM4	1779144	1779145	ZMO1206_peak_356	89.8855	ZM4	1779145	1779146	TSS_3897	.	-	1
ZM4	1780287	1780288	ZMO1206_peak_357	528.074	ZM4	1780429	1780430	TSS_3907	.	+	-142
ZM4	1794474	1794475	ZMO1206_peak_358	93.5757	ZM4	1794468	1794469	TSS_3926	.	-	-6
ZM4	1796415	1796416	ZMO1206_peak_359a	274.688	ZM4	1796927	1796928	TSS_3931	.	+	-512
ZM4	1796821	1796822	ZMO1206_peak_359b	441.749	ZM4	1796927	1796928	TSS_3931	.	+	-106
ZM4	1797701	1797702	ZMO1206_peak_360a	22.2834	ZM4	1797526	1797527	TSS_3956	.	+	175
ZM4	1797913	1797914	ZMO1206_peak_360b	80.9156	ZM4	1797947	1797948	TSS_3957	.	+	-34
ZM4	1798100	1798101	ZMO1206_peak_360c	108.567	ZM4	1798084	1798085	TSS_3961	.	+	16
ZM4	1800697	1800698	ZMO1206_peak_361	27.077	ZM4	1800736	1800737	TSS_3964	.	-	39
ZM4	1801785	1801786	ZMO1206_peak_362	587.464	ZM4	1801999	1802000	TSS_3966	.	+	-214
ZM4	1804819	1804820	ZMO1206_peak_363	22.2221	ZM4	1805142	1805143	TSS_3972	.	-	323
ZM4	1805457	1805458	ZMO1206_peak_364	97.0558	ZM4	1805142	1805143	TSS_3972	.	-	-315
ZM4	1811927	1811928	ZMO1206_peak_365	850.385	ZM4	1812433	1812434	TSS_3981	.	-	506
ZM4	1816477	1816478	ZMO1206_peak_366	146.528	ZM4	1816476	1816477	TSS_3989	.	-	-1
ZM4	1820757	1820758	ZMO1206_peak_367	635.015	ZM4	1820819	1820820	TSS_3998	.	+	-62
ZM4	1821103	1821104	ZMO1206_peak_368	61.9639	ZM4	1821000	1821001	TSS_3999	.	+	103
ZM4	1824060	1824061	ZMO1206_peak_369a	27.4119	ZM4	1823956	1823957	TSS_4003	.	+	104
ZM4	1824195	1824196	ZMO1206_peak_369b	39.3429	ZM4	1823956	1823957	TSS_4003	.	+	239
ZM4	1827275	1827276	ZMO1206_peak_370	37.0799	ZM4	1827250	1827251	TSS_4020	.	-	-25
ZM4	1829092	1829093	ZMO1206_peak_371a	126.393	ZM4	1827380	1827381	TSS_4024	.	-	-1712
ZM4	1829258	1829259	ZMO1206_peak_371b	770.321	ZM4	1827380	1827381	TSS_4024	.	-	-1878
ZM4	1836660	1836661	ZMO1206_peak_372	17.9257	ZM4	1834932	1834933	TSS_4037	.	+	1728
ZM4	1837100	1837101	ZMO1206_peak_373	127.886	ZM4	1834932	1834933	TSS_4037	.	+	2168
ZM4	1839514	1839515	ZMO1206_peak_374	52.6195	ZM4	1840491	1840492	TSS_4059	.	-	977
ZM4	1842575	1842576	ZMO1206_peak_375	72.6977	ZM4	1842683	1842684	TSS_4069	.	+	-108
ZM4	1848023	1848024	ZMO1206_peak_376	56.0093	ZM4	1849012	1849013	TSS_4085	.	-	989
ZM4	1849895	1849896	ZMO1206_peak_377	69.4245	ZM4	1849748	1849749	TSS_4086	.	-	-147
ZM4	1850731	1850732	ZMO1206_peak_378a	17.899	ZM4	1849748	1849749	TSS_4086	.	-	-983
ZM4	1850909	1850910	ZMO1206_peak_378b	14.1754	ZM4	1849748	1849749	TSS_4086	.	-	-1161
ZM4	1851320	1851321	ZMO1206_peak_379	1573.11	ZM4	1849748	1849749	TSS_4086	.	-	-1572
ZM4	1860467	1860468	ZMO1206_peak_380a	2361.95	ZM4	1860550	1860551	TSS_4092	.	-	83
ZM4	1860724	1860725	ZMO1206_peak_380b	715.01	ZM4	1860551	1860552	TSS_4093	.	-	-173
ZM4	1865002	1865003	ZMO1206_peak_381	235.516	ZM4	1864521	1864522	TSS_4101	.	+	481
ZM4	1868418	1868419	ZMO1206_peak_382	68.3732	ZM4	1868635	1868636	TSS_4103	.	+	-217
ZM4	1873340	1873341	ZMO1206_peak_383	33.6806	ZM4	1874059	1874060	TSS_4106	.	+	-719
ZM4	1879396	1879397	ZMO1206_peak_384	96.4237	ZM4	1882290	1882291	TSS_4110	.	-	2894
ZM4	1880662	1880663	ZMO1206_peak_385	20.0919	ZM4	1882290	1882291	TSS_4110	.	-	1628
ZM4	1884281	1884282	ZMO1206_peak_386	183.693	ZM4	1884164	1884165	TSS_4116	.	-	-117
ZM4	1884857	1884858	ZMO1206_peak_387	10609.6	ZM4	1884874	1884875	TSS_4119	.	-	17
ZM4	1889761	1889762	ZMO1206_peak_388	35.7836	ZM4	1889724	1889725	TSS_4133	.	-	-37
ZM4	1890290	1890291	ZMO1206_peak_389	521.888	ZM4	1890387	1890388	TSS_4135	.	+	-97
ZM4	1893242	1893243	ZMO1206_peak_390	1385.47	ZM4	1893193	1893194	TSS_4139	.	-	-49
ZM4	1896855	1896856	ZMO1206_peak_391	46.3147	ZM4	1895930	1895931	TSS_4141	.	-	-925
ZM4	1899562	1899563	ZMO1206_peak_392	68.7624	ZM4	1895930	1895931	TSS_4141	.	-	-3632
ZM4	1908794	1908795	ZMO1206_peak_393	41.3534	ZM4	1908781	1908782	TSS_4144	.	-	-13
ZM4	1909344	1909345	ZMO1206_peak_394	46.3501	ZM4	1909340	1909341	TSS_4145	.	-	-4
ZM4	1910329	1910330	ZMO1206_peak_395a	44.213	ZM4	1910302	1910303	TSS_4149	.	-	-27
ZM4	1910493	1910494	ZMO1206_peak_395b	65.9818	ZM4	1910302	1910303	TSS_4149	.	-	-191
ZM4	1921484	1921485	ZMO1206_peak_396	32.4992	ZM4	1922589	1922590	TSS_4158	.	-	1105
ZM4	1927990	1927991	ZMO1206_peak_397	35.9534	ZM4	1927930	1927931	TSS_4180	.	-	-60
ZM4	1934812	1934813	ZMO1206_peak_398	46.0312	ZM4	1934616	1934617	TSS_4217	.	+	196
ZM4	1939270	1939271	ZMO1206_peak_399	5254.12	ZM4	1939167	1939168	TSS_4219	.	-	-103
ZM4	1946610	1946611	ZMO1206_peak_400	25.7186	ZM4	1945935	1945936	TSS_4238	.	+	675
ZM4	1947794	1947795	ZMO1206_peak_401	31.1479	ZM4	1945935	1945936	TSS_4238	.	+	1859
ZM4	1950474	1950475	ZMO1206_peak_402	52.0761	ZM4	1950035	1950036	TSS_4246	.	-	-439
ZM4	1957330	1957331	ZMO1206_peak_403	114.913	ZM4	1957009	1957010	TSS_4266	.	+	321
ZM4	1960568	1960569	ZMO1206_peak_404	29.9349	ZM4	1961898	1961899	TSS_4276	.	-	1330
ZM4	1964743	1964744	ZMO1206_peak_405	57.9815	ZM4	1964283	1964284	TSS_4292	.	+	460
ZM4	1965635	1965636	ZMO1206_peak_406	21.5921	ZM4	1965803	1965804	TSS_4297	.	+	-168
ZM4	1968107	1968108	ZMO1206_peak_407	632.302	ZM4	1970168	1970169	TSS_4305	.	-	2061
ZM4	1972881	1972882	ZMO1206_peak_408	181.838	ZM4	1973025	1973026	TSS_4311	.	+	-144
ZM4	1977413	1977414	ZMO1206_peak_409	69.4438	ZM4	1977451	1977452	TSS_4324	.	+	-38
ZM4	1983573	1983574	ZMO1206_peak_410	20.8527	ZM4	1983991	1983992	TSS_4335	.	-	418
ZM4	1984609	1984610	ZMO1206_peak_411	16.2242	ZM4	1984647	1984648	TSS_4349	.	+	-38
ZM4	2013336	2013337	ZMO1206_peak_412a	4.71745	ZM4	2013493	2013494	TSS_4384	.	-	157
ZM4	2013559	2013560	ZMO1206_peak_412b	23.5389	ZM4	2013557	2013558	TSS_4386	.	-	-2
ZM4	2015301	2015302	ZMO1206_peak_413	31.5553	ZM4	2015316	2015317	TSS_4387	.	-	15
ZM4	2018504	2018505	ZMO1206_peak_414	14.6761	ZM4	2017437	2017438	TSS_4391	.	-	-1067
ZM4	2021205	2021206	ZMO1206_peak_415a	107.914	ZM4	2020374	2020375	TSS_4395	.	-	-831
ZM4	2021535	2021536	ZMO1206_peak_415b	3013.87	ZM4	2020374	2020375	TSS_4395	.	-	-1161
ZM4	2023845	2023846	ZMO1206_peak_416	284.688	ZM4	2025775	2025776	TSS_4399	.	-	1930
ZM4	2028690	2028691	ZMO1206_peak_417	188.069	ZM4	2031057	2031058	TSS_4404	.	+	-2367
ZM4	2030455	2030456	ZMO1206_peak_418	1185.21	ZM4	2031057	2031058	TSS_4404	.	+	-602
ZM4	2030857	2030858	ZMO1206_peak_419	98.4304	ZM4	2031057	2031058	TSS_4404	.	+	-200
ZM4	2032317	2032318	ZMO1206_peak_420a	113.918	ZM4	2031059	2031060	TSS_4405	.	+	1258
ZM4	2032671	2032672	ZMO1206_peak_420b	781.54	ZM4	2033927	2033928	TSS_4406	.	-	1256
ZM4	2037721	2037722	ZMO1206_peak_421	17.7995	ZM4	2037494	2037495	TSS_4413	.	+	227
ZM4	2038575	2038576	ZMO1206_peak_422	7.76242	ZM4	2037494	2037495	TSS_4413	.	+	1081
ZM4	2045823	2045824	ZMO1206_peak_423	2051.84	ZM4	2045899	2045900	TSS_4417	.	+	-76
ZM4	2046230	2046231	ZMO1206_peak_424	272.835	ZM4	2045899	2045900	TSS_4417	.	+	331
ZM4	2046624	2046625	ZMO1206_peak_425a	878.164	ZM4	2045899	2045900	TSS_4417	.	+	725
ZM4	2046881	2046882	ZMO1206_peak_425b	1.77085	ZM4	2045899	2045900	TSS_4417	.	+	982
ZM4	2047054	2047055	ZMO1206_peak_425c	9.81881	ZM4	2045899	2045900	TSS_4417	.	+	1155
ZM4	2048420	2048421	ZMO1206_peak_426	399.541	ZM4	2045899	2045900	TSS_4417	.	+	2521
ZM4	2050213	2050214	ZMO1206_peak_427a	246.837	ZM4	2052954	2052955	TSS_4422	.	+	-2741
ZM4	2050427	2050428	ZMO1206_peak_427b	1506.46	ZM4	2052954	2052955	TSS_4422	.	+	-2527
ZM4	2050787	2050788	ZMO1206_peak_427c	1837.53	ZM4	2052954	2052955	TSS_4422	.	+	-2167
pZM32	534	535	ZMO1206_peak_428	49.6171	pZM32	4033	4034	TSS_4431	.	+	-3499
pZM32	981	982	ZMO1206_peak_429	89.3822	pZM32	4033	4034	TSS_4431	.	+	-3052
pZM32	2495	2496	ZMO1206_peak_430	59.6593	pZM32	4033	4034	TSS_4431	.	+	-1538
pZM32	7974	7975	ZMO1206_peak_431	49.0096	pZM32	5676	5677	TSS_4434	.	+	2298
pZM32	8402	8403	ZMO1206_peak_432a	62.2619	pZM32	5676	5677	TSS_4434	.	+	2726
pZM32	8810	8811	ZMO1206_peak_432b	23.0508	pZM32	11376	11377	TSS_4444	.	-	2566
pZM32	10471	10472	ZMO1206_peak_433	56.4573	pZM32	11376	11377	TSS_4444	.	-	905
pZM33	2375	2376	ZMO1206_peak_434	1589.85	pZM33	2327	2328	TSS_4498	.	-	-48
pZM33	3480	3481	ZMO1206_peak_435a	40.2022	pZM33	2542	2543	TSS_4503	.	+	938
pZM33	3593	3594	ZMO1206_peak_435b	36.2964	pZM33	4574	4575	TSS_4504	.	-	981
pZM33	10446	10447	ZMO1206_peak_436	131.487	pZM33	10408	10409	TSS_4511	.	+	38
pZM33	12176	12177	ZMO1206_peak_437	96.8066	pZM33	13259	13260	TSS_4520	.	+	-1083
pZM33	15196	15197	ZMO1206_peak_438	126.577	pZM33	16701	16702	TSS_4525	.	-	1505
pZM33	20712	20713	ZMO1206_peak_439	44.8279	pZM33	18494	18495	TSS_4537	.	+	2218
pZM33	30066	30067	ZMO1206_peak_440a	4.50584	pZM33	30621	30622	TSS_4572	.	-	555
pZM33	30255	30256	ZMO1206_peak_440b	48.3255	pZM33	30621	30622	TSS_4572	.	-	366
pZM36	1519	1520	ZMO1206_peak_441	41.3429	pZM36	13287	13288	TSS_4582	.	+	-11768
pZM36	2171	2172	ZMO1206_peak_442	27.399	pZM36	13287	13288	TSS_4582	.	+	-11116
pZM36	2659	2660	ZMO1206_peak_443	69.5986	pZM36	13287	13288	TSS_4582	.	+	-10628
pZM36	3317	3318	ZMO1206_peak_444	1213.87	pZM36	13287	13288	TSS_4582	.	+	-9970
pZM36	4517	4518	ZMO1206_peak_445	269.453	pZM36	13287	13288	TSS_4582	.	+	-8770
pZM36	7450	7451	ZMO1206_peak_446	138.117	pZM36	13287	13288	TSS_4582	.	+	-5837
pZM36	15940	15941	ZMO1206_peak_447	343.108	pZM36	15485	15486	TSS_4584	.	-	-455
pZM36	21752	21753	ZMO1206_peak_448a	31.4798	pZM36	22455	22456	TSS_4594	.	-	703
pZM36	21951	21952	ZMO1206_peak_448b	5.3042	pZM36	22455	22456	TSS_4594	.	-	504
pZM36	24179	24180	ZMO1206_peak_449	32.0034	pZM36	24196	24197	TSS_4601	.	+	-17
pZM36	28360	28361	ZMO1206_peak_450a	2246.12	pZM36	28416	28417	TSS_4603	.	+	-56
pZM36	28769	28770	ZMO1206_peak_450b	1180.91	pZM36	28793	28794	TSS_4604	.	+	-24
pZM39	1685	1686	ZMO1206_peak_451	19192.3	pZM39	2634	2635	TSS_4612	.	+	-949
pZM39	2679	2680	ZMO1206_peak_452	80.7145	pZM39	2677	2678	TSS_4613	.	+	2
pZM39	3413	3414	ZMO1206_peak_453	264.446	pZM39	2690	2691	TSS_4614	.	+	723
pZM39	8891	8892	ZMO1206_peak_454	657.12	pZM39	6857	6858	TSS_4620	.	+	2034
pZM39	12408	12409	ZMO1206_peak_455	47.2024	pZM39	6857	6858	TSS_4620	.	+	5551
pZM39	13834	13835	ZMO1206_peak_456	105.949	pZM39	19060	19061	TSS_4622	.	-	5226
pZM39	20241	20242	ZMO1206_peak_457	153.371	pZM39	19060	19061	TSS_4622	.	-	-1181
pZM39	20241	20242	ZMO1206_peak_457	153.371	pZM39	21422	21423	TSS_4624	.	+	-1181
pZM39	26012	26013	ZMO1206_peak_458	121.722	pZM39	24683	24684	TSS_4631	.	-	-1329
pZM39	28042	28043	ZMO1206_peak_459	81.3928	pZM39	24683	24684	TSS_4631	.	-	-3359
pZM39	31158	31159	ZMO1206_peak_460	76.4848	pZM39	33816	33817	TSS_4643	.	-	2658
ZM4	166538	166539	ZMO1235_peak_1	100.217	ZM4	166932	166933	TSS_0325	.	+	-394
ZM4	246513	246514	ZMO1235_peak_2	5.69269	ZM4	245089	245090	TSS_0500	.	+	1424
ZM4	247258	247259	ZMO1235_peak_3	1.96149	ZM4	245089	245090	TSS_0500	.	+	2169
ZM4	759261	759262	ZMO1235_peak_4	1404.43	ZM4	759281	759282	TSS_1766	.	+	-20
ZM4	799492	799493	ZMO1235_peak_5a	42599.6	ZM4	800835	800836	TSS_1810	.	-	1343
ZM4	799768	799769	ZMO1235_peak_5b	12202.7	ZM4	800835	800836	TSS_1810	.	-	1067
ZM4	845631	845632	ZMO1235_peak_6	772.917	ZM4	845509	845510	TSS_1896	.	+	122
ZM4	913875	913876	ZMO1235_peak_7	1871.35	ZM4	914345	914346	TSS_2025	.	-	470
ZM4	1307804	1307805	ZMO1235_peak_8	23.6176	ZM4	1307713	1307714	TSS_2933	.	-	-91
ZM4	1573836	1573837	ZMO1235_peak_9	18634.8	ZM4	1573897	1573898	TSS_3495	.	+	-61
ZM4	2030817	2030818	ZMO1235_peak_10	38.3376	ZM4	2031057	2031058	TSS_4404	.	+	-240
ZM4	2058672	2058673	ZMO1235_peak_11	33.5569	ZM4	2058164	2058165	TSS_4428	.	-	-508
ZM4	166546	166547	ZMO1268_peak_1	67.3223	ZM4	166932	166933	TSS_0325	.	+	-386
ZM4	246491	246492	ZMO1268_peak_2a	7.04209	ZM4	245089	245090	TSS_0500	.	+	1402
ZM4	246718	246719	ZMO1268_peak_2b	14.0657	ZM4	245089	245090	TSS_0500	.	+	1629
ZM4	247228	247229	ZMO1268_peak_3a	3.56291	ZM4	245089	245090	TSS_0500	.	+	2139
ZM4	247433	247434	ZMO1268_peak_3b	3.17961	ZM4	245089	245090	TSS_0500	.	+	2344
ZM4	397663	397664	ZMO1268_peak_4	302.838	ZM4	397722	397723	TSS_0795	.	+	-59
ZM4	404230	404231	ZMO1268_peak_5	6.24517	ZM4	405797	405798	TSS_0803	.	-	1567
ZM4	997152	997153	ZMO1268_peak_6	16.1204	ZM4	996722	996723	TSS_2196	.	+	430
ZM4	1832919	1832920	ZMO1268_peak_7	1130.88	ZM4	1834544	1834545	TSS_4033	.	+	-1625
ZM4	2030814	2030815	ZMO1268_peak_8	50.4547	ZM4	2031057	2031058	TSS_4404	.	+	-243
ZM4	2058671	2058672	ZMO1268_peak_9	35.9708	ZM4	2058164	2058165	TSS_4428	.	-	-507
ZM4	77	78	ZMO1336_peak_1	168.544	ZM4	12709	12710	TSS_0006	.	+	-12632
ZM4	13731	13732	ZMO1336_peak_2	41.8913	ZM4	14514	14515	TSS_0014	.	-	783
ZM4	14512	14513	ZMO1336_peak_3	105.27	ZM4	14514	14515	TSS_0014	.	-	2
ZM4	18181	18182	ZMO1336_peak_4	55.0156	ZM4	18245	18246	TSS_0018	.	+	-64
ZM4	26139	26140	ZMO1336_peak_5	1408.31	ZM4	26028	26029	TSS_0027	.	-	-111
ZM4	27966	27967	ZMO1336_peak_6	204.247	ZM4	29259	29260	TSS_0028	.	+	-1293
ZM4	28516	28517	ZMO1336_peak_7	28.3386	ZM4	29259	29260	TSS_0028	.	+	-743
ZM4	33996	33997	ZMO1336_peak_8	56.3151	ZM4	34058	34059	TSS_0031	.	+	-62
ZM4	37107	37108	ZMO1336_peak_9a	1578.2	ZM4	37928	37929	TSS_0035	.	+	-821
ZM4	37293	37294	ZMO1336_peak_9b	777.982	ZM4	37928	37929	TSS_0035	.	+	-635
ZM4	43433	43434	ZMO1336_peak_10	449.175	ZM4	43156	43157	TSS_0059	.	-	-277
ZM4	59684	59685	ZMO1336_peak_11a	1427.76	ZM4	60122	60123	TSS_0077	.	+	-438
ZM4	59942	59943	ZMO1336_peak_11b	17.9952	ZM4	60122	60123	TSS_0077	.	+	-180
ZM4	61452	61453	ZMO1336_peak_12	3255.19	ZM4	61521	61522	TSS_0079	.	+	-69
ZM4	64227	64228	ZMO1336_peak_13	89.0539	ZM4	64871	64872	TSS_0082	.	-	644
ZM4	69198	69199	ZMO1336_peak_14	170.693	ZM4	69489	69490	TSS_0092	.	-	291
ZM4	74974	74975	ZMO1336_peak_15	294.403	ZM4	74934	74935	TSS_0099	.	-	-40
ZM4	76651	76652	ZMO1336_peak_16	194.251	ZM4	74934	74935	TSS_0099	.	-	-1717
ZM4	80482	80483	ZMO1336_peak_17	17.0593	ZM4	79619	79620	TSS_0102	.	-	-863
ZM4	85190	85191	ZMO1336_peak_18a	138.747	ZM4	85196	85197	TSS_0110	.	-	6
ZM4	85408	85409	ZMO1336_peak_18b	4.5185	ZM4	85198	85199	TSS_0111	.	-	-210
ZM4	85601	85602	ZMO1336_peak_18c	79.7054	ZM4	85198	85199	TSS_0111	.	-	-403
ZM4	95192	95193	ZMO1336_peak_19	10.4321	ZM4	94651	94652	TSS_0124	.	-	-541
ZM4	97705	97706	ZMO1336_peak_20	65.7488	ZM4	99594	99595	TSS_0136	.	+	-1889
ZM4	100519	100520	ZMO1336_peak_21	191.886	ZM4	100905	100906	TSS_0139	.	+	-386
ZM4	108791	108792	ZMO1336_peak_22	38.4641	ZM4	108978	108979	TSS_0152	.	+	-187
ZM4	118169	118170	ZMO1336_peak_23	8.76689	ZM4	118105	118106	TSS_0165	.	-	-64
ZM4	119066	119067	ZMO1336_peak_24a	62.0426	ZM4	119234	119235	TSS_0171	.	-	168
ZM4	119262	119263	ZMO1336_peak_24b	718.027	ZM4	119236	119237	TSS_0172	.	-	-26
ZM4	120845	120846	ZMO1336_peak_25	52.4718	ZM4	121810	121811	TSS_0174	.	+	-965
ZM4	125229	125230	ZMO1336_peak_26	48.3515	ZM4	124201	124202	TSS_0180	.	+	1028
ZM4	127464	127465	ZMO1336_peak_27	466.138	ZM4	129849	129850	TSS_0193	.	-	2385
ZM4	130438	130439	ZMO1336_peak_28	492.359	ZM4	130434	130435	TSS_0194	.	-	-4
ZM4	140832	140833	ZMO1336_peak_29	2.5324	ZM4	140771	140772	TSS_0218	.	+	61
ZM4	150724	150725	ZMO1336_peak_30	22.2668	ZM4	150727	150728	TSS_0247	.	+	-3
ZM4	157516	157517	ZMO1336_peak_31	96.4813	ZM4	157635	157636	TSS_0267	.	+	-119
ZM4	166547	166548	ZMO1336_peak_32a	55.665	ZM4	166932	166933	TSS_0325	.	+	-385
ZM4	166794	166795	ZMO1336_peak_32b	60.6666	ZM4	166932	166933	TSS_0325	.	+	-138
ZM4	173269	173270	ZMO1336_peak_33a	91.7548	ZM4	173165	173166	TSS_0346	.	-	-104
ZM4	173550	173551	ZMO1336_peak_33b	8.73806	ZM4	173662	173663	TSS_0347	.	+	-112
ZM4	174237	174238	ZMO1336_peak_34	2010.54	ZM4	173874	173875	TSS_0366	.	+	363
ZM4	177441	177442	ZMO1336_peak_35a	45.2225	ZM4	175617	175618	TSS_0374	.	+	1824
ZM4	177580	177581	ZMO1336_peak_35b	48.226	ZM4	175617	175618	TSS_0374	.	+	1963
ZM4	182606	182607	ZMO1336_peak_36	57.574	ZM4	181512	181513	TSS_0379	.	-	-1094
ZM4	185170	185171	ZMO1336_peak_37	163.84	ZM4	185047	185048	TSS_0381	.	-	-123
ZM4	188393	188394	ZMO1336_peak_38	173.657	ZM4	188434	188435	TSS_0387	.	-	41
ZM4	189666	189667	ZMO1336_peak_39	62.2136	ZM4	189463	189464	TSS_0389	.	+	203
ZM4	191421	191422	ZMO1336_peak_40	84.7556	ZM4	192450	192451	TSS_0392	.	+	-1029
ZM4	196293	196294	ZMO1336_peak_41	3.41828	ZM4	196200	196201	TSS_0398	.	-	-93
ZM4	196834	196835	ZMO1336_peak_42a	223.113	ZM4	196961	196962	TSS_0399	.	+	-127
ZM4	197192	197193	ZMO1336_peak_42b	31.3888	ZM4	197126	197127	TSS_0402	.	+	66
ZM4	202302	202303	ZMO1336_peak_43	427.503	ZM4	203393	203394	TSS_0405	.	-	1091
ZM4	208924	208925	ZMO1336_peak_44	87.1596	ZM4	208720	208721	TSS_0417	.	-	-204
ZM4	239248	239249	ZMO1336_peak_45	392.313	ZM4	238511	238512	TSS_0470	.	+	737
ZM4	244261	244262	ZMO1336_peak_46	12.2112	ZM4	244224	244225	TSS_0499	.	-	-37
ZM4	244992	244993	ZMO1336_peak_47	2311.67	ZM4	245089	245090	TSS_0500	.	+	-97
ZM4	249278	249279	ZMO1336_peak_48	34.0317	ZM4	245089	245090	TSS_0500	.	+	4189
ZM4	258983	258984	ZMO1336_peak_49	44.1014	ZM4	259009	259010	TSS_0512	.	+	-26
ZM4	266925	266926	ZMO1336_peak_50	23.8271	ZM4	266314	266315	TSS_0529	.	-	-611
ZM4	267752	267753	ZMO1336_peak_51	1346.03	ZM4	267770	267771	TSS_0530	.	-	18
ZM4	269292	269293	ZMO1336_peak_52	10.2552	ZM4	267770	267771	TSS_0530	.	-	-1522
ZM4	272240	272241	ZMO1336_peak_53	85.065	ZM4	270955	270956	TSS_0534	.	-	-1285
ZM4	275196	275197	ZMO1336_peak_54	71.603	ZM4	273919	273920	TSS_0537	.	-	-1277
ZM4	286960	286961	ZMO1336_peak_55	17.045	ZM4	286960	286961	TSS_0572	.	+	0
ZM4	293814	293815	ZMO1336_peak_56	293.726	ZM4	293765	293766	TSS_0578	.	-	-49
ZM4	299279	299280	ZMO1336_peak_57a	1934.07	ZM4	299414	299415	TSS_0587	.	-	135
ZM4	299589	299590	ZMO1336_peak_57b	76.4524	ZM4	299414	299415	TSS_0587	.	-	-175
ZM4	301119	301120	ZMO1336_peak_58	65.5672	ZM4	301158	301159	TSS_0595	.	+	-39
ZM4	311524	311525	ZMO1336_peak_59	248.689	ZM4	310703	310704	TSS_0602	.	-	-821
ZM4	318470	318471	ZMO1336_peak_60	5.20561	ZM4	318573	318574	TSS_0613	.	+	-103
ZM4	318891	318892	ZMO1336_peak_61	31.6578	ZM4	318579	318580	TSS_0615	.	+	312
ZM4	319755	319756	ZMO1336_peak_62	99.2713	ZM4	319710	319711	TSS_0617	.	-	-45
ZM4	339130	339131	ZMO1336_peak_63	163.875	ZM4	338982	338983	TSS_0660	.	+	148
ZM4	340602	340603	ZMO1336_peak_64	245.43	ZM4	340636	340637	TSS_0666	.	+	-34
ZM4	341524	341525	ZMO1336_peak_65	109.901	ZM4	341537	341538	TSS_0668	.	+	-13
ZM4	343191	343192	ZMO1336_peak_66	19.7493	ZM4	343197	343198	TSS_0679	.	+	-6
ZM4	346247	346248	ZMO1336_peak_67	179.26	ZM4	345907	345908	TSS_0686	.	+	340
ZM4	347965	347966	ZMO1336_peak_68	56.4243	ZM4	346690	346691	TSS_0687	.	+	1275
ZM4	360772	360773	ZMO1336_peak_69	161.759	ZM4	360122	360123	TSS_0707	.	+	650
ZM4	363372	363373	ZMO1336_peak_70a	1555.32	ZM4	363690	363691	TSS_0711	.	+	-318
ZM4	363624	363625	ZMO1336_peak_70b	1150.57	ZM4	363690	363691	TSS_0711	.	+	-66
ZM4	365449	365450	ZMO1336_peak_71	20.5609	ZM4	364911	364912	TSS_0713	.	+	538
ZM4	370411	370412	ZMO1336_peak_72	60.328	ZM4	370589	370590	TSS_0722	.	+	-178
ZM4	370881	370882	ZMO1336_peak_73	33.2485	ZM4	370873	370874	TSS_0724	.	+	8
ZM4	377190	377191	ZMO1336_peak_74	39.9869	ZM4	376022	376023	TSS_0767	.	+	1168
ZM4	378352	378353	ZMO1336_peak_75	631.441	ZM4	378389	378390	TSS_0771	.	+	-37
ZM4	378894	378895	ZMO1336_peak_76	111.337	ZM4	378392	378393	TSS_0773	.	+	502
ZM4	379663	379664	ZMO1336_peak_77	2030.24	ZM4	378392	378393	TSS_0773	.	+	1271
ZM4	381334	381335	ZMO1336_peak_78	220.391	ZM4	378392	378393	TSS_0773	.	+	2942
ZM4	382430	382431	ZMO1336_peak_79	221.466	ZM4	385464	385465	TSS_0787	.	-	3034
ZM4	385583	385584	ZMO1336_peak_80	407.719	ZM4	385497	385498	TSS_0790	.	-	-86
ZM4	391556	391557	ZMO1336_peak_81	69.2066	ZM4	391738	391739	TSS_0793	.	+	-182
ZM4	403170	403171	ZMO1336_peak_82	83.1902	ZM4	405797	405798	TSS_0803	.	-	2627
ZM4	404445	404446	ZMO1336_peak_83	9.02207	ZM4	405797	405798	TSS_0803	.	-	1352
ZM4	412430	412431	ZMO1336_peak_84	14.4581	ZM4	411925	411926	TSS_0823	.	+	505
ZM4	412965	412966	ZMO1336_peak_85	38.2186	ZM4	411925	411926	TSS_0823	.	+	1040
ZM4	416743	416744	ZMO1336_peak_86	29.2097	ZM4	418225	418226	TSS_0828	.	-	1482
ZM4	418246	418247	ZMO1336_peak_87	8.1028	ZM4	418225	418226	TSS_0828	.	-	-21
ZM4	425115	425116	ZMO1336_peak_88	46.4839	ZM4	425032	425033	TSS_0837	.	-	-83
ZM4	430667	430668	ZMO1336_peak_89	64.0365	ZM4	430341	430342	TSS_0844	.	+	326
ZM4	434104	434105	ZMO1336_peak_90	98.1648	ZM4	433937	433938	TSS_0852	.	-	-167
ZM4	437776	437777	ZMO1336_peak_91	228.107	ZM4	437845	437846	TSS_0861	.	+	-69
ZM4	440864	440865	ZMO1336_peak_92	493.437	ZM4	440929	440930	TSS_0867	.	+	-65
ZM4	452497	452498	ZMO1336_peak_93	187.759	ZM4	452446	452447	TSS_0908	.	-	-51
ZM4	457100	457101	ZMO1336_peak_94	55.9918	ZM4	457130	457131	TSS_0914	.	+	-30
ZM4	460770	460771	ZMO1336_peak_95	31.3132	ZM4	460742	460743	TSS_0932	.	+	28
ZM4	464431	464432	ZMO1336_peak_96	126.817	ZM4	464751	464752	TSS_0942	.	+	-320
ZM4	470618	470619	ZMO1336_peak_97	3.8765	ZM4	470633	470634	TSS_0953	.	-	15
ZM4	471399	471400	ZMO1336_peak_98	38.0208	ZM4	470789	470790	TSS_0959	.	+	610
ZM4	472724	472725	ZMO1336_peak_99a	2.55754	ZM4	472678	472679	TSS_0962	.	+	46
ZM4	472883	472884	ZMO1336_peak_99b	28.7887	ZM4	472788	472789	TSS_0963	.	+	95
ZM4	473869	473870	ZMO1336_peak_100a	8.26447	ZM4	472788	472789	TSS_0963	.	+	1081
ZM4	474171	474172	ZMO1336_peak_100b	456.532	ZM4	472788	472789	TSS_0963	.	+	1383
ZM4	479085	479086	ZMO1336_peak_101	30.3239	ZM4	479088	479089	TSS_0973	.	+	-3
ZM4	484408	484409	ZMO1336_peak_102	49.816	ZM4	483535	483536	TSS_0995	.	-	-873
ZM4	515468	515469	ZMO1336_peak_103	33.4571	ZM4	515448	515449	TSS_1060	.	+	20
ZM4	529461	529462	ZMO1336_peak_104	33.1537	ZM4	529504	529505	TSS_1189	.	+	-43
ZM4	535940	535941	ZMO1336_peak_105	1150.26	ZM4	536066	536067	TSS_1234	.	+	-126
ZM4	540747	540748	ZMO1336_peak_106	19.7558	ZM4	542667	542668	TSS_1242	.	+	-1920
ZM4	553747	553748	ZMO1336_peak_107	153.128	ZM4	553623	553624	TSS_1310	.	-	-124
ZM4	556710	556711	ZMO1336_peak_108	52.0814	ZM4	556627	556628	TSS_1327	.	-	-83
ZM4	559174	559175	ZMO1336_peak_109	610.844	ZM4	559230	559231	TSS_1328	.	+	-56
ZM4	562999	563000	ZMO1336_peak_110	361.198	ZM4	563393	563394	TSS_1338	.	-	394
ZM4	569996	569997	ZMO1336_peak_111	242.283	ZM4	569906	569907	TSS_1353	.	-	-90
ZM4	571066	571067	ZMO1336_peak_112	8.34186	ZM4	571041	571042	TSS_1354	.	-	-25
ZM4	573740	573741	ZMO1336_peak_113	35.3962	ZM4	573476	573477	TSS_1369	.	+	264
ZM4	577243	577244	ZMO1336_peak_114	24.1034	ZM4	580146	580147	TSS_1370	.	-	2903
ZM4	583562	583563	ZMO1336_peak_115a	203.433	ZM4	583750	583751	TSS_1374	.	-	188
ZM4	583829	583830	ZMO1336_peak_115b	340.59	ZM4	583872	583873	TSS_1375	.	-	43
ZM4	600647	600648	ZMO1336_peak_116	197.389	ZM4	599377	599378	TSS_1402	.	+	1270
ZM4	608721	608722	ZMO1336_peak_117	492.156	ZM4	608481	608482	TSS_1413	.	-	-240
ZM4	619025	619026	ZMO1336_peak_118	86.4043	ZM4	619099	619100	TSS_1442	.	+	-74
ZM4	622940	622941	ZMO1336_peak_119	169.748	ZM4	623556	623557	TSS_1448	.	+	-616
ZM4	624097	624098	ZMO1336_peak_120	8.31223	ZM4	623558	623559	TSS_1449	.	+	539
ZM4	625490	625491	ZMO1336_peak_121	33.7735	ZM4	625384	625385	TSS_1453	.	-	-106
ZM4	634930	634931	ZMO1336_peak_122	256.917	ZM4	635196	635197	TSS_1465	.	+	-266
ZM4	647842	647843	ZMO1336_peak_123	77.0542	ZM4	648223	648224	TSS_1491	.	-	381
ZM4	650113	650114	ZMO1336_peak_124	44.063	ZM4	651452	651453	TSS_1492	.	-	1339
ZM4	659635	659636	ZMO1336_peak_125	103.609	ZM4	659222	659223	TSS_1516	.	+	413
ZM4	663949	663950	ZMO1336_peak_126	32.8393	ZM4	663903	663904	TSS_1535	.	+	46
ZM4	673702	673703	ZMO1336_peak_127	131.668	ZM4	673600	673601	TSS_1559	.	-	-102
ZM4	678298	678299	ZMO1336_peak_128	36.8395	ZM4	678246	678247	TSS_1561	.	+	52
ZM4	680646	680647	ZMO1336_peak_129	33.6851	ZM4	678246	678247	TSS_1561	.	+	2400
ZM4	682674	682675	ZMO1336_peak_130	102.715	ZM4	684964	684965	TSS_1564	.	-	2290
ZM4	683171	683172	ZMO1336_peak_131	22.0434	ZM4	684964	684965	TSS_1564	.	-	1793
ZM4	686053	686054	ZMO1336_peak_132	36.9329	ZM4	686349	686350	TSS_1568	.	-	296
ZM4	688021	688022	ZMO1336_peak_133	691.713	ZM4	687621	687622	TSS_1575	.	-	-400
ZM4	693786	693787	ZMO1336_peak_134	226.562	ZM4	693748	693749	TSS_1591	.	-	-38
ZM4	696368	696369	ZMO1336_peak_135	44.0826	ZM4	698310	698311	TSS_1600	.	-	1942
ZM4	699461	699462	ZMO1336_peak_136	28.4599	ZM4	699718	699719	TSS_1601	.	-	257
ZM4	707685	707686	ZMO1336_peak_137	46.0733	ZM4	707658	707659	TSS_1608	.	-	-27
ZM4	710231	710232	ZMO1336_peak_138	1605.61	ZM4	709518	709519	TSS_1617	.	+	713
ZM4	727525	727526	ZMO1336_peak_139	161.025	ZM4	727586	727587	TSS_1676	.	+	-61
ZM4	735828	735829	ZMO1336_peak_140	48.4613	ZM4	736997	736998	TSS_1693	.	+	-1169
ZM4	746969	746970	ZMO1336_peak_141	72.9974	ZM4	746200	746201	TSS_1737	.	+	769
ZM4	764171	764172	ZMO1336_peak_142	10110.4	ZM4	764204	764205	TSS_1779	.	+	-33
ZM4	771297	771298	ZMO1336_peak_143a	257.257	ZM4	771418	771419	TSS_1786	.	+	-121
ZM4	771592	771593	ZMO1336_peak_143b	132.619	ZM4	771695	771696	TSS_1787	.	+	-103
ZM4	772274	772275	ZMO1336_peak_144	47.8607	ZM4	771695	771696	TSS_1787	.	+	579
ZM4	784643	784644	ZMO1336_peak_145	56.4886	ZM4	784638	784639	TSS_1801	.	+	5
ZM4	788616	788617	ZMO1336_peak_146	193.736	ZM4	792107	792108	TSS_1806	.	+	-3491
ZM4	791523	791524	ZMO1336_peak_147	13.0371	ZM4	792107	792108	TSS_1806	.	+	-584
ZM4	796767	796768	ZMO1336_peak_148	32.0999	ZM4	797196	797197	TSS_1808	.	-	429
ZM4	806280	806281	ZMO1336_peak_149	153.986	ZM4	810611	810612	TSS_1815	.	-	4331
ZM4	807442	807443	ZMO1336_peak_150	78.1794	ZM4	810611	810612	TSS_1815	.	-	3169
ZM4	820119	820120	ZMO1336_peak_151	3.11599	ZM4	820157	820158	TSS_1853	.	+	-38
ZM4	821584	821585	ZMO1336_peak_152	274.881	ZM4	820663	820664	TSS_1857	.	+	921
ZM4	826487	826488	ZMO1336_peak_153	455.558	ZM4	826778	826779	TSS_1868	.	+	-291
ZM4	827122	827123	ZMO1336_peak_154	133.279	ZM4	826778	826779	TSS_1868	.	+	344
ZM4	845357	845358	ZMO1336_peak_155	56.8147	ZM4	845509	845510	TSS_1896	.	+	-152
ZM4	856395	856396	ZMO1336_peak_156	930.494	ZM4	858076	858077	TSS_1912	.	+	-1681
ZM4	857871	857872	ZMO1336_peak_157	1833.77	ZM4	858076	858077	TSS_1912	.	+	-205
ZM4	862359	862360	ZMO1336_peak_158a	66.4029	ZM4	862488	862489	TSS_1919	.	+	-129
ZM4	862677	862678	ZMO1336_peak_158b	189.892	ZM4	862764	862765	TSS_1922	.	+	-87
ZM4	869635	869636	ZMO1336_peak_159	843.298	ZM4	869458	869459	TSS_1936	.	-	-177
ZM4	876750	876751	ZMO1336_peak_160	90.6123	ZM4	876775	876776	TSS_1957	.	+	-25
ZM4	877828	877829	ZMO1336_peak_161	12.0995	ZM4	877979	877980	TSS_1958	.	+	-151
ZM4	888331	888332	ZMO1336_peak_162	3511.22	ZM4	888415	888416	TSS_1973	.	+	-84
ZM4	890961	890962	ZMO1336_peak_163	39.4476	ZM4	890937	890938	TSS_1988	.	-	-24
ZM4	894462	894463	ZMO1336_peak_164	52.5115	ZM4	894384	894385	TSS_1991	.	-	-78
ZM4	896952	896953	ZMO1336_peak_165	18.0371	ZM4	896865	896866	TSS_2001	.	-	-87
ZM4	897716	897717	ZMO1336_peak_166	414.228	ZM4	896865	896866	TSS_2001	.	-	-851
ZM4	899173	899174	ZMO1336_peak_167	268.836	ZM4	899111	899112	TSS_2003	.	-	-62
ZM4	900249	900250	ZMO1336_peak_168	15.7109	ZM4	901168	901169	TSS_2006	.	-	919
ZM4	915999	916000	ZMO1336_peak_169	109.311	ZM4	915920	915921	TSS_2027	.	-	-79
ZM4	918122	918123	ZMO1336_peak_170	367.035	ZM4	919274	919275	TSS_2030	.	-	1152
ZM4	921700	921701	ZMO1336_peak_171	148.007	ZM4	919422	919423	TSS_2032	.	+	2278
ZM4	924652	924653	ZMO1336_peak_172	2.72995	ZM4	924784	924785	TSS_2042	.	-	132
ZM4	926690	926691	ZMO1336_peak_173	775.413	ZM4	926796	926797	TSS_2046	.	+	-106
ZM4	927211	927212	ZMO1336_peak_174	375.741	ZM4	927121	927122	TSS_2054	.	-	-90
ZM4	935203	935204	ZMO1336_peak_175a	27.7552	ZM4	935263	935264	TSS_2073	.	+	-60
ZM4	935424	935425	ZMO1336_peak_175b	121.595	ZM4	935535	935536	TSS_2074	.	+	-111
ZM4	937615	937616	ZMO1336_peak_176	487.889	ZM4	937179	937180	TSS_2081	.	+	436
ZM4	938485	938486	ZMO1336_peak_177a	778.338	ZM4	938767	938768	TSS_2084	.	+	-282
ZM4	938785	938786	ZMO1336_peak_177b	192.73	ZM4	938778	938779	TSS_2085	.	+	7
ZM4	939209	939210	ZMO1336_peak_178	52.1166	ZM4	938778	938779	TSS_2085	.	+	431
ZM4	940335	940336	ZMO1336_peak_179	25.8079	ZM4	938778	938779	TSS_2085	.	+	1557
ZM4	947691	947692	ZMO1336_peak_180	33.6852	ZM4	948276	948277	TSS_2097	.	+	-585
ZM4	948501	948502	ZMO1336_peak_181a	8.56064	ZM4	948575	948576	TSS_2099	.	+	-74
ZM4	948684	948685	ZMO1336_peak_181b	9.68884	ZM4	948693	948694	TSS_2101	.	+	-9
ZM4	950605	950606	ZMO1336_peak_182	37.8433	ZM4	951136	951137	TSS_2105	.	-	531
ZM4	951205	951206	ZMO1336_peak_183	19.968	ZM4	951136	951137	TSS_2105	.	-	-69
ZM4	952342	952343	ZMO1336_peak_184a	40.2815	ZM4	951136	951137	TSS_2105	.	-	-1206
ZM4	952568	952569	ZMO1336_peak_184b	28.0032	ZM4	951136	951137	TSS_2105	.	-	-1432
ZM4	954254	954255	ZMO1336_peak_185	32.0277	ZM4	954142	954143	TSS_2106	.	-	-112
ZM4	955126	955127	ZMO1336_peak_186	60.5301	ZM4	954996	954997	TSS_2109	.	-	-130
ZM4	957548	957549	ZMO1336_peak_187	130.927	ZM4	957435	957436	TSS_2111	.	-	-113
ZM4	961351	961352	ZMO1336_peak_188	163.624	ZM4	964162	964163	TSS_2119	.	-	2811
ZM4	964191	964192	ZMO1336_peak_189	52.5234	ZM4	964162	964163	TSS_2119	.	-	-29
ZM4	965033	965034	ZMO1336_peak_190	121.567	ZM4	965357	965358	TSS_2121	.	-	324
ZM4	965728	965729	ZMO1336_peak_191	5.40249	ZM4	965587	965588	TSS_2132	.	+	141
ZM4	972346	972347	ZMO1336_peak_192	60.9731	ZM4	972262	972263	TSS_2153	.	-	-84
ZM4	985067	985068	ZMO1336_peak_193	46.3799	ZM4	984710	984711	TSS_2178	.	+	357
ZM4	988851	988852	ZMO1336_peak_194	59.681	ZM4	989495	989496	TSS_2180	.	+	-644
ZM4	989595	989596	ZMO1336_peak_195	90.7845	ZM4	989685	989686	TSS_2181	.	+	-90
ZM4	995120	995121	ZMO1336_peak_196	38.5954	ZM4	995678	995679	TSS_2192	.	-	558
ZM4	995799	995800	ZMO1336_peak_197	8463.79	ZM4	995765	995766	TSS_2194	.	-	-34
ZM4	999996	999997	ZMO1336_peak_198	18.2217	ZM4	1000352	1000353	TSS_2197	.	-	356
ZM4	1012392	1012393	ZMO1336_peak_199	27.8958	ZM4	1012360	1012361	TSS_2228	.	-	-32
ZM4	1013404	1013405	ZMO1336_peak_200	859.484	ZM4	1013306	1013307	TSS_2238	.	+	98
ZM4	1017201	1017202	ZMO1336_peak_201	4.90691	ZM4	1017150	1017151	TSS_2249	.	-	-51
ZM4	1020224	1020225	ZMO1336_peak_202	754.723	ZM4	1020047	1020048	TSS_2259	.	+	177
ZM4	1027933	1027934	ZMO1336_peak_203	66.5429	ZM4	1027928	1027929	TSS_2272	.	+	5
ZM4	1029001	1029002	ZMO1336_peak_204	24.1552	ZM4	1027989	1027990	TSS_2276	.	+	1012
ZM4	1031684	1031685	ZMO1336_peak_205	34.7567	ZM4	1031437	1031438	TSS_2286	.	-	-247
ZM4	1050850	1050851	ZMO1336_peak_206a	2.10555	ZM4	1050833	1050834	TSS_2325	.	-	-17
ZM4	1051194	1051195	ZMO1336_peak_206b	819.71	ZM4	1050976	1050977	TSS_2331	.	+	218
ZM4	1055128	1055129	ZMO1336_peak_207	245.702	ZM4	1055163	1055164	TSS_2348	.	+	-35
ZM4	1061192	1061193	ZMO1336_peak_208	20.1208	ZM4	1061294	1061295	TSS_2358	.	+	-102
ZM4	1061684	1061685	ZMO1336_peak_209a	394.163	ZM4	1061345	1061346	TSS_2360	.	+	339
ZM4	1061849	1061850	ZMO1336_peak_209b	119.965	ZM4	1061345	1061346	TSS_2360	.	+	504
ZM4	1071434	1071435	ZMO1336_peak_210	38.6697	ZM4	1071475	1071476	TSS_2379	.	+	-41
ZM4	1076741	1076742	ZMO1336_peak_211	14.9049	ZM4	1076724	1076725	TSS_2389	.	-	-17
ZM4	1077917	1077918	ZMO1336_peak_212	14.8002	ZM4	1078025	1078026	TSS_2390	.	+	-108
ZM4	1091756	1091757	ZMO1336_peak_213a	60.4932	ZM4	1089333	1089334	TSS_2434	.	+	2423
ZM4	1092064	1092065	ZMO1336_peak_213b	122.232	ZM4	1094581	1094582	TSS_2437	.	+	-2517
ZM4	1105477	1105478	ZMO1336_peak_214	72.3118	ZM4	1104117	1104118	TSS_2447	.	+	1360
ZM4	1108792	1108793	ZMO1336_peak_215a	29.8829	ZM4	1107819	1107820	TSS_2449	.	+	973
ZM4	1109037	1109038	ZMO1336_peak_215b	5.48752	ZM4	1107819	1107820	TSS_2449	.	+	1218
ZM4	1124858	1124859	ZMO1336_peak_216	13.0741	ZM4	1124873	1124874	TSS_2467	.	+	-15
ZM4	1127249	1127250	ZMO1336_peak_217	4.08991	ZM4	1127268	1127269	TSS_2491	.	+	-19
ZM4	1131641	1131642	ZMO1336_peak_218	42.6138	ZM4	1130795	1130796	TSS_2501	.	+	846
ZM4	1132788	1132789	ZMO1336_peak_219	9.99524	ZM4	1132916	1132917	TSS_2506	.	+	-128
ZM4	1146132	1146133	ZMO1336_peak_220	27.5047	ZM4	1145490	1145491	TSS_2522	.	-	-642
ZM4	1151171	1151172	ZMO1336_peak_221	117.476	ZM4	1151171	1151172	TSS_2536	.	+	0
ZM4	1156040	1156041	ZMO1336_peak_222	293.539	ZM4	1155873	1155874	TSS_2544	.	-	-167
ZM4	1162024	1162025	ZMO1336_peak_223	2.45802	ZM4	1163348	1163349	TSS_2573	.	-	1324
ZM4	1173197	1173198	ZMO1336_peak_224	26.0278	ZM4	1173741	1173742	TSS_2594	.	-	544
ZM4	1176667	1176668	ZMO1336_peak_225	11.0492	ZM4	1176582	1176583	TSS_2618	.	+	85
ZM4	1177752	1177753	ZMO1336_peak_226	59.577	ZM4	1176964	1176965	TSS_2620	.	+	788
ZM4	1180952	1180953	ZMO1336_peak_227	61.0978	ZM4	1180956	1180957	TSS_2628	.	+	-4
ZM4	1190213	1190214	ZMO1336_peak_228	49.8312	ZM4	1189657	1189658	TSS_2644	.	-	-556
ZM4	1194554	1194555	ZMO1336_peak_229	18.4171	ZM4	1194887	1194888	TSS_2649	.	-	333
ZM4	1199109	1199110	ZMO1336_peak_230	601.398	ZM4	1199101	1199102	TSS_2656	.	-	-8
ZM4	1202190	1202191	ZMO1336_peak_231a	71.323	ZM4	1202318	1202319	TSS_2664	.	-	128
ZM4	1202444	1202445	ZMO1336_peak_231b	143.336	ZM4	1202368	1202369	TSS_2665	.	-	-76
ZM4	1204523	1204524	ZMO1336_peak_232	48.9272	ZM4	1204323	1204324	TSS_2670	.	-	-200
ZM4	1208191	1208192	ZMO1336_peak_233	283.386	ZM4	1208156	1208157	TSS_2678	.	-	-35
ZM4	1210986	1210987	ZMO1336_peak_234	271.748	ZM4	1211854	1211855	TSS_2681	.	-	868
ZM4	1211529	1211530	ZMO1336_peak_235	13.6095	ZM4	1211854	1211855	TSS_2681	.	-	325
ZM4	1213368	1213369	ZMO1336_peak_236	24.1622	ZM4	1212228	1212229	TSS_2686	.	+	1140
ZM4	1231029	1231030	ZMO1336_peak_237	1066.45	ZM4	1231054	1231055	TSS_2705	.	-	25
ZM4	1242079	1242080	ZMO1336_peak_238	6.88317	ZM4	1242099	1242100	TSS_2745	.	+	-20
ZM4	1250333	1250334	ZMO1336_peak_239	5.67843	ZM4	1250410	1250411	TSS_2776	.	-	77
ZM4	1252037	1252038	ZMO1336_peak_240	139.824	ZM4	1251406	1251407	TSS_2789	.	+	631
ZM4	1256417	1256418	ZMO1336_peak_241	296.183	ZM4	1255857	1255858	TSS_2803	.	+	560
ZM4	1257365	1257366	ZMO1336_peak_242	4720.92	ZM4	1255857	1255858	TSS_2803	.	+	1508
ZM4	1276135	1276136	ZMO1336_peak_243	712.628	ZM4	1278786	1278787	TSS_2859	.	+	-2651
ZM4	1278769	1278770	ZMO1336_peak_244	2813.73	ZM4	1278786	1278787	TSS_2859	.	+	-17
ZM4	1279802	1279803	ZMO1336_peak_245	72.1458	ZM4	1278786	1278787	TSS_2859	.	+	1016
ZM4	1281389	1281390	ZMO1336_peak_246	160.741	ZM4	1283501	1283502	TSS_2860	.	+	-2112
ZM4	1283511	1283512	ZMO1336_peak_247	50.6802	ZM4	1283501	1283502	TSS_2860	.	+	10
ZM4	1286731	1286732	ZMO1336_peak_248	33.5531	ZM4	1286733	1286734	TSS_2869	.	+	-2
ZM4	1297396	1297397	ZMO1336_peak_249	8.66827	ZM4	1297477	1297478	TSS_2904	.	+	-81
ZM4	1302489	1302490	ZMO1336_peak_250a	371.037	ZM4	1302461	1302462	TSS_2908	.	-	-28
ZM4	1302768	1302769	ZMO1336_peak_250b	70.4044	ZM4	1302961	1302962	TSS_2909	.	-	193
ZM4	1305868	1305869	ZMO1336_peak_251	1.50659	ZM4	1305837	1305838	TSS_2930	.	-	-31
ZM4	1307659	1307660	ZMO1336_peak_252a	77.9613	ZM4	1307710	1307711	TSS_2932	.	-	51
ZM4	1308023	1308024	ZMO1336_peak_252b	57.4381	ZM4	1308264	1308265	TSS_2934	.	+	-241
ZM4	1309996	1309997	ZMO1336_peak_253a	1.75994	ZM4	1311230	1311231	TSS_2940	.	-	1234
ZM4	1310231	1310232	ZMO1336_peak_253b	17.4319	ZM4	1311230	1311231	TSS_2940	.	-	999
ZM4	1311342	1311343	ZMO1336_peak_254	263.226	ZM4	1311230	1311231	TSS_2940	.	-	-112
ZM4	1312993	1312994	ZMO1336_peak_255	212.546	ZM4	1312979	1312980	TSS_2943	.	+	14
ZM4	1315526	1315527	ZMO1336_peak_256	58.8156	ZM4	1315310	1315311	TSS_2946	.	+	216
ZM4	1315938	1315939	ZMO1336_peak_257	35.6006	ZM4	1315933	1315934	TSS_2949	.	+	5
ZM4	1318724	1318725	ZMO1336_peak_258a	36.4852	ZM4	1316003	1316004	TSS_2951	.	+	2721
ZM4	1319045	1319046	ZMO1336_peak_258b	179.237	ZM4	1316003	1316004	TSS_2951	.	+	3042
ZM4	1319399	1319400	ZMO1336_peak_258c	10.7479	ZM4	1322319	1322320	TSS_2955	.	-	2920
ZM4	1319669	1319670	ZMO1336_peak_258d	9.01926	ZM4	1322319	1322320	TSS_2955	.	-	2650
ZM4	1319946	1319947	ZMO1336_peak_258e	2.26127	ZM4	1322319	1322320	TSS_2955	.	-	2373
ZM4	1322743	1322744	ZMO1336_peak_259	17.6968	ZM4	1322654	1322655	TSS_2961	.	-	-89
ZM4	1328534	1328535	ZMO1336_peak_260	6.5361	ZM4	1327727	1327728	TSS_2973	.	+	807
ZM4	1330634	1330635	ZMO1336_peak_261	129.667	ZM4	1330250	1330251	TSS_2977	.	+	384
ZM4	1341630	1341631	ZMO1336_peak_262	85.8407	ZM4	1341676	1341677	TSS_2995	.	+	-46
ZM4	1351637	1351638	ZMO1336_peak_263	39638.3	ZM4	1351697	1351698	TSS_3020	.	+	-60
ZM4	1354005	1354006	ZMO1336_peak_264a	3.46796	ZM4	1354443	1354444	TSS_3030	.	+	-438
ZM4	1354415	1354416	ZMO1336_peak_264b	33522.1	ZM4	1354443	1354444	TSS_3030	.	+	-28
ZM4	1357443	1357444	ZMO1336_peak_265	17.2382	ZM4	1358472	1358473	TSS_3032	.	-	1029
ZM4	1379946	1379947	ZMO1336_peak_266	42.3642	ZM4	1379883	1379884	TSS_3124	.	+	63
ZM4	1382892	1382893	ZMO1336_peak_267	35.0492	ZM4	1383305	1383306	TSS_3129	.	+	-413
ZM4	1386942	1386943	ZMO1336_peak_268	1879.32	ZM4	1387850	1387851	TSS_3139	.	-	908
ZM4	1388130	1388131	ZMO1336_peak_269	6.8434	ZM4	1388128	1388129	TSS_3143	.	+	2
ZM4	1388770	1388771	ZMO1336_peak_270	1277.05	ZM4	1388128	1388129	TSS_3143	.	+	642
ZM4	1389642	1389643	ZMO1336_peak_271	3.73473	ZM4	1388128	1388129	TSS_3143	.	+	1514
ZM4	1401348	1401349	ZMO1336_peak_272	50.0755	ZM4	1401288	1401289	TSS_3160	.	+	60
ZM4	1404510	1404511	ZMO1336_peak_273	43.2815	ZM4	1404249	1404250	TSS_3164	.	+	261
ZM4	1413539	1413540	ZMO1336_peak_274	28.7255	ZM4	1413590	1413591	TSS_3177	.	+	-51
ZM4	1422214	1422215	ZMO1336_peak_275	23.2715	ZM4	1422132	1422133	TSS_3193	.	-	-82
ZM4	1429183	1429184	ZMO1336_peak_276	20.8631	ZM4	1429455	1429456	TSS_3228	.	-	272
ZM4	1429530	1429531	ZMO1336_peak_277	54.7208	ZM4	1429455	1429456	TSS_3228	.	-	-75
ZM4	1440661	1440662	ZMO1336_peak_278	111.091	ZM4	1440794	1440795	TSS_3236	.	+	-133
ZM4	1443683	1443684	ZMO1336_peak_279a	12.9573	ZM4	1443683	1443684	TSS_3240	.	+	0
ZM4	1443928	1443929	ZMO1336_peak_279b	145.465	ZM4	1443683	1443684	TSS_3240	.	+	245
ZM4	1444183	1444184	ZMO1336_peak_279c	54.3516	ZM4	1444240	1444241	TSS_3241	.	+	-57
ZM4	1451419	1451420	ZMO1336_peak_280	567.232	ZM4	1451208	1451209	TSS_3251	.	-	-211
ZM4	1456218	1456219	ZMO1336_peak_281	132.517	ZM4	1456148	1456149	TSS_3255	.	-	-70
ZM4	1459699	1459700	ZMO1336_peak_282	16.2231	ZM4	1459607	1459608	TSS_3260	.	-	-92
ZM4	1463771	1463772	ZMO1336_peak_283	5737.52	ZM4	1462045	1462046	TSS_3264	.	-	-1726
ZM4	1467291	1467292	ZMO1336_peak_284	20.6133	ZM4	1467079	1467080	TSS_3270	.	+	212
ZM4	1470807	1470808	ZMO1336_peak_285	350.457	ZM4	1468913	1468914	TSS_3272	.	-	-1894
ZM4	1473666	1473667	ZMO1336_peak_286	26.6538	ZM4	1473707	1473708	TSS_3273	.	-	41
ZM4	1476707	1476708	ZMO1336_peak_287	98.8331	ZM4	1476000	1476001	TSS_3276	.	+	707
ZM4	1480073	1480074	ZMO1336_peak_288	337.362	ZM4	1480998	1480999	TSS_3279	.	-	925
ZM4	1480981	1480982	ZMO1336_peak_289	36.3992	ZM4	1480998	1480999	TSS_3279	.	-	17
ZM4	1482057	1482058	ZMO1336_peak_290	9.80365	ZM4	1480998	1480999	TSS_3279	.	-	-1059
ZM4	1482918	1482919	ZMO1336_peak_291	463.092	ZM4	1480998	1480999	TSS_3279	.	-	-1920
ZM4	1483996	1483997	ZMO1336_peak_292a	9.45443	ZM4	1486364	1486365	TSS_3284	.	-	2368
ZM4	1484236	1484237	ZMO1336_peak_292b	22.4402	ZM4	1486364	1486365	TSS_3284	.	-	2128
ZM4	1485063	1485064	ZMO1336_peak_293	34.1163	ZM4	1486364	1486365	TSS_3284	.	-	1301
ZM4	1486023	1486024	ZMO1336_peak_294a	5381.39	ZM4	1486364	1486365	TSS_3284	.	-	341
ZM4	1486398	1486399	ZMO1336_peak_294b	13.6399	ZM4	1486365	1486366	TSS_3285	.	-	-33
ZM4	1489096	1489097	ZMO1336_peak_295	18.3477	ZM4	1489121	1489122	TSS_3290	.	+	-25
ZM4	1490105	1490106	ZMO1336_peak_296a	174.436	ZM4	1489121	1489122	TSS_3290	.	+	984
ZM4	1490419	1490420	ZMO1336_peak_296b	6.35368	ZM4	1489121	1489122	TSS_3290	.	+	1298
ZM4	1490862	1490863	ZMO1336_peak_297	16.487	ZM4	1489121	1489122	TSS_3290	.	+	1741
ZM4	1491412	1491413	ZMO1336_peak_298	36.2783	ZM4	1492604	1492605	TSS_3294	.	-	1192
ZM4	1491830	1491831	ZMO1336_peak_299a	7.45066	ZM4	1492604	1492605	TSS_3294	.	-	774
ZM4	1492240	1492241	ZMO1336_peak_299b	52.4275	ZM4	1492604	1492605	TSS_3294	.	-	364
ZM4	1492495	1492496	ZMO1336_peak_299c	60.2008	ZM4	1492604	1492605	TSS_3294	.	-	109
ZM4	1496117	1496118	ZMO1336_peak_300	329.496	ZM4	1495948	1495949	TSS_3299	.	-	-169
ZM4	1497086	1497087	ZMO1336_peak_301	1156.8	ZM4	1495948	1495949	TSS_3299	.	-	-1138
ZM4	1500729	1500730	ZMO1336_peak_302	6.14995	ZM4	1500148	1500149	TSS_3302	.	+	581
ZM4	1501217	1501218	ZMO1336_peak_303	411.646	ZM4	1501598	1501599	TSS_3304	.	-	381
ZM4	1505672	1505673	ZMO1336_peak_304a	34.7707	ZM4	1505529	1505530	TSS_3319	.	-	-143
ZM4	1505948	1505949	ZMO1336_peak_304b	16.4862	ZM4	1505529	1505530	TSS_3319	.	-	-419
ZM4	1509339	1509340	ZMO1336_peak_305	475.207	ZM4	1512700	1512701	TSS_3323	.	+	-3361
ZM4	1512238	1512239	ZMO1336_peak_306	421.554	ZM4	1512700	1512701	TSS_3323	.	+	-462
ZM4	1517181	1517182	ZMO1336_peak_307	426.671	ZM4	1517256	1517257	TSS_3343	.	+	-75
ZM4	1519714	1519715	ZMO1336_peak_308	452.555	ZM4	1518240	1518241	TSS_3374	.	+	1474
ZM4	1522012	1522013	ZMO1336_peak_309a	61.6472	ZM4	1522124	1522125	TSS_3380	.	-	112
ZM4	1522293	1522294	ZMO1336_peak_309b	6960.98	ZM4	1522124	1522125	TSS_3380	.	-	-169
ZM4	1536790	1536791	ZMO1336_peak_310	426.77	ZM4	1536286	1536287	TSS_3408	.	+	504
ZM4	1547177	1547178	ZMO1336_peak_311	310.063	ZM4	1547277	1547278	TSS_3436	.	+	-100
ZM4	1548415	1548416	ZMO1336_peak_312	31.7641	ZM4	1547344	1547345	TSS_3443	.	+	1071
ZM4	1550693	1550694	ZMO1336_peak_313	59.9606	ZM4	1550719	1550720	TSS_3456	.	+	-26
ZM4	1557703	1557704	ZMO1336_peak_314a	15.7109	ZM4	1562901	1562902	TSS_3466	.	-	5198
ZM4	1557915	1557916	ZMO1336_peak_314b	840.816	ZM4	1562901	1562902	TSS_3466	.	-	4986
ZM4	1563145	1563146	ZMO1336_peak_315	715.255	ZM4	1563124	1563125	TSS_3474	.	+	21
ZM4	1567556	1567557	ZMO1336_peak_316a	3.86509	ZM4	1565803	1565804	TSS_3481	.	+	1753
ZM4	1567840	1567841	ZMO1336_peak_316b	72.8968	ZM4	1565803	1565804	TSS_3481	.	+	2037
ZM4	1568380	1568381	ZMO1336_peak_316c	795.251	ZM4	1565803	1565804	TSS_3481	.	+	2577
ZM4	1568579	1568580	ZMO1336_peak_316d	413.393	ZM4	1565803	1565804	TSS_3481	.	+	2776
ZM4	1569184	1569185	ZMO1336_peak_317	335.141	ZM4	1565803	1565804	TSS_3481	.	+	3381
ZM4	1573816	1573817	ZMO1336_peak_318	14.1134	ZM4	1573897	1573898	TSS_3495	.	+	-81
ZM4	1590376	1590377	ZMO1336_peak_319a	39.5294	ZM4	1590449	1590450	TSS_3523	.	+	-73
ZM4	1590621	1590622	ZMO1336_peak_319b	12.9317	ZM4	1590726	1590727	TSS_3525	.	+	-105
ZM4	1592568	1592569	ZMO1336_peak_320	493.205	ZM4	1593641	1593642	TSS_3527	.	+	-1073
ZM4	1593281	1593282	ZMO1336_peak_321a	1266.56	ZM4	1593641	1593642	TSS_3527	.	+	-360
ZM4	1593645	1593646	ZMO1336_peak_321b	380.349	ZM4	1593641	1593642	TSS_3527	.	+	4
ZM4	1604952	1604953	ZMO1336_peak_322	114.408	ZM4	1605086	1605087	TSS_3544	.	+	-134
ZM4	1609448	1609449	ZMO1336_peak_323	7.36334	ZM4	1609991	1609992	TSS_3550	.	+	-543
ZM4	1611036	1611037	ZMO1336_peak_324	4901.77	ZM4	1609991	1609992	TSS_3550	.	+	1045
ZM4	1622115	1622116	ZMO1336_peak_325	508.699	ZM4	1620990	1620991	TSS_3554	.	+	1125
ZM4	1630109	1630110	ZMO1336_peak_326	49.91	ZM4	1627080	1627081	TSS_3564	.	+	3029
ZM4	1630741	1630742	ZMO1336_peak_327a	233.997	ZM4	1633836	1633837	TSS_3567	.	-	3095
ZM4	1631068	1631069	ZMO1336_peak_327b	55.3565	ZM4	1633836	1633837	TSS_3567	.	-	2768
ZM4	1635900	1635901	ZMO1336_peak_328a	475.635	ZM4	1635892	1635893	TSS_3570	.	-	-8
ZM4	1636134	1636135	ZMO1336_peak_328b	3225.03	ZM4	1635946	1635947	TSS_3573	.	-	-188
ZM4	1636475	1636476	ZMO1336_peak_328c	1610.7	ZM4	1636761	1636762	TSS_3575	.	+	-286
ZM4	1637156	1637157	ZMO1336_peak_329a	14.4723	ZM4	1636867	1636868	TSS_3580	.	+	289
ZM4	1637432	1637433	ZMO1336_peak_329b	78.8234	ZM4	1636867	1636868	TSS_3580	.	+	565
ZM4	1638297	1638298	ZMO1336_peak_330	20.1877	ZM4	1638361	1638362	TSS_3584	.	+	-64
ZM4	1643298	1643299	ZMO1336_peak_331	16.7128	ZM4	1643341	1643342	TSS_3588	.	+	-43
ZM4	1666756	1666757	ZMO1336_peak_332	19.7116	ZM4	1665381	1665382	TSS_3658	.	+	1375
ZM4	1677084	1677085	ZMO1336_peak_333	214.965	ZM4	1676955	1676956	TSS_3668	.	-	-129
ZM4	1684393	1684394	ZMO1336_peak_334	16.908	ZM4	1683995	1683996	TSS_3686	.	+	398
ZM4	1684956	1684957	ZMO1336_peak_335	71.5269	ZM4	1685495	1685496	TSS_3688	.	+	-539
ZM4	1695530	1695531	ZMO1336_peak_336	308.892	ZM4	1695623	1695624	TSS_3704	.	+	-93
ZM4	1715537	1715538	ZMO1336_peak_337	6.94296	ZM4	1715213	1715214	TSS_3747	.	+	324
ZM4	1718397	1718398	ZMO1336_peak_338	44.5122	ZM4	1718669	1718670	TSS_3753	.	+	-272
ZM4	1726634	1726635	ZMO1336_peak_339	71.325	ZM4	1726705	1726706	TSS_3767	.	+	-71
ZM4	1731457	1731458	ZMO1336_peak_340	153.27	ZM4	1731666	1731667	TSS_3771	.	+	-209
ZM4	1739690	1739691	ZMO1336_peak_341	705.474	ZM4	1739858	1739859	TSS_3778	.	+	-168
ZM4	1751785	1751786	ZMO1336_peak_342	1014.08	ZM4	1751658	1751659	TSS_3808	.	+	127
ZM4	1765890	1765891	ZMO1336_peak_343	137.99	ZM4	1765875	1765876	TSS_3851	.	-	-15
ZM4	1767016	1767017	ZMO1336_peak_344	96.1251	ZM4	1766945	1766946	TSS_3864	.	+	71
ZM4	1768110	1768111	ZMO1336_peak_345	417.157	ZM4	1768475	1768476	TSS_3866	.	+	-365
ZM4	1777118	1777119	ZMO1336_peak_346	5167.81	ZM4	1776972	1776973	TSS_3891	.	-	-146
ZM4	1780472	1780473	ZMO1336_peak_347	691.515	ZM4	1780429	1780430	TSS_3907	.	+	43
ZM4	1794346	1794347	ZMO1336_peak_348	189.913	ZM4	1794364	1794365	TSS_3925	.	+	-18
ZM4	1795731	1795732	ZMO1336_peak_349	22.6559	ZM4	1794544	1794545	TSS_3928	.	+	1187
ZM4	1796457	1796458	ZMO1336_peak_350a	257.583	ZM4	1796927	1796928	TSS_3931	.	+	-470
ZM4	1796847	1796848	ZMO1336_peak_350b	709.545	ZM4	1796927	1796928	TSS_3931	.	+	-80
ZM4	1798061	1798062	ZMO1336_peak_351	76.5382	ZM4	1798073	1798074	TSS_3960	.	+	-12
ZM4	1801851	1801852	ZMO1336_peak_352a	5245.93	ZM4	1801999	1802000	TSS_3966	.	+	-148
ZM4	1802151	1802152	ZMO1336_peak_352b	100.479	ZM4	1801999	1802000	TSS_3966	.	+	152
ZM4	1804019	1804020	ZMO1336_peak_353	69.8115	ZM4	1803492	1803493	TSS_3969	.	+	527
ZM4	1808098	1808099	ZMO1336_peak_354a	41.4358	ZM4	1807861	1807862	TSS_3978	.	-	-237
ZM4	1808342	1808343	ZMO1336_peak_354b	41.3376	ZM4	1807861	1807862	TSS_3978	.	-	-481
ZM4	1815772	1815773	ZMO1336_peak_355	714.378	ZM4	1816346	1816347	TSS_3987	.	-	574
ZM4	1817339	1817340	ZMO1336_peak_356	48.7796	ZM4	1817850	1817851	TSS_3990	.	-	511
ZM4	1820641	1820642	ZMO1336_peak_357a	3.5775	ZM4	1820819	1820820	TSS_3998	.	+	-178
ZM4	1821019	1821020	ZMO1336_peak_357b	143.813	ZM4	1821000	1821001	TSS_3999	.	+	19
ZM4	1825983	1825984	ZMO1336_peak_358	36.3481	ZM4	1826464	1826465	TSS_4004	.	-	481
ZM4	1829952	1829953	ZMO1336_peak_359	8.82616	ZM4	1827380	1827381	TSS_4024	.	-	-2572
ZM4	1831222	1831223	ZMO1336_peak_360	11.8772	ZM4	1834544	1834545	TSS_4033	.	+	-3322
ZM4	1832329	1832330	ZMO1336_peak_361	103.152	ZM4	1834544	1834545	TSS_4033	.	+	-2215
ZM4	1832654	1832655	ZMO1336_peak_362	138.768	ZM4	1834544	1834545	TSS_4033	.	+	-1890
ZM4	1834841	1834842	ZMO1336_peak_363	55.9918	ZM4	1834853	1834854	TSS_4035	.	+	-12
ZM4	1845804	1845805	ZMO1336_peak_364	3.75915	ZM4	1845856	1845857	TSS_4078	.	+	-52
ZM4	1848159	1848160	ZMO1336_peak_365	117.414	ZM4	1849012	1849013	TSS_4085	.	-	853
ZM4	1849777	1849778	ZMO1336_peak_366	3231.49	ZM4	1849748	1849749	TSS_4086	.	-	-29
ZM4	1857498	1857499	ZMO1336_peak_367	6.98837	ZM4	1857841	1857842	TSS_4089	.	-	343
ZM4	1860772	1860773	ZMO1336_peak_368a	399.558	ZM4	1860551	1860552	TSS_4093	.	-	-221
ZM4	1861038	1861039	ZMO1336_peak_368b	3.57902	ZM4	1860551	1860552	TSS_4093	.	-	-487
ZM4	1862932	1862933	ZMO1336_peak_369	367.519	ZM4	1864306	1864307	TSS_4096	.	+	-1374
ZM4	1864076	1864077	ZMO1336_peak_370	292.951	ZM4	1864306	1864307	TSS_4096	.	+	-230
ZM4	1864606	1864607	ZMO1336_peak_371	100.222	ZM4	1864521	1864522	TSS_4101	.	+	85
ZM4	1868395	1868396	ZMO1336_peak_372	838.323	ZM4	1868635	1868636	TSS_4103	.	+	-240
ZM4	1885049	1885050	ZMO1336_peak_373	125.801	ZM4	1884937	1884938	TSS_4122	.	-	-112
ZM4	1889731	1889732	ZMO1336_peak_374	300.425	ZM4	1889724	1889725	TSS_4133	.	-	-7
ZM4	1890241	1890242	ZMO1336_peak_375	12.6296	ZM4	1890387	1890388	TSS_4135	.	+	-146
ZM4	1893573	1893574	ZMO1336_peak_376	904.214	ZM4	1893193	1893194	TSS_4139	.	-	-380
ZM4	1896816	1896817	ZMO1336_peak_377	139.095	ZM4	1895930	1895931	TSS_4141	.	-	-886
ZM4	1899571	1899572	ZMO1336_peak_378	248.112	ZM4	1895930	1895931	TSS_4141	.	-	-3641
ZM4	1908844	1908845	ZMO1336_peak_379a	40.9453	ZM4	1908781	1908782	TSS_4144	.	-	-63
ZM4	1909017	1909018	ZMO1336_peak_379b	42.8625	ZM4	1908781	1908782	TSS_4144	.	-	-236
ZM4	1911251	1911252	ZMO1336_peak_380	64.1866	ZM4	1910302	1910303	TSS_4149	.	-	-949
ZM4	1922569	1922570	ZMO1336_peak_381	39.8183	ZM4	1922589	1922590	TSS_4158	.	-	20
ZM4	1928173	1928174	ZMO1336_peak_382	801.603	ZM4	1928142	1928143	TSS_4185	.	+	31
ZM4	1934792	1934793	ZMO1336_peak_383	18.9321	ZM4	1934616	1934617	TSS_4217	.	+	176
ZM4	1937246	1937247	ZMO1336_peak_384	23.8726	ZM4	1939167	1939168	TSS_4219	.	-	1921
ZM4	1939294	1939295	ZMO1336_peak_385	111.677	ZM4	1939167	1939168	TSS_4219	.	-	-127
ZM4	1950471	1950472	ZMO1336_peak_386	76.4677	ZM4	1950035	1950036	TSS_4246	.	-	-436
ZM4	1954646	1954647	ZMO1336_peak_387	78.9182	ZM4	1954553	1954554	TSS_4255	.	-	-93
ZM4	1957825	1957826	ZMO1336_peak_388	18.2384	ZM4	1957009	1957010	TSS_4266	.	+	816
ZM4	1965652	1965653	ZMO1336_peak_389	172.34	ZM4	1965803	1965804	TSS_4297	.	+	-151
ZM4	1975289	1975290	ZMO1336_peak_390	29.4164	ZM4	1977370	1977371	TSS_4323	.	-	2081
ZM4	1975778	1975779	ZMO1336_peak_391	105.147	ZM4	1977370	1977371	TSS_4323	.	-	1592
ZM4	2013561	2013562	ZMO1336_peak_392	2100.81	ZM4	2013557	2013558	TSS_4386	.	-	-4
ZM4	2018031	2018032	ZMO1336_peak_393a	4.09638	ZM4	2017437	2017438	TSS_4391	.	-	-594
ZM4	2018290	2018291	ZMO1336_peak_393b	222.985	ZM4	2017437	2017438	TSS_4391	.	-	-853
ZM4	2018435	2018436	ZMO1336_peak_393c	223.982	ZM4	2017437	2017438	TSS_4391	.	-	-998
ZM4	2018746	2018747	ZMO1336_peak_393d	10.7291	ZM4	2017437	2017438	TSS_4391	.	-	-1309
ZM4	2021234	2021235	ZMO1336_peak_394a	15021.5	ZM4	2020374	2020375	TSS_4395	.	-	-860
ZM4	2021534	2021535	ZMO1336_peak_394b	32.2271	ZM4	2020374	2020375	TSS_4395	.	-	-1160
ZM4	2021808	2021809	ZMO1336_peak_394c	71.9433	ZM4	2020374	2020375	TSS_4395	.	-	-1434
ZM4	2027515	2027516	ZMO1336_peak_395	11.9795	ZM4	2025846	2025847	TSS_4400	.	-	-1669
ZM4	2030839	2030840	ZMO1336_peak_396	77.9909	ZM4	2031057	2031058	TSS_4404	.	+	-218
ZM4	2032685	2032686	ZMO1336_peak_397	440.346	ZM4	2033927	2033928	TSS_4406	.	-	1242
ZM4	2038642	2038643	ZMO1336_peak_398	66.7992	ZM4	2037494	2037495	TSS_4413	.	+	1148
ZM4	2046191	2046192	ZMO1336_peak_399	131.997	ZM4	2045899	2045900	TSS_4417	.	+	292
ZM4	2046921	2046922	ZMO1336_peak_400	2.5554	ZM4	2045899	2045900	TSS_4417	.	+	1022
ZM4	2048238	2048239	ZMO1336_peak_401a	37.0454	ZM4	2045899	2045900	TSS_4417	.	+	2339
ZM4	2048447	2048448	ZMO1336_peak_401b	774.431	ZM4	2045899	2045900	TSS_4417	.	+	2548
ZM4	2054868	2054869	ZMO1336_peak_402	32.7512	ZM4	2053613	2053614	TSS_4423	.	+	1255
ZM4	2056334	2056335	ZMO1336_peak_403	80.1185	ZM4	2056376	2056377	TSS_4425	.	-	42
ZM4	2058655	2058656	ZMO1336_peak_404	168.384	ZM4	2058164	2058165	TSS_4428	.	-	-491
pZM32	990	991	ZMO1336_peak_405	215.355	pZM32	4033	4034	TSS_4431	.	+	-3043
pZM32	8561	8562	ZMO1336_peak_406	37.34	pZM32	11376	11377	TSS_4444	.	-	2815
pZM32	14257	14258	ZMO1336_peak_407	2854.74	pZM32	14287	14288	TSS_4453	.	+	-30
pZM33	2366	2367	ZMO1336_peak_408	118.37	pZM33	2327	2328	TSS_4498	.	-	-39
pZM33	3770	3771	ZMO1336_peak_409	102.011	pZM33	4574	4575	TSS_4504	.	-	804
pZM33	4732	4733	ZMO1336_peak_410	28.5047	pZM33	4574	4575	TSS_4504	.	-	-158
pZM33	6892	6893	ZMO1336_peak_411	33.6852	pZM33	8360	8361	TSS_4507	.	+	-1468
pZM33	9670	9671	ZMO1336_peak_412	56.4886	pZM33	10339	10340	TSS_4510	.	+	-669
pZM33	12167	12168	ZMO1336_peak_413	546.536	pZM33	13259	13260	TSS_4520	.	+	-1092
pZM33	20699	20700	ZMO1336_peak_414	38.0385	pZM33	18494	18495	TSS_4537	.	+	2205
pZM33	30084	30085	ZMO1336_peak_415a	9.57889	pZM33	30621	30622	TSS_4572	.	-	537
pZM33	30276	30277	ZMO1336_peak_415b	72.4217	pZM33	30621	30622	TSS_4572	.	-	345
pZM36	2351	2352	ZMO1336_peak_416	227.709	pZM36	13287	13288	TSS_4582	.	+	-10936
pZM36	14881	14882	ZMO1336_peak_417	40.2815	pZM36	15483	15484	TSS_4583	.	-	602
pZM36	21552	21553	ZMO1336_peak_418	66.9003	pZM36	22455	22456	TSS_4594	.	-	903
pZM36	24187	24188	ZMO1336_peak_419	92.2587	pZM36	24196	24197	TSS_4601	.	+	-9
pZM36	24841	24842	ZMO1336_peak_420	4185.23	pZM36	24219	24220	TSS_4602	.	-	-622
pZM36	27962	27963	ZMO1336_peak_421a	75.2415	pZM36	28416	28417	TSS_4603	.	+	-454
pZM36	28125	28126	ZMO1336_peak_421b	166.404	pZM36	28416	28417	TSS_4603	.	+	-291
pZM36	28492	28493	ZMO1336_peak_421c	14.5074	pZM36	28416	28417	TSS_4603	.	+	76
pZM36	32952	32953	ZMO1336_peak_422	106.61	pZM36	28793	28794	TSS_4604	.	+	4159
pZM39	1721	1722	ZMO1336_peak_423	51.5012	pZM39	2634	2635	TSS_4612	.	+	-913
pZM39	3480	3481	ZMO1336_peak_424a	70.9468	pZM39	2690	2691	TSS_4614	.	+	790
pZM39	3810	3811	ZMO1336_peak_424b	146.311	pZM39	2690	2691	TSS_4614	.	+	1120
pZM39	7898	7899	ZMO1336_peak_425	303.449	pZM39	6857	6858	TSS_4620	.	+	1041
pZM39	8858	8859	ZMO1336_peak_426	36.3843	pZM39	6857	6858	TSS_4620	.	+	2001
pZM39	14715	14716	ZMO1336_peak_427	18.2217	pZM39	19060	19061	TSS_4622	.	-	4345
pZM39	26025	26026	ZMO1336_peak_428	36.9329	pZM39	24683	24684	TSS_4631	.	-	-1342
pZM39	32555	32556	ZMO1336_peak_429	62.9297	pZM39	33816	33817	TSS_4643	.	-	1261
pZM39	33483	33484	ZMO1336_peak_430	60.3261	pZM39	33816	33817	TSS_4643	.	-	333
ZM4	54378	54379	ZMO1356_peak_1	33.5847	ZM4	53528	53529	TSS_0069	.	-	-850
ZM4	63384	63385	ZMO1356_peak_2	17.1617	ZM4	64871	64872	TSS_0082	.	-	1487
ZM4	80501	80502	ZMO1356_peak_3	155.541	ZM4	79619	79620	TSS_0102	.	-	-882
ZM4	87658	87659	ZMO1356_peak_4	5.02244	ZM4	86485	86486	TSS_0114	.	-	-1173
ZM4	112198	112199	ZMO1356_peak_5	25.8931	ZM4	110458	110459	TSS_0156	.	+	1740
ZM4	113710	113711	ZMO1356_peak_6	37.495	ZM4	115697	115698	TSS_0163	.	-	1987
ZM4	125227	125228	ZMO1356_peak_7	16.7283	ZM4	124201	124202	TSS_0180	.	+	1026
ZM4	138818	138819	ZMO1356_peak_8	34.7345	ZM4	137393	137394	TSS_0202	.	-	-1425
ZM4	166555	166556	ZMO1356_peak_9	21.7451	ZM4	166932	166933	TSS_0325	.	+	-377
ZM4	181018	181019	ZMO1356_peak_10	42.7909	ZM4	181509	181510	TSS_0377	.	-	491
ZM4	185273	185274	ZMO1356_peak_11	28.4396	ZM4	185047	185048	TSS_0381	.	-	-226
ZM4	237835	237836	ZMO1356_peak_12	33.6601	ZM4	237179	237180	TSS_0468	.	+	656
ZM4	246555	246556	ZMO1356_peak_13a	6.17529	ZM4	245089	245090	TSS_0500	.	+	1466
ZM4	246717	246718	ZMO1356_peak_13b	5.34923	ZM4	245089	245090	TSS_0500	.	+	1628
ZM4	253774	253775	ZMO1356_peak_14	37.8536	ZM4	259009	259010	TSS_0512	.	+	-5235
ZM4	267059	267060	ZMO1356_peak_15	11.1346	ZM4	267770	267771	TSS_0530	.	-	711
ZM4	299278	299279	ZMO1356_peak_16	295.974	ZM4	299414	299415	TSS_0587	.	-	136
ZM4	340682	340683	ZMO1356_peak_17	30.5179	ZM4	340636	340637	TSS_0666	.	+	46
ZM4	448065	448066	ZMO1356_peak_18	62.4963	ZM4	446871	446872	TSS_0900	.	+	1194
ZM4	472737	472738	ZMO1356_peak_19	678.765	ZM4	472788	472789	TSS_0963	.	+	-51
ZM4	482755	482756	ZMO1356_peak_20	13.3945	ZM4	483304	483305	TSS_0981	.	-	549
ZM4	498356	498357	ZMO1356_peak_21	2.92695	ZM4	498429	498430	TSS_1029	.	+	-73
ZM4	505994	505995	ZMO1356_peak_22	198.592	ZM4	504334	504335	TSS_1041	.	+	1660
ZM4	506864	506865	ZMO1356_peak_23	18.7774	ZM4	504334	504335	TSS_1041	.	+	2530
ZM4	528822	528823	ZMO1356_peak_24	37.4705	ZM4	528932	528933	TSS_1182	.	+	-110
ZM4	531074	531075	ZMO1356_peak_25	16.4433	ZM4	531603	531604	TSS_1195	.	+	-529
ZM4	579184	579185	ZMO1356_peak_26	71.9535	ZM4	580146	580147	TSS_1370	.	-	962
ZM4	652216	652217	ZMO1356_peak_27	12.8352	ZM4	652483	652484	TSS_1493	.	+	-267
ZM4	678180	678181	ZMO1356_peak_28	265.862	ZM4	678192	678193	TSS_1560	.	+	-12
ZM4	693641	693642	ZMO1356_peak_29	29.1055	ZM4	693748	693749	TSS_1591	.	-	107
ZM4	746956	746957	ZMO1356_peak_30	75.6821	ZM4	746200	746201	TSS_1737	.	+	756
ZM4	764227	764228	ZMO1356_peak_31	7967.27	ZM4	764204	764205	TSS_1779	.	+	23
ZM4	838458	838459	ZMO1356_peak_32	6.23372	ZM4	842246	842247	TSS_1877	.	+	-3788
ZM4	860703	860704	ZMO1356_peak_33	39.885	ZM4	862488	862489	TSS_1919	.	+	-1785
ZM4	865054	865055	ZMO1356_peak_34	29.3241	ZM4	865249	865250	TSS_1928	.	-	195
ZM4	879349	879350	ZMO1356_peak_35	271.86	ZM4	880165	880166	TSS_1961	.	+	-816
ZM4	902497	902498	ZMO1356_peak_36	107.417	ZM4	901378	901379	TSS_2011	.	-	-1119
ZM4	912565	912566	ZMO1356_peak_37	30.459	ZM4	914345	914346	TSS_2025	.	-	1780
ZM4	989663	989664	ZMO1356_peak_38	634.756	ZM4	989685	989686	TSS_2181	.	+	-22
ZM4	1066931	1066932	ZMO1356_peak_39	2708.53	ZM4	1067834	1067835	TSS_2373	.	+	-903
ZM4	1075261	1075262	ZMO1356_peak_40	46367	ZM4	1075241	1075242	TSS_2383	.	+	20
ZM4	1111747	1111748	ZMO1356_peak_41	33.3245	ZM4	1111838	1111839	TSS_2452	.	-	91
ZM4	1177178	1177179	ZMO1356_peak_42	1172.78	ZM4	1176964	1176965	TSS_2620	.	+	214
ZM4	1213751	1213752	ZMO1356_peak_43	24.6846	ZM4	1212228	1212229	TSS_2686	.	+	1523
ZM4	1376756	1376757	ZMO1356_peak_44	35.0814	ZM4	1376031	1376032	TSS_3107	.	-	-725
ZM4	1501325	1501326	ZMO1356_peak_45	1826.86	ZM4	1501598	1501599	TSS_3304	.	-	273
ZM4	1514139	1514140	ZMO1356_peak_46	8.07224	ZM4	1515197	1515198	TSS_3332	.	-	1058
ZM4	1518679	1518680	ZMO1356_peak_47	244.728	ZM4	1518240	1518241	TSS_3374	.	+	439
ZM4	1574369	1574370	ZMO1356_peak_48	57.6174	ZM4	1573911	1573912	TSS_3497	.	+	458
ZM4	1593300	1593301	ZMO1356_peak_49	48.5476	ZM4	1593641	1593642	TSS_3527	.	+	-341
ZM4	1620842	1620843	ZMO1356_peak_50	429.262	ZM4	1620985	1620986	TSS_3553	.	+	-143
ZM4	1630501	1630502	ZMO1356_peak_51	387.972	ZM4	1633836	1633837	TSS_3567	.	-	3335
ZM4	1655725	1655726	ZMO1356_peak_52	1784.05	ZM4	1655015	1655016	TSS_3630	.	+	710
ZM4	1718686	1718687	ZMO1356_peak_53	99.5855	ZM4	1718669	1718670	TSS_3753	.	+	17
ZM4	1738951	1738952	ZMO1356_peak_54	46.6863	ZM4	1738133	1738134	TSS_3776	.	+	818
ZM4	1743602	1743603	ZMO1356_peak_55	37.2048	ZM4	1742186	1742187	TSS_3784	.	+	1416
ZM4	1771276	1771277	ZMO1356_peak_56	21.3604	ZM4	1770792	1770793	TSS_3882	.	-	-484
ZM4	1802368	1802369	ZMO1356_peak_57	36.8779	ZM4	1801999	1802000	TSS_3966	.	+	369
ZM4	1813613	1813614	ZMO1356_peak_58	2113.27	ZM4	1813346	1813347	TSS_3986	.	-	-267
ZM4	1846974	1846975	ZMO1356_peak_59	31.6954	ZM4	1846317	1846318	TSS_4084	.	+	657
ZM4	1905992	1905993	ZMO1356_peak_60	400.318	ZM4	1908779	1908780	TSS_4143	.	-	2787
ZM4	1921885	1921886	ZMO1356_peak_61	30.2178	ZM4	1922589	1922590	TSS_4158	.	-	704
ZM4	1936790	1936791	ZMO1356_peak_62	36.363	ZM4	1934616	1934617	TSS_4217	.	+	2174
ZM4	1956509	1956510	ZMO1356_peak_63	22.9118	ZM4	1957007	1957008	TSS_4265	.	+	-498
ZM4	1969145	1969146	ZMO1356_peak_64	625.253	ZM4	1970168	1970169	TSS_4305	.	-	1023
ZM4	1997373	1997374	ZMO1356_peak_65	1495.41	ZM4	1994502	1994503	TSS_4372	.	-	-2871
ZM4	2024406	2024407	ZMO1356_peak_66	281.18	ZM4	2025775	2025776	TSS_4399	.	-	1369
ZM4	2029511	2029512	ZMO1356_peak_67	494.176	ZM4	2031057	2031058	TSS_4404	.	+	-1546
ZM4	2033347	2033348	ZMO1356_peak_68	2582.06	ZM4	2033927	2033928	TSS_4406	.	-	580
ZM4	2047668	2047669	ZMO1356_peak_69	3065.99	ZM4	2045899	2045900	TSS_4417	.	+	1769
ZM4	2054552	2054553	ZMO1356_peak_70a	43534.5	ZM4	2053613	2053614	TSS_4423	.	+	939
ZM4	2054835	2054836	ZMO1356_peak_70b	45509.3	ZM4	2053613	2053614	TSS_4423	.	+	1222
ZM4	2058255	2058256	ZMO1356_peak_71	54379.6	ZM4	2058164	2058165	TSS_4428	.	-	-91
ZM4	166534	166535	ZMO1383_peak_1	280.358	ZM4	166932	166933	TSS_0325	.	+	-398
ZM4	246542	246543	ZMO1383_peak_2a	11.3399	ZM4	245089	245090	TSS_0500	.	+	1453
ZM4	246727	246728	ZMO1383_peak_2b	8.91129	ZM4	245089	245090	TSS_0500	.	+	1638
ZM4	247382	247383	ZMO1383_peak_3	6.36309	ZM4	245089	245090	TSS_0500	.	+	2293
ZM4	318410	318411	ZMO1383_peak_4	37.1911	ZM4	318303	318304	TSS_0612	.	-	-107
ZM4	404231	404232	ZMO1383_peak_5	6.33443	ZM4	405797	405798	TSS_0803	.	-	1566
ZM4	997153	997154	ZMO1383_peak_6	30.9664	ZM4	996722	996723	TSS_2196	.	+	431
ZM4	1568670	1568671	ZMO1383_peak_7	7.07653	ZM4	1565803	1565804	TSS_3481	.	+	2867
ZM4	1617464	1617465	ZMO1383_peak_8	4.23533	ZM4	1620985	1620986	TSS_3553	.	+	-3521
ZM4	1916423	1916424	ZMO1383_peak_9	4.08741	ZM4	1910302	1910303	TSS_4149	.	-	-6121
ZM4	1918871	1918872	ZMO1383_peak_10	1.63802	ZM4	1922589	1922590	TSS_4158	.	-	3718
ZM4	2030818	2030819	ZMO1383_peak_11	53.9288	ZM4	2031057	2031058	TSS_4404	.	+	-239
ZM4	210	211	ZMO1412_peak_1	2779.9	ZM4	12709	12710	TSS_0006	.	+	-12499
ZM4	14249	14250	ZMO1412_peak_2a	20.9663	ZM4	14514	14515	TSS_0014	.	-	265
ZM4	14522	14523	ZMO1412_peak_2b	1798.14	ZM4	14514	14515	TSS_0014	.	-	-8
ZM4	26162	26163	ZMO1412_peak_3	2183.41	ZM4	26028	26029	TSS_0027	.	-	-134
ZM4	28016	28017	ZMO1412_peak_4	224.172	ZM4	29259	29260	TSS_0028	.	+	-1243
ZM4	33975	33976	ZMO1412_peak_5	1572.25	ZM4	34058	34059	TSS_0031	.	+	-83
ZM4	37126	37127	ZMO1412_peak_6	7580.69	ZM4	37928	37929	TSS_0035	.	+	-802
ZM4	43329	43330	ZMO1412_peak_7a	4847.69	ZM4	43156	43157	TSS_0059	.	-	-173
ZM4	43491	43492	ZMO1412_peak_7b	5568.2	ZM4	43156	43157	TSS_0059	.	-	-335
ZM4	50951	50952	ZMO1412_peak_8	134.04	ZM4	50901	50902	TSS_0064	.	-	-50
ZM4	59507	59508	ZMO1412_peak_9a	5541.31	ZM4	60122	60123	TSS_0077	.	+	-615
ZM4	59941	59942	ZMO1412_peak_9b	265.728	ZM4	60122	60123	TSS_0077	.	+	-181
ZM4	61492	61493	ZMO1412_peak_10	270.838	ZM4	61521	61522	TSS_0079	.	+	-29
ZM4	74948	74949	ZMO1412_peak_11	203.128	ZM4	74934	74935	TSS_0099	.	-	-14
ZM4	76569	76570	ZMO1412_peak_12	2661.6	ZM4	74934	74935	TSS_0099	.	-	-1635
ZM4	79675	79676	ZMO1412_peak_13	232.545	ZM4	79619	79620	TSS_0102	.	-	-56
ZM4	80560	80561	ZMO1412_peak_14	4678.37	ZM4	79619	79620	TSS_0102	.	-	-941
ZM4	81443	81444	ZMO1412_peak_15	3538.47	ZM4	82635	82636	TSS_0107	.	-	1192
ZM4	83412	83413	ZMO1412_peak_16	17.6444	ZM4	83751	83752	TSS_0108	.	+	-339
ZM4	84984	84985	ZMO1412_peak_17a	230.512	ZM4	85196	85197	TSS_0110	.	-	212
ZM4	85228	85229	ZMO1412_peak_17b	618.414	ZM4	85198	85199	TSS_0111	.	-	-30
ZM4	95159	95160	ZMO1412_peak_18	6290.3	ZM4	94651	94652	TSS_0124	.	-	-508
ZM4	96100	96101	ZMO1412_peak_19a	1229.55	ZM4	94651	94652	TSS_0124	.	-	-1449
ZM4	96326	96327	ZMO1412_peak_19b	809.545	ZM4	94651	94652	TSS_0124	.	-	-1675
ZM4	97429	97430	ZMO1412_peak_20a	14.8821	ZM4	99594	99595	TSS_0136	.	+	-2165
ZM4	97720	97721	ZMO1412_peak_20b	1673.41	ZM4	99594	99595	TSS_0136	.	+	-1874
ZM4	99728	99729	ZMO1412_peak_21	121.292	ZM4	99644	99645	TSS_0137	.	-	-84
ZM4	100483	100484	ZMO1412_peak_22a	2524.6	ZM4	100905	100906	TSS_0139	.	+	-422
ZM4	100800	100801	ZMO1412_peak_22b	42.6295	ZM4	100905	100906	TSS_0139	.	+	-105
ZM4	103888	103889	ZMO1412_peak_23	57.3942	ZM4	103994	103995	TSS_0143	.	+	-106
ZM4	114245	114246	ZMO1412_peak_24a	6.585	ZM4	115697	115698	TSS_0163	.	-	1452
ZM4	114374	114375	ZMO1412_peak_24b	32.8	ZM4	115697	115698	TSS_0163	.	-	1323
ZM4	119276	119277	ZMO1412_peak_25	2544.81	ZM4	119236	119237	TSS_0172	.	-	-40
ZM4	121670	121671	ZMO1412_peak_26	202.629	ZM4	121810	121811	TSS_0174	.	+	-140
ZM4	125230	125231	ZMO1412_peak_27	54.1652	ZM4	124201	124202	TSS_0180	.	+	1029
ZM4	127507	127508	ZMO1412_peak_28	4385.95	ZM4	129849	129850	TSS_0193	.	-	2342
ZM4	137356	137357	ZMO1412_peak_29	595.941	ZM4	137393	137394	TSS_0202	.	-	37
ZM4	140733	140734	ZMO1412_peak_30	13.8893	ZM4	140724	140725	TSS_0215	.	+	9
ZM4	143881	143882	ZMO1412_peak_31	167.645	ZM4	143908	143909	TSS_0224	.	-	27
ZM4	146267	146268	ZMO1412_peak_32	424.642	ZM4	146265	146266	TSS_0237	.	+	2
ZM4	148774	148775	ZMO1412_peak_33	253.522	ZM4	148737	148738	TSS_0239	.	+	37
ZM4	150707	150708	ZMO1412_peak_34	3119.94	ZM4	150698	150699	TSS_0246	.	+	9
ZM4	166800	166801	ZMO1412_peak_35	1358.41	ZM4	166932	166933	TSS_0325	.	+	-132
ZM4	169432	169433	ZMO1412_peak_36	154.266	ZM4	169474	169475	TSS_0333	.	+	-42
ZM4	173256	173257	ZMO1412_peak_37a	338.791	ZM4	173165	173166	TSS_0346	.	-	-91
ZM4	173530	173531	ZMO1412_peak_37b	428.987	ZM4	173662	173663	TSS_0347	.	+	-132
ZM4	177453	177454	ZMO1412_peak_38	1940.3	ZM4	175617	175618	TSS_0374	.	+	1836
ZM4	182585	182586	ZMO1412_peak_39	6107.98	ZM4	181512	181513	TSS_0379	.	-	-1073
ZM4	185236	185237	ZMO1412_peak_40	2337.91	ZM4	185047	185048	TSS_0381	.	-	-189
ZM4	189636	189637	ZMO1412_peak_41	89.9809	ZM4	189463	189464	TSS_0389	.	+	173
ZM4	196153	196154	ZMO1412_peak_42a	12.7779	ZM4	196200	196201	TSS_0398	.	-	47
ZM4	196479	196480	ZMO1412_peak_42b	944.587	ZM4	196200	196201	TSS_0398	.	-	-279
ZM4	196862	196863	ZMO1412_peak_42c	6346.97	ZM4	196961	196962	TSS_0399	.	+	-99
ZM4	208934	208935	ZMO1412_peak_43	7421.24	ZM4	208720	208721	TSS_0417	.	-	-214
ZM4	217669	217670	ZMO1412_peak_44	4370.1	ZM4	218162	218163	TSS_0433	.	+	-493
ZM4	218137	218138	ZMO1412_peak_45	182.298	ZM4	218162	218163	TSS_0433	.	+	-25
ZM4	232507	232508	ZMO1412_peak_46	713.821	ZM4	232569	232570	TSS_0453	.	-	62
ZM4	239250	239251	ZMO1412_peak_47	5854.46	ZM4	238511	238512	TSS_0470	.	+	739
ZM4	243309	243310	ZMO1412_peak_48	75.7277	ZM4	243436	243437	TSS_0490	.	+	-127
ZM4	245018	245019	ZMO1412_peak_49	5228.14	ZM4	245089	245090	TSS_0500	.	+	-71
ZM4	249382	249383	ZMO1412_peak_50	423.703	ZM4	245089	245090	TSS_0500	.	+	4293
ZM4	258956	258957	ZMO1412_peak_51	84.4615	ZM4	259009	259010	TSS_0512	.	+	-53
ZM4	266352	266353	ZMO1412_peak_52	2095.45	ZM4	266314	266315	TSS_0529	.	-	-38
ZM4	266910	266911	ZMO1412_peak_53	133.089	ZM4	266314	266315	TSS_0529	.	-	-596
ZM4	267779	267780	ZMO1412_peak_54	22.5378	ZM4	267770	267771	TSS_0530	.	-	-9
ZM4	269020	269021	ZMO1412_peak_55a	64.2658	ZM4	267770	267771	TSS_0530	.	-	-1250
ZM4	269267	269268	ZMO1412_peak_55b	1045.81	ZM4	267770	267771	TSS_0530	.	-	-1497
ZM4	272234	272235	ZMO1412_peak_56	302.214	ZM4	270955	270956	TSS_0534	.	-	-1279
ZM4	275196	275197	ZMO1412_peak_57	538.071	ZM4	273919	273920	TSS_0537	.	-	-1277
ZM4	276409	276410	ZMO1412_peak_58	270.251	ZM4	276580	276581	TSS_0538	.	+	-171
ZM4	276734	276735	ZMO1412_peak_59a	27.0181	ZM4	276580	276581	TSS_0538	.	+	154
ZM4	277010	277011	ZMO1412_peak_59b	1020.9	ZM4	277111	277112	TSS_0539	.	+	-101
ZM4	282739	282740	ZMO1412_peak_60	205.881	ZM4	282731	282732	TSS_0547	.	-	-8
ZM4	293851	293852	ZMO1412_peak_61	820.538	ZM4	293932	293933	TSS_0579	.	+	-81
ZM4	297598	297599	ZMO1412_peak_62	7.80868	ZM4	298017	298018	TSS_0586	.	-	419
ZM4	298999	299000	ZMO1412_peak_63a	190.999	ZM4	299414	299415	TSS_0587	.	-	415
ZM4	299285	299286	ZMO1412_peak_63b	10850.7	ZM4	299414	299415	TSS_0587	.	-	129
ZM4	301071	301072	ZMO1412_peak_64	508.927	ZM4	301158	301159	TSS_0595	.	+	-87
ZM4	306405	306406	ZMO1412_peak_65	316.524	ZM4	304778	304779	TSS_0599	.	-	-1627
ZM4	312379	312380	ZMO1412_peak_66	1226.43	ZM4	312500	312501	TSS_0603	.	+	-121
ZM4	318412	318413	ZMO1412_peak_67	388.223	ZM4	318303	318304	TSS_0612	.	-	-109
ZM4	319744	319745	ZMO1412_peak_68	1706.56	ZM4	319710	319711	TSS_0617	.	-	-34
ZM4	320810	320811	ZMO1412_peak_69	355.527	ZM4	321062	321063	TSS_0625	.	+	-252
ZM4	332433	332434	ZMO1412_peak_70	205.051	ZM4	332383	332384	TSS_0646	.	-	-50
ZM4	334171	334172	ZMO1412_peak_71	180.489	ZM4	334244	334245	TSS_0651	.	+	-73
ZM4	338774	338775	ZMO1412_peak_72	951.449	ZM4	338771	338772	TSS_0658	.	-	-3
ZM4	340533	340534	ZMO1412_peak_73	576.7	ZM4	340636	340637	TSS_0666	.	+	-103
ZM4	343190	343191	ZMO1412_peak_74	1849.4	ZM4	343197	343198	TSS_0679	.	+	-7
ZM4	363354	363355	ZMO1412_peak_75a	3769.42	ZM4	363690	363691	TSS_0711	.	+	-336
ZM4	363610	363611	ZMO1412_peak_75b	2816.76	ZM4	363690	363691	TSS_0711	.	+	-80
ZM4	363795	363796	ZMO1412_peak_75c	2310.09	ZM4	363690	363691	TSS_0711	.	+	105
ZM4	370849	370850	ZMO1412_peak_76	3128.45	ZM4	370845	370846	TSS_0723	.	+	4
ZM4	377168	377169	ZMO1412_peak_77	7879.6	ZM4	376022	376023	TSS_0767	.	+	1146
ZM4	378328	378329	ZMO1412_peak_78	651.418	ZM4	378389	378390	TSS_0771	.	+	-61
ZM4	378785	378786	ZMO1412_peak_79	890.339	ZM4	378392	378393	TSS_0773	.	+	393
ZM4	379313	379314	ZMO1412_peak_80a	2223.42	ZM4	378392	378393	TSS_0773	.	+	921
ZM4	379681	379682	ZMO1412_peak_80b	6405.95	ZM4	378392	378393	TSS_0773	.	+	1289
ZM4	379855	379856	ZMO1412_peak_80c	1483.33	ZM4	378392	378393	TSS_0773	.	+	1463
ZM4	379980	379981	ZMO1412_peak_80d	857.286	ZM4	378392	378393	TSS_0773	.	+	1588
ZM4	381362	381363	ZMO1412_peak_81	291.747	ZM4	378392	378393	TSS_0773	.	+	2970
ZM4	385561	385562	ZMO1412_peak_82	446.283	ZM4	385497	385498	TSS_0790	.	-	-64
ZM4	386265	386266	ZMO1412_peak_83	76.5541	ZM4	385497	385498	TSS_0790	.	-	-768
ZM4	397726	397727	ZMO1412_peak_84	8365.03	ZM4	397722	397723	TSS_0795	.	+	4
ZM4	404553	404554	ZMO1412_peak_85	136.806	ZM4	405797	405798	TSS_0803	.	-	1244
ZM4	404914	404915	ZMO1412_peak_86	155.677	ZM4	405797	405798	TSS_0803	.	-	883
ZM4	407182	407183	ZMO1412_peak_87	2270.57	ZM4	407411	407412	TSS_0807	.	+	-229
ZM4	417466	417467	ZMO1412_peak_88	255.558	ZM4	418225	418226	TSS_0828	.	-	759
ZM4	419849	419850	ZMO1412_peak_89	78.9837	ZM4	419827	419828	TSS_0833	.	-	-22
ZM4	425160	425161	ZMO1412_peak_90a	1031.68	ZM4	425032	425033	TSS_0837	.	-	-128
ZM4	425476	425477	ZMO1412_peak_90b	52.3769	ZM4	425420	425421	TSS_0839	.	+	56
ZM4	431345	431346	ZMO1412_peak_91	87.4836	ZM4	431194	431195	TSS_0845	.	+	151
ZM4	434101	434102	ZMO1412_peak_92	360.691	ZM4	433937	433938	TSS_0852	.	-	-164
ZM4	449202	449203	ZMO1412_peak_93	55.3217	ZM4	446871	446872	TSS_0900	.	+	2331
ZM4	452460	452461	ZMO1412_peak_94	545.896	ZM4	452446	452447	TSS_0908	.	-	-14
ZM4	466879	466880	ZMO1412_peak_95	45.5767	ZM4	466854	466855	TSS_0950	.	-	-25
ZM4	470708	470709	ZMO1412_peak_96	130.172	ZM4	470768	470769	TSS_0956	.	+	-60
ZM4	472225	472226	ZMO1412_peak_97	56.7762	ZM4	472301	472302	TSS_0960	.	+	-76
ZM4	474187	474188	ZMO1412_peak_98	290.635	ZM4	472788	472789	TSS_0963	.	+	1399
ZM4	476837	476838	ZMO1412_peak_99	961.222	ZM4	476840	476841	TSS_0970	.	-	3
ZM4	479051	479052	ZMO1412_peak_100	932.725	ZM4	479088	479089	TSS_0973	.	+	-37
ZM4	485999	486000	ZMO1412_peak_101	63.4041	ZM4	485993	485994	TSS_1004	.	+	6
ZM4	489959	489960	ZMO1412_peak_102	45.9133	ZM4	489935	489936	TSS_1023	.	+	24
ZM4	504166	504167	ZMO1412_peak_103	64.8912	ZM4	504288	504289	TSS_1040	.	-	122
ZM4	507963	507964	ZMO1412_peak_104	128.792	ZM4	509404	509405	TSS_1045	.	+	-1441
ZM4	509281	509282	ZMO1412_peak_105	574.032	ZM4	509404	509405	TSS_1045	.	+	-123
ZM4	511302	511303	ZMO1412_peak_106	19.3042	ZM4	511301	511302	TSS_1048	.	+	1
ZM4	532611	532612	ZMO1412_peak_107	148.604	ZM4	532615	532616	TSS_1196	.	+	-4
ZM4	535981	535982	ZMO1412_peak_108	710.956	ZM4	536066	536067	TSS_1234	.	+	-85
ZM4	559195	559196	ZMO1412_peak_109	4208.76	ZM4	559230	559231	TSS_1328	.	+	-35
ZM4	560520	560521	ZMO1412_peak_110	155.198	ZM4	559230	559231	TSS_1328	.	+	1290
ZM4	563044	563045	ZMO1412_peak_111	8715.67	ZM4	563393	563394	TSS_1338	.	-	349
ZM4	569985	569986	ZMO1412_peak_112	81.8186	ZM4	569906	569907	TSS_1353	.	-	-79
ZM4	573250	573251	ZMO1412_peak_113	31.1033	ZM4	573476	573477	TSS_1369	.	+	-226
ZM4	573799	573800	ZMO1412_peak_114	3139.26	ZM4	573476	573477	TSS_1369	.	+	323
ZM4	583797	583798	ZMO1412_peak_115a	230.14	ZM4	583750	583751	TSS_1374	.	-	-47
ZM4	583931	583932	ZMO1412_peak_115b	170.669	ZM4	583872	583873	TSS_1375	.	-	-59
ZM4	600524	600525	ZMO1412_peak_116a	386.795	ZM4	599377	599378	TSS_1402	.	+	1147
ZM4	600750	600751	ZMO1412_peak_116b	68.3056	ZM4	599377	599378	TSS_1402	.	+	1373
ZM4	606082	606083	ZMO1412_peak_117	594.676	ZM4	606103	606104	TSS_1408	.	-	21
ZM4	608527	608528	ZMO1412_peak_118	390.24	ZM4	608481	608482	TSS_1413	.	-	-46
ZM4	617402	617403	ZMO1412_peak_119	473.207	ZM4	617213	617214	TSS_1436	.	+	189
ZM4	619034	619035	ZMO1412_peak_120	321.124	ZM4	619099	619100	TSS_1442	.	+	-65
ZM4	622922	622923	ZMO1412_peak_121	1811.82	ZM4	623556	623557	TSS_1448	.	+	-634
ZM4	625513	625514	ZMO1412_peak_122	300.835	ZM4	625384	625385	TSS_1453	.	-	-129
ZM4	635080	635081	ZMO1412_peak_123	1555.46	ZM4	635196	635197	TSS_1465	.	+	-116
ZM4	640060	640061	ZMO1412_peak_124	106.587	ZM4	641037	641038	TSS_1471	.	+	-977
ZM4	643209	643210	ZMO1412_peak_125	51.7508	ZM4	642781	642782	TSS_1482	.	+	428
ZM4	644375	644376	ZMO1412_peak_126	218.291	ZM4	644525	644526	TSS_1488	.	-	150
ZM4	647179	647180	ZMO1412_peak_127	46.2555	ZM4	648223	648224	TSS_1491	.	-	1044
ZM4	647803	647804	ZMO1412_peak_128	372.366	ZM4	648223	648224	TSS_1491	.	-	420
ZM4	652721	652722	ZMO1412_peak_129	127.823	ZM4	652673	652674	TSS_1496	.	+	48
ZM4	659167	659168	ZMO1412_peak_130	95.2998	ZM4	659134	659135	TSS_1515	.	+	33
ZM4	666069	666070	ZMO1412_peak_131	383.004	ZM4	666129	666130	TSS_1540	.	+	-60
ZM4	673782	673783	ZMO1412_peak_132	2408.81	ZM4	673600	673601	TSS_1559	.	-	-182
ZM4	678225	678226	ZMO1412_peak_133	1126.9	ZM4	678246	678247	TSS_1561	.	+	-21
ZM4	680672	680673	ZMO1412_peak_134	746.923	ZM4	678246	678247	TSS_1561	.	+	2426
ZM4	682663	682664	ZMO1412_peak_135a	3930.44	ZM4	684964	684965	TSS_1564	.	-	2301
ZM4	682885	682886	ZMO1412_peak_135b	254.492	ZM4	684964	684965	TSS_1564	.	-	2079
ZM4	683202	683203	ZMO1412_peak_135c	2226.33	ZM4	684964	684965	TSS_1564	.	-	1762
ZM4	685230	685231	ZMO1412_peak_136	1074.8	ZM4	684966	684967	TSS_1565	.	-	-264
ZM4	685954	685955	ZMO1412_peak_137	193.763	ZM4	686349	686350	TSS_1568	.	-	395
ZM4	687844	687845	ZMO1412_peak_138	2444.18	ZM4	687621	687622	TSS_1575	.	-	-223
ZM4	693786	693787	ZMO1412_peak_139	3895.31	ZM4	693748	693749	TSS_1591	.	-	-38
ZM4	698057	698058	ZMO1412_peak_140	979.433	ZM4	698310	698311	TSS_1600	.	-	253
ZM4	699442	699443	ZMO1412_peak_141	290.831	ZM4	699718	699719	TSS_1601	.	-	276
ZM4	708446	708447	ZMO1412_peak_142	35.8267	ZM4	708446	708447	TSS_1614	.	+	0
ZM4	714430	714431	ZMO1412_peak_143	86.5263	ZM4	714298	714299	TSS_1620	.	+	132
ZM4	741938	741939	ZMO1412_peak_144a	2031.87	ZM4	741940	741941	TSS_1720	.	+	-2
ZM4	742255	742256	ZMO1412_peak_144b	49.2925	ZM4	742256	742257	TSS_1728	.	+	-1
ZM4	744268	744269	ZMO1412_peak_145	348.403	ZM4	744285	744286	TSS_1731	.	+	-17
ZM4	746962	746963	ZMO1412_peak_146	432.386	ZM4	746200	746201	TSS_1737	.	+	762
ZM4	751068	751069	ZMO1412_peak_147	1994.39	ZM4	751307	751308	TSS_1753	.	+	-239
ZM4	764209	764210	ZMO1412_peak_148	43.6401	ZM4	764204	764205	TSS_1779	.	+	5
ZM4	784647	784648	ZMO1412_peak_149	287.05	ZM4	784638	784639	TSS_1801	.	+	9
ZM4	788598	788599	ZMO1412_peak_150a	3712.17	ZM4	792107	792108	TSS_1806	.	+	-3509
ZM4	788870	788871	ZMO1412_peak_150b	1452.6	ZM4	792107	792108	TSS_1806	.	+	-3237
ZM4	791521	791522	ZMO1412_peak_151a	3638.94	ZM4	792107	792108	TSS_1806	.	+	-586
ZM4	791925	791926	ZMO1412_peak_151b	1659.22	ZM4	792107	792108	TSS_1806	.	+	-182
ZM4	799800	799801	ZMO1412_peak_152	262.567	ZM4	800835	800836	TSS_1810	.	-	1035
ZM4	807506	807507	ZMO1412_peak_153	9781.5	ZM4	810611	810612	TSS_1815	.	-	3105
ZM4	820111	820112	ZMO1412_peak_154	239.306	ZM4	820157	820158	TSS_1853	.	+	-46
ZM4	826094	826095	ZMO1412_peak_155a	128.343	ZM4	826778	826779	TSS_1868	.	+	-684
ZM4	826481	826482	ZMO1412_peak_155b	1072.42	ZM4	826778	826779	TSS_1868	.	+	-297
ZM4	826939	826940	ZMO1412_peak_155c	1110.56	ZM4	826778	826779	TSS_1868	.	+	161
ZM4	843697	843698	ZMO1412_peak_156	233.113	ZM4	843741	843742	TSS_1886	.	+	-44
ZM4	857828	857829	ZMO1412_peak_157	2904.32	ZM4	858076	858077	TSS_1912	.	+	-248
ZM4	858367	858368	ZMO1412_peak_158	763.196	ZM4	858288	858289	TSS_1918	.	+	79
ZM4	860454	860455	ZMO1412_peak_159a	125.109	ZM4	862488	862489	TSS_1919	.	+	-2034
ZM4	860586	860587	ZMO1412_peak_159b	236.968	ZM4	862488	862489	TSS_1919	.	+	-1902
ZM4	861512	861513	ZMO1412_peak_160	725.767	ZM4	862488	862489	TSS_1919	.	+	-976
ZM4	862210	862211	ZMO1412_peak_161a	1554.39	ZM4	862488	862489	TSS_1919	.	+	-278
ZM4	862415	862416	ZMO1412_peak_161b	1816.5	ZM4	862488	862489	TSS_1919	.	+	-73
ZM4	862711	862712	ZMO1412_peak_161c	5407.2	ZM4	862764	862765	TSS_1922	.	+	-53
ZM4	869589	869590	ZMO1412_peak_162	2031.57	ZM4	869458	869459	TSS_1936	.	-	-131
ZM4	876774	876775	ZMO1412_peak_163	5074.04	ZM4	876775	876776	TSS_1957	.	+	-1
ZM4	882353	882354	ZMO1412_peak_164	78.6954	ZM4	883194	883195	TSS_1963	.	+	-841
ZM4	890972	890973	ZMO1412_peak_165	2010.01	ZM4	890937	890938	TSS_1988	.	-	-35
ZM4	894459	894460	ZMO1412_peak_166	395.647	ZM4	894384	894385	TSS_1991	.	-	-75
ZM4	897697	897698	ZMO1412_peak_167	1985.88	ZM4	896865	896866	TSS_2001	.	-	-832
ZM4	899163	899164	ZMO1412_peak_168a	9826.34	ZM4	899111	899112	TSS_2003	.	-	-52
ZM4	899394	899395	ZMO1412_peak_168b	4049.08	ZM4	899111	899112	TSS_2003	.	-	-283
ZM4	906394	906395	ZMO1412_peak_169a	86.6936	ZM4	906229	906230	TSS_2013	.	-	-165
ZM4	906769	906770	ZMO1412_peak_169b	106.498	ZM4	906999	907000	TSS_2014	.	-	230
ZM4	913794	913795	ZMO1412_peak_170	24.579	ZM4	914345	914346	TSS_2025	.	-	551
ZM4	915983	915984	ZMO1412_peak_171	40.9779	ZM4	915920	915921	TSS_2027	.	-	-63
ZM4	920935	920936	ZMO1412_peak_172a	24.579	ZM4	919422	919423	TSS_2032	.	+	1513
ZM4	921094	921095	ZMO1412_peak_172b	12.1277	ZM4	919422	919423	TSS_2032	.	+	1672
ZM4	924280	924281	ZMO1412_peak_173	125.369	ZM4	924784	924785	TSS_2042	.	-	504
ZM4	924595	924596	ZMO1412_peak_174	594.948	ZM4	924784	924785	TSS_2042	.	-	189
ZM4	925342	925343	ZMO1412_peak_175	666.379	ZM4	925136	925137	TSS_2043	.	-	-206
ZM4	926684	926685	ZMO1412_peak_176	352.521	ZM4	926796	926797	TSS_2046	.	+	-112
ZM4	928101	928102	ZMO1412_peak_177a	64.8411	ZM4	928347	928348	TSS_2057	.	+	-246
ZM4	928312	928313	ZMO1412_peak_177b	113.959	ZM4	928347	928348	TSS_2057	.	+	-35
ZM4	931461	931462	ZMO1412_peak_178	84.827	ZM4	931469	931470	TSS_2060	.	-	8
ZM4	932375	932376	ZMO1412_peak_179	5.93595	ZM4	932413	932414	TSS_2062	.	-	38
ZM4	935205	935206	ZMO1412_peak_180a	1414.36	ZM4	935263	935264	TSS_2073	.	+	-58
ZM4	935393	935394	ZMO1412_peak_180b	516.276	ZM4	935263	935264	TSS_2073	.	+	130
ZM4	937039	937040	ZMO1412_peak_181	109.618	ZM4	937176	937177	TSS_2079	.	+	-137
ZM4	938822	938823	ZMO1412_peak_182	621.437	ZM4	938778	938779	TSS_2085	.	+	44
ZM4	940332	940333	ZMO1412_peak_183	510.39	ZM4	938778	938779	TSS_2085	.	+	1554
ZM4	941336	941337	ZMO1412_peak_184	169.005	ZM4	938778	938779	TSS_2085	.	+	2558
ZM4	942124	942125	ZMO1412_peak_185	583.436	ZM4	945338	945339	TSS_2088	.	-	3214
ZM4	948532	948533	ZMO1412_peak_186	738.91	ZM4	948575	948576	TSS_2099	.	+	-43
ZM4	954234	954235	ZMO1412_peak_187	559.833	ZM4	954142	954143	TSS_2106	.	-	-92
ZM4	955172	955173	ZMO1412_peak_188	4837.07	ZM4	954996	954997	TSS_2109	.	-	-176
ZM4	957551	957552	ZMO1412_peak_189	1866.88	ZM4	957435	957436	TSS_2111	.	-	-116
ZM4	986044	986045	ZMO1412_peak_190	337.071	ZM4	986158	986159	TSS_2179	.	+	-114
ZM4	1008396	1008397	ZMO1412_peak_191	388.383	ZM4	1008411	1008412	TSS_2207	.	+	-15
ZM4	1009135	1009136	ZMO1412_peak_192	109.003	ZM4	1009013	1009014	TSS_2216	.	+	122
ZM4	1012409	1012410	ZMO1412_peak_193	106.562	ZM4	1012360	1012361	TSS_2228	.	-	-49
ZM4	1013348	1013349	ZMO1412_peak_194	1520.55	ZM4	1013306	1013307	TSS_2238	.	+	42
ZM4	1020272	1020273	ZMO1412_peak_195	1323.2	ZM4	1020047	1020048	TSS_2259	.	+	225
ZM4	1027939	1027940	ZMO1412_peak_196	882.28	ZM4	1027928	1027929	TSS_2272	.	+	11
ZM4	1037039	1037040	ZMO1412_peak_197	46.039	ZM4	1036987	1036988	TSS_2296	.	-	-52
ZM4	1039591	1039592	ZMO1412_peak_198	92.8535	ZM4	1039533	1039534	TSS_2301	.	-	-58
ZM4	1055189	1055190	ZMO1412_peak_199	4017.34	ZM4	1055163	1055164	TSS_2348	.	+	26
ZM4	1061206	1061207	ZMO1412_peak_200	107.675	ZM4	1061294	1061295	TSS_2358	.	+	-88
ZM4	1067715	1067716	ZMO1412_peak_201	219.168	ZM4	1067834	1067835	TSS_2373	.	+	-119
ZM4	1071030	1071031	ZMO1412_peak_202	41.8641	ZM4	1071475	1071476	TSS_2379	.	+	-445
ZM4	1071505	1071506	ZMO1412_peak_203	1244.4	ZM4	1071475	1071476	TSS_2379	.	+	30
ZM4	1076741	1076742	ZMO1412_peak_204	39.2519	ZM4	1076724	1076725	TSS_2389	.	-	-17
ZM4	1077955	1077956	ZMO1412_peak_205	661.081	ZM4	1078025	1078026	TSS_2390	.	+	-70
ZM4	1089291	1089292	ZMO1412_peak_206a	718.835	ZM4	1089330	1089331	TSS_2433	.	+	-39
ZM4	1089543	1089544	ZMO1412_peak_206b	990.672	ZM4	1089333	1089334	TSS_2434	.	+	210
ZM4	1098730	1098731	ZMO1412_peak_207	1132.06	ZM4	1098695	1098696	TSS_2439	.	+	35
ZM4	1108676	1108677	ZMO1412_peak_208a	1268.06	ZM4	1107819	1107820	TSS_2449	.	+	857
ZM4	1109010	1109011	ZMO1412_peak_208b	557.121	ZM4	1107819	1107820	TSS_2449	.	+	1191
ZM4	1124895	1124896	ZMO1412_peak_209	99.5056	ZM4	1124873	1124874	TSS_2467	.	+	22
ZM4	1127140	1127141	ZMO1412_peak_210	89.9291	ZM4	1127127	1127128	TSS_2486	.	-	-13
ZM4	1132791	1132792	ZMO1412_peak_211	93.4362	ZM4	1132916	1132917	TSS_2506	.	+	-125
ZM4	1137100	1137101	ZMO1412_peak_212	112.706	ZM4	1139181	1139182	TSS_2512	.	+	-2081
ZM4	1139140	1139141	ZMO1412_peak_213	82.2519	ZM4	1139181	1139182	TSS_2512	.	+	-41
ZM4	1151144	1151145	ZMO1412_peak_214	87.3475	ZM4	1151133	1151134	TSS_2535	.	-	-11
ZM4	1155846	1155847	ZMO1412_peak_215a	294.416	ZM4	1155829	1155830	TSS_2543	.	-	-17
ZM4	1156052	1156053	ZMO1412_peak_215b	1482.08	ZM4	1155873	1155874	TSS_2544	.	-	-179
ZM4	1157959	1157960	ZMO1412_peak_216	91.3657	ZM4	1157784	1157785	TSS_2554	.	+	175
ZM4	1161952	1161953	ZMO1412_peak_217	1203.63	ZM4	1163348	1163349	TSS_2573	.	-	1396
ZM4	1176685	1176686	ZMO1412_peak_218	358.184	ZM4	1176582	1176583	TSS_2618	.	+	103
ZM4	1177749	1177750	ZMO1412_peak_219	2957.51	ZM4	1176964	1176965	TSS_2620	.	+	785
ZM4	1180932	1180933	ZMO1412_peak_220	87.9749	ZM4	1180926	1180927	TSS_2627	.	+	6
ZM4	1190155	1190156	ZMO1412_peak_221	85.9587	ZM4	1189657	1189658	TSS_2644	.	-	-498
ZM4	1202489	1202490	ZMO1412_peak_222	49.2209	ZM4	1202368	1202369	TSS_2665	.	-	-121
ZM4	1203369	1203370	ZMO1412_peak_223	4955.9	ZM4	1203316	1203317	TSS_2666	.	-	-53
ZM4	1204535	1204536	ZMO1412_peak_224	2924.93	ZM4	1204323	1204324	TSS_2670	.	-	-212
ZM4	1208167	1208168	ZMO1412_peak_225a	215.243	ZM4	1208156	1208157	TSS_2678	.	-	-11
ZM4	1208472	1208473	ZMO1412_peak_225b	1018.97	ZM4	1208156	1208157	TSS_2678	.	-	-316
ZM4	1208798	1208799	ZMO1412_peak_225c	277.087	ZM4	1208971	1208972	TSS_2679	.	+	-173
ZM4	1209105	1209106	ZMO1412_peak_226a	10.4688	ZM4	1208971	1208972	TSS_2679	.	+	134
ZM4	1209322	1209323	ZMO1412_peak_226b	9.20756	ZM4	1208971	1208972	TSS_2679	.	+	351
ZM4	1210978	1210979	ZMO1412_peak_227	3076.51	ZM4	1211854	1211855	TSS_2681	.	-	876
ZM4	1211385	1211386	ZMO1412_peak_228	95.474	ZM4	1211854	1211855	TSS_2681	.	-	469
ZM4	1211892	1211893	ZMO1412_peak_229	52.0861	ZM4	1211854	1211855	TSS_2681	.	-	-38
ZM4	1212501	1212502	ZMO1412_peak_230	52.0806	ZM4	1212228	1212229	TSS_2686	.	+	273
ZM4	1215445	1215446	ZMO1412_peak_231a	47.8592	ZM4	1212228	1212229	TSS_2686	.	+	3217
ZM4	1215668	1215669	ZMO1412_peak_231b	63.1401	ZM4	1212228	1212229	TSS_2686	.	+	3440
ZM4	1225529	1225530	ZMO1412_peak_232	22.4484	ZM4	1225593	1225594	TSS_2694	.	+	-64
ZM4	1231042	1231043	ZMO1412_peak_233	3008.82	ZM4	1231054	1231055	TSS_2705	.	-	12
ZM4	1236311	1236312	ZMO1412_peak_234	63.201	ZM4	1236263	1236264	TSS_2716	.	-	-48
ZM4	1239763	1239764	ZMO1412_peak_235	1400.94	ZM4	1239730	1239731	TSS_2740	.	-	-33
ZM4	1256417	1256418	ZMO1412_peak_236	4713.36	ZM4	1255857	1255858	TSS_2803	.	+	560
ZM4	1262951	1262952	ZMO1412_peak_237	3518.22	ZM4	1262861	1262862	TSS_2826	.	-	-90
ZM4	1264546	1264547	ZMO1412_peak_238	19.7933	ZM4	1264569	1264570	TSS_2830	.	-	23
ZM4	1276160	1276161	ZMO1412_peak_239	2179.71	ZM4	1278786	1278787	TSS_2859	.	+	-2626
ZM4	1278722	1278723	ZMO1412_peak_240	2979.44	ZM4	1278786	1278787	TSS_2859	.	+	-64
ZM4	1279811	1279812	ZMO1412_peak_241	25.2575	ZM4	1278786	1278787	TSS_2859	.	+	1025
ZM4	1281401	1281402	ZMO1412_peak_242	69.1329	ZM4	1283501	1283502	TSS_2860	.	+	-2100
ZM4	1296677	1296678	ZMO1412_peak_243	85.9257	ZM4	1296662	1296663	TSS_2890	.	-	-15
ZM4	1297390	1297391	ZMO1412_peak_244	225.691	ZM4	1297477	1297478	TSS_2904	.	+	-87
ZM4	1302505	1302506	ZMO1412_peak_245a	301.598	ZM4	1302461	1302462	TSS_2908	.	-	-44
ZM4	1302796	1302797	ZMO1412_peak_245b	1219.27	ZM4	1302961	1302962	TSS_2909	.	-	165
ZM4	1303346	1303347	ZMO1412_peak_246	622.89	ZM4	1302993	1302994	TSS_2912	.	-	-353
ZM4	1303988	1303989	ZMO1412_peak_247	577.439	ZM4	1304150	1304151	TSS_2916	.	+	-162
ZM4	1305811	1305812	ZMO1412_peak_248	58.7975	ZM4	1305817	1305818	TSS_2920	.	-	6
ZM4	1307816	1307817	ZMO1412_peak_249	6696.16	ZM4	1307713	1307714	TSS_2933	.	-	-103
ZM4	1310014	1310015	ZMO1412_peak_250a	565.261	ZM4	1311230	1311231	TSS_2940	.	-	1216
ZM4	1310225	1310226	ZMO1412_peak_250b	11.1455	ZM4	1311230	1311231	TSS_2940	.	-	1005
ZM4	1310414	1310415	ZMO1412_peak_250c	122.097	ZM4	1311230	1311231	TSS_2940	.	-	816
ZM4	1310645	1310646	ZMO1412_peak_250d	27.1614	ZM4	1311230	1311231	TSS_2940	.	-	585
ZM4	1310851	1310852	ZMO1412_peak_250e	46.6272	ZM4	1311230	1311231	TSS_2940	.	-	379
ZM4	1311310	1311311	ZMO1412_peak_251a	3619.9	ZM4	1311230	1311231	TSS_2940	.	-	-80
ZM4	1311625	1311626	ZMO1412_peak_251b	6.93143	ZM4	1311230	1311231	TSS_2940	.	-	-395
ZM4	1312997	1312998	ZMO1412_peak_252	5310.5	ZM4	1312979	1312980	TSS_2943	.	+	18
ZM4	1315520	1315521	ZMO1412_peak_253a	6333.72	ZM4	1315310	1315311	TSS_2946	.	+	210
ZM4	1316016	1316017	ZMO1412_peak_253b	1093.34	ZM4	1316003	1316004	TSS_2951	.	+	13
ZM4	1316564	1316565	ZMO1412_peak_254a	44.7655	ZM4	1316003	1316004	TSS_2951	.	+	561
ZM4	1316835	1316836	ZMO1412_peak_254b	11.2493	ZM4	1316003	1316004	TSS_2951	.	+	832
ZM4	1317393	1317394	ZMO1412_peak_255a	91.8298	ZM4	1316003	1316004	TSS_2951	.	+	1390
ZM4	1317721	1317722	ZMO1412_peak_255b	420.151	ZM4	1316003	1316004	TSS_2951	.	+	1718
ZM4	1317873	1317874	ZMO1412_peak_255c	219.206	ZM4	1316003	1316004	TSS_2951	.	+	1870
ZM4	1318132	1318133	ZMO1412_peak_255d	44.3363	ZM4	1316003	1316004	TSS_2951	.	+	2129
ZM4	1318757	1318758	ZMO1412_peak_256a	2299.87	ZM4	1316003	1316004	TSS_2951	.	+	2754
ZM4	1318978	1318979	ZMO1412_peak_256b	77.1216	ZM4	1316003	1316004	TSS_2951	.	+	2975
ZM4	1319354	1319355	ZMO1412_peak_257a	408.445	ZM4	1322319	1322320	TSS_2955	.	-	2965
ZM4	1319873	1319874	ZMO1412_peak_257b	3174.07	ZM4	1322319	1322320	TSS_2955	.	-	2446
ZM4	1337473	1337474	ZMO1412_peak_258	126.267	ZM4	1338535	1338536	TSS_2986	.	-	1062
ZM4	1341583	1341584	ZMO1412_peak_259	53.7428	ZM4	1341572	1341573	TSS_2994	.	+	11
ZM4	1354420	1354421	ZMO1412_peak_260	1725.02	ZM4	1354443	1354444	TSS_3030	.	+	-23
ZM4	1357446	1357447	ZMO1412_peak_261	354.07	ZM4	1358472	1358473	TSS_3032	.	-	1026
ZM4	1365002	1365003	ZMO1412_peak_262	85.2491	ZM4	1365071	1365072	TSS_3059	.	-	69
ZM4	1368741	1368742	ZMO1412_peak_263	165.705	ZM4	1368745	1368746	TSS_3071	.	-	4
ZM4	1370865	1370866	ZMO1412_peak_264	246.756	ZM4	1370866	1370867	TSS_3092	.	-	1
ZM4	1379919	1379920	ZMO1412_peak_265	885.753	ZM4	1379883	1379884	TSS_3124	.	+	36
ZM4	1388145	1388146	ZMO1412_peak_266	22.2208	ZM4	1388128	1388129	TSS_3143	.	+	17
ZM4	1399252	1399253	ZMO1412_peak_267	149.084	ZM4	1399254	1399255	TSS_3158	.	+	-2
ZM4	1401330	1401331	ZMO1412_peak_268	211.911	ZM4	1401288	1401289	TSS_3160	.	+	42
ZM4	1415766	1415767	ZMO1412_peak_269	42.3053	ZM4	1416987	1416988	TSS_3180	.	-	1221
ZM4	1420888	1420889	ZMO1412_peak_270	92.272	ZM4	1420890	1420891	TSS_3191	.	-	2
ZM4	1422131	1422132	ZMO1412_peak_271	67.4333	ZM4	1422132	1422133	TSS_3193	.	-	1
ZM4	1425546	1425547	ZMO1412_peak_272	71.0093	ZM4	1425556	1425557	TSS_3199	.	+	-10
ZM4	1427060	1427061	ZMO1412_peak_273	29.5931	ZM4	1427047	1427048	TSS_3220	.	-	-13
ZM4	1427786	1427787	ZMO1412_peak_274	2444.39	ZM4	1427735	1427736	TSS_3224	.	-	-51
ZM4	1429549	1429550	ZMO1412_peak_275	151.775	ZM4	1429639	1429640	TSS_3229	.	+	-90
ZM4	1437757	1437758	ZMO1412_peak_276	758.888	ZM4	1437737	1437738	TSS_3235	.	-	-20
ZM4	1440677	1440678	ZMO1412_peak_277	5630.58	ZM4	1440794	1440795	TSS_3236	.	+	-117
ZM4	1444204	1444205	ZMO1412_peak_278	45.5491	ZM4	1444240	1444241	TSS_3241	.	+	-36
ZM4	1451455	1451456	ZMO1412_peak_279	3837.74	ZM4	1451208	1451209	TSS_3251	.	-	-247
ZM4	1459670	1459671	ZMO1412_peak_280	3202.11	ZM4	1459607	1459608	TSS_3260	.	-	-63
ZM4	1462067	1462068	ZMO1412_peak_281	371.555	ZM4	1462045	1462046	TSS_3264	.	-	-22
ZM4	1463672	1463673	ZMO1412_peak_282	6512.38	ZM4	1462045	1462046	TSS_3264	.	-	-1627
ZM4	1470805	1470806	ZMO1412_peak_283	7023.41	ZM4	1468913	1468914	TSS_3272	.	-	-1892
ZM4	1473599	1473600	ZMO1412_peak_284	43.5688	ZM4	1473707	1473708	TSS_3273	.	-	108
ZM4	1476716	1476717	ZMO1412_peak_285	543.901	ZM4	1476000	1476001	TSS_3276	.	+	716
ZM4	1480226	1480227	ZMO1412_peak_286	2869.73	ZM4	1480998	1480999	TSS_3279	.	-	772
ZM4	1480940	1480941	ZMO1412_peak_287	2113.7	ZM4	1480998	1480999	TSS_3279	.	-	58
ZM4	1482943	1482944	ZMO1412_peak_288	533.18	ZM4	1480998	1480999	TSS_3279	.	-	-1945
ZM4	1483576	1483577	ZMO1412_peak_289a	22.5931	ZM4	1480998	1480999	TSS_3279	.	-	-2578
ZM4	1483731	1483732	ZMO1412_peak_289b	189.504	ZM4	1486364	1486365	TSS_3284	.	-	2633
ZM4	1485909	1485910	ZMO1412_peak_290	4450.8	ZM4	1486364	1486365	TSS_3284	.	-	455
ZM4	1486404	1486405	ZMO1412_peak_291	503.716	ZM4	1486365	1486366	TSS_3285	.	-	-39
ZM4	1487976	1487977	ZMO1412_peak_292	80.073	ZM4	1489121	1489122	TSS_3290	.	+	-1145
ZM4	1489097	1489098	ZMO1412_peak_293	462.177	ZM4	1489121	1489122	TSS_3290	.	+	-24
ZM4	1489892	1489893	ZMO1412_peak_294a	125.046	ZM4	1489121	1489122	TSS_3290	.	+	771
ZM4	1489989	1489990	ZMO1412_peak_294b	107.129	ZM4	1489121	1489122	TSS_3290	.	+	868
ZM4	1490394	1490395	ZMO1412_peak_294c	96.042	ZM4	1489121	1489122	TSS_3290	.	+	1273
ZM4	1490840	1490841	ZMO1412_peak_295	371.45	ZM4	1489121	1489122	TSS_3290	.	+	1719
ZM4	1491714	1491715	ZMO1412_peak_296a	2462.61	ZM4	1492604	1492605	TSS_3294	.	-	890
ZM4	1492025	1492026	ZMO1412_peak_296b	60.9879	ZM4	1492604	1492605	TSS_3294	.	-	579
ZM4	1492449	1492450	ZMO1412_peak_296c	7347.38	ZM4	1492604	1492605	TSS_3294	.	-	155
ZM4	1496072	1496073	ZMO1412_peak_297	1657.53	ZM4	1495948	1495949	TSS_3299	.	-	-124
ZM4	1497161	1497162	ZMO1412_peak_298a	151.347	ZM4	1495948	1495949	TSS_3299	.	-	-1213
ZM4	1497288	1497289	ZMO1412_peak_298b	282.451	ZM4	1495948	1495949	TSS_3299	.	-	-1340
ZM4	1500118	1500119	ZMO1412_peak_299	50.1635	ZM4	1500148	1500149	TSS_3302	.	+	-30
ZM4	1501082	1501083	ZMO1412_peak_300a	1770.21	ZM4	1501598	1501599	TSS_3304	.	-	516
ZM4	1501213	1501214	ZMO1412_peak_300b	3263.74	ZM4	1501598	1501599	TSS_3304	.	-	385
ZM4	1505691	1505692	ZMO1412_peak_301	129.527	ZM4	1505529	1505530	TSS_3319	.	-	-162
ZM4	1509302	1509303	ZMO1412_peak_302	4970.71	ZM4	1512700	1512701	TSS_3323	.	+	-3398
ZM4	1517209	1517210	ZMO1412_peak_303	2449.84	ZM4	1517256	1517257	TSS_3343	.	+	-47
ZM4	1518055	1518056	ZMO1412_peak_304a	33.3365	ZM4	1517997	1517998	TSS_3369	.	+	58
ZM4	1518202	1518203	ZMO1412_peak_304b	23.7941	ZM4	1518237	1518238	TSS_3372	.	+	-35
ZM4	1519700	1519701	ZMO1412_peak_305a	3743.34	ZM4	1518240	1518241	TSS_3374	.	+	1460
ZM4	1519838	1519839	ZMO1412_peak_305b	3348.65	ZM4	1518240	1518241	TSS_3374	.	+	1598
ZM4	1522283	1522284	ZMO1412_peak_306a	3167.69	ZM4	1522124	1522125	TSS_3380	.	-	-159
ZM4	1522462	1522463	ZMO1412_peak_306b	5349.77	ZM4	1522536	1522537	TSS_3381	.	+	-74
ZM4	1527184	1527185	ZMO1412_peak_307	1339.57	ZM4	1527173	1527174	TSS_3393	.	-	-11
ZM4	1527699	1527700	ZMO1412_peak_308	1115.16	ZM4	1527693	1527694	TSS_3394	.	-	-6
ZM4	1547095	1547096	ZMO1412_peak_309	4984.27	ZM4	1547277	1547278	TSS_3436	.	+	-182
ZM4	1550391	1550392	ZMO1412_peak_310a	128.175	ZM4	1550719	1550720	TSS_3456	.	+	-328
ZM4	1550595	1550596	ZMO1412_peak_310b	1164.27	ZM4	1550719	1550720	TSS_3456	.	+	-124
ZM4	1553623	1553624	ZMO1412_peak_311	103.517	ZM4	1550719	1550720	TSS_3456	.	+	2904
ZM4	1563158	1563159	ZMO1412_peak_312	597.495	ZM4	1563184	1563185	TSS_3475	.	-	26
ZM4	1565467	1565468	ZMO1412_peak_313a	62.1242	ZM4	1565786	1565787	TSS_3480	.	+	-319
ZM4	1565677	1565678	ZMO1412_peak_313b	3.33619	ZM4	1565786	1565787	TSS_3480	.	+	-109
ZM4	1567543	1567544	ZMO1412_peak_314a	1117.45	ZM4	1565803	1565804	TSS_3481	.	+	1740
ZM4	1567890	1567891	ZMO1412_peak_314b	1762.84	ZM4	1565803	1565804	TSS_3481	.	+	2087
ZM4	1568177	1568178	ZMO1412_peak_314c	809.123	ZM4	1565803	1565804	TSS_3481	.	+	2374
ZM4	1568530	1568531	ZMO1412_peak_314d	2742.67	ZM4	1565803	1565804	TSS_3481	.	+	2727
ZM4	1568935	1568936	ZMO1412_peak_314e	147.933	ZM4	1565803	1565804	TSS_3481	.	+	3132
ZM4	1569247	1569248	ZMO1412_peak_314f	3442.94	ZM4	1565803	1565804	TSS_3481	.	+	3444
ZM4	1569890	1569891	ZMO1412_peak_315	82.8135	ZM4	1573897	1573898	TSS_3495	.	+	-4007
ZM4	1573862	1573863	ZMO1412_peak_316	43.9433	ZM4	1573897	1573898	TSS_3495	.	+	-35
ZM4	1587723	1587724	ZMO1412_peak_317	106.082	ZM4	1587839	1587840	TSS_3521	.	+	-116
ZM4	1588855	1588856	ZMO1412_peak_318	270.968	ZM4	1588942	1588943	TSS_3522	.	+	-87
ZM4	1590538	1590539	ZMO1412_peak_319	643.472	ZM4	1590449	1590450	TSS_3523	.	+	89
ZM4	1592362	1592363	ZMO1412_peak_320a	56.0976	ZM4	1593641	1593642	TSS_3527	.	+	-1279
ZM4	1592704	1592705	ZMO1412_peak_320b	26.7209	ZM4	1593641	1593642	TSS_3527	.	+	-937
ZM4	1593254	1593255	ZMO1412_peak_321	50.7712	ZM4	1593641	1593642	TSS_3527	.	+	-387
ZM4	1593530	1593531	ZMO1412_peak_322a	15.465	ZM4	1593641	1593642	TSS_3527	.	+	-111
ZM4	1593660	1593661	ZMO1412_peak_322b	216.814	ZM4	1593641	1593642	TSS_3527	.	+	19
ZM4	1594469	1594470	ZMO1412_peak_323	1084.2	ZM4	1594412	1594413	TSS_3529	.	+	57
ZM4	1604586	1604587	ZMO1412_peak_324a	441.45	ZM4	1604521	1604522	TSS_3543	.	-	-65
ZM4	1604951	1604952	ZMO1412_peak_324b	816.663	ZM4	1605086	1605087	TSS_3544	.	+	-135
ZM4	1611060	1611061	ZMO1412_peak_325	4640.9	ZM4	1609991	1609992	TSS_3550	.	+	1069
ZM4	1613407	1613408	ZMO1412_peak_326	905.674	ZM4	1609991	1609992	TSS_3550	.	+	3416
ZM4	1630091	1630092	ZMO1412_peak_327a	4765.39	ZM4	1627080	1627081	TSS_3564	.	+	3011
ZM4	1630301	1630302	ZMO1412_peak_327b	692.903	ZM4	1627080	1627081	TSS_3564	.	+	3221
ZM4	1630634	1630635	ZMO1412_peak_328a	40.511	ZM4	1633836	1633837	TSS_3567	.	-	3202
ZM4	1630758	1630759	ZMO1412_peak_328b	56.815	ZM4	1633836	1633837	TSS_3567	.	-	3078
ZM4	1631007	1631008	ZMO1412_peak_328c	48.5165	ZM4	1633836	1633837	TSS_3567	.	-	2829
ZM4	1631097	1631098	ZMO1412_peak_328d	45.9289	ZM4	1633836	1633837	TSS_3567	.	-	2739
ZM4	1636417	1636418	ZMO1412_peak_329a	4620.05	ZM4	1636761	1636762	TSS_3575	.	+	-344
ZM4	1636635	1636636	ZMO1412_peak_329b	4020.52	ZM4	1636761	1636762	TSS_3575	.	+	-126
ZM4	1648651	1648652	ZMO1412_peak_330	54.5138	ZM4	1648656	1648657	TSS_3598	.	-	5
ZM4	1655023	1655024	ZMO1412_peak_331	918.467	ZM4	1655015	1655016	TSS_3630	.	+	8
ZM4	1662996	1662997	ZMO1412_peak_332	183.591	ZM4	1663334	1663335	TSS_3649	.	+	-338
ZM4	1669127	1669128	ZMO1412_peak_333	1238.24	ZM4	1669286	1669287	TSS_3662	.	+	-159
ZM4	1677102	1677103	ZMO1412_peak_334	5098.63	ZM4	1676955	1676956	TSS_3668	.	-	-147
ZM4	1678751	1678752	ZMO1412_peak_335	662.572	ZM4	1679641	1679642	TSS_3670	.	-	890
ZM4	1681961	1681962	ZMO1412_peak_336	48.9267	ZM4	1682016	1682017	TSS_3679	.	+	-55
ZM4	1695512	1695513	ZMO1412_peak_337	6618.91	ZM4	1695623	1695624	TSS_3704	.	+	-111
ZM4	1697810	1697811	ZMO1412_peak_338	248.676	ZM4	1697872	1697873	TSS_3716	.	+	-62
ZM4	1704634	1704635	ZMO1412_peak_339	1437.2	ZM4	1704249	1704250	TSS_3732	.	+	385
ZM4	1705375	1705376	ZMO1412_peak_340	88.9383	ZM4	1705407	1705408	TSS_3734	.	+	-32
ZM4	1715483	1715484	ZMO1412_peak_341	9.88352	ZM4	1715213	1715214	TSS_3747	.	+	270
ZM4	1718625	1718626	ZMO1412_peak_342	42.2745	ZM4	1718669	1718670	TSS_3753	.	+	-44
ZM4	1726648	1726649	ZMO1412_peak_343	2538.67	ZM4	1726705	1726706	TSS_3767	.	+	-57
ZM4	1731420	1731421	ZMO1412_peak_344	4228.45	ZM4	1731666	1731667	TSS_3771	.	+	-246
ZM4	1739515	1739516	ZMO1412_peak_345a	4.3922	ZM4	1739858	1739859	TSS_3778	.	+	-343
ZM4	1739765	1739766	ZMO1412_peak_345b	259.167	ZM4	1739858	1739859	TSS_3778	.	+	-93
ZM4	1748692	1748693	ZMO1412_peak_346	69.9342	ZM4	1748683	1748684	TSS_3804	.	+	9
ZM4	1751751	1751752	ZMO1412_peak_347	4887.4	ZM4	1751658	1751659	TSS_3808	.	+	93
ZM4	1760475	1760476	ZMO1412_peak_348	87.9339	ZM4	1760439	1760440	TSS_3830	.	+	36
ZM4	1765876	1765877	ZMO1412_peak_349	2871.45	ZM4	1765875	1765876	TSS_3851	.	-	-1
ZM4	1767034	1767035	ZMO1412_peak_350	3810.56	ZM4	1766945	1766946	TSS_3864	.	+	89
ZM4	1767984	1767985	ZMO1412_peak_351a	712.988	ZM4	1768475	1768476	TSS_3866	.	+	-491
ZM4	1768393	1768394	ZMO1412_peak_351b	7341.37	ZM4	1768475	1768476	TSS_3866	.	+	-82
ZM4	1770169	1770170	ZMO1412_peak_352	65.1497	ZM4	1770141	1770142	TSS_3877	.	-	-28
ZM4	1777028	1777029	ZMO1412_peak_353	151.693	ZM4	1776972	1776973	TSS_3891	.	-	-56
ZM4	1779143	1779144	ZMO1412_peak_354	60.2476	ZM4	1779145	1779146	TSS_3897	.	-	2
ZM4	1780309	1780310	ZMO1412_peak_355	6117.29	ZM4	1780429	1780430	TSS_3907	.	+	-120
ZM4	1794335	1794336	ZMO1412_peak_356	222.721	ZM4	1794364	1794365	TSS_3925	.	+	-29
ZM4	1796419	1796420	ZMO1412_peak_357a	4586.51	ZM4	1796927	1796928	TSS_3931	.	+	-508
ZM4	1796767	1796768	ZMO1412_peak_357b	3299.43	ZM4	1796927	1796928	TSS_3931	.	+	-160
ZM4	1797888	1797889	ZMO1412_peak_358a	1299.9	ZM4	1797947	1797948	TSS_3957	.	+	-59
ZM4	1798067	1798068	ZMO1412_peak_358b	1004.75	ZM4	1798073	1798074	TSS_3960	.	+	-6
ZM4	1798382	1798383	ZMO1412_peak_358c	21.1408	ZM4	1798084	1798085	TSS_3961	.	+	298
ZM4	1800642	1800643	ZMO1412_peak_359	2238.28	ZM4	1800736	1800737	TSS_3964	.	-	94
ZM4	1801800	1801801	ZMO1412_peak_360	8651.4	ZM4	1801999	1802000	TSS_3966	.	+	-199
ZM4	1806280	1806281	ZMO1412_peak_361	61.8226	ZM4	1807385	1807386	TSS_3975	.	+	-1105
ZM4	1811214	1811215	ZMO1412_peak_362a	320.523	ZM4	1811258	1811259	TSS_3980	.	-	44
ZM4	1811522	1811523	ZMO1412_peak_362b	141.637	ZM4	1811258	1811259	TSS_3980	.	-	-264
ZM4	1820748	1820749	ZMO1412_peak_363a	169.024	ZM4	1820819	1820820	TSS_3998	.	+	-71
ZM4	1821077	1821078	ZMO1412_peak_363b	2824.13	ZM4	1821000	1821001	TSS_3999	.	+	77
ZM4	1823995	1823996	ZMO1412_peak_364	48.3025	ZM4	1823956	1823957	TSS_4003	.	+	39
ZM4	1828590	1828591	ZMO1412_peak_365	164.545	ZM4	1827380	1827381	TSS_4024	.	-	-1210
ZM4	1828959	1828960	ZMO1412_peak_366	2470.86	ZM4	1827380	1827381	TSS_4024	.	-	-1579
ZM4	1829614	1829615	ZMO1412_peak_367a	794.861	ZM4	1827380	1827381	TSS_4024	.	-	-2234
ZM4	1829977	1829978	ZMO1412_peak_367b	483.321	ZM4	1827380	1827381	TSS_4024	.	-	-2597
ZM4	1830305	1830306	ZMO1412_peak_367c	326.487	ZM4	1827380	1827381	TSS_4024	.	-	-2925
ZM4	1831245	1831246	ZMO1412_peak_368	165.711	ZM4	1834544	1834545	TSS_4033	.	+	-3299
ZM4	1832357	1832358	ZMO1412_peak_369	85.317	ZM4	1834544	1834545	TSS_4033	.	+	-2187
ZM4	1832631	1832632	ZMO1412_peak_370a	25.6503	ZM4	1834544	1834545	TSS_4033	.	+	-1913
ZM4	1832838	1832839	ZMO1412_peak_370b	38.4353	ZM4	1834544	1834545	TSS_4033	.	+	-1706
ZM4	1838833	1838834	ZMO1412_peak_371	81.9202	ZM4	1840491	1840492	TSS_4059	.	-	1658
ZM4	1845835	1845836	ZMO1412_peak_372	894.375	ZM4	1845856	1845857	TSS_4078	.	+	-21
ZM4	1849879	1849880	ZMO1412_peak_373	1040.87	ZM4	1849748	1849749	TSS_4086	.	-	-131
ZM4	1858119	1858120	ZMO1412_peak_374	281.042	ZM4	1857916	1857917	TSS_4091	.	-	-203
ZM4	1860647	1860648	ZMO1412_peak_375a	5493.49	ZM4	1860551	1860552	TSS_4093	.	-	-96
ZM4	1861012	1861013	ZMO1412_peak_375b	603.547	ZM4	1860551	1860552	TSS_4093	.	-	-461
ZM4	1868444	1868445	ZMO1412_peak_376	905.345	ZM4	1868635	1868636	TSS_4103	.	+	-191
ZM4	1879381	1879382	ZMO1412_peak_377	1289.72	ZM4	1882290	1882291	TSS_4110	.	-	2909
ZM4	1882326	1882327	ZMO1412_peak_378	2505.31	ZM4	1882292	1882293	TSS_4112	.	-	-34
ZM4	1883246	1883247	ZMO1412_peak_379	132.423	ZM4	1883214	1883215	TSS_4115	.	-	-32
ZM4	1885014	1885015	ZMO1412_peak_380	1486.29	ZM4	1884937	1884938	TSS_4122	.	-	-77
ZM4	1889743	1889744	ZMO1412_peak_381	311.88	ZM4	1889724	1889725	TSS_4133	.	-	-19
ZM4	1890275	1890276	ZMO1412_peak_382	2361.27	ZM4	1890387	1890388	TSS_4135	.	+	-112
ZM4	1893353	1893354	ZMO1412_peak_383	2461.75	ZM4	1893193	1893194	TSS_4139	.	-	-160
ZM4	1896851	1896852	ZMO1412_peak_384	1140.23	ZM4	1895930	1895931	TSS_4141	.	-	-921
ZM4	1899572	1899573	ZMO1412_peak_385	2900.95	ZM4	1895930	1895931	TSS_4141	.	-	-3642
ZM4	1908836	1908837	ZMO1412_peak_386a	2954.83	ZM4	1908781	1908782	TSS_4144	.	-	-55
ZM4	1909147	1909148	ZMO1412_peak_386b	31.7096	ZM4	1909340	1909341	TSS_4145	.	-	193
ZM4	1909306	1909307	ZMO1412_peak_386c	87.5239	ZM4	1909340	1909341	TSS_4145	.	-	34
ZM4	1910326	1910327	ZMO1412_peak_387	97.7851	ZM4	1910302	1910303	TSS_4149	.	-	-24
ZM4	1927975	1927976	ZMO1412_peak_388	170.808	ZM4	1927930	1927931	TSS_4180	.	-	-45
ZM4	1929629	1929630	ZMO1412_peak_389	74.2513	ZM4	1929752	1929753	TSS_4189	.	-	123
ZM4	1934806	1934807	ZMO1412_peak_390	3453.81	ZM4	1934616	1934617	TSS_4217	.	+	190
ZM4	1939261	1939262	ZMO1412_peak_391	2543.84	ZM4	1939167	1939168	TSS_4219	.	-	-94
ZM4	1950152	1950153	ZMO1412_peak_392a	18.7037	ZM4	1950035	1950036	TSS_4246	.	-	-117
ZM4	1950467	1950468	ZMO1412_peak_392b	4787.97	ZM4	1950035	1950036	TSS_4246	.	-	-432
ZM4	1953294	1953295	ZMO1412_peak_393	78.1871	ZM4	1953179	1953180	TSS_4251	.	-	-115
ZM4	1954273	1954274	ZMO1412_peak_394	77.1099	ZM4	1954444	1954445	TSS_4253	.	-	171
ZM4	1954645	1954646	ZMO1412_peak_395	192.094	ZM4	1954553	1954554	TSS_4255	.	-	-92
ZM4	1965633	1965634	ZMO1412_peak_396	3846.68	ZM4	1965803	1965804	TSS_4297	.	+	-170
ZM4	1969026	1969027	ZMO1412_peak_397	291.971	ZM4	1970168	1970169	TSS_4305	.	-	1142
ZM4	1972920	1972921	ZMO1412_peak_398a	196.086	ZM4	1973025	1973026	TSS_4311	.	+	-105
ZM4	1973107	1973108	ZMO1412_peak_398b	70.3012	ZM4	1973075	1973076	TSS_4318	.	+	32
ZM4	1977399	1977400	ZMO1412_peak_399	302.45	ZM4	1977370	1977371	TSS_4323	.	-	-29
ZM4	1977827	1977828	ZMO1412_peak_400a	268.735	ZM4	1977451	1977452	TSS_4324	.	+	376
ZM4	1977959	1977960	ZMO1412_peak_400b	256.987	ZM4	1977451	1977452	TSS_4324	.	+	508
ZM4	2013533	2013534	ZMO1412_peak_401	1233.95	ZM4	2013557	2013558	TSS_4386	.	-	24
ZM4	2016550	2016551	ZMO1412_peak_402	88.7359	ZM4	2016865	2016866	TSS_4389	.	-	315
ZM4	2018555	2018556	ZMO1412_peak_403	152.549	ZM4	2017437	2017438	TSS_4391	.	-	-1118
ZM4	2020015	2020016	ZMO1412_peak_404a	120.615	ZM4	2020203	2020204	TSS_4393	.	-	188
ZM4	2020277	2020278	ZMO1412_peak_404b	134.754	ZM4	2020203	2020204	TSS_4393	.	-	-74
ZM4	2021223	2021224	ZMO1412_peak_405a	3422.4	ZM4	2020374	2020375	TSS_4395	.	-	-849
ZM4	2021568	2021569	ZMO1412_peak_405b	2396	ZM4	2020374	2020375	TSS_4395	.	-	-1194
ZM4	2021799	2021800	ZMO1412_peak_405c	309.36	ZM4	2020374	2020375	TSS_4395	.	-	-1425
ZM4	2025788	2025789	ZMO1412_peak_406	174.125	ZM4	2025775	2025776	TSS_4399	.	-	-13
ZM4	2030117	2030118	ZMO1412_peak_407a	363.654	ZM4	2031057	2031058	TSS_4404	.	+	-940
ZM4	2030504	2030505	ZMO1412_peak_407b	384.148	ZM4	2031057	2031058	TSS_4404	.	+	-553
ZM4	2030890	2030891	ZMO1412_peak_407c	3407.83	ZM4	2031057	2031058	TSS_4404	.	+	-167
ZM4	2032679	2032680	ZMO1412_peak_408	9823.92	ZM4	2033927	2033928	TSS_4406	.	-	1248
ZM4	2033973	2033974	ZMO1412_peak_409	77.4202	ZM4	2033975	2033976	TSS_4409	.	-	2
ZM4	2038655	2038656	ZMO1412_peak_410	2512.88	ZM4	2037494	2037495	TSS_4413	.	+	1161
ZM4	2045821	2045822	ZMO1412_peak_411	1305.51	ZM4	2045899	2045900	TSS_4417	.	+	-78
ZM4	2046885	2046886	ZMO1412_peak_412	3819.29	ZM4	2045899	2045900	TSS_4417	.	+	986
ZM4	2048009	2048010	ZMO1412_peak_413a	2119.83	ZM4	2045899	2045900	TSS_4417	.	+	2110
ZM4	2048187	2048188	ZMO1412_peak_413b	1641.46	ZM4	2045899	2045900	TSS_4417	.	+	2288
ZM4	2048394	2048395	ZMO1412_peak_413c	5939.82	ZM4	2045899	2045900	TSS_4417	.	+	2495
ZM4	2050877	2050878	ZMO1412_peak_414	193.196	ZM4	2052954	2052955	TSS_4422	.	+	-2077
ZM4	2053812	2053813	ZMO1412_peak_415	122.958	ZM4	2053613	2053614	TSS_4423	.	+	199
ZM4	2054824	2054825	ZMO1412_peak_416a	17.8473	ZM4	2053613	2053614	TSS_4423	.	+	1211
ZM4	2054962	2054963	ZMO1412_peak_416b	33.9094	ZM4	2053613	2053614	TSS_4423	.	+	1349
ZM4	2058628	2058629	ZMO1412_peak_417	3371.17	ZM4	2058164	2058165	TSS_4428	.	-	-464
pZM32	440	441	ZMO1412_peak_418	717.34	pZM32	4033	4034	TSS_4431	.	+	-3593
pZM32	885	886	ZMO1412_peak_419	120.867	pZM32	4033	4034	TSS_4431	.	+	-3148
pZM32	1311	1312	ZMO1412_peak_420	118.967	pZM32	4033	4034	TSS_4431	.	+	-2722
pZM32	2339	2340	ZMO1412_peak_421a	5.44961	pZM32	4033	4034	TSS_4431	.	+	-1694
pZM32	2655	2656	ZMO1412_peak_421b	366.92	pZM32	4033	4034	TSS_4431	.	+	-1378
pZM32	3778	3779	ZMO1412_peak_422	403.834	pZM32	4033	4034	TSS_4431	.	+	-255
pZM32	8565	8566	ZMO1412_peak_423a	1516.04	pZM32	11376	11377	TSS_4444	.	-	2811
pZM32	8736	8737	ZMO1412_peak_423b	515.269	pZM32	11376	11377	TSS_4444	.	-	2640
pZM32	9985	9986	ZMO1412_peak_424	87.6653	pZM32	11376	11377	TSS_4444	.	-	1391
pZM32	11845	11846	ZMO1412_peak_425	129.859	pZM32	11969	11970	TSS_4449	.	+	-124
pZM32	13222	13223	ZMO1412_peak_426	218.526	pZM32	14287	14288	TSS_4453	.	+	-1065
pZM32	13590	13591	ZMO1412_peak_427	287.879	pZM32	14287	14288	TSS_4453	.	+	-697
pZM32	14380	14381	ZMO1412_peak_428	172.059	pZM32	14287	14288	TSS_4453	.	+	93
pZM32	21418	21419	ZMO1412_peak_429a	44.5366	pZM32	21293	21294	TSS_4471	.	+	125
pZM32	21658	21659	ZMO1412_peak_429b	31.3987	pZM32	21293	21294	TSS_4471	.	+	365
pZM32	22902	22903	ZMO1412_peak_430a	39.2519	pZM32	22638	22639	TSS_4474	.	+	264
pZM32	23148	23149	ZMO1412_peak_430b	53.8681	pZM32	22638	22639	TSS_4474	.	+	510
pZM32	32686	32687	ZMO1412_peak_431	683.526	pZM32	30170	30171	TSS_4489	.	+	2516
pZM33	1344	1345	ZMO1412_peak_432a	1740.19	pZM33	1943	1944	TSS_4496	.	-	599
pZM33	1633	1634	ZMO1412_peak_432b	83.7005	pZM33	1943	1944	TSS_4496	.	-	310
pZM33	2379	2380	ZMO1412_peak_433	3684.8	pZM33	2327	2328	TSS_4498	.	-	-52
pZM33	3353	3354	ZMO1412_peak_434a	14.1087	pZM33	2542	2543	TSS_4503	.	+	811
pZM33	3608	3609	ZMO1412_peak_434b	3407.09	pZM33	4574	4575	TSS_4504	.	-	966
pZM33	3764	3765	ZMO1412_peak_434c	555.65	pZM33	4574	4575	TSS_4504	.	-	810
pZM33	4782	4783	ZMO1412_peak_435	1927.96	pZM33	4574	4575	TSS_4504	.	-	-208
pZM33	5991	5992	ZMO1412_peak_436	1126.11	pZM33	4574	4575	TSS_4504	.	-	-1417
pZM33	6917	6918	ZMO1412_peak_437	29.8293	pZM33	8360	8361	TSS_4507	.	+	-1443
pZM33	7614	7615	ZMO1412_peak_438	10.7856	pZM33	8360	8361	TSS_4507	.	+	-746
pZM33	10689	10690	ZMO1412_peak_439a	166.407	pZM33	10739	10740	TSS_4514	.	+	-50
pZM33	10909	10910	ZMO1412_peak_439b	690.887	pZM33	10739	10740	TSS_4514	.	+	170
pZM33	12181	12182	ZMO1412_peak_440	4526.99	pZM33	13259	13260	TSS_4520	.	+	-1078
pZM33	15236	15237	ZMO1412_peak_441	7071.34	pZM33	16701	16702	TSS_4525	.	-	1465
pZM33	20683	20684	ZMO1412_peak_442	1707.35	pZM33	18494	18495	TSS_4537	.	+	2189
pZM33	24260	24261	ZMO1412_peak_443	224.663	pZM33	24849	24850	TSS_4556	.	-	589
pZM33	27814	27815	ZMO1412_peak_444	26.4098	pZM33	27777	27778	TSS_4564	.	-	-37
pZM33	29107	29108	ZMO1412_peak_445	70.0604	pZM33	29066	29067	TSS_4568	.	+	41
pZM33	30220	30221	ZMO1412_peak_446	2576.38	pZM33	30621	30622	TSS_4572	.	-	401
pZM36	10059	10060	ZMO1412_peak_447	779.673	pZM36	13287	13288	TSS_4582	.	+	-3228
pZM36	15475	15476	ZMO1412_peak_448	111.467	pZM36	15483	15484	TSS_4583	.	-	8
pZM36	15929	15930	ZMO1412_peak_449	1902.4	pZM36	15485	15486	TSS_4584	.	-	-444
pZM36	16471	16472	ZMO1412_peak_450	1527.44	pZM36	16769	16770	TSS_4586	.	-	298
pZM36	17267	17268	ZMO1412_peak_451	193.763	pZM36	17283	17284	TSS_4588	.	-	16
pZM36	20876	20877	ZMO1412_peak_452a	147.552	pZM36	22455	22456	TSS_4594	.	-	1579
pZM36	21434	21435	ZMO1412_peak_452b	598.853	pZM36	22455	22456	TSS_4594	.	-	1021
pZM36	21708	21709	ZMO1412_peak_452c	110.233	pZM36	22455	22456	TSS_4594	.	-	747
pZM36	21951	21952	ZMO1412_peak_452d	40.9867	pZM36	22455	22456	TSS_4594	.	-	504
pZM36	24175	24176	ZMO1412_peak_453	83.1393	pZM36	24196	24197	TSS_4601	.	+	-21
pZM36	27926	27927	ZMO1412_peak_454a	327.904	pZM36	28416	28417	TSS_4603	.	+	-490
pZM36	28291	28292	ZMO1412_peak_454b	813.328	pZM36	28416	28417	TSS_4603	.	+	-125
pZM36	28731	28732	ZMO1412_peak_454c	715.214	pZM36	28793	28794	TSS_4604	.	+	-62
pZM39	1681	1682	ZMO1412_peak_455	4695.25	pZM39	2634	2635	TSS_4612	.	+	-953
pZM39	3450	3451	ZMO1412_peak_456	6465.05	pZM39	2690	2691	TSS_4614	.	+	760
pZM39	7907	7908	ZMO1412_peak_457a	57.2814	pZM39	6857	6858	TSS_4620	.	+	1050
pZM39	8209	8210	ZMO1412_peak_457b	318.154	pZM39	6857	6858	TSS_4620	.	+	1352
pZM39	8883	8884	ZMO1412_peak_458	1976.58	pZM39	6857	6858	TSS_4620	.	+	2026
pZM39	14678	14679	ZMO1412_peak_459	454.854	pZM39	19060	19061	TSS_4622	.	-	4382
pZM39	20230	20231	ZMO1412_peak_460	1500.67	pZM39	19060	19061	TSS_4622	.	-	-1170
pZM39	24706	24707	ZMO1412_peak_461	42.7483	pZM39	24683	24684	TSS_4631	.	-	-23
pZM39	26029	26030	ZMO1412_peak_462	3469.6	pZM39	24683	24684	TSS_4631	.	-	-1346
pZM39	32537	32538	ZMO1412_peak_463	58.7668	pZM39	33816	33817	TSS_4643	.	-	1279
pZM39	33463	33464	ZMO1412_peak_464	1799.64	pZM39	33816	33817	TSS_4643	.	-	353
pZM39	34325	34326	ZMO1412_peak_465	60.2659	pZM39	34261	34262	TSS_4644	.	-	-64
pZM39	38557	38558	ZMO1412_peak_466	82.0205	pZM39	38692	38693	TSS_4650	.	-	135
ZM4	166543	166544	ZMO1511_peak_1	102.027	ZM4	166932	166933	TSS_0325	.	+	-389
ZM4	208886	208887	ZMO1511_peak_2	6.57571	ZM4	208720	208721	TSS_0417	.	-	-166
ZM4	318410	318411	ZMO1511_peak_3	33.9035	ZM4	318303	318304	TSS_0612	.	-	-107
ZM4	363660	363661	ZMO1511_peak_4	19.3278	ZM4	363690	363691	TSS_0711	.	+	-30
ZM4	404236	404237	ZMO1511_peak_5	8.44771	ZM4	405797	405798	TSS_0803	.	-	1561
ZM4	1055095	1055096	ZMO1511_peak_6	1.8299	ZM4	1055163	1055164	TSS_2348	.	+	-68
ZM4	1312997	1312998	ZMO1511_peak_7	7.89878	ZM4	1312979	1312980	TSS_2943	.	+	18
ZM4	1470806	1470807	ZMO1511_peak_8	6.38671	ZM4	1468913	1468914	TSS_3272	.	-	-1893
ZM4	1501026	1501027	ZMO1511_peak_9a	7.34855	ZM4	1501598	1501599	TSS_3304	.	-	572
ZM4	1501248	1501249	ZMO1511_peak_9b	4.053	ZM4	1501598	1501599	TSS_3304	.	-	350
ZM4	1509316	1509317	ZMO1511_peak_10	6.79454	ZM4	1512700	1512701	TSS_3323	.	+	-3384
ZM4	1547077	1547078	ZMO1511_peak_11	294.387	ZM4	1547277	1547278	TSS_3436	.	+	-200
ZM4	1568647	1568648	ZMO1511_peak_12	5.93883	ZM4	1565803	1565804	TSS_3481	.	+	2844
ZM4	1731486	1731487	ZMO1511_peak_13	4.82111	ZM4	1731666	1731667	TSS_3771	.	+	-180
ZM4	1751753	1751754	ZMO1511_peak_14	20.0969	ZM4	1751658	1751659	TSS_3808	.	+	95
ZM4	1780329	1780330	ZMO1511_peak_15	2.92608	ZM4	1780429	1780430	TSS_3907	.	+	-100
ZM4	1860625	1860626	ZMO1511_peak_16	13.998	ZM4	1860551	1860552	TSS_4093	.	-	-74
ZM4	2030816	2030817	ZMO1511_peak_17	69.5855	ZM4	2031057	2031058	TSS_4404	.	+	-241
ZM4	2032642	2032643	ZMO1511_peak_18	23.5643	ZM4	2033927	2033928	TSS_4406	.	-	1285
ZM4	2058663	2058664	ZMO1511_peak_19	71.9365	ZM4	2058164	2058165	TSS_4428	.	-	-499
pZM39	1688	1689	ZMO1511_peak_20	4.284	pZM39	2634	2635	TSS_4612	.	+	-946
pZM39	3434	3435	ZMO1511_peak_21	38.8462	pZM39	2690	2691	TSS_4614	.	+	744
ZM4	166543	166544	ZMO1547_peak_1	110.546	ZM4	166932	166933	TSS_0325	.	+	-389
ZM4	247323	247324	ZMO1547_peak_2	1.49781	ZM4	245089	245090	TSS_0500	.	+	2234
ZM4	318415	318416	ZMO1547_peak_3	23.1017	ZM4	318303	318304	TSS_0612	.	-	-112
ZM4	1568667	1568668	ZMO1547_peak_4	5.49743	ZM4	1565803	1565804	TSS_3481	.	+	2864
ZM4	1615905	1615906	ZMO1547_peak_5	2.44175	ZM4	1620985	1620986	TSS_3553	.	+	-5080
ZM4	1901011	1901012	ZMO1547_peak_6	1.34423	ZM4	1895930	1895931	TSS_4141	.	-	-5081
ZM4	2030817	2030818	ZMO1547_peak_7	40.1703	ZM4	2031057	2031058	TSS_4404	.	+	-240
ZM4	14521	14522	ZMO1574_peak_1	32.231	ZM4	14514	14515	TSS_0014	.	-	-7
ZM4	43282	43283	ZMO1574_peak_2a	2.40065	ZM4	43156	43157	TSS_0059	.	-	-126
ZM4	43521	43522	ZMO1574_peak_2b	242.869	ZM4	43156	43157	TSS_0059	.	-	-365
ZM4	85242	85243	ZMO1574_peak_3	31.0864	ZM4	85198	85199	TSS_0111	.	-	-44
ZM4	127498	127499	ZMO1574_peak_4	1276.1	ZM4	129849	129850	TSS_0193	.	-	2351
ZM4	166534	166535	ZMO1574_peak_5a	94.9036	ZM4	166932	166933	TSS_0325	.	+	-398
ZM4	166770	166771	ZMO1574_peak_5b	10.6847	ZM4	166932	166933	TSS_0325	.	+	-162
ZM4	185094	185095	ZMO1574_peak_6	20.6313	ZM4	185047	185048	TSS_0381	.	-	-47
ZM4	246688	246689	ZMO1574_peak_7	3.11341	ZM4	245089	245090	TSS_0500	.	+	1599
ZM4	305449	305450	ZMO1574_peak_8	27.9999	ZM4	304778	304779	TSS_0599	.	-	-671
ZM4	363335	363336	ZMO1574_peak_9a	108.773	ZM4	363690	363691	TSS_0711	.	+	-355
ZM4	363597	363598	ZMO1574_peak_9b	178.85	ZM4	363690	363691	TSS_0711	.	+	-93
ZM4	377306	377307	ZMO1574_peak_10	975.111	ZM4	378389	378390	TSS_0771	.	+	-1083
ZM4	397693	397694	ZMO1574_peak_11	213.415	ZM4	397722	397723	TSS_0795	.	+	-29
ZM4	652488	652489	ZMO1574_peak_12	34.451	ZM4	652487	652488	TSS_1494	.	+	1
ZM4	682671	682672	ZMO1574_peak_13	16.9655	ZM4	684964	684965	TSS_1564	.	-	2293
ZM4	788616	788617	ZMO1574_peak_14	10.6745	ZM4	792107	792108	TSS_1806	.	+	-3491
ZM4	890977	890978	ZMO1574_peak_15	54.6897	ZM4	890937	890938	TSS_1988	.	-	-40
ZM4	893980	893981	ZMO1574_peak_16	31.8432	ZM4	894384	894385	TSS_1991	.	-	404
ZM4	899163	899164	ZMO1574_peak_17	42.5679	ZM4	899111	899112	TSS_2003	.	-	-52
ZM4	930669	930670	ZMO1574_peak_18	594.59	ZM4	931469	931470	TSS_2060	.	-	800
ZM4	1072745	1072746	ZMO1574_peak_19	45.1002	ZM4	1071475	1071476	TSS_2379	.	+	1270
ZM4	1098742	1098743	ZMO1574_peak_20	45.8476	ZM4	1098695	1098696	TSS_2439	.	+	47
ZM4	1109037	1109038	ZMO1574_peak_21	73.185	ZM4	1107819	1107820	TSS_2449	.	+	1218
ZM4	1210947	1210948	ZMO1574_peak_22	16.1438	ZM4	1211854	1211855	TSS_2681	.	-	907
ZM4	1278801	1278802	ZMO1574_peak_23	9.68345	ZM4	1278786	1278787	TSS_2859	.	+	15
ZM4	1304096	1304097	ZMO1574_peak_24	33.9251	ZM4	1304150	1304151	TSS_2916	.	+	-54
ZM4	1311284	1311285	ZMO1574_peak_25	192.632	ZM4	1311230	1311231	TSS_2940	.	-	-54
ZM4	1312960	1312961	ZMO1574_peak_26	7.43073	ZM4	1312976	1312977	TSS_2941	.	+	-16
ZM4	1322354	1322355	ZMO1574_peak_27	64.6567	ZM4	1322319	1322320	TSS_2955	.	-	-35
ZM4	1386935	1386936	ZMO1574_peak_28	33.2518	ZM4	1387850	1387851	TSS_3139	.	-	915
ZM4	1440680	1440681	ZMO1574_peak_29	37.8182	ZM4	1440794	1440795	TSS_3236	.	+	-114
ZM4	1451470	1451471	ZMO1574_peak_30	17.2136	ZM4	1451208	1451209	TSS_3251	.	-	-262
ZM4	1470816	1470817	ZMO1574_peak_31	5.39755	ZM4	1468913	1468914	TSS_3272	.	-	-1903
ZM4	1490832	1490833	ZMO1574_peak_32	17.8956	ZM4	1489121	1489122	TSS_3290	.	+	1711
ZM4	1491675	1491676	ZMO1574_peak_33	287.283	ZM4	1492604	1492605	TSS_3294	.	-	929
ZM4	1509298	1509299	ZMO1574_peak_34	99.6883	ZM4	1512700	1512701	TSS_3323	.	+	-3402
ZM4	1568538	1568539	ZMO1574_peak_35	4.12085	ZM4	1565803	1565804	TSS_3481	.	+	2735
ZM4	1569234	1569235	ZMO1574_peak_36	358.396	ZM4	1565803	1565804	TSS_3481	.	+	3431
ZM4	1610941	1610942	ZMO1574_peak_37	40704.2	ZM4	1609991	1609992	TSS_3550	.	+	950
ZM4	1636644	1636645	ZMO1574_peak_38	328.437	ZM4	1636761	1636762	TSS_3575	.	+	-117
ZM4	1748657	1748658	ZMO1574_peak_39	19.4956	ZM4	1748683	1748684	TSS_3804	.	+	-26
ZM4	1751769	1751770	ZMO1574_peak_40	7.54146	ZM4	1751658	1751659	TSS_3808	.	+	111
ZM4	1780325	1780326	ZMO1574_peak_41	609.696	ZM4	1780429	1780430	TSS_3907	.	+	-104
ZM4	1800625	1800626	ZMO1574_peak_42	23.0982	ZM4	1800736	1800737	TSS_3964	.	-	111
ZM4	1801957	1801958	ZMO1574_peak_43	25.0025	ZM4	1801999	1802000	TSS_3966	.	+	-42
ZM4	1860665	1860666	ZMO1574_peak_44	38.3522	ZM4	1860551	1860552	TSS_4093	.	-	-114
ZM4	1882313	1882314	ZMO1574_peak_45	60.1329	ZM4	1882292	1882293	TSS_4112	.	-	-21
ZM4	1893282	1893283	ZMO1574_peak_46	7.59388	ZM4	1893193	1893194	TSS_4139	.	-	-89
ZM4	1899519	1899520	ZMO1574_peak_47	129.495	ZM4	1895930	1895931	TSS_4141	.	-	-3589
ZM4	2032547	2032548	ZMO1574_peak_48	1120.93	ZM4	2033927	2033928	TSS_4406	.	-	1380
ZM4	2045843	2045844	ZMO1574_peak_49	2857.55	ZM4	2045899	2045900	TSS_4417	.	+	-56
ZM4	2046920	2046921	ZMO1574_peak_50	8.18434	ZM4	2045899	2045900	TSS_4417	.	+	1021
pZM33	12182	12183	ZMO1574_peak_51	17.5112	pZM33	13259	13260	TSS_4520	.	+	-1077
pZM39	1685	1686	ZMO1574_peak_52	360.346	pZM39	2634	2635	TSS_4612	.	+	-949
ZM4	2134	2135	ZMO1697_peak_1	25.5517	ZM4	12709	12710	TSS_0006	.	+	-10575
ZM4	2914	2915	ZMO1697_peak_2	26.3886	ZM4	12709	12710	TSS_0006	.	+	-9795
ZM4	5412	5413	ZMO1697_peak_3	38.4471	ZM4	12709	12710	TSS_0006	.	+	-7297
ZM4	6641	6642	ZMO1697_peak_4	21.0096	ZM4	12709	12710	TSS_0006	.	+	-6068
ZM4	11170	11171	ZMO1697_peak_5	2.27627	ZM4	12709	12710	TSS_0006	.	+	-1539
ZM4	13825	13826	ZMO1697_peak_6	21.8024	ZM4	14514	14515	TSS_0014	.	-	689
ZM4	19992	19993	ZMO1697_peak_7	13.5884	ZM4	21174	21175	TSS_0025	.	+	-1182
ZM4	21989	21990	ZMO1697_peak_8	15.3324	ZM4	21174	21175	TSS_0025	.	+	815
ZM4	25574	25575	ZMO1697_peak_9	20.8977	ZM4	26028	26029	TSS_0027	.	-	454
ZM4	30209	30210	ZMO1697_peak_10	9.56127	ZM4	29259	29260	TSS_0028	.	+	950
ZM4	40661	40662	ZMO1697_peak_11	43.6404	ZM4	40359	40360	TSS_0055	.	-	-302
ZM4	48684	48685	ZMO1697_peak_12	15.683	ZM4	50901	50902	TSS_0064	.	-	2217
ZM4	53163	53164	ZMO1697_peak_13	43.7066	ZM4	53469	53470	TSS_0068	.	-	306
ZM4	55465	55466	ZMO1697_peak_14	11.1849	ZM4	56515	56516	TSS_0071	.	-	1050
ZM4	57907	57908	ZMO1697_peak_15	14.4099	ZM4	57608	57609	TSS_0074	.	-	-299
ZM4	59010	59011	ZMO1697_peak_16	11.615	ZM4	60122	60123	TSS_0077	.	+	-1112
ZM4	60825	60826	ZMO1697_peak_17	32.272	ZM4	60183	60184	TSS_0078	.	+	642
ZM4	63372	63373	ZMO1697_peak_18	75.3796	ZM4	64871	64872	TSS_0082	.	-	1499
ZM4	69573	69574	ZMO1697_peak_19	42.0421	ZM4	69489	69490	TSS_0092	.	-	-84
ZM4	72258	72259	ZMO1697_peak_20	49.3374	ZM4	71485	71486	TSS_0095	.	-	-773
ZM4	77728	77729	ZMO1697_peak_21a	21.4107	ZM4	79614	79615	TSS_0101	.	-	1886
ZM4	77933	77934	ZMO1697_peak_21b	5.01955	ZM4	79614	79615	TSS_0101	.	-	1681
ZM4	78289	78290	ZMO1697_peak_22	48.4892	ZM4	79614	79615	TSS_0101	.	-	1325
ZM4	78719	78720	ZMO1697_peak_23	143.773	ZM4	79614	79615	TSS_0101	.	-	895
ZM4	79935	79936	ZMO1697_peak_24	20.8936	ZM4	79619	79620	TSS_0102	.	-	-316
ZM4	80598	80599	ZMO1697_peak_25	22.3961	ZM4	79619	79620	TSS_0102	.	-	-979
ZM4	80861	80862	ZMO1697_peak_26	47.1507	ZM4	79619	79620	TSS_0102	.	-	-1242
ZM4	95320	95321	ZMO1697_peak_27	27.67	ZM4	94651	94652	TSS_0124	.	-	-669
ZM4	95858	95859	ZMO1697_peak_28	264.857	ZM4	94651	94652	TSS_0124	.	-	-1207
ZM4	97556	97557	ZMO1697_peak_29	26.2289	ZM4	99594	99595	TSS_0136	.	+	-2038
ZM4	107231	107232	ZMO1697_peak_30	46.7418	ZM4	107521	107522	TSS_0147	.	+	-290
ZM4	109919	109920	ZMO1697_peak_31	32.7686	ZM4	110455	110456	TSS_0154	.	+	-536
ZM4	110531	110532	ZMO1697_peak_32	3.65897	ZM4	110458	110459	TSS_0156	.	+	73
ZM4	113718	113719	ZMO1697_peak_33	8.54032	ZM4	115697	115698	TSS_0163	.	-	1979
ZM4	116855	116856	ZMO1697_peak_34a	3.74684	ZM4	115697	115698	TSS_0163	.	-	-1158
ZM4	117079	117080	ZMO1697_peak_34b	3.96478	ZM4	118105	118106	TSS_0165	.	-	1026
ZM4	119690	119691	ZMO1697_peak_35	27.4498	ZM4	119236	119237	TSS_0172	.	-	-454
ZM4	120466	120467	ZMO1697_peak_36	30.1469	ZM4	119236	119237	TSS_0172	.	-	-1230
ZM4	125603	125604	ZMO1697_peak_37	41.1732	ZM4	124201	124202	TSS_0180	.	+	1402
ZM4	127743	127744	ZMO1697_peak_38	22.7923	ZM4	129849	129850	TSS_0193	.	-	2106
ZM4	137262	137263	ZMO1697_peak_39	14.565	ZM4	137247	137248	TSS_0201	.	-	-15
ZM4	140518	140519	ZMO1697_peak_40	10.4267	ZM4	140521	140522	TSS_0208	.	-	3
ZM4	143834	143835	ZMO1697_peak_41	44.5525	ZM4	143908	143909	TSS_0224	.	-	74
ZM4	147014	147015	ZMO1697_peak_42	52.5671	ZM4	146265	146266	TSS_0237	.	+	749
ZM4	147368	147369	ZMO1697_peak_43	25.0762	ZM4	146265	146266	TSS_0237	.	+	1103
ZM4	152460	152461	ZMO1697_peak_44	7.33987	ZM4	154079	154080	TSS_0262	.	-	1619
ZM4	153742	153743	ZMO1697_peak_45	42.5715	ZM4	154079	154080	TSS_0262	.	-	337
ZM4	155205	155206	ZMO1697_peak_46	170.916	ZM4	154101	154102	TSS_0265	.	+	1104
ZM4	156021	156022	ZMO1697_peak_47	56.7102	ZM4	157635	157636	TSS_0267	.	+	-1614
ZM4	159201	159202	ZMO1697_peak_48	12.6184	ZM4	160583	160584	TSS_0278	.	-	1382
ZM4	161676	161677	ZMO1697_peak_49a	135.687	ZM4	161621	161622	TSS_0288	.	-	-55
ZM4	161927	161928	ZMO1697_peak_49b	2.58192	ZM4	161767	161768	TSS_0289	.	+	160
ZM4	165087	165088	ZMO1697_peak_50	251.552	ZM4	165095	165096	TSS_0324	.	+	-8
ZM4	169292	169293	ZMO1697_peak_51	53.5123	ZM4	169279	169280	TSS_0331	.	-	-13
ZM4	178568	178569	ZMO1697_peak_52	14.7139	ZM4	181509	181510	TSS_0377	.	-	2941
ZM4	179110	179111	ZMO1697_peak_53a	20.3854	ZM4	181509	181510	TSS_0377	.	-	2399
ZM4	179197	179198	ZMO1697_peak_53b	14.2045	ZM4	181509	181510	TSS_0377	.	-	2312
ZM4	179747	179748	ZMO1697_peak_54	14.9347	ZM4	181509	181510	TSS_0377	.	-	1762
ZM4	181965	181966	ZMO1697_peak_55	68.5021	ZM4	181512	181513	TSS_0379	.	-	-453
ZM4	182727	182728	ZMO1697_peak_56	46.7019	ZM4	181512	181513	TSS_0379	.	-	-1215
ZM4	186030	186031	ZMO1697_peak_57a	2.94947	ZM4	185047	185048	TSS_0381	.	-	-983
ZM4	186219	186220	ZMO1697_peak_57b	78.3986	ZM4	185047	185048	TSS_0381	.	-	-1172
ZM4	190674	190675	ZMO1697_peak_58	41.4359	ZM4	189463	189464	TSS_0389	.	+	1211
ZM4	192156	192157	ZMO1697_peak_59	15.2239	ZM4	192450	192451	TSS_0392	.	+	-294
ZM4	194095	194096	ZMO1697_peak_60	14.8675	ZM4	194458	194459	TSS_0396	.	-	363
ZM4	194764	194765	ZMO1697_peak_61	9.23009	ZM4	194458	194459	TSS_0396	.	-	-306
ZM4	195180	195181	ZMO1697_peak_62	56.2929	ZM4	194458	194459	TSS_0396	.	-	-722
ZM4	197739	197740	ZMO1697_peak_63	29.8333	ZM4	197126	197127	TSS_0402	.	+	613
ZM4	199587	199588	ZMO1697_peak_64a	18.3667	ZM4	197126	197127	TSS_0402	.	+	2461
ZM4	199682	199683	ZMO1697_peak_64b	28.6234	ZM4	197126	197127	TSS_0402	.	+	2556
ZM4	199855	199856	ZMO1697_peak_64c	3.36934	ZM4	197126	197127	TSS_0402	.	+	2729
ZM4	204127	204128	ZMO1697_peak_65	136.586	ZM4	204111	204112	TSS_0407	.	-	-16
ZM4	206679	206680	ZMO1697_peak_66	19.2727	ZM4	205071	205072	TSS_0415	.	-	-1608
ZM4	207375	207376	ZMO1697_peak_67a	8.76586	ZM4	208720	208721	TSS_0417	.	-	1345
ZM4	207482	207483	ZMO1697_peak_67b	16.5006	ZM4	208720	208721	TSS_0417	.	-	1238
ZM4	207699	207700	ZMO1697_peak_67c	80.513	ZM4	208720	208721	TSS_0417	.	-	1021
ZM4	208391	208392	ZMO1697_peak_68	109.964	ZM4	208720	208721	TSS_0417	.	-	329
ZM4	212279	212280	ZMO1697_peak_69	54.2416	ZM4	210627	210628	TSS_0420	.	+	1652
ZM4	213341	213342	ZMO1697_peak_70	4.39529	ZM4	215739	215740	TSS_0421	.	+	-2398
ZM4	216762	216763	ZMO1697_peak_71	56.7244	ZM4	216845	216846	TSS_0429	.	+	-83
ZM4	217045	217046	ZMO1697_peak_72	3.88952	ZM4	216980	216981	TSS_0432	.	+	65
ZM4	220046	220047	ZMO1697_peak_73	13.5356	ZM4	219888	219889	TSS_0434	.	-	-158
ZM4	226043	226044	ZMO1697_peak_74	32.7675	ZM4	226866	226867	TSS_0440	.	+	-823
ZM4	228412	228413	ZMO1697_peak_75	38.0815	ZM4	228082	228083	TSS_0442	.	+	330
ZM4	236176	236177	ZMO1697_peak_76	14.1546	ZM4	236239	236240	TSS_0465	.	+	-63
ZM4	238140	238141	ZMO1697_peak_77	23.0176	ZM4	238508	238509	TSS_0469	.	+	-368
ZM4	239737	239738	ZMO1697_peak_78a	37.1771	ZM4	240931	240932	TSS_0471	.	-	1194
ZM4	239984	239985	ZMO1697_peak_78b	94.519	ZM4	240931	240932	TSS_0471	.	-	947
ZM4	245907	245908	ZMO1697_peak_79a	9.77386	ZM4	245089	245090	TSS_0500	.	+	818
ZM4	246078	246079	ZMO1697_peak_79b	9.58347	ZM4	245089	245090	TSS_0500	.	+	989
ZM4	246588	246589	ZMO1697_peak_80	31.2351	ZM4	245089	245090	TSS_0500	.	+	1499
ZM4	247268	247269	ZMO1697_peak_81	10.5876	ZM4	245089	245090	TSS_0500	.	+	2179
ZM4	248021	248022	ZMO1697_peak_82	31.3464	ZM4	245089	245090	TSS_0500	.	+	2932
ZM4	248331	248332	ZMO1697_peak_83	32.4805	ZM4	245089	245090	TSS_0500	.	+	3242
ZM4	248696	248697	ZMO1697_peak_84a	2.30045	ZM4	245089	245090	TSS_0500	.	+	3607
ZM4	248835	248836	ZMO1697_peak_84b	22.6648	ZM4	245089	245090	TSS_0500	.	+	3746
ZM4	249056	249057	ZMO1697_peak_84c	10.8188	ZM4	245089	245090	TSS_0500	.	+	3967
ZM4	249379	249380	ZMO1697_peak_85	99.8261	ZM4	245089	245090	TSS_0500	.	+	4290
ZM4	250120	250121	ZMO1697_peak_86a	3.76337	ZM4	245089	245090	TSS_0500	.	+	5031
ZM4	250231	250232	ZMO1697_peak_86b	6.68664	ZM4	245089	245090	TSS_0500	.	+	5142
ZM4	250436	250437	ZMO1697_peak_86c	387.644	ZM4	245089	245090	TSS_0500	.	+	5347
ZM4	251428	251429	ZMO1697_peak_87a	25.0767	ZM4	245089	245090	TSS_0500	.	+	6339
ZM4	251538	251539	ZMO1697_peak_87b	20.8269	ZM4	245089	245090	TSS_0500	.	+	6449
ZM4	252526	252527	ZMO1697_peak_88	20.7406	ZM4	259009	259010	TSS_0512	.	+	-6483
ZM4	252814	252815	ZMO1697_peak_89	2.85848	ZM4	259009	259010	TSS_0512	.	+	-6195
ZM4	253572	253573	ZMO1697_peak_90	154.905	ZM4	259009	259010	TSS_0512	.	+	-5437
ZM4	254777	254778	ZMO1697_peak_91	8.31868	ZM4	259009	259010	TSS_0512	.	+	-4232
ZM4	258548	258549	ZMO1697_peak_92a	18.4908	ZM4	259009	259010	TSS_0512	.	+	-461
ZM4	258709	258710	ZMO1697_peak_92b	5.93144	ZM4	259009	259010	TSS_0512	.	+	-300
ZM4	260548	260549	ZMO1697_peak_93	4.1842	ZM4	260896	260897	TSS_0519	.	+	-348
ZM4	267923	267924	ZMO1697_peak_94	83.8495	ZM4	267770	267771	TSS_0530	.	-	-153
ZM4	269892	269893	ZMO1697_peak_95	26.7854	ZM4	270955	270956	TSS_0534	.	-	1063
ZM4	276794	276795	ZMO1697_peak_96	374.082	ZM4	276580	276581	TSS_0538	.	+	214
ZM4	284968	284969	ZMO1697_peak_97	153.428	ZM4	284936	284937	TSS_0562	.	+	32
ZM4	288700	288701	ZMO1697_peak_98	4.80694	ZM4	286985	286986	TSS_0574	.	-	-1715
ZM4	290650	290651	ZMO1697_peak_99	12.1767	ZM4	293575	293576	TSS_0576	.	+	-2925
ZM4	294980	294981	ZMO1697_peak_100	8.56323	ZM4	294766	294767	TSS_0582	.	+	214
ZM4	295384	295385	ZMO1697_peak_101	10.7121	ZM4	295366	295367	TSS_0583	.	+	18
ZM4	300293	300294	ZMO1697_peak_102	73.8781	ZM4	300287	300288	TSS_0593	.	-	-6
ZM4	301392	301393	ZMO1697_peak_103	32.9967	ZM4	301158	301159	TSS_0595	.	+	234
ZM4	302267	302268	ZMO1697_peak_104	56.0761	ZM4	301158	301159	TSS_0595	.	+	1109
ZM4	307838	307839	ZMO1697_peak_105	39.3114	ZM4	310703	310704	TSS_0602	.	-	2865
ZM4	308850	308851	ZMO1697_peak_106	25.257	ZM4	310703	310704	TSS_0602	.	-	1853
ZM4	312522	312523	ZMO1697_peak_107	95.1969	ZM4	312500	312501	TSS_0603	.	+	22
ZM4	313236	313237	ZMO1697_peak_108	14.6969	ZM4	312500	312501	TSS_0603	.	+	736
ZM4	332201	332202	ZMO1697_peak_109a	37.1115	ZM4	332345	332346	TSS_0644	.	-	144
ZM4	332381	332382	ZMO1697_peak_109b	10.5459	ZM4	332383	332384	TSS_0646	.	-	2
ZM4	334093	334094	ZMO1697_peak_110a	10.5118	ZM4	334244	334245	TSS_0651	.	+	-151
ZM4	334270	334271	ZMO1697_peak_110b	40.668	ZM4	334246	334247	TSS_0652	.	+	24
ZM4	337414	337415	ZMO1697_peak_111	11.6741	ZM4	337929	337930	TSS_0656	.	-	515
ZM4	340211	340212	ZMO1697_peak_112	62.7518	ZM4	340218	340219	TSS_0664	.	+	-7
ZM4	340719	340720	ZMO1697_peak_113	15.0712	ZM4	340636	340637	TSS_0666	.	+	83
ZM4	350308	350309	ZMO1697_peak_114	14.4531	ZM4	351956	351957	TSS_0689	.	+	-1648
ZM4	352522	352523	ZMO1697_peak_115	30.8717	ZM4	352155	352156	TSS_0692	.	+	367
ZM4	356630	356631	ZMO1697_peak_116	91.2088	ZM4	357147	357148	TSS_0698	.	+	-517
ZM4	357237	357238	ZMO1697_peak_117	9.8086	ZM4	357222	357223	TSS_0700	.	+	15
ZM4	361337	361338	ZMO1697_peak_118	45.4054	ZM4	361997	361998	TSS_0709	.	+	-660
ZM4	364016	364017	ZMO1697_peak_119	40.0707	ZM4	363690	363691	TSS_0711	.	+	326
ZM4	365451	365452	ZMO1697_peak_120	158.127	ZM4	364911	364912	TSS_0713	.	+	540
ZM4	369604	369605	ZMO1697_peak_121	176.979	ZM4	370589	370590	TSS_0722	.	+	-985
ZM4	373634	373635	ZMO1697_peak_122	2.54885	ZM4	373645	373646	TSS_0750	.	+	-11
ZM4	377400	377401	ZMO1697_peak_123	227.396	ZM4	378389	378390	TSS_0771	.	+	-989
ZM4	378537	378538	ZMO1697_peak_124	32.8133	ZM4	378392	378393	TSS_0773	.	+	145
ZM4	383330	383331	ZMO1697_peak_125	13.5081	ZM4	385464	385465	TSS_0787	.	-	2134
ZM4	383784	383785	ZMO1697_peak_126	63.1271	ZM4	385464	385465	TSS_0787	.	-	1680
ZM4	384396	384397	ZMO1697_peak_127	15.8742	ZM4	385464	385465	TSS_0787	.	-	1068
ZM4	386773	386774	ZMO1697_peak_128	50.8371	ZM4	385497	385498	TSS_0790	.	-	-1276
ZM4	395144	395145	ZMO1697_peak_129	14.795	ZM4	397722	397723	TSS_0795	.	+	-2578
ZM4	396021	396022	ZMO1697_peak_130	20.8782	ZM4	397722	397723	TSS_0795	.	+	-1701
ZM4	396470	396471	ZMO1697_peak_131	52.6286	ZM4	397722	397723	TSS_0795	.	+	-1252
ZM4	399161	399162	ZMO1697_peak_132	14.5748	ZM4	397722	397723	TSS_0795	.	+	1439
ZM4	405749	405750	ZMO1697_peak_133	52.5929	ZM4	405797	405798	TSS_0803	.	-	48
ZM4	410414	410415	ZMO1697_peak_134	11.4019	ZM4	410669	410670	TSS_0814	.	+	-255
ZM4	412738	412739	ZMO1697_peak_135	59.4679	ZM4	411925	411926	TSS_0823	.	+	813
ZM4	415254	415255	ZMO1697_peak_136	43.745	ZM4	414258	414259	TSS_0825	.	+	996
ZM4	423276	423277	ZMO1697_peak_137	13.2916	ZM4	424989	424990	TSS_0836	.	-	1713
ZM4	423863	423864	ZMO1697_peak_138	11.6795	ZM4	424989	424990	TSS_0836	.	-	1126
ZM4	435779	435780	ZMO1697_peak_139	15.1385	ZM4	435595	435596	TSS_0859	.	-	-184
ZM4	442458	442459	ZMO1697_peak_140	12.7913	ZM4	441891	441892	TSS_0873	.	+	567
ZM4	443939	443940	ZMO1697_peak_141	13.9297	ZM4	441891	441892	TSS_0873	.	+	2048
ZM4	453813	453814	ZMO1697_peak_142	8.29924	ZM4	452669	452670	TSS_0910	.	+	1144
ZM4	456236	456237	ZMO1697_peak_143	25.0113	ZM4	457025	457026	TSS_0911	.	-	789
ZM4	459007	459008	ZMO1697_peak_144	12.6844	ZM4	459770	459771	TSS_0923	.	-	763
ZM4	464262	464263	ZMO1697_peak_145	9.47395	ZM4	464751	464752	TSS_0942	.	+	-489
ZM4	464876	464877	ZMO1697_peak_146	16.0312	ZM4	464940	464941	TSS_0943	.	-	64
ZM4	467266	467267	ZMO1697_peak_147	16.2939	ZM4	466854	466855	TSS_0950	.	-	-412
ZM4	472990	472991	ZMO1697_peak_148	5.27634	ZM4	472788	472789	TSS_0963	.	+	202
ZM4	475118	475119	ZMO1697_peak_149	9.42248	ZM4	476744	476745	TSS_0966	.	-	1626
ZM4	476309	476310	ZMO1697_peak_150	4.25167	ZM4	476744	476745	TSS_0966	.	-	435
ZM4	477087	477088	ZMO1697_peak_151	4.06655	ZM4	477010	477011	TSS_0971	.	-	-77
ZM4	479142	479143	ZMO1697_peak_152	53.7146	ZM4	479154	479155	TSS_0975	.	+	-12
ZM4	480874	480875	ZMO1697_peak_153a	56.7905	ZM4	479228	479229	TSS_0979	.	+	1646
ZM4	481121	481122	ZMO1697_peak_153b	2.03351	ZM4	479228	479229	TSS_0979	.	+	1893
ZM4	483505	483506	ZMO1697_peak_154	14.2808	ZM4	483504	483505	TSS_0990	.	-	-1
ZM4	484114	484115	ZMO1697_peak_155	37.8958	ZM4	483535	483536	TSS_0995	.	-	-579
ZM4	486011	486012	ZMO1697_peak_156	40.6688	ZM4	486014	486015	TSS_1005	.	+	-3
ZM4	495036	495037	ZMO1697_peak_157	5.42932	ZM4	497665	497666	TSS_1028	.	-	2629
ZM4	495660	495661	ZMO1697_peak_158	7.59509	ZM4	497665	497666	TSS_1028	.	-	2005
ZM4	497228	497229	ZMO1697_peak_159	71.4958	ZM4	497665	497666	TSS_1028	.	-	437
ZM4	498058	498059	ZMO1697_peak_160	14.4193	ZM4	498429	498430	TSS_1029	.	+	-371
ZM4	498474	498475	ZMO1697_peak_161a	3.3089	ZM4	498519	498520	TSS_1030	.	+	-45
ZM4	498474	498475	ZMO1697_peak_161a	3.3089	ZM4	498429	498430	TSS_1029	.	+	45
ZM4	498597	498598	ZMO1697_peak_161b	5.17781	ZM4	498519	498520	TSS_1030	.	+	78
ZM4	504542	504543	ZMO1697_peak_162	38.3216	ZM4	504334	504335	TSS_1041	.	+	208
ZM4	507949	507950	ZMO1697_peak_163	393.265	ZM4	509404	509405	TSS_1045	.	+	-1455
ZM4	509472	509473	ZMO1697_peak_164	9.49936	ZM4	509404	509405	TSS_1045	.	+	68
ZM4	514845	514846	ZMO1697_peak_165	8.29924	ZM4	515444	515445	TSS_1056	.	+	-599
ZM4	516711	516712	ZMO1697_peak_166	15.5078	ZM4	516633	516634	TSS_1073	.	+	78
ZM4	524773	524774	ZMO1697_peak_167	104.105	ZM4	524780	524781	TSS_1154	.	+	-7
ZM4	526637	526638	ZMO1697_peak_168a	4.00656	ZM4	526607	526608	TSS_1172	.	+	30
ZM4	526831	526832	ZMO1697_peak_168b	78.3107	ZM4	526889	526890	TSS_1176	.	+	-58
ZM4	527836	527837	ZMO1697_peak_169	11.693	ZM4	527862	527863	TSS_1179	.	+	-26
ZM4	537634	537635	ZMO1697_peak_170a	24.9864	ZM4	536068	536069	TSS_1235	.	+	1566
ZM4	537865	537866	ZMO1697_peak_170b	9.20998	ZM4	536068	536069	TSS_1235	.	+	1797
ZM4	538828	538829	ZMO1697_peak_171	14.1721	ZM4	536068	536069	TSS_1235	.	+	2760
ZM4	543547	543548	ZMO1697_peak_172	19.1637	ZM4	543526	543527	TSS_1287	.	-	-21
ZM4	544948	544949	ZMO1697_peak_173	26.1322	ZM4	544541	544542	TSS_1289	.	-	-407
ZM4	548799	548800	ZMO1697_peak_174	84.2269	ZM4	548633	548634	TSS_1304	.	-	-166
ZM4	553246	553247	ZMO1697_peak_175	32.9646	ZM4	553505	553506	TSS_1309	.	-	259
ZM4	556426	556427	ZMO1697_peak_176a	23.6395	ZM4	556627	556628	TSS_1327	.	-	201
ZM4	556610	556611	ZMO1697_peak_176b	26.844	ZM4	556627	556628	TSS_1327	.	-	17
ZM4	559133	559134	ZMO1697_peak_177	10.7197	ZM4	559230	559231	TSS_1328	.	+	-97
ZM4	560804	560805	ZMO1697_peak_178a	7.97679	ZM4	559230	559231	TSS_1328	.	+	1574
ZM4	561030	561031	ZMO1697_peak_178b	35.7979	ZM4	559230	559231	TSS_1328	.	+	1800
ZM4	571567	571568	ZMO1697_peak_179	40.6969	ZM4	571603	571604	TSS_1355	.	+	-36
ZM4	584297	584298	ZMO1697_peak_180	71.7837	ZM4	584085	584086	TSS_1377	.	-	-212
ZM4	590326	590327	ZMO1697_peak_181	199.347	ZM4	590371	590372	TSS_1381	.	-	45
ZM4	597272	597273	ZMO1697_peak_182	104.854	ZM4	596812	596813	TSS_1396	.	-	-460
ZM4	604326	604327	ZMO1697_peak_183	13.479	ZM4	603125	603126	TSS_1406	.	+	1201
ZM4	607225	607226	ZMO1697_peak_184	30.6444	ZM4	607071	607072	TSS_1410	.	-	-154
ZM4	607539	607540	ZMO1697_peak_185a	47.0489	ZM4	607071	607072	TSS_1410	.	-	-468
ZM4	607745	607746	ZMO1697_peak_185b	46.0737	ZM4	607071	607072	TSS_1410	.	-	-674
ZM4	612119	612120	ZMO1697_peak_186	2.62635	ZM4	612159	612160	TSS_1421	.	-	40
ZM4	612630	612631	ZMO1697_peak_187a	4.98633	ZM4	612589	612590	TSS_1424	.	-	-41
ZM4	612776	612777	ZMO1697_peak_187b	12.8723	ZM4	612724	612725	TSS_1425	.	-	-52
ZM4	612929	612930	ZMO1697_peak_187c	46.7948	ZM4	612724	612725	TSS_1425	.	-	-205
ZM4	613131	613132	ZMO1697_peak_187d	37.6231	ZM4	612724	612725	TSS_1425	.	-	-407
ZM4	613658	613659	ZMO1697_peak_188	14.0965	ZM4	614210	614211	TSS_1429	.	-	552
ZM4	614603	614604	ZMO1697_peak_189	50.5236	ZM4	614434	614435	TSS_1430	.	-	-169
ZM4	624024	624025	ZMO1697_peak_190	21.6823	ZM4	623558	623559	TSS_1449	.	+	466
ZM4	625633	625634	ZMO1697_peak_191a	2.61835	ZM4	625384	625385	TSS_1453	.	-	-249
ZM4	625818	625819	ZMO1697_peak_191b	86.6575	ZM4	625894	625895	TSS_1454	.	+	-76
ZM4	627557	627558	ZMO1697_peak_192a	115.874	ZM4	625945	625946	TSS_1456	.	+	1612
ZM4	627756	627757	ZMO1697_peak_192b	7.2028	ZM4	629308	629309	TSS_1459	.	+	-1552
ZM4	628139	628140	ZMO1697_peak_193	74.832	ZM4	629308	629309	TSS_1459	.	+	-1169
ZM4	632237	632238	ZMO1697_peak_194	25.5346	ZM4	632567	632568	TSS_1461	.	+	-330
ZM4	634829	634830	ZMO1697_peak_195a	145.895	ZM4	635196	635197	TSS_1465	.	+	-367
ZM4	635074	635075	ZMO1697_peak_195b	28.4189	ZM4	635196	635197	TSS_1465	.	+	-122
ZM4	637534	637535	ZMO1697_peak_196	19.0275	ZM4	637092	637093	TSS_1467	.	+	442
ZM4	638849	638850	ZMO1697_peak_197a	6.27685	ZM4	638856	638857	TSS_1469	.	+	-7
ZM4	639249	639250	ZMO1697_peak_197b	131.386	ZM4	638856	638857	TSS_1469	.	+	393
ZM4	642046	642047	ZMO1697_peak_198a	3.90105	ZM4	642444	642445	TSS_1475	.	+	-398
ZM4	642292	642293	ZMO1697_peak_198b	147.195	ZM4	642444	642445	TSS_1475	.	+	-152
ZM4	642633	642634	ZMO1697_peak_199	62.5154	ZM4	642643	642644	TSS_1477	.	+	-10
ZM4	643520	643521	ZMO1697_peak_200	2.38044	ZM4	642781	642782	TSS_1482	.	+	739
ZM4	644720	644721	ZMO1697_peak_201	15.0725	ZM4	644525	644526	TSS_1488	.	-	-195
ZM4	645865	645866	ZMO1697_peak_202	63.1453	ZM4	644525	644526	TSS_1488	.	-	-1340
ZM4	646121	646122	ZMO1697_peak_203	28.0054	ZM4	644525	644526	TSS_1488	.	-	-1596
ZM4	648949	648950	ZMO1697_peak_204a	16.3308	ZM4	648223	648224	TSS_1491	.	-	-726
ZM4	649170	649171	ZMO1697_peak_204b	5.08911	ZM4	648223	648224	TSS_1491	.	-	-947
ZM4	652683	652684	ZMO1697_peak_205	19.5972	ZM4	652673	652674	TSS_1496	.	+	10
ZM4	655849	655850	ZMO1697_peak_206	14.0965	ZM4	655078	655079	TSS_1506	.	+	771
ZM4	658954	658955	ZMO1697_peak_207	6.0534	ZM4	658785	658786	TSS_1514	.	+	169
ZM4	659769	659770	ZMO1697_peak_208	87.458	ZM4	659222	659223	TSS_1516	.	+	547
ZM4	662298	662299	ZMO1697_peak_209a	61.5622	ZM4	662313	662314	TSS_1518	.	+	-15
ZM4	662452	662453	ZMO1697_peak_209b	8.94848	ZM4	662435	662436	TSS_1520	.	+	17
ZM4	669486	669487	ZMO1697_peak_210	23.0734	ZM4	670330	670331	TSS_1544	.	-	844
ZM4	676187	676188	ZMO1697_peak_211	145.005	ZM4	678192	678193	TSS_1560	.	+	-2005
ZM4	677628	677629	ZMO1697_peak_212	3.54381	ZM4	678192	678193	TSS_1560	.	+	-564
ZM4	680064	680065	ZMO1697_peak_213	9.63535	ZM4	678246	678247	TSS_1561	.	+	1818
ZM4	680465	680466	ZMO1697_peak_214	31.6064	ZM4	678246	678247	TSS_1561	.	+	2219
ZM4	685912	685913	ZMO1697_peak_215	41.4366	ZM4	686349	686350	TSS_1568	.	-	437
ZM4	686645	686646	ZMO1697_peak_216	19.0712	ZM4	686355	686356	TSS_1569	.	-	-290
ZM4	688262	688263	ZMO1697_peak_217	51.0267	ZM4	687621	687622	TSS_1575	.	-	-641
ZM4	688688	688689	ZMO1697_peak_218	32.3398	ZM4	689513	689514	TSS_1576	.	-	825
ZM4	692142	692143	ZMO1697_peak_219	19.7408	ZM4	692242	692243	TSS_1582	.	-	100
ZM4	692665	692666	ZMO1697_peak_220	6.8053	ZM4	692733	692734	TSS_1584	.	-	68
ZM4	694502	694503	ZMO1697_peak_221	79.8722	ZM4	693748	693749	TSS_1591	.	-	-754
ZM4	701072	701073	ZMO1697_peak_222	4.19522	ZM4	699718	699719	TSS_1601	.	-	-1354
ZM4	702434	702435	ZMO1697_peak_223	119.889	ZM4	703888	703889	TSS_1602	.	-	1454
ZM4	707599	707600	ZMO1697_peak_224	37.6231	ZM4	707658	707659	TSS_1608	.	-	59
ZM4	728486	728487	ZMO1697_peak_225	2.17014	ZM4	727753	727754	TSS_1677	.	+	733
ZM4	729314	729315	ZMO1697_peak_226	30.2258	ZM4	727753	727754	TSS_1677	.	+	1561
ZM4	732329	732330	ZMO1697_peak_227	10.8383	ZM4	731609	731610	TSS_1685	.	+	720
ZM4	737597	737598	ZMO1697_peak_228	80.6504	ZM4	737297	737298	TSS_1702	.	-	-300
ZM4	742303	742304	ZMO1697_peak_229	79.8252	ZM4	742256	742257	TSS_1728	.	+	47
ZM4	744469	744470	ZMO1697_peak_230a	37.6231	ZM4	744285	744286	TSS_1731	.	+	184
ZM4	744631	744632	ZMO1697_peak_230b	11.1206	ZM4	744285	744286	TSS_1731	.	+	346
ZM4	749785	749786	ZMO1697_peak_231	26.558	ZM4	749710	749711	TSS_1751	.	-	-75
ZM4	753422	753423	ZMO1697_peak_232	18.0296	ZM4	751890	751891	TSS_1757	.	+	1532
ZM4	756320	756321	ZMO1697_peak_233	24.599	ZM4	757145	757146	TSS_1760	.	-	825
ZM4	760970	760971	ZMO1697_peak_234	32.7686	ZM4	760763	760764	TSS_1772	.	+	207
ZM4	762828	762829	ZMO1697_peak_235	116.539	ZM4	764204	764205	TSS_1779	.	+	-1376
ZM4	765851	765852	ZMO1697_peak_236	11.1206	ZM4	764204	764205	TSS_1779	.	+	1647
ZM4	766224	766225	ZMO1697_peak_237a	6.01058	ZM4	764204	764205	TSS_1779	.	+	2020
ZM4	766466	766467	ZMO1697_peak_237b	45.276	ZM4	764204	764205	TSS_1779	.	+	2262
ZM4	770839	770840	ZMO1697_peak_238	20.4932	ZM4	771418	771419	TSS_1786	.	+	-579
ZM4	784630	784631	ZMO1697_peak_239	24.9864	ZM4	784638	784639	TSS_1801	.	+	-8
ZM4	785166	785167	ZMO1697_peak_240	157.823	ZM4	784680	784681	TSS_1802	.	+	486
ZM4	786344	786345	ZMO1697_peak_241	45.588	ZM4	784680	784681	TSS_1802	.	+	1664
ZM4	787204	787205	ZMO1697_peak_242	18.0296	ZM4	784680	784681	TSS_1802	.	+	2524
ZM4	789251	789252	ZMO1697_peak_243a	30.2885	ZM4	792107	792108	TSS_1806	.	+	-2856
ZM4	789422	789423	ZMO1697_peak_243b	8.62164	ZM4	792107	792108	TSS_1806	.	+	-2685
ZM4	789721	789722	ZMO1697_peak_244	27.6204	ZM4	792107	792108	TSS_1806	.	+	-2386
ZM4	791886	791887	ZMO1697_peak_245	24.6182	ZM4	792107	792108	TSS_1806	.	+	-221
ZM4	792403	792404	ZMO1697_peak_246	5.19304	ZM4	792107	792108	TSS_1806	.	+	296
ZM4	797192	797193	ZMO1697_peak_247	81.2488	ZM4	797196	797197	TSS_1808	.	-	4
ZM4	798256	798257	ZMO1697_peak_248	21.9532	ZM4	797198	797199	TSS_1809	.	-	-1058
ZM4	798985	798986	ZMO1697_peak_249	7.498	ZM4	797198	797199	TSS_1809	.	-	-1787
ZM4	800771	800772	ZMO1697_peak_250	18.0296	ZM4	800835	800836	TSS_1810	.	-	64
ZM4	801645	801646	ZMO1697_peak_251	10.2826	ZM4	800836	800837	TSS_1811	.	-	-809
ZM4	803623	803624	ZMO1697_peak_252	28.9396	ZM4	800836	800837	TSS_1811	.	-	-2787
ZM4	806383	806384	ZMO1697_peak_253	42.2429	ZM4	810611	810612	TSS_1815	.	-	4228
ZM4	809463	809464	ZMO1697_peak_254	46.5603	ZM4	810611	810612	TSS_1815	.	-	1148
ZM4	811087	811088	ZMO1697_peak_255	23.0734	ZM4	810611	810612	TSS_1815	.	-	-476
ZM4	812406	812407	ZMO1697_peak_256	10.5594	ZM4	812943	812944	TSS_1816	.	-	537
ZM4	814816	814817	ZMO1697_peak_257	39.5245	ZM4	814346	814347	TSS_1818	.	-	-470
ZM4	818107	818108	ZMO1697_peak_258	55.3541	ZM4	817283	817284	TSS_1822	.	+	824
ZM4	822477	822478	ZMO1697_peak_259	8.18228	ZM4	820663	820664	TSS_1857	.	+	1814
ZM4	824497	824498	ZMO1697_peak_260a	4.91413	ZM4	824509	824510	TSS_1863	.	+	-12
ZM4	824692	824693	ZMO1697_peak_260b	235.899	ZM4	824565	824566	TSS_1866	.	+	127
ZM4	824973	824974	ZMO1697_peak_261a	7.2028	ZM4	825345	825346	TSS_1867	.	+	-372
ZM4	825132	825133	ZMO1697_peak_261b	47.5402	ZM4	825345	825346	TSS_1867	.	+	-213
ZM4	825594	825595	ZMO1697_peak_262	5.95238	ZM4	825345	825346	TSS_1867	.	+	249
ZM4	827307	827308	ZMO1697_peak_263	36.1818	ZM4	826778	826779	TSS_1868	.	+	529
ZM4	828801	828802	ZMO1697_peak_264	2.95125	ZM4	828701	828702	TSS_1871	.	+	100
ZM4	830266	830267	ZMO1697_peak_265a	38.5311	ZM4	831738	831739	TSS_1873	.	+	-1472
ZM4	830417	830418	ZMO1697_peak_265b	15.365	ZM4	831738	831739	TSS_1873	.	+	-1321
ZM4	830855	830856	ZMO1697_peak_266a	3.11679	ZM4	831738	831739	TSS_1873	.	+	-883
ZM4	830926	830927	ZMO1697_peak_266b	4.00656	ZM4	831738	831739	TSS_1873	.	+	-812
ZM4	836674	836675	ZMO1697_peak_267	7.2028	ZM4	831738	831739	TSS_1873	.	+	4936
ZM4	838229	838230	ZMO1697_peak_268	22.9623	ZM4	842246	842247	TSS_1877	.	+	-4017
ZM4	849361	849362	ZMO1697_peak_269	70.2723	ZM4	851610	851611	TSS_1897	.	+	-2249
ZM4	850748	850749	ZMO1697_peak_270	77.9364	ZM4	851610	851611	TSS_1897	.	+	-862
ZM4	852268	852269	ZMO1697_peak_271	7.93262	ZM4	851821	851822	TSS_1907	.	+	447
ZM4	853438	853439	ZMO1697_peak_272	14.2318	ZM4	853157	853158	TSS_1910	.	+	281
ZM4	854357	854358	ZMO1697_peak_273a	86.0296	ZM4	853157	853158	TSS_1910	.	+	1200
ZM4	854586	854587	ZMO1697_peak_273b	10.5594	ZM4	853157	853158	TSS_1910	.	+	1429
ZM4	854753	854754	ZMO1697_peak_273c	18.7218	ZM4	853157	853158	TSS_1910	.	+	1596
ZM4	855975	855976	ZMO1697_peak_274	15.6888	ZM4	858076	858077	TSS_1912	.	+	-2101
ZM4	857537	857538	ZMO1697_peak_275	18.5975	ZM4	858076	858077	TSS_1912	.	+	-539
ZM4	861386	861387	ZMO1697_peak_276	57.4098	ZM4	862488	862489	TSS_1919	.	+	-1102
ZM4	862479	862480	ZMO1697_peak_277	21.5319	ZM4	862488	862489	TSS_1919	.	+	-9
ZM4	866611	866612	ZMO1697_peak_278	52.9887	ZM4	866650	866651	TSS_1929	.	-	39
ZM4	868509	868510	ZMO1697_peak_279a	57.7283	ZM4	868592	868593	TSS_1930	.	-	83
ZM4	868718	868719	ZMO1697_peak_279b	21.9532	ZM4	868716	868717	TSS_1935	.	-	-2
ZM4	870824	870825	ZMO1697_peak_280	65.2614	ZM4	871328	871329	TSS_1939	.	+	-504
ZM4	871997	871998	ZMO1697_peak_281	31.4888	ZM4	871576	871577	TSS_1946	.	+	421
ZM4	873951	873952	ZMO1697_peak_282	37.6231	ZM4	873600	873601	TSS_1948	.	+	351
ZM4	878010	878011	ZMO1697_peak_283	51.5732	ZM4	877979	877980	TSS_1958	.	+	31
ZM4	883224	883225	ZMO1697_peak_284	12.8723	ZM4	883194	883195	TSS_1963	.	+	30
ZM4	883774	883775	ZMO1697_peak_285	30.1782	ZM4	883194	883195	TSS_1963	.	+	580
ZM4	884770	884771	ZMO1697_peak_286	152.726	ZM4	885260	885261	TSS_1965	.	+	-490
ZM4	893488	893489	ZMO1697_peak_287	16.6761	ZM4	893129	893130	TSS_1990	.	-	-359
ZM4	897777	897778	ZMO1697_peak_288	21.7172	ZM4	896865	896866	TSS_2001	.	-	-912
ZM4	898260	898261	ZMO1697_peak_289	20.8546	ZM4	899111	899112	TSS_2003	.	-	851
ZM4	900424	900425	ZMO1697_peak_290	28.5745	ZM4	901168	901169	TSS_2006	.	-	744
ZM4	901215	901216	ZMO1697_peak_291	12.8723	ZM4	901173	901174	TSS_2008	.	-	-42
ZM4	901564	901565	ZMO1697_peak_292	3.82165	ZM4	901378	901379	TSS_2011	.	-	-186
ZM4	903724	903725	ZMO1697_peak_293a	3.28755	ZM4	901378	901379	TSS_2011	.	-	-2346
ZM4	903867	903868	ZMO1697_peak_293b	18.0296	ZM4	906229	906230	TSS_2013	.	-	2362
ZM4	905505	905506	ZMO1697_peak_294	44.623	ZM4	906229	906230	TSS_2013	.	-	724
ZM4	906405	906406	ZMO1697_peak_295	29.0674	ZM4	906229	906230	TSS_2013	.	-	-176
ZM4	909560	909561	ZMO1697_peak_296	6.0534	ZM4	909738	909739	TSS_2023	.	+	-178
ZM4	910640	910641	ZMO1697_peak_297	12.277	ZM4	909738	909739	TSS_2023	.	+	902
ZM4	912071	912072	ZMO1697_peak_298	14.7254	ZM4	914345	914346	TSS_2025	.	-	2274
ZM4	913129	913130	ZMO1697_peak_299a	3.11679	ZM4	914345	914346	TSS_2025	.	-	1216
ZM4	913315	913316	ZMO1697_peak_299b	15.6888	ZM4	914345	914346	TSS_2025	.	-	1030
ZM4	915883	915884	ZMO1697_peak_300	16.8994	ZM4	915918	915919	TSS_2026	.	-	35
ZM4	916223	916224	ZMO1697_peak_301	2.57988	ZM4	916224	916225	TSS_2028	.	-	1
ZM4	918191	918192	ZMO1697_peak_302	35.8313	ZM4	919274	919275	TSS_2030	.	-	1083
ZM4	918464	918465	ZMO1697_peak_303	28.1666	ZM4	919274	919275	TSS_2030	.	-	810
ZM4	919345	919346	ZMO1697_peak_304	58.6373	ZM4	919306	919307	TSS_2031	.	+	39
ZM4	921875	921876	ZMO1697_peak_305	3.63998	ZM4	919422	919423	TSS_2032	.	+	2453
ZM4	925733	925734	ZMO1697_peak_306	19.7429	ZM4	926039	926040	TSS_2045	.	-	306
ZM4	927400	927401	ZMO1697_peak_307	137.746	ZM4	927121	927122	TSS_2054	.	-	-279
ZM4	930371	930372	ZMO1697_peak_308a	28.9838	ZM4	931469	931470	TSS_2060	.	-	1098
ZM4	930580	930581	ZMO1697_peak_308b	436.571	ZM4	931469	931470	TSS_2060	.	-	889
ZM4	930842	930843	ZMO1697_peak_308c	8.43477	ZM4	931469	931470	TSS_2060	.	-	627
ZM4	931361	931362	ZMO1697_peak_309	1.33579	ZM4	931469	931470	TSS_2060	.	-	108
ZM4	932426	932427	ZMO1697_peak_310a	6.52972	ZM4	932435	932436	TSS_2063	.	-	9
ZM4	932627	932628	ZMO1697_peak_310b	51.567	ZM4	932566	932567	TSS_2068	.	+	61
ZM4	933112	933113	ZMO1697_peak_311a	3.11679	ZM4	932566	932567	TSS_2068	.	+	546
ZM4	933286	933287	ZMO1697_peak_311b	7.44266	ZM4	932566	932567	TSS_2068	.	+	720
ZM4	933931	933932	ZMO1697_peak_312	27.7612	ZM4	934326	934327	TSS_2070	.	+	-395
ZM4	934279	934280	ZMO1697_peak_313a	5.40253	ZM4	934326	934327	TSS_2070	.	+	-47
ZM4	934498	934499	ZMO1697_peak_313b	4.58408	ZM4	934591	934592	TSS_2071	.	+	-93
ZM4	936274	936275	ZMO1697_peak_314	24.599	ZM4	936642	936643	TSS_2077	.	+	-368
ZM4	940486	940487	ZMO1697_peak_315	22.6887	ZM4	938778	938779	TSS_2085	.	+	1708
ZM4	941069	941070	ZMO1697_peak_316	2.95144	ZM4	938778	938779	TSS_2085	.	+	2291
ZM4	944699	944700	ZMO1697_peak_317	19.7408	ZM4	945338	945339	TSS_2088	.	-	639
ZM4	945326	945327	ZMO1697_peak_318	21.8557	ZM4	945338	945339	TSS_2088	.	-	12
ZM4	953336	953337	ZMO1697_peak_319	15.0437	ZM4	954142	954143	TSS_2106	.	-	806
ZM4	954060	954061	ZMO1697_peak_320	23.4512	ZM4	954142	954143	TSS_2106	.	-	82
ZM4	955235	955236	ZMO1697_peak_321	24.2513	ZM4	954996	954997	TSS_2109	.	-	-239
ZM4	963957	963958	ZMO1697_peak_322	55.6748	ZM4	964162	964163	TSS_2119	.	-	205
ZM4	968507	968508	ZMO1697_peak_323	28.9838	ZM4	968524	968525	TSS_2143	.	+	-17
ZM4	969985	969986	ZMO1697_peak_324a	12.5732	ZM4	968979	968980	TSS_2147	.	+	1006
ZM4	970166	970167	ZMO1697_peak_324b	2.64897	ZM4	968979	968980	TSS_2147	.	+	1187
ZM4	972714	972715	ZMO1697_peak_325	73.3872	ZM4	972262	972263	TSS_2153	.	-	-452
ZM4	974900	974901	ZMO1697_peak_326	10.8383	ZM4	974364	974365	TSS_2157	.	+	536
ZM4	975410	975411	ZMO1697_peak_327	5.03307	ZM4	974364	974365	TSS_2157	.	+	1046
ZM4	978259	978260	ZMO1697_peak_328	6.19231	ZM4	977944	977945	TSS_2160	.	+	315
ZM4	980329	980330	ZMO1697_peak_329	3.9685	ZM4	980358	980359	TSS_2164	.	-	29
ZM4	981718	981719	ZMO1697_peak_330	24.599	ZM4	981745	981746	TSS_2174	.	+	-27
ZM4	984541	984542	ZMO1697_peak_331	10.0102	ZM4	984710	984711	TSS_2178	.	+	-169
ZM4	984772	984773	ZMO1697_peak_332	21.9532	ZM4	984710	984711	TSS_2178	.	+	62
ZM4	989797	989798	ZMO1697_peak_333	24.599	ZM4	989699	989700	TSS_2182	.	+	98
ZM4	993010	993011	ZMO1697_peak_334	24.2147	ZM4	992908	992909	TSS_2189	.	+	102
ZM4	998244	998245	ZMO1697_peak_335	7.66522	ZM4	996722	996723	TSS_2196	.	+	1522
ZM4	998670	998671	ZMO1697_peak_336	12.5732	ZM4	1000352	1000353	TSS_2197	.	-	1682
ZM4	1006893	1006894	ZMO1697_peak_337	4.98633	ZM4	1005664	1005665	TSS_2204	.	-	-1229
ZM4	1011880	1011881	ZMO1697_peak_338	43.666	ZM4	1012360	1012361	TSS_2228	.	-	480
ZM4	1013254	1013255	ZMO1697_peak_339	12.951	ZM4	1013254	1013255	TSS_2233	.	-	0
ZM4	1019513	1019514	ZMO1697_peak_340	22.3243	ZM4	1020047	1020048	TSS_2259	.	+	-534
ZM4	1020307	1020308	ZMO1697_peak_341	52.0084	ZM4	1020047	1020048	TSS_2259	.	+	260
ZM4	1022618	1022619	ZMO1697_peak_342	4.98633	ZM4	1021550	1021551	TSS_2261	.	+	1068
ZM4	1028258	1028259	ZMO1697_peak_343	31.9133	ZM4	1027989	1027990	TSS_2276	.	+	269
ZM4	1033918	1033919	ZMO1697_peak_344a	50.5236	ZM4	1034259	1034260	TSS_2290	.	-	341
ZM4	1034061	1034062	ZMO1697_peak_344b	5.83289	ZM4	1034259	1034260	TSS_2290	.	-	198
ZM4	1034767	1034768	ZMO1697_peak_345	29.8094	ZM4	1034596	1034597	TSS_2293	.	-	-171
ZM4	1042646	1042647	ZMO1697_peak_346	10.3124	ZM4	1042612	1042613	TSS_2312	.	+	34
ZM4	1043523	1043524	ZMO1697_peak_347	213.112	ZM4	1042612	1042613	TSS_2312	.	+	911
ZM4	1045926	1045927	ZMO1697_peak_348	37.1726	ZM4	1046066	1046067	TSS_2317	.	+	-140
ZM4	1048974	1048975	ZMO1697_peak_349	17.3477	ZM4	1048782	1048783	TSS_2320	.	+	192
ZM4	1049513	1049514	ZMO1697_peak_350	25.7675	ZM4	1048782	1048783	TSS_2320	.	+	731
ZM4	1049784	1049785	ZMO1697_peak_351a	24.599	ZM4	1048782	1048783	TSS_2320	.	+	1002
ZM4	1050008	1050009	ZMO1697_peak_351b	16.3443	ZM4	1050833	1050834	TSS_2325	.	-	825
ZM4	1054798	1054799	ZMO1697_peak_352	15.94	ZM4	1054772	1054773	TSS_2347	.	-	-26
ZM4	1055562	1055563	ZMO1697_peak_353	3.51535	ZM4	1055307	1055308	TSS_2351	.	+	255
ZM4	1056186	1056187	ZMO1697_peak_354a	1.88535	ZM4	1055307	1055308	TSS_2351	.	+	879
ZM4	1056343	1056344	ZMO1697_peak_354b	55.4342	ZM4	1055307	1055308	TSS_2351	.	+	1036
ZM4	1056524	1056525	ZMO1697_peak_354c	217.973	ZM4	1055307	1055308	TSS_2351	.	+	1217
ZM4	1056721	1056722	ZMO1697_peak_354d	10.5946	ZM4	1055307	1055308	TSS_2351	.	+	1414
ZM4	1057460	1057461	ZMO1697_peak_355	11.1206	ZM4	1055307	1055308	TSS_2351	.	+	2153
ZM4	1058235	1058236	ZMO1697_peak_356	88.7888	ZM4	1055307	1055308	TSS_2351	.	+	2928
ZM4	1060250	1060251	ZMO1697_peak_357	23.4512	ZM4	1061294	1061295	TSS_2358	.	+	-1044
ZM4	1060711	1060712	ZMO1697_peak_358	22.6975	ZM4	1061294	1061295	TSS_2358	.	+	-583
ZM4	1062374	1062375	ZMO1697_peak_359	51.0267	ZM4	1061345	1061346	TSS_2360	.	+	1029
ZM4	1063544	1063545	ZMO1697_peak_360	20.2666	ZM4	1063532	1063533	TSS_2366	.	-	-12
ZM4	1063962	1063963	ZMO1697_peak_361	21.5851	ZM4	1063726	1063727	TSS_2368	.	+	236
ZM4	1080125	1080126	ZMO1697_peak_362	15.124	ZM4	1078511	1078512	TSS_2392	.	+	1614
ZM4	1083390	1083391	ZMO1697_peak_363	760.106	ZM4	1083368	1083369	TSS_2419	.	-	-22
ZM4	1087719	1087720	ZMO1697_peak_364	15.0437	ZM4	1087196	1087197	TSS_2425	.	+	523
ZM4	1093835	1093836	ZMO1697_peak_365a	33.6337	ZM4	1094581	1094582	TSS_2437	.	+	-746
ZM4	1094009	1094010	ZMO1697_peak_365b	24.599	ZM4	1094581	1094582	TSS_2437	.	+	-572
ZM4	1096217	1096218	ZMO1697_peak_366	8.18228	ZM4	1094581	1094582	TSS_2437	.	+	1636
ZM4	1097793	1097794	ZMO1697_peak_367	6.96615	ZM4	1098695	1098696	TSS_2439	.	+	-902
ZM4	1098646	1098647	ZMO1697_peak_368	13.479	ZM4	1098695	1098696	TSS_2439	.	+	-49
ZM4	1099964	1099965	ZMO1697_peak_369	28.1666	ZM4	1100847	1100848	TSS_2442	.	+	-883
ZM4	1100250	1100251	ZMO1697_peak_370	15.0437	ZM4	1100847	1100848	TSS_2442	.	+	-597
ZM4	1101176	1101177	ZMO1697_peak_371	39.9084	ZM4	1101310	1101311	TSS_2445	.	+	-134
ZM4	1107407	1107408	ZMO1697_peak_372	21.9532	ZM4	1107819	1107820	TSS_2449	.	+	-412
ZM4	1108946	1108947	ZMO1697_peak_373	23.3733	ZM4	1107819	1107820	TSS_2449	.	+	1127
ZM4	1117416	1117417	ZMO1697_peak_374	132.865	ZM4	1115701	1115702	TSS_2457	.	-	-1715
ZM4	1121600	1121601	ZMO1697_peak_375	38.0765	ZM4	1122157	1122158	TSS_2462	.	-	557
ZM4	1123707	1123708	ZMO1697_peak_376	40.8365	ZM4	1124611	1124612	TSS_2464	.	+	-904
ZM4	1127124	1127125	ZMO1697_peak_377	43.819	ZM4	1127127	1127128	TSS_2486	.	-	3
ZM4	1133366	1133367	ZMO1697_peak_378	50.0232	ZM4	1132918	1132919	TSS_2507	.	+	448
ZM4	1135551	1135552	ZMO1697_peak_379	33.6337	ZM4	1132918	1132919	TSS_2507	.	+	2633
ZM4	1137001	1137002	ZMO1697_peak_380	13.7866	ZM4	1139181	1139182	TSS_2512	.	+	-2180
ZM4	1140138	1140139	ZMO1697_peak_381	65.8118	ZM4	1140919	1140920	TSS_2513	.	-	781
ZM4	1142762	1142763	ZMO1697_peak_382	12.277	ZM4	1143217	1143218	TSS_2518	.	-	455
ZM4	1146095	1146096	ZMO1697_peak_383	64.1655	ZM4	1145490	1145491	TSS_2522	.	-	-605
ZM4	1146442	1146443	ZMO1697_peak_384	11.1206	ZM4	1146950	1146951	TSS_2523	.	-	508
ZM4	1155001	1155002	ZMO1697_peak_385	68.99	ZM4	1154644	1154645	TSS_2540	.	-	-357
ZM4	1161659	1161660	ZMO1697_peak_386	169.674	ZM4	1160414	1160415	TSS_2569	.	+	1245
ZM4	1162279	1162280	ZMO1697_peak_387	41.7448	ZM4	1163348	1163349	TSS_2573	.	-	1069
ZM4	1164442	1164443	ZMO1697_peak_388	29.2078	ZM4	1164717	1164718	TSS_2575	.	-	275
ZM4	1166380	1166381	ZMO1697_peak_389	13.479	ZM4	1166349	1166350	TSS_2581	.	-	-31
ZM4	1167187	1167188	ZMO1697_peak_390	48.0338	ZM4	1166496	1166497	TSS_2584	.	-	-691
ZM4	1173557	1173558	ZMO1697_peak_391	26.1615	ZM4	1173741	1173742	TSS_2594	.	-	184
ZM4	1176324	1176325	ZMO1697_peak_392	29.8094	ZM4	1176433	1176434	TSS_2606	.	-	109
ZM4	1178505	1178506	ZMO1697_peak_393	19.5098	ZM4	1179384	1179385	TSS_2621	.	-	879
ZM4	1179040	1179041	ZMO1697_peak_394	16.5708	ZM4	1179384	1179385	TSS_2621	.	-	344
ZM4	1180959	1180960	ZMO1697_peak_395	38.7476	ZM4	1180956	1180957	TSS_2628	.	+	3
ZM4	1186233	1186234	ZMO1697_peak_396	24.2343	ZM4	1186734	1186735	TSS_2637	.	-	501
ZM4	1188809	1188810	ZMO1697_peak_397	138.448	ZM4	1189129	1189130	TSS_2641	.	+	-320
ZM4	1197179	1197180	ZMO1697_peak_398	4.00656	ZM4	1197158	1197159	TSS_2653	.	-	-21
ZM4	1200647	1200648	ZMO1697_peak_399	22.7435	ZM4	1199518	1199519	TSS_2661	.	-	-1129
ZM4	1202361	1202362	ZMO1697_peak_400	9.73734	ZM4	1202368	1202369	TSS_2665	.	-	7
ZM4	1206458	1206459	ZMO1697_peak_401	20.8241	ZM4	1208006	1208007	TSS_2673	.	-	1548
ZM4	1208024	1208025	ZMO1697_peak_402	28.2372	ZM4	1208024	1208025	TSS_2674	.	-	0
ZM4	1208765	1208766	ZMO1697_peak_403a	4.01254	ZM4	1208971	1208972	TSS_2679	.	+	-206
ZM4	1208948	1208949	ZMO1697_peak_403b	10.5404	ZM4	1208971	1208972	TSS_2679	.	+	-23
ZM4	1210670	1210671	ZMO1697_peak_404a	4.29264	ZM4	1211854	1211855	TSS_2681	.	-	1184
ZM4	1210824	1210825	ZMO1697_peak_404b	28.8827	ZM4	1211854	1211855	TSS_2681	.	-	1030
ZM4	1212846	1212847	ZMO1697_peak_405a	9.52133	ZM4	1212228	1212229	TSS_2686	.	+	618
ZM4	1213044	1213045	ZMO1697_peak_405b	457.066	ZM4	1212228	1212229	TSS_2686	.	+	816
ZM4	1224606	1224607	ZMO1697_peak_406	34.1921	ZM4	1225593	1225594	TSS_2694	.	+	-987
ZM4	1226318	1226319	ZMO1697_peak_407	16.0154	ZM4	1226918	1226919	TSS_2697	.	+	-600
ZM4	1229088	1229089	ZMO1697_peak_408	26.1615	ZM4	1230397	1230398	TSS_2702	.	-	1309
ZM4	1230082	1230083	ZMO1697_peak_409	11.3088	ZM4	1230397	1230398	TSS_2702	.	-	315
ZM4	1232310	1232311	ZMO1697_peak_410	12.0163	ZM4	1232253	1232254	TSS_2708	.	+	57
ZM4	1234973	1234974	ZMO1697_peak_411a	4.2725	ZM4	1236263	1236264	TSS_2716	.	-	1290
ZM4	1235131	1235132	ZMO1697_peak_411b	3.63998	ZM4	1236263	1236264	TSS_2716	.	-	1132
ZM4	1235858	1235859	ZMO1697_peak_412	2.19003	ZM4	1236263	1236264	TSS_2716	.	-	405
ZM4	1243040	1243041	ZMO1697_peak_413	5.83289	ZM4	1242350	1242351	TSS_2753	.	+	690
ZM4	1244285	1244286	ZMO1697_peak_414	14.5152	ZM4	1244428	1244429	TSS_2755	.	+	-143
ZM4	1247603	1247604	ZMO1697_peak_415a	4.80325	ZM4	1247585	1247586	TSS_2766	.	-	-18
ZM4	1247712	1247713	ZMO1697_peak_415b	15.6888	ZM4	1247655	1247656	TSS_2768	.	-	-57
ZM4	1252317	1252318	ZMO1697_peak_416	2.94947	ZM4	1253138	1253139	TSS_2793	.	-	821
ZM4	1253227	1253228	ZMO1697_peak_417	78.8953	ZM4	1253138	1253139	TSS_2793	.	-	-89
ZM4	1254227	1254228	ZMO1697_peak_418	15.5634	ZM4	1254064	1254065	TSS_2800	.	-	-163
ZM4	1255486	1255487	ZMO1697_peak_419	34.5068	ZM4	1255857	1255858	TSS_2803	.	+	-371
ZM4	1256573	1256574	ZMO1697_peak_420	210.495	ZM4	1255857	1255858	TSS_2803	.	+	716
ZM4	1261556	1261557	ZMO1697_peak_421	63.6195	ZM4	1261555	1261556	TSS_2808	.	-	-1
ZM4	1266703	1266704	ZMO1697_peak_422	16.0154	ZM4	1265996	1265997	TSS_2848	.	-	-707
ZM4	1267908	1267909	ZMO1697_peak_423	28.2002	ZM4	1267613	1267614	TSS_2849	.	+	295
ZM4	1269416	1269417	ZMO1697_peak_424	21.475	ZM4	1268345	1268346	TSS_2851	.	+	1071
ZM4	1269782	1269783	ZMO1697_peak_425a	18.3029	ZM4	1270888	1270889	TSS_2852	.	-	1106
ZM4	1269987	1269988	ZMO1697_peak_425b	52.5666	ZM4	1270888	1270889	TSS_2852	.	-	901
ZM4	1277956	1277957	ZMO1697_peak_426	26.4271	ZM4	1278786	1278787	TSS_2859	.	+	-830
ZM4	1278553	1278554	ZMO1697_peak_427	5.45804	ZM4	1278786	1278787	TSS_2859	.	+	-233
ZM4	1282662	1282663	ZMO1697_peak_428	2.70493	ZM4	1283501	1283502	TSS_2860	.	+	-839
ZM4	1283619	1283620	ZMO1697_peak_429	20.2925	ZM4	1283501	1283502	TSS_2860	.	+	118
ZM4	1286189	1286190	ZMO1697_peak_430	78.8953	ZM4	1286232	1286233	TSS_2863	.	-	43
ZM4	1286872	1286873	ZMO1697_peak_431a	4.98633	ZM4	1286733	1286734	TSS_2869	.	+	139
ZM4	1287052	1287053	ZMO1697_peak_431b	4.98633	ZM4	1286733	1286734	TSS_2869	.	+	319
ZM4	1291506	1291507	ZMO1697_peak_432	4.00656	ZM4	1292464	1292465	TSS_2883	.	-	958
ZM4	1299549	1299550	ZMO1697_peak_433	9.47395	ZM4	1297477	1297478	TSS_2904	.	+	2072
ZM4	1300137	1300138	ZMO1697_peak_434	5.61623	ZM4	1302227	1302228	TSS_2906	.	-	2090
ZM4	1301087	1301088	ZMO1697_peak_435	5.79825	ZM4	1302227	1302228	TSS_2906	.	-	1140
ZM4	1310243	1310244	ZMO1697_peak_436a	9.56211	ZM4	1311230	1311231	TSS_2940	.	-	987
ZM4	1310448	1310449	ZMO1697_peak_436b	101.505	ZM4	1311230	1311231	TSS_2940	.	-	782
ZM4	1310790	1310791	ZMO1697_peak_437	165.648	ZM4	1311230	1311231	TSS_2940	.	-	440
ZM4	1311529	1311530	ZMO1697_peak_438a	12.9082	ZM4	1311230	1311231	TSS_2940	.	-	-299
ZM4	1311658	1311659	ZMO1697_peak_438b	9.63128	ZM4	1311230	1311231	TSS_2940	.	-	-428
ZM4	1313194	1313195	ZMO1697_peak_439a	24.0411	ZM4	1312979	1312980	TSS_2943	.	+	215
ZM4	1313328	1313329	ZMO1697_peak_439b	29.647	ZM4	1312979	1312980	TSS_2943	.	+	349
ZM4	1315246	1315247	ZMO1697_peak_440	48.1469	ZM4	1315308	1315309	TSS_2945	.	+	-62
ZM4	1315595	1315596	ZMO1697_peak_441	16.9293	ZM4	1315843	1315844	TSS_2947	.	+	-248
ZM4	1316409	1316410	ZMO1697_peak_442a	3.80414	ZM4	1316003	1316004	TSS_2951	.	+	406
ZM4	1316671	1316672	ZMO1697_peak_442b	13.2536	ZM4	1316003	1316004	TSS_2951	.	+	668
ZM4	1318484	1318485	ZMO1697_peak_443	16.7793	ZM4	1316003	1316004	TSS_2951	.	+	2481
ZM4	1320044	1320045	ZMO1697_peak_444	50.2277	ZM4	1322319	1322320	TSS_2955	.	-	2275
ZM4	1322317	1322318	ZMO1697_peak_445	86.5695	ZM4	1322319	1322320	TSS_2955	.	-	2
ZM4	1326892	1326893	ZMO1697_peak_446	35.388	ZM4	1327375	1327376	TSS_2967	.	+	-483
ZM4	1327357	1327358	ZMO1697_peak_447a	161.784	ZM4	1327375	1327376	TSS_2967	.	+	-18
ZM4	1327694	1327695	ZMO1697_peak_447b	19.6754	ZM4	1327671	1327672	TSS_2972	.	+	23
ZM4	1334598	1334599	ZMO1697_peak_448	40.3249	ZM4	1334504	1334505	TSS_2982	.	-	-94
ZM4	1335413	1335414	ZMO1697_peak_449	50.5236	ZM4	1335874	1335875	TSS_2983	.	-	461
ZM4	1339452	1339453	ZMO1697_peak_450	30.6444	ZM4	1340073	1340074	TSS_2987	.	-	621
ZM4	1345432	1345433	ZMO1697_peak_451	15.3058	ZM4	1345427	1345428	TSS_3001	.	+	5
ZM4	1348821	1348822	ZMO1697_peak_452	83.599	ZM4	1348166	1348167	TSS_3016	.	+	655
ZM4	1349714	1349715	ZMO1697_peak_453	19.6212	ZM4	1348166	1348167	TSS_3016	.	+	1548
ZM4	1356756	1356757	ZMO1697_peak_454	5.04822	ZM4	1358472	1358473	TSS_3032	.	-	1716
ZM4	1370753	1370754	ZMO1697_peak_455a	29.8094	ZM4	1370733	1370734	TSS_3087	.	-	-20
ZM4	1370952	1370953	ZMO1697_peak_455b	13.4901	ZM4	1371021	1371022	TSS_3096	.	-	69
ZM4	1372738	1372739	ZMO1697_peak_456	20.8546	ZM4	1371021	1371022	TSS_3096	.	-	-1717
ZM4	1376036	1376037	ZMO1697_peak_457	111.907	ZM4	1376031	1376032	TSS_3107	.	-	-5
ZM4	1385021	1385022	ZMO1697_peak_458	60.3014	ZM4	1384517	1384518	TSS_3135	.	+	504
ZM4	1388999	1389000	ZMO1697_peak_459	54.1917	ZM4	1388128	1388129	TSS_3143	.	+	871
ZM4	1389572	1389573	ZMO1697_peak_460	29.3556	ZM4	1388128	1388129	TSS_3143	.	+	1444
ZM4	1389884	1389885	ZMO1697_peak_461	21.1465	ZM4	1388128	1388129	TSS_3143	.	+	1756
ZM4	1391850	1391851	ZMO1697_peak_462	10.7869	ZM4	1395415	1395416	TSS_3155	.	-	3565
ZM4	1398637	1398638	ZMO1697_peak_463	139.029	ZM4	1398314	1398315	TSS_3157	.	+	323
ZM4	1402172	1402173	ZMO1697_peak_464	6.48474	ZM4	1401423	1401424	TSS_3161	.	+	749
ZM4	1403284	1403285	ZMO1697_peak_465	11.693	ZM4	1404133	1404134	TSS_3163	.	-	849
ZM4	1404951	1404952	ZMO1697_peak_466	100.632	ZM4	1404249	1404250	TSS_3164	.	+	702
ZM4	1407403	1407404	ZMO1697_peak_467	46.7382	ZM4	1409018	1409019	TSS_3170	.	+	-1615
ZM4	1410895	1410896	ZMO1697_peak_468	4.45663	ZM4	1409050	1409051	TSS_3171	.	-	-1845
ZM4	1412511	1412512	ZMO1697_peak_469	1.61572	ZM4	1413024	1413025	TSS_3173	.	-	513
ZM4	1412971	1412972	ZMO1697_peak_470	4.13586	ZM4	1413024	1413025	TSS_3173	.	-	53
ZM4	1418085	1418086	ZMO1697_peak_471	145.349	ZM4	1418109	1418110	TSS_3184	.	-	24
ZM4	1419119	1419120	ZMO1697_peak_472	17.0105	ZM4	1419108	1419109	TSS_3186	.	-	-11
ZM4	1420906	1420907	ZMO1697_peak_473	9.47395	ZM4	1420890	1420891	TSS_3191	.	-	-16
ZM4	1425930	1425931	ZMO1697_peak_474	11.9257	ZM4	1425903	1425904	TSS_3216	.	+	27
ZM4	1428130	1428131	ZMO1697_peak_475	18.3587	ZM4	1427735	1427736	TSS_3224	.	-	-395
ZM4	1429678	1429679	ZMO1697_peak_476	39.4476	ZM4	1429639	1429640	TSS_3229	.	+	39
ZM4	1432000	1432001	ZMO1697_peak_477	13.0365	ZM4	1432209	1432210	TSS_3232	.	-	209
ZM4	1433198	1433199	ZMO1697_peak_478	240.864	ZM4	1432209	1432210	TSS_3232	.	-	-989
ZM4	1437155	1437156	ZMO1697_peak_479	19.4232	ZM4	1437690	1437691	TSS_3234	.	-	535
ZM4	1440411	1440412	ZMO1697_peak_480	36.5435	ZM4	1440794	1440795	TSS_3236	.	+	-383
ZM4	1444553	1444554	ZMO1697_peak_481	9.95966	ZM4	1444544	1444545	TSS_3242	.	+	9
ZM4	1448795	1448796	ZMO1697_peak_482a	5.51292	ZM4	1448803	1448804	TSS_3247	.	-	8
ZM4	1448959	1448960	ZMO1697_peak_482b	27.085	ZM4	1448803	1448804	TSS_3247	.	-	-156
ZM4	1451096	1451097	ZMO1697_peak_483a	33.0544	ZM4	1451208	1451209	TSS_3251	.	-	112
ZM4	1451266	1451267	ZMO1697_peak_483b	21.0935	ZM4	1451208	1451209	TSS_3251	.	-	-58
ZM4	1452692	1452693	ZMO1697_peak_484	203.027	ZM4	1453174	1453175	TSS_3252	.	-	482
ZM4	1454023	1454024	ZMO1697_peak_485	26.1615	ZM4	1453252	1453253	TSS_3253	.	-	-771
ZM4	1455487	1455488	ZMO1697_peak_486	30.2591	ZM4	1456147	1456148	TSS_3254	.	-	660
ZM4	1455910	1455911	ZMO1697_peak_487	11.9838	ZM4	1456147	1456148	TSS_3254	.	-	237
ZM4	1456269	1456270	ZMO1697_peak_488	206.022	ZM4	1456331	1456332	TSS_3256	.	-	62
ZM4	1458715	1458716	ZMO1697_peak_489	5.93801	ZM4	1458639	1458640	TSS_3257	.	-	-76
ZM4	1461098	1461099	ZMO1697_peak_490	140.689	ZM4	1462045	1462046	TSS_3264	.	-	947
ZM4	1462065	1462066	ZMO1697_peak_491	21.2429	ZM4	1462045	1462046	TSS_3264	.	-	-20
ZM4	1462763	1462764	ZMO1697_peak_492	230.891	ZM4	1462045	1462046	TSS_3264	.	-	-718
ZM4	1466158	1466159	ZMO1697_peak_493a	8.55399	ZM4	1466925	1466926	TSS_3269	.	-	767
ZM4	1466312	1466313	ZMO1697_peak_493b	20.0091	ZM4	1466925	1466926	TSS_3269	.	-	613
ZM4	1466889	1466890	ZMO1697_peak_494	22.2009	ZM4	1466925	1466926	TSS_3269	.	-	36
ZM4	1467186	1467187	ZMO1697_peak_495	57.8116	ZM4	1467079	1467080	TSS_3270	.	+	107
ZM4	1468856	1468857	ZMO1697_peak_496	39.9997	ZM4	1468913	1468914	TSS_3272	.	-	57
ZM4	1469330	1469331	ZMO1697_peak_497	24.8797	ZM4	1468913	1468914	TSS_3272	.	-	-417
ZM4	1472276	1472277	ZMO1697_peak_498	16.607	ZM4	1473707	1473708	TSS_3273	.	-	1431
ZM4	1472683	1472684	ZMO1697_peak_499	18.1746	ZM4	1473707	1473708	TSS_3273	.	-	1024
ZM4	1473419	1473420	ZMO1697_peak_500a	1.40266	ZM4	1473707	1473708	TSS_3273	.	-	288
ZM4	1473495	1473496	ZMO1697_peak_500b	4.06049	ZM4	1473707	1473708	TSS_3273	.	-	212
ZM4	1477986	1477987	ZMO1697_peak_501	29.2279	ZM4	1476000	1476001	TSS_3276	.	+	1986
ZM4	1478944	1478945	ZMO1697_peak_502	26.1427	ZM4	1480998	1480999	TSS_3279	.	-	2054
ZM4	1479792	1479793	ZMO1697_peak_503a	84.4832	ZM4	1480998	1480999	TSS_3279	.	-	1206
ZM4	1479941	1479942	ZMO1697_peak_503b	4.92732	ZM4	1480998	1480999	TSS_3279	.	-	1057
ZM4	1480194	1480195	ZMO1697_peak_503c	69.9208	ZM4	1480998	1480999	TSS_3279	.	-	804
ZM4	1480419	1480420	ZMO1697_peak_503d	52.671	ZM4	1480998	1480999	TSS_3279	.	-	579
ZM4	1482512	1482513	ZMO1697_peak_504	12.7549	ZM4	1480998	1480999	TSS_3279	.	-	-1514
ZM4	1486332	1486333	ZMO1697_peak_505	10.9482	ZM4	1486364	1486365	TSS_3284	.	-	32
ZM4	1488112	1488113	ZMO1697_peak_506	42.2772	ZM4	1489121	1489122	TSS_3290	.	+	-1009
ZM4	1489376	1489377	ZMO1697_peak_507a	10.9736	ZM4	1489121	1489122	TSS_3290	.	+	255
ZM4	1489508	1489509	ZMO1697_peak_507b	3.68936	ZM4	1489121	1489122	TSS_3290	.	+	387
ZM4	1489654	1489655	ZMO1697_peak_507c	12.7323	ZM4	1489121	1489122	TSS_3290	.	+	533
ZM4	1489918	1489919	ZMO1697_peak_508	65.0038	ZM4	1489121	1489122	TSS_3290	.	+	797
ZM4	1494974	1494975	ZMO1697_peak_509	16.3213	ZM4	1494144	1494145	TSS_3296	.	-	-830
ZM4	1495510	1495511	ZMO1697_peak_510	69.2161	ZM4	1495871	1495872	TSS_3298	.	+	-361
ZM4	1500279	1500280	ZMO1697_peak_511	14.5338	ZM4	1500148	1500149	TSS_3302	.	+	131
ZM4	1505767	1505768	ZMO1697_peak_512	77.1603	ZM4	1505529	1505530	TSS_3319	.	-	-238
ZM4	1506137	1506138	ZMO1697_peak_513	11.6116	ZM4	1505529	1505530	TSS_3319	.	-	-608
ZM4	1508765	1508766	ZMO1697_peak_514	19.8171	ZM4	1505529	1505530	TSS_3319	.	-	-3236
ZM4	1517266	1517267	ZMO1697_peak_515	105.72	ZM4	1517267	1517268	TSS_3345	.	+	-1
ZM4	1517648	1517649	ZMO1697_peak_516a	1.67379	ZM4	1517576	1517577	TSS_3368	.	-	-72
ZM4	1517822	1517823	ZMO1697_peak_516b	17.4894	ZM4	1517997	1517998	TSS_3369	.	+	-175
ZM4	1518160	1518161	ZMO1697_peak_517a	10.4184	ZM4	1518162	1518163	TSS_3371	.	+	-2
ZM4	1518366	1518367	ZMO1697_peak_517b	65.1927	ZM4	1518240	1518241	TSS_3374	.	+	126
ZM4	1520173	1520174	ZMO1697_peak_518	43.7126	ZM4	1518240	1518241	TSS_3374	.	+	1933
ZM4	1520800	1520801	ZMO1697_peak_519	10.1324	ZM4	1522124	1522125	TSS_3380	.	-	1324
ZM4	1526455	1526456	ZMO1697_peak_520	7.94405	ZM4	1527045	1527046	TSS_3390	.	-	590
ZM4	1528320	1528321	ZMO1697_peak_521	7.83961	ZM4	1527693	1527694	TSS_3394	.	-	-627
ZM4	1529494	1529495	ZMO1697_peak_522	66.5501	ZM4	1531066	1531067	TSS_3395	.	-	1572
ZM4	1530581	1530582	ZMO1697_peak_523a	39.9084	ZM4	1531066	1531067	TSS_3395	.	-	485
ZM4	1530802	1530803	ZMO1697_peak_523b	100.273	ZM4	1531066	1531067	TSS_3395	.	-	264
ZM4	1531061	1531062	ZMO1697_peak_523c	51.5324	ZM4	1531066	1531067	TSS_3395	.	-	5
ZM4	1531236	1531237	ZMO1697_peak_523d	5.50276	ZM4	1531154	1531155	TSS_3396	.	+	82
ZM4	1537057	1537058	ZMO1697_peak_524	144.623	ZM4	1536286	1536287	TSS_3408	.	+	771
ZM4	1538109	1538110	ZMO1697_peak_525	382.742	ZM4	1536286	1536287	TSS_3408	.	+	1823
ZM4	1539262	1539263	ZMO1697_peak_526	25.8927	ZM4	1536286	1536287	TSS_3408	.	+	2976
ZM4	1543170	1543171	ZMO1697_peak_527	71.7935	ZM4	1543125	1543126	TSS_3414	.	-	-45
ZM4	1543490	1543491	ZMO1697_peak_528	11.3646	ZM4	1543477	1543478	TSS_3420	.	-	-13
ZM4	1547563	1547564	ZMO1697_peak_529a	16.9989	ZM4	1547344	1547345	TSS_3443	.	+	219
ZM4	1547759	1547760	ZMO1697_peak_529b	146.583	ZM4	1547344	1547345	TSS_3443	.	+	415
ZM4	1548701	1548702	ZMO1697_peak_530	38.7986	ZM4	1547344	1547345	TSS_3443	.	+	1357
ZM4	1549843	1549844	ZMO1697_peak_531	15.0006	ZM4	1550719	1550720	TSS_3456	.	+	-876
ZM4	1550401	1550402	ZMO1697_peak_532	56.2377	ZM4	1550719	1550720	TSS_3456	.	+	-318
ZM4	1552993	1552994	ZMO1697_peak_533	113.329	ZM4	1550719	1550720	TSS_3456	.	+	2274
ZM4	1556201	1556202	ZMO1697_peak_534	11.1206	ZM4	1550719	1550720	TSS_3456	.	+	5482
ZM4	1558876	1558877	ZMO1697_peak_535	35.8313	ZM4	1562901	1562902	TSS_3466	.	-	4025
ZM4	1560337	1560338	ZMO1697_peak_536	18.0296	ZM4	1562901	1562902	TSS_3466	.	-	2564
ZM4	1565798	1565799	ZMO1697_peak_537	43.6695	ZM4	1565803	1565804	TSS_3481	.	+	-5
ZM4	1575521	1575522	ZMO1697_peak_538	23.2615	ZM4	1576170	1576171	TSS_3499	.	+	-649
ZM4	1582887	1582888	ZMO1697_peak_539	12.8723	ZM4	1583161	1583162	TSS_3516	.	+	-274
ZM4	1589279	1589280	ZMO1697_peak_540a	2.02605	ZM4	1588942	1588943	TSS_3522	.	+	337
ZM4	1589422	1589423	ZMO1697_peak_540b	4.98633	ZM4	1588942	1588943	TSS_3522	.	+	480
ZM4	1589714	1589715	ZMO1697_peak_541	64.1212	ZM4	1590449	1590450	TSS_3523	.	+	-735
ZM4	1594231	1594232	ZMO1697_peak_542	17.3865	ZM4	1594299	1594300	TSS_3528	.	+	-68
ZM4	1595412	1595413	ZMO1697_peak_543a	248.419	ZM4	1594539	1594540	TSS_3531	.	+	873
ZM4	1595654	1595655	ZMO1697_peak_543b	11.9905	ZM4	1594539	1594540	TSS_3531	.	+	1115
ZM4	1597399	1597400	ZMO1697_peak_544	73.434	ZM4	1597152	1597153	TSS_3540	.	+	247
ZM4	1599201	1599202	ZMO1697_peak_545	111.907	ZM4	1597152	1597153	TSS_3540	.	+	2049
ZM4	1599830	1599831	ZMO1697_peak_546	4.98633	ZM4	1597152	1597153	TSS_3540	.	+	2678
ZM4	1602897	1602898	ZMO1697_peak_547	18.8521	ZM4	1604521	1604522	TSS_3543	.	-	1624
ZM4	1603902	1603903	ZMO1697_peak_548	81.6065	ZM4	1604521	1604522	TSS_3543	.	-	619
ZM4	1605932	1605933	ZMO1697_peak_549	22.2744	ZM4	1605088	1605089	TSS_3545	.	+	844
ZM4	1614021	1614022	ZMO1697_peak_550	42.243	ZM4	1609991	1609992	TSS_3550	.	+	4030
ZM4	1619063	1619064	ZMO1697_peak_551	30.5518	ZM4	1620985	1620986	TSS_3553	.	+	-1922
ZM4	1619581	1619582	ZMO1697_peak_552	9.02068	ZM4	1620985	1620986	TSS_3553	.	+	-1404
ZM4	1626864	1626865	ZMO1697_peak_553	74.0141	ZM4	1627080	1627081	TSS_3564	.	+	-216
ZM4	1630386	1630387	ZMO1697_peak_554	51.57	ZM4	1627080	1627081	TSS_3564	.	+	3306
ZM4	1631159	1631160	ZMO1697_peak_555	9.81956	ZM4	1633836	1633837	TSS_3567	.	-	2677
ZM4	1632148	1632149	ZMO1697_peak_556	9.1595	ZM4	1633836	1633837	TSS_3567	.	-	1688
ZM4	1636378	1636379	ZMO1697_peak_557	59.2919	ZM4	1636761	1636762	TSS_3575	.	+	-383
ZM4	1637896	1637897	ZMO1697_peak_558	6.45989	ZM4	1638361	1638362	TSS_3584	.	+	-465
ZM4	1639956	1639957	ZMO1697_peak_559	2.9692	ZM4	1638523	1638524	TSS_3587	.	+	1433
ZM4	1643505	1643506	ZMO1697_peak_560	18.7747	ZM4	1643384	1643385	TSS_3590	.	+	121
ZM4	1645425	1645426	ZMO1697_peak_561	6.88344	ZM4	1645062	1645063	TSS_3594	.	+	363
ZM4	1645845	1645846	ZMO1697_peak_562	9.52683	ZM4	1646256	1646257	TSS_3595	.	+	-411
ZM4	1648365	1648366	ZMO1697_peak_563a	76.0753	ZM4	1648656	1648657	TSS_3598	.	-	291
ZM4	1648638	1648639	ZMO1697_peak_563b	26.8285	ZM4	1648656	1648657	TSS_3598	.	-	18
ZM4	1649238	1649239	ZMO1697_peak_564a	42.4537	ZM4	1648656	1648657	TSS_3598	.	-	-582
ZM4	1649397	1649398	ZMO1697_peak_564b	8.09362	ZM4	1648656	1648657	TSS_3598	.	-	-741
ZM4	1649533	1649534	ZMO1697_peak_564c	3.15381	ZM4	1648656	1648657	TSS_3598	.	-	-877
ZM4	1652761	1652762	ZMO1697_peak_565	53.5707	ZM4	1652499	1652500	TSS_3603	.	-	-262
ZM4	1653088	1653089	ZMO1697_peak_566	6.96615	ZM4	1653272	1653273	TSS_3605	.	-	184
ZM4	1653793	1653794	ZMO1697_peak_567	26.0336	ZM4	1653805	1653806	TSS_3627	.	+	-12
ZM4	1655029	1655030	ZMO1697_peak_568	26.9948	ZM4	1655015	1655016	TSS_3630	.	+	14
ZM4	1655686	1655687	ZMO1697_peak_569a	14.0965	ZM4	1655015	1655016	TSS_3630	.	+	671
ZM4	1655847	1655848	ZMO1697_peak_569b	15.6888	ZM4	1655015	1655016	TSS_3630	.	+	832
ZM4	1656504	1656505	ZMO1697_peak_570	16.0154	ZM4	1657278	1657279	TSS_3633	.	-	774
ZM4	1670695	1670696	ZMO1697_peak_571	11.6408	ZM4	1671640	1671641	TSS_3666	.	+	-945
ZM4	1674702	1674703	ZMO1697_peak_572	23.8637	ZM4	1676953	1676954	TSS_3667	.	-	2251
ZM4	1675189	1675190	ZMO1697_peak_573	35.1994	ZM4	1676953	1676954	TSS_3667	.	-	1764
ZM4	1675830	1675831	ZMO1697_peak_574a	11.7958	ZM4	1676953	1676954	TSS_3667	.	-	1123
ZM4	1676020	1676021	ZMO1697_peak_574b	11.8571	ZM4	1676953	1676954	TSS_3667	.	-	933
ZM4	1679718	1679719	ZMO1697_peak_575	12.709	ZM4	1679692	1679693	TSS_3672	.	-	-26
ZM4	1680993	1680994	ZMO1697_peak_576	7.71599	ZM4	1681798	1681799	TSS_3673	.	-	805
ZM4	1681732	1681733	ZMO1697_peak_577	17.3633	ZM4	1681798	1681799	TSS_3673	.	-	66
ZM4	1685512	1685513	ZMO1697_peak_578	16.9396	ZM4	1685495	1685496	TSS_3688	.	+	17
ZM4	1687554	1687555	ZMO1697_peak_579	20.4932	ZM4	1687584	1687585	TSS_3697	.	-	30
ZM4	1687866	1687867	ZMO1697_peak_580	21.5322	ZM4	1687584	1687585	TSS_3697	.	-	-282
ZM4	1691283	1691284	ZMO1697_peak_581	23.3067	ZM4	1691109	1691110	TSS_3700	.	+	174
ZM4	1692300	1692301	ZMO1697_peak_582	4.1306	ZM4	1691109	1691110	TSS_3700	.	+	1191
ZM4	1696665	1696666	ZMO1697_peak_583	60.7191	ZM4	1696589	1696590	TSS_3708	.	+	76
ZM4	1698907	1698908	ZMO1697_peak_584	36.2303	ZM4	1697872	1697873	TSS_3716	.	+	1035
ZM4	1708533	1708534	ZMO1697_peak_585	81.0019	ZM4	1708737	1708738	TSS_3741	.	+	-204
ZM4	1708856	1708857	ZMO1697_peak_586a	35.759	ZM4	1708737	1708738	TSS_3741	.	+	119
ZM4	1709052	1709053	ZMO1697_peak_586b	2.5775	ZM4	1708737	1708738	TSS_3741	.	+	315
ZM4	1715198	1715199	ZMO1697_peak_587	1.80858	ZM4	1715213	1715214	TSS_3747	.	+	-15
ZM4	1716316	1716317	ZMO1697_peak_588	68.4706	ZM4	1716807	1716808	TSS_3748	.	+	-491
ZM4	1717200	1717201	ZMO1697_peak_589	36.0134	ZM4	1716982	1716983	TSS_3752	.	+	218
ZM4	1717602	1717603	ZMO1697_peak_590	21.9515	ZM4	1716982	1716983	TSS_3752	.	+	620
ZM4	1720653	1720654	ZMO1697_peak_591	57.2913	ZM4	1720787	1720788	TSS_3758	.	-	134
ZM4	1722835	1722836	ZMO1697_peak_592	16.6734	ZM4	1722499	1722500	TSS_3762	.	+	336
ZM4	1725595	1725596	ZMO1697_peak_593	3.23995	ZM4	1725645	1725646	TSS_3765	.	-	50
ZM4	1730241	1730242	ZMO1697_peak_594	24.6072	ZM4	1730155	1730156	TSS_3769	.	+	86
ZM4	1735038	1735039	ZMO1697_peak_595	12.2696	ZM4	1734703	1734704	TSS_3772	.	+	335
ZM4	1736700	1736701	ZMO1697_peak_596	55.432	ZM4	1738113	1738114	TSS_3774	.	-	1413
ZM4	1741552	1741553	ZMO1697_peak_597	33.7121	ZM4	1742054	1742055	TSS_3782	.	+	-502
ZM4	1742425	1742426	ZMO1697_peak_598	16.6043	ZM4	1742186	1742187	TSS_3784	.	+	239
ZM4	1744636	1744637	ZMO1697_peak_599a	8.18254	ZM4	1746747	1746748	TSS_3787	.	-	2111
ZM4	1744745	1744746	ZMO1697_peak_599b	14.5862	ZM4	1746747	1746748	TSS_3787	.	-	2002
ZM4	1745429	1745430	ZMO1697_peak_600a	97.7716	ZM4	1746747	1746748	TSS_3787	.	-	1318
ZM4	1745643	1745644	ZMO1697_peak_600b	203.676	ZM4	1746747	1746748	TSS_3787	.	-	1104
ZM4	1746610	1746611	ZMO1697_peak_601	39.0366	ZM4	1746747	1746748	TSS_3787	.	-	137
ZM4	1747133	1747134	ZMO1697_peak_602	5.3852	ZM4	1747080	1747081	TSS_3799	.	-	-53
ZM4	1748711	1748712	ZMO1697_peak_603	1792.38	ZM4	1748683	1748684	TSS_3804	.	+	28
ZM4	1754092	1754093	ZMO1697_peak_604	16.4575	ZM4	1752975	1752976	TSS_3809	.	-	-1117
ZM4	1755698	1755699	ZMO1697_peak_605	27.7214	ZM4	1755577	1755578	TSS_3816	.	+	121
ZM4	1756605	1756606	ZMO1697_peak_606	9.81894	ZM4	1755577	1755578	TSS_3816	.	+	1028
ZM4	1761758	1761759	ZMO1697_peak_607	8.57406	ZM4	1761090	1761091	TSS_3831	.	+	668
ZM4	1763724	1763725	ZMO1697_peak_608	223.793	ZM4	1763734	1763735	TSS_3835	.	-	10
ZM4	1765749	1765750	ZMO1697_peak_609	33.1661	ZM4	1765873	1765874	TSS_3850	.	-	124
ZM4	1772918	1772919	ZMO1697_peak_610a	61.6822	ZM4	1772877	1772878	TSS_3885	.	-	-41
ZM4	1773021	1773022	ZMO1697_peak_610b	41.4262	ZM4	1772877	1772878	TSS_3885	.	-	-144
ZM4	1774806	1774807	ZMO1697_peak_611	56.7091	ZM4	1775004	1775005	TSS_3887	.	-	198
ZM4	1776902	1776903	ZMO1697_peak_612	2.98401	ZM4	1776972	1776973	TSS_3891	.	-	70
ZM4	1777392	1777393	ZMO1697_peak_613	63.2981	ZM4	1776972	1776973	TSS_3891	.	-	-420
ZM4	1779159	1779160	ZMO1697_peak_614	9.86709	ZM4	1779145	1779146	TSS_3897	.	-	-14
ZM4	1781157	1781158	ZMO1697_peak_615	18.7772	ZM4	1780429	1780430	TSS_3907	.	+	728
ZM4	1782643	1782644	ZMO1697_peak_616a	78.6782	ZM4	1783917	1783918	TSS_3909	.	-	1274
ZM4	1782820	1782821	ZMO1697_peak_616b	9.41636	ZM4	1783917	1783918	TSS_3909	.	-	1097
ZM4	1783079	1783080	ZMO1697_peak_616c	5.53149	ZM4	1783917	1783918	TSS_3909	.	-	838
ZM4	1783906	1783907	ZMO1697_peak_617a	21.9921	ZM4	1783917	1783918	TSS_3909	.	-	11
ZM4	1784102	1784103	ZMO1697_peak_617b	68.6595	ZM4	1784117	1784118	TSS_3912	.	-	15
ZM4	1786829	1786830	ZMO1697_peak_618	16.1843	ZM4	1787439	1787440	TSS_3915	.	-	610
ZM4	1794603	1794604	ZMO1697_peak_619	23.8909	ZM4	1794544	1794545	TSS_3928	.	+	59
ZM4	1796263	1796264	ZMO1697_peak_620	139.102	ZM4	1796927	1796928	TSS_3931	.	+	-664
ZM4	1796954	1796955	ZMO1697_peak_621	93.7783	ZM4	1796945	1796946	TSS_3939	.	+	9
ZM4	1806381	1806382	ZMO1697_peak_622	34.925	ZM4	1807385	1807386	TSS_3975	.	+	-1004
ZM4	1807593	1807594	ZMO1697_peak_623	40.2807	ZM4	1807607	1807608	TSS_3976	.	+	-14
ZM4	1812125	1812126	ZMO1697_peak_624	7.03322	ZM4	1812433	1812434	TSS_3981	.	-	308
ZM4	1812649	1812650	ZMO1697_peak_625a	5.45804	ZM4	1812784	1812785	TSS_3982	.	-	135
ZM4	1812759	1812760	ZMO1697_peak_625b	9.31676	ZM4	1812784	1812785	TSS_3982	.	-	25
ZM4	1816465	1816466	ZMO1697_peak_626	41.3182	ZM4	1816476	1816477	TSS_3989	.	-	11
ZM4	1818481	1818482	ZMO1697_peak_627	11.9429	ZM4	1817955	1817956	TSS_3992	.	-	-526
ZM4	1820039	1820040	ZMO1697_peak_628	31.6223	ZM4	1819949	1819950	TSS_3995	.	-	-90
ZM4	1820736	1820737	ZMO1697_peak_629	33.8772	ZM4	1820819	1820820	TSS_3998	.	+	-83
ZM4	1823961	1823962	ZMO1697_peak_630	59.8151	ZM4	1823956	1823957	TSS_4003	.	+	5
ZM4	1824888	1824889	ZMO1697_peak_631	14.616	ZM4	1823956	1823957	TSS_4003	.	+	932
ZM4	1825863	1825864	ZMO1697_peak_632	62.3941	ZM4	1826464	1826465	TSS_4004	.	-	601
ZM4	1826698	1826699	ZMO1697_peak_633	6.22593	ZM4	1826504	1826505	TSS_4005	.	-	-194
ZM4	1829817	1829818	ZMO1697_peak_634	22.5937	ZM4	1827380	1827381	TSS_4024	.	-	-2437
ZM4	1830236	1830237	ZMO1697_peak_635	49.3344	ZM4	1827380	1827381	TSS_4024	.	-	-2856
ZM4	1831968	1831969	ZMO1697_peak_636	45.8756	ZM4	1834544	1834545	TSS_4033	.	+	-2576
ZM4	1842920	1842921	ZMO1697_peak_637	37.3806	ZM4	1842683	1842684	TSS_4069	.	+	237
ZM4	1844829	1844830	ZMO1697_peak_638	9.19071	ZM4	1845713	1845714	TSS_4076	.	-	884
ZM4	1847037	1847038	ZMO1697_peak_639	115.487	ZM4	1846317	1846318	TSS_4084	.	+	720
ZM4	1849208	1849209	ZMO1697_peak_640	9.54641	ZM4	1849012	1849013	TSS_4085	.	-	-196
ZM4	1850597	1850598	ZMO1697_peak_641	58.7632	ZM4	1849748	1849749	TSS_4086	.	-	-849
ZM4	1850911	1850912	ZMO1697_peak_642	14.0569	ZM4	1849748	1849749	TSS_4086	.	-	-1163
ZM4	1851319	1851320	ZMO1697_peak_643	8.29233	ZM4	1849748	1849749	TSS_4086	.	-	-1571
ZM4	1851696	1851697	ZMO1697_peak_644	2.19726	ZM4	1849748	1849749	TSS_4086	.	-	-1948
ZM4	1852494	1852495	ZMO1697_peak_645	38.5271	ZM4	1855211	1855212	TSS_4087	.	-	2717
ZM4	1853033	1853034	ZMO1697_peak_646	10.9791	ZM4	1855211	1855212	TSS_4087	.	-	2178
ZM4	1855023	1855024	ZMO1697_peak_647	24.1004	ZM4	1855211	1855212	TSS_4087	.	-	188
ZM4	1857695	1857696	ZMO1697_peak_648	316.609	ZM4	1857841	1857842	TSS_4089	.	-	146
ZM4	1858368	1858369	ZMO1697_peak_649	12.6807	ZM4	1857916	1857917	TSS_4091	.	-	-452
ZM4	1859024	1859025	ZMO1697_peak_650	32.6793	ZM4	1857916	1857917	TSS_4091	.	-	-1108
ZM4	1864963	1864964	ZMO1697_peak_651	27.2358	ZM4	1864521	1864522	TSS_4101	.	+	442
ZM4	1866337	1866338	ZMO1697_peak_652	24.7639	ZM4	1864521	1864522	TSS_4101	.	+	1816
ZM4	1867058	1867059	ZMO1697_peak_653	5.06185	ZM4	1868635	1868636	TSS_4103	.	+	-1577
ZM4	1867441	1867442	ZMO1697_peak_654	2.97615	ZM4	1868635	1868636	TSS_4103	.	+	-1194
ZM4	1870467	1870468	ZMO1697_peak_655	9.84	ZM4	1868635	1868636	TSS_4103	.	+	1832
ZM4	1870786	1870787	ZMO1697_peak_656a	10.0835	ZM4	1868635	1868636	TSS_4103	.	+	2151
ZM4	1870912	1870913	ZMO1697_peak_656b	18.0798	ZM4	1868635	1868636	TSS_4103	.	+	2277
ZM4	1874875	1874876	ZMO1697_peak_657	22.8433	ZM4	1874059	1874060	TSS_4106	.	+	816
ZM4	1876747	1876748	ZMO1697_peak_658	4.04975	ZM4	1874059	1874060	TSS_4106	.	+	2688
ZM4	1881859	1881860	ZMO1697_peak_659	35.3964	ZM4	1882290	1882291	TSS_4110	.	-	431
ZM4	1884033	1884034	ZMO1697_peak_660a	4.56258	ZM4	1884164	1884165	TSS_4116	.	-	131
ZM4	1884244	1884245	ZMO1697_peak_660b	101.571	ZM4	1884164	1884165	TSS_4116	.	-	-80
ZM4	1891527	1891528	ZMO1697_peak_661	46.0394	ZM4	1890387	1890388	TSS_4135	.	+	1140
ZM4	1897169	1897170	ZMO1697_peak_662	13.5043	ZM4	1895930	1895931	TSS_4141	.	-	-1239
ZM4	1898344	1898345	ZMO1697_peak_663	60.4687	ZM4	1895930	1895931	TSS_4141	.	-	-2414
ZM4	1904213	1904214	ZMO1697_peak_664	25.7922	ZM4	1908779	1908780	TSS_4143	.	-	4566
ZM4	1904731	1904732	ZMO1697_peak_665	16.204	ZM4	1908779	1908780	TSS_4143	.	-	4048
ZM4	1906762	1906763	ZMO1697_peak_666	193.506	ZM4	1908779	1908780	TSS_4143	.	-	2017
ZM4	1909900	1909901	ZMO1697_peak_667	38.6141	ZM4	1910302	1910303	TSS_4149	.	-	402
ZM4	1910570	1910571	ZMO1697_peak_668	36.4702	ZM4	1910302	1910303	TSS_4149	.	-	-268
ZM4	1911376	1911377	ZMO1697_peak_669	13.5169	ZM4	1910302	1910303	TSS_4149	.	-	-1074
ZM4	1918065	1918066	ZMO1697_peak_670	30.3877	ZM4	1922589	1922590	TSS_4158	.	-	4524
ZM4	1918585	1918586	ZMO1697_peak_671	14.2425	ZM4	1922589	1922590	TSS_4158	.	-	4004
ZM4	1921916	1921917	ZMO1697_peak_672	633.408	ZM4	1922589	1922590	TSS_4158	.	-	673
ZM4	1922335	1922336	ZMO1697_peak_673	435.921	ZM4	1922589	1922590	TSS_4158	.	-	254
ZM4	1923479	1923480	ZMO1697_peak_674	14.7175	ZM4	1923435	1923436	TSS_4166	.	-	-44
ZM4	1925381	1925382	ZMO1697_peak_675	31.4205	ZM4	1925471	1925472	TSS_4168	.	-	90
ZM4	1926414	1926415	ZMO1697_peak_676	54.432	ZM4	1926411	1926412	TSS_4172	.	-	-3
ZM4	1928992	1928993	ZMO1697_peak_677	14.6014	ZM4	1929478	1929479	TSS_4188	.	+	-486
ZM4	1929862	1929863	ZMO1697_peak_678	45.3158	ZM4	1929860	1929861	TSS_4191	.	+	2
ZM4	1933486	1933487	ZMO1697_peak_679	2.77071	ZM4	1932647	1932648	TSS_4197	.	+	839
ZM4	1934724	1934725	ZMO1697_peak_680	116.42	ZM4	1934616	1934617	TSS_4217	.	+	108
ZM4	1935146	1935147	ZMO1697_peak_681	11.7668	ZM4	1934616	1934617	TSS_4217	.	+	530
ZM4	1935884	1935885	ZMO1697_peak_682	109.454	ZM4	1934616	1934617	TSS_4217	.	+	1268
ZM4	1937860	1937861	ZMO1697_peak_683	126.987	ZM4	1939167	1939168	TSS_4219	.	-	1307
ZM4	1944471	1944472	ZMO1697_peak_684	12.8378	ZM4	1945090	1945091	TSS_4233	.	-	619
ZM4	1948442	1948443	ZMO1697_peak_685	59.046	ZM4	1950035	1950036	TSS_4246	.	-	1593
ZM4	1950796	1950797	ZMO1697_peak_686	12.7071	ZM4	1950035	1950036	TSS_4246	.	-	-761
ZM4	1952384	1952385	ZMO1697_peak_687	34.2918	ZM4	1953176	1953177	TSS_4249	.	-	792
ZM4	1952725	1952726	ZMO1697_peak_688	131.669	ZM4	1953176	1953177	TSS_4249	.	-	451
ZM4	1955746	1955747	ZMO1697_peak_689	1.32124	ZM4	1955546	1955547	TSS_4261	.	-	-200
ZM4	1956090	1956091	ZMO1697_peak_690a	33.5155	ZM4	1955546	1955547	TSS_4261	.	-	-544
ZM4	1956219	1956220	ZMO1697_peak_690b	16.8764	ZM4	1955546	1955547	TSS_4261	.	-	-673
ZM4	1957774	1957775	ZMO1697_peak_691	12.267	ZM4	1957009	1957010	TSS_4266	.	+	765
ZM4	1959026	1959027	ZMO1697_peak_692a	12.2532	ZM4	1958887	1958888	TSS_4269	.	-	-139
ZM4	1959190	1959191	ZMO1697_peak_692b	5.65051	ZM4	1958887	1958888	TSS_4269	.	-	-303
ZM4	1961683	1961684	ZMO1697_peak_693	30.1419	ZM4	1961898	1961899	TSS_4276	.	-	215
ZM4	1962027	1962028	ZMO1697_peak_694	20.4622	ZM4	1961931	1961932	TSS_4277	.	-	-96
ZM4	1963185	1963186	ZMO1697_peak_695	25.2762	ZM4	1963336	1963337	TSS_4291	.	+	-151
ZM4	1965014	1965015	ZMO1697_peak_696	15.136	ZM4	1965401	1965402	TSS_4295	.	+	-387
ZM4	1967070	1967071	ZMO1697_peak_697	18.7986	ZM4	1965804	1965805	TSS_4298	.	+	1266
ZM4	1967420	1967421	ZMO1697_peak_698	11.7764	ZM4	1965804	1965805	TSS_4298	.	+	1616
ZM4	1971141	1971142	ZMO1697_peak_699	14.3154	ZM4	1971103	1971104	TSS_4309	.	-	-38
ZM4	1975813	1975814	ZMO1697_peak_700	82.8879	ZM4	1977370	1977371	TSS_4323	.	-	1557
ZM4	1976271	1976272	ZMO1697_peak_701	82.7098	ZM4	1977370	1977371	TSS_4323	.	-	1099
ZM4	1976633	1976634	ZMO1697_peak_702	17.2652	ZM4	1977370	1977371	TSS_4323	.	-	737
ZM4	1977758	1977759	ZMO1697_peak_703	24.7324	ZM4	1977451	1977452	TSS_4324	.	+	307
ZM4	1980036	1980037	ZMO1697_peak_704	10.498	ZM4	1980115	1980116	TSS_4328	.	-	79
ZM4	1981137	1981138	ZMO1697_peak_705	28.7761	ZM4	1980115	1980116	TSS_4328	.	-	-1022
ZM4	1982229	1982230	ZMO1697_peak_706	123.522	ZM4	1982248	1982249	TSS_4331	.	-	19
ZM4	1985957	1985958	ZMO1697_peak_707	22.7898	ZM4	1986320	1986321	TSS_4363	.	+	-363
ZM4	1990982	1990983	ZMO1697_peak_708	4.98633	ZM4	1987728	1987729	TSS_4366	.	+	3254
ZM4	1994262	1994263	ZMO1697_peak_709a	6.1522	ZM4	1994250	1994251	TSS_4371	.	-	-12
ZM4	1994510	1994511	ZMO1697_peak_709b	47.7697	ZM4	1994502	1994503	TSS_4372	.	-	-8
ZM4	1997446	1997447	ZMO1697_peak_710	29.0715	ZM4	1994502	1994503	TSS_4372	.	-	-2944
ZM4	2002028	2002029	ZMO1697_peak_711	3.62733	ZM4	2003022	2003023	TSS_4374	.	-	994
ZM4	2008067	2008068	ZMO1697_peak_712	23.4112	ZM4	2003022	2003023	TSS_4374	.	-	-5045
ZM4	2009439	2009440	ZMO1697_peak_713	31.6028	ZM4	2013493	2013494	TSS_4384	.	-	4054
ZM4	2010202	2010203	ZMO1697_peak_714	122.264	ZM4	2013493	2013494	TSS_4384	.	-	3291
ZM4	2015871	2015872	ZMO1697_peak_715	15	ZM4	2015319	2015320	TSS_4388	.	-	-552
ZM4	2017216	2017217	ZMO1697_peak_716	10.4047	ZM4	2017407	2017408	TSS_4390	.	-	191
ZM4	2019874	2019875	ZMO1697_peak_717	36.4085	ZM4	2020203	2020204	TSS_4393	.	-	329
ZM4	2021310	2021311	ZMO1697_peak_718a	6.95983	ZM4	2020374	2020375	TSS_4395	.	-	-936
ZM4	2021444	2021445	ZMO1697_peak_718b	96.383	ZM4	2020374	2020375	TSS_4395	.	-	-1070
ZM4	2021557	2021558	ZMO1697_peak_718c	46.0386	ZM4	2020374	2020375	TSS_4395	.	-	-1183
ZM4	2022458	2022459	ZMO1697_peak_719	16.6466	ZM4	2020374	2020375	TSS_4395	.	-	-2084
ZM4	2027259	2027260	ZMO1697_peak_720	39.1524	ZM4	2025846	2025847	TSS_4400	.	-	-1413
ZM4	2033544	2033545	ZMO1697_peak_721	19.3114	ZM4	2033927	2033928	TSS_4406	.	-	383
ZM4	2046408	2046409	ZMO1697_peak_722a	5.59588	ZM4	2045899	2045900	TSS_4417	.	+	509
ZM4	2046618	2046619	ZMO1697_peak_722b	126.509	ZM4	2045899	2045900	TSS_4417	.	+	719
ZM4	2046989	2046990	ZMO1697_peak_723	32.0427	ZM4	2045899	2045900	TSS_4417	.	+	1090
ZM4	2047596	2047597	ZMO1697_peak_724	4.45377	ZM4	2045899	2045900	TSS_4417	.	+	1697
ZM4	2048195	2048196	ZMO1697_peak_725	10.5594	ZM4	2045899	2045900	TSS_4417	.	+	2296
ZM4	2049802	2049803	ZMO1697_peak_726	23.2439	ZM4	2052954	2052955	TSS_4422	.	+	-3152
ZM4	2050858	2050859	ZMO1697_peak_727	46.6563	ZM4	2052954	2052955	TSS_4422	.	+	-2096
ZM4	2053880	2053881	ZMO1697_peak_728	26.3235	ZM4	2053613	2053614	TSS_4423	.	+	267
ZM4	2054519	2054520	ZMO1697_peak_729	15.0463	ZM4	2053613	2053614	TSS_4423	.	+	906
ZM4	2057567	2057568	ZMO1697_peak_730	20.244	ZM4	2057069	2057070	TSS_4427	.	-	-498
ZM4	2058270	2058271	ZMO1697_peak_731	28.9155	ZM4	2058164	2058165	TSS_4428	.	-	-106
pZM32	5022	5023	ZMO1697_peak_732	23.0734	pZM32	4389	4390	TSS_4433	.	+	633
pZM32	6000	6001	ZMO1697_peak_733	39.9084	pZM32	5676	5677	TSS_4434	.	+	324
pZM32	11819	11820	ZMO1697_peak_734	26.1615	pZM32	11969	11970	TSS_4449	.	+	-150
pZM32	13253	13254	ZMO1697_peak_735	302.794	pZM32	14287	14288	TSS_4453	.	+	-1034
pZM32	13549	13550	ZMO1697_peak_736	20.8546	pZM32	14287	14288	TSS_4453	.	+	-738
pZM32	17387	17388	ZMO1697_peak_737	54.5997	pZM32	18516	18517	TSS_4463	.	-	1129
pZM32	19829	19830	ZMO1697_peak_738	25.3756	pZM32	20354	20355	TSS_4466	.	+	-525
pZM32	28921	28922	ZMO1697_peak_739	17.6874	pZM32	28484	28485	TSS_4486	.	+	437
pZM33	1370	1371	ZMO1697_peak_740	50.0232	pZM33	1943	1944	TSS_4496	.	-	573
pZM33	3147	3148	ZMO1697_peak_741	37.1726	pZM33	2542	2543	TSS_4503	.	+	605
pZM33	4816	4817	ZMO1697_peak_742	19.0712	pZM33	4574	4575	TSS_4504	.	-	-242
pZM33	6803	6804	ZMO1697_peak_743a	52.5487	pZM33	8360	8361	TSS_4507	.	+	-1557
pZM33	7074	7075	ZMO1697_peak_743b	28.5745	pZM33	8360	8361	TSS_4507	.	+	-1286
pZM33	9481	9482	ZMO1697_peak_744	10.5594	pZM33	8824	8825	TSS_4508	.	+	657
pZM33	11345	11346	ZMO1697_peak_745	23.4512	pZM33	10739	10740	TSS_4514	.	+	606
pZM33	11951	11952	ZMO1697_peak_746	24.2147	pZM33	10739	10740	TSS_4514	.	+	1212
pZM33	14985	14986	ZMO1697_peak_747	36.7237	pZM33	13446	13447	TSS_4522	.	+	1539
pZM33	24989	24990	ZMO1697_peak_748	50.0232	pZM33	24893	24894	TSS_4559	.	-	-96
pZM33	28731	28732	ZMO1697_peak_749	83.629	pZM33	29066	29067	TSS_4568	.	+	-335
pZM33	32760	32761	ZMO1697_peak_750	27.7612	pZM33	31992	31993	TSS_4575	.	+	768
pZM36	1465	1466	ZMO1697_peak_751	92.1339	pZM36	13287	13288	TSS_4582	.	+	-11822
pZM36	4945	4946	ZMO1697_peak_752	24.2147	pZM36	13287	13288	TSS_4582	.	+	-8342
pZM36	11427	11428	ZMO1697_peak_753	158.554	pZM36	13287	13288	TSS_4582	.	+	-1860
pZM36	15232	15233	ZMO1697_peak_754	26.9565	pZM36	15483	15484	TSS_4583	.	-	251
pZM36	22574	22575	ZMO1697_peak_755	4.00656	pZM36	22455	22456	TSS_4594	.	-	-119
pZM36	24392	24393	ZMO1697_peak_756	22.3243	pZM36	24219	24220	TSS_4602	.	-	-173
pZM36	35748	35749	ZMO1697_peak_757	60.9169	pZM36	28793	28794	TSS_4604	.	+	6955
pZM39	27134	27135	ZMO1697_peak_758	39.4476	pZM39	24683	24684	TSS_4631	.	-	-2451
pZM39	27531	27532	ZMO1697_peak_759a	90.9017	pZM39	24683	24684	TSS_4631	.	-	-2848
pZM39	27737	27738	ZMO1697_peak_759b	49.5238	pZM39	24683	24684	TSS_4631	.	-	-3054
pZM39	28611	28612	ZMO1697_peak_760a	96.1407	pZM39	24683	24684	TSS_4631	.	-	-3928
pZM39	28892	28893	ZMO1697_peak_760b	16.1567	pZM39	24683	24684	TSS_4631	.	-	-4209
pZM39	34763	34764	ZMO1697_peak_761	64.7129	pZM39	34728	34729	TSS_4648	.	-	-35
ZM4	59719	59720	ZMO1733_peak_1	26.8913	ZM4	60122	60123	TSS_0077	.	+	-403
ZM4	166550	166551	ZMO1733_peak_2	84.0997	ZM4	166932	166933	TSS_0325	.	+	-382
ZM4	246479	246480	ZMO1733_peak_3a	4.72525	ZM4	245089	245090	TSS_0500	.	+	1390
ZM4	246784	246785	ZMO1733_peak_3b	2.39969	ZM4	245089	245090	TSS_0500	.	+	1695
ZM4	997152	997153	ZMO1733_peak_4	24.8657	ZM4	996722	996723	TSS_2196	.	+	430
ZM4	1204520	1204521	ZMO1733_peak_5	12.7212	ZM4	1204323	1204324	TSS_2670	.	-	-197
ZM4	1459699	1459700	ZMO1733_peak_6	41.7902	ZM4	1459607	1459608	TSS_3260	.	-	-92
ZM4	1568537	1568538	ZMO1733_peak_7	3.18011	ZM4	1565803	1565804	TSS_3481	.	+	2734
ZM4	1779225	1779226	ZMO1733_peak_8	18.9676	ZM4	1779238	1779239	TSS_3900	.	+	-13
ZM4	1797869	1797870	ZMO1733_peak_9	16158.7	ZM4	1797947	1797948	TSS_3957	.	+	-78
ZM4	2030816	2030817	ZMO1733_peak_10	52.4573	ZM4	2031057	2031058	TSS_4404	.	+	-241
ZM4	523	524	ZMO1787_peak_1	62.8325	ZM4	12709	12710	TSS_0006	.	+	-12186
ZM4	1988	1989	ZMO1787_peak_2	71.6719	ZM4	12709	12710	TSS_0006	.	+	-10721
ZM4	2310	2311	ZMO1787_peak_3	596.988	ZM4	12709	12710	TSS_0006	.	+	-10399
ZM4	6177	6178	ZMO1787_peak_4	33.3019	ZM4	12709	12710	TSS_0006	.	+	-6532
ZM4	6833	6834	ZMO1787_peak_5	244.998	ZM4	12709	12710	TSS_0006	.	+	-5876
ZM4	7284	7285	ZMO1787_peak_6a	156.599	ZM4	12709	12710	TSS_0006	.	+	-5425
ZM4	7466	7467	ZMO1787_peak_6b	13.9785	ZM4	12709	12710	TSS_0006	.	+	-5243
ZM4	7801	7802	ZMO1787_peak_7	333.261	ZM4	12709	12710	TSS_0006	.	+	-4908
ZM4	13613	13614	ZMO1787_peak_8	731.703	ZM4	14514	14515	TSS_0014	.	-	901
ZM4	14085	14086	ZMO1787_peak_9	70.8656	ZM4	14514	14515	TSS_0014	.	-	429
ZM4	14808	14809	ZMO1787_peak_10a	137.818	ZM4	14514	14515	TSS_0014	.	-	-294
ZM4	14972	14973	ZMO1787_peak_10b	314.719	ZM4	14514	14515	TSS_0014	.	-	-458
ZM4	17384	17385	ZMO1787_peak_11	333.626	ZM4	17332	17333	TSS_0016	.	+	52
ZM4	19001	19002	ZMO1787_peak_12	82.0901	ZM4	18756	18757	TSS_0024	.	+	245
ZM4	20016	20017	ZMO1787_peak_13	529.914	ZM4	21174	21175	TSS_0025	.	+	-1158
ZM4	20686	20687	ZMO1787_peak_14	39.544	ZM4	21174	21175	TSS_0025	.	+	-488
ZM4	21909	21910	ZMO1787_peak_15	342.529	ZM4	21174	21175	TSS_0025	.	+	735
ZM4	23875	23876	ZMO1787_peak_16	39.8801	ZM4	26028	26029	TSS_0027	.	-	2153
ZM4	25088	25089	ZMO1787_peak_17a	123.93	ZM4	26028	26029	TSS_0027	.	-	940
ZM4	25214	25215	ZMO1787_peak_17b	69.8371	ZM4	26028	26029	TSS_0027	.	-	814
ZM4	31418	31419	ZMO1787_peak_18	25.5667	ZM4	29259	29260	TSS_0028	.	+	2159
ZM4	31994	31995	ZMO1787_peak_19	92.0887	ZM4	33787	33788	TSS_0030	.	+	-1793
ZM4	32285	32286	ZMO1787_peak_20	133.499	ZM4	33787	33788	TSS_0030	.	+	-1502
ZM4	32666	32667	ZMO1787_peak_21	34.8259	ZM4	33787	33788	TSS_0030	.	+	-1121
ZM4	34539	34540	ZMO1787_peak_22	92.4528	ZM4	34171	34172	TSS_0032	.	+	368
ZM4	35387	35388	ZMO1787_peak_23	14.6739	ZM4	34171	34172	TSS_0032	.	+	1216
ZM4	36613	36614	ZMO1787_peak_24	62.8191	ZM4	37928	37929	TSS_0035	.	+	-1315
ZM4	37884	37885	ZMO1787_peak_25	105.469	ZM4	37928	37929	TSS_0035	.	+	-44
ZM4	39109	39110	ZMO1787_peak_26	981.918	ZM4	39800	39801	TSS_0043	.	-	691
ZM4	39763	39764	ZMO1787_peak_27	927.285	ZM4	39800	39801	TSS_0043	.	-	37
ZM4	41406	41407	ZMO1787_peak_28	271.449	ZM4	41041	41042	TSS_0056	.	-	-365
ZM4	44506	44507	ZMO1787_peak_29	32.1491	ZM4	43156	43157	TSS_0059	.	-	-1350
ZM4	45679	45680	ZMO1787_peak_30	182.118	ZM4	43156	43157	TSS_0059	.	-	-2523
ZM4	46111	46112	ZMO1787_peak_31	792.91	ZM4	43156	43157	TSS_0059	.	-	-2955
ZM4	46520	46521	ZMO1787_peak_32	40.3727	ZM4	43156	43157	TSS_0059	.	-	-3364
ZM4	47653	47654	ZMO1787_peak_33	83.1632	ZM4	50901	50902	TSS_0064	.	-	3248
ZM4	48306	48307	ZMO1787_peak_34	160.051	ZM4	50901	50902	TSS_0064	.	-	2595
ZM4	48824	48825	ZMO1787_peak_35	312.699	ZM4	50901	50902	TSS_0064	.	-	2077
ZM4	49622	49623	ZMO1787_peak_36	71.8892	ZM4	50901	50902	TSS_0064	.	-	1279
ZM4	49955	49956	ZMO1787_peak_37	8.24748	ZM4	50901	50902	TSS_0064	.	-	946
ZM4	50216	50217	ZMO1787_peak_38	144.323	ZM4	50901	50902	TSS_0064	.	-	685
ZM4	51207	51208	ZMO1787_peak_39	40.737	ZM4	50901	50902	TSS_0064	.	-	-306
ZM4	53000	53001	ZMO1787_peak_40	23.5351	ZM4	52847	52848	TSS_0067	.	-	-153
ZM4	54397	54398	ZMO1787_peak_41	508.423	ZM4	53528	53529	TSS_0069	.	-	-869
ZM4	55648	55649	ZMO1787_peak_42	14.8739	ZM4	56515	56516	TSS_0071	.	-	867
ZM4	57420	57421	ZMO1787_peak_43	321.859	ZM4	57608	57609	TSS_0074	.	-	188
ZM4	57812	57813	ZMO1787_peak_44	84.8252	ZM4	57608	57609	TSS_0074	.	-	-204
ZM4	58519	58520	ZMO1787_peak_45	719.112	ZM4	57608	57609	TSS_0074	.	-	-911
ZM4	63837	63838	ZMO1787_peak_46	12.8701	ZM4	64871	64872	TSS_0082	.	-	1034
ZM4	64152	64153	ZMO1787_peak_47	211.433	ZM4	64871	64872	TSS_0082	.	-	719
ZM4	66459	66460	ZMO1787_peak_48	85.9802	ZM4	67080	67081	TSS_0090	.	-	621
ZM4	67513	67514	ZMO1787_peak_49	110.366	ZM4	67080	67081	TSS_0090	.	-	-433
ZM4	68898	68899	ZMO1787_peak_50	93.2111	ZM4	68487	68488	TSS_0091	.	-	-411
ZM4	70389	70390	ZMO1787_peak_51	23.8527	ZM4	69736	69737	TSS_0093	.	-	-653
ZM4	71462	71463	ZMO1787_peak_52	191.076	ZM4	71485	71486	TSS_0095	.	-	23
ZM4	73859	73860	ZMO1787_peak_53	305.589	ZM4	74906	74907	TSS_0098	.	-	1047
ZM4	74878	74879	ZMO1787_peak_54a	101.158	ZM4	74906	74907	TSS_0098	.	-	28
ZM4	75130	75131	ZMO1787_peak_54b	125.881	ZM4	74934	74935	TSS_0099	.	-	-196
ZM4	75216	75217	ZMO1787_peak_54c	89.916	ZM4	74934	74935	TSS_0099	.	-	-282
ZM4	76202	76203	ZMO1787_peak_55	271.804	ZM4	74934	74935	TSS_0099	.	-	-1268
ZM4	76873	76874	ZMO1787_peak_56	41.7761	ZM4	74934	74935	TSS_0099	.	-	-1939
ZM4	79196	79197	ZMO1787_peak_57	451.249	ZM4	79614	79615	TSS_0101	.	-	418
ZM4	79604	79605	ZMO1787_peak_58	614.6	ZM4	79614	79615	TSS_0101	.	-	10
ZM4	80327	80328	ZMO1787_peak_59	258.9	ZM4	79619	79620	TSS_0102	.	-	-708
ZM4	82373	82374	ZMO1787_peak_60	52.606	ZM4	82635	82636	TSS_0107	.	-	262
ZM4	83174	83175	ZMO1787_peak_61	136.877	ZM4	82635	82636	TSS_0107	.	-	-539
ZM4	83962	83963	ZMO1787_peak_62	225.783	ZM4	83751	83752	TSS_0108	.	+	211
ZM4	87656	87657	ZMO1787_peak_63a	1135.7	ZM4	86485	86486	TSS_0114	.	-	-1171
ZM4	87890	87891	ZMO1787_peak_63b	100.263	ZM4	86485	86486	TSS_0114	.	-	-1405
ZM4	88718	88719	ZMO1787_peak_64	130.279	ZM4	89833	89834	TSS_0116	.	+	-1115
ZM4	90253	90254	ZMO1787_peak_65	152.859	ZM4	89879	89880	TSS_0117	.	+	374
ZM4	91216	91217	ZMO1787_peak_66	726.979	ZM4	91307	91308	TSS_0118	.	+	-91
ZM4	93586	93587	ZMO1787_peak_67	251.502	ZM4	94651	94652	TSS_0124	.	-	1065
ZM4	94340	94341	ZMO1787_peak_68	449.611	ZM4	94651	94652	TSS_0124	.	-	311
ZM4	95325	95326	ZMO1787_peak_69a	198.675	ZM4	94651	94652	TSS_0124	.	-	-674
ZM4	95502	95503	ZMO1787_peak_69b	75.1891	ZM4	94651	94652	TSS_0124	.	-	-851
ZM4	96033	96034	ZMO1787_peak_70	806.253	ZM4	94651	94652	TSS_0124	.	-	-1382
ZM4	101529	101530	ZMO1787_peak_71	431.028	ZM4	100905	100906	TSS_0139	.	+	624
ZM4	103545	103546	ZMO1787_peak_72	326.234	ZM4	103994	103995	TSS_0143	.	+	-449
ZM4	104261	104262	ZMO1787_peak_73a	90.7588	ZM4	103994	103995	TSS_0143	.	+	267
ZM4	104425	104426	ZMO1787_peak_73b	155.533	ZM4	103994	103995	TSS_0143	.	+	431
ZM4	105068	105069	ZMO1787_peak_74	558.518	ZM4	103994	103995	TSS_0143	.	+	1074
ZM4	105989	105990	ZMO1787_peak_75	31.7642	ZM4	107521	107522	TSS_0147	.	+	-1532
ZM4	106401	106402	ZMO1787_peak_76	466.172	ZM4	107521	107522	TSS_0147	.	+	-1120
ZM4	106825	106826	ZMO1787_peak_77a	29.8247	ZM4	107521	107522	TSS_0147	.	+	-696
ZM4	106978	106979	ZMO1787_peak_77b	7.39066	ZM4	107521	107522	TSS_0147	.	+	-543
ZM4	108585	108586	ZMO1787_peak_78	269.464	ZM4	108585	108586	TSS_0151	.	+	0
ZM4	109677	109678	ZMO1787_peak_79	483.805	ZM4	108978	108979	TSS_0152	.	+	699
ZM4	111466	111467	ZMO1787_peak_80a	37.2109	ZM4	110458	110459	TSS_0156	.	+	1008
ZM4	111668	111669	ZMO1787_peak_80b	199.811	ZM4	110458	110459	TSS_0156	.	+	1210
ZM4	112182	112183	ZMO1787_peak_81	82.7595	ZM4	110458	110459	TSS_0156	.	+	1724
ZM4	112510	112511	ZMO1787_peak_82	36.3414	ZM4	110458	110459	TSS_0156	.	+	2052
ZM4	114822	114823	ZMO1787_peak_83	984.3	ZM4	115697	115698	TSS_0163	.	-	875
ZM4	115724	115725	ZMO1787_peak_84a	1215.84	ZM4	115697	115698	TSS_0163	.	-	-27
ZM4	115954	115955	ZMO1787_peak_84b	9.02061	ZM4	115697	115698	TSS_0163	.	-	-257
ZM4	116143	116144	ZMO1787_peak_84c	284.321	ZM4	115697	115698	TSS_0163	.	-	-446
ZM4	116752	116753	ZMO1787_peak_85a	32.1824	ZM4	115697	115698	TSS_0163	.	-	-1055
ZM4	117038	117039	ZMO1787_peak_85b	690.438	ZM4	118105	118106	TSS_0165	.	-	1067
ZM4	118683	118684	ZMO1787_peak_86	148.458	ZM4	118565	118566	TSS_0168	.	-	-118
ZM4	121605	121606	ZMO1787_peak_87	64.8621	ZM4	121810	121811	TSS_0174	.	+	-205
ZM4	121934	121935	ZMO1787_peak_88	45.6905	ZM4	121810	121811	TSS_0174	.	+	124
ZM4	125126	125127	ZMO1787_peak_89	64.5342	ZM4	124201	124202	TSS_0180	.	+	925
ZM4	128853	128854	ZMO1787_peak_90	212.571	ZM4	129849	129850	TSS_0193	.	-	996
ZM4	130024	130025	ZMO1787_peak_91	1105.04	ZM4	129849	129850	TSS_0193	.	-	-175
ZM4	130499	130500	ZMO1787_peak_92a	10.8898	ZM4	130434	130435	TSS_0194	.	-	-65
ZM4	130684	130685	ZMO1787_peak_92b	111.788	ZM4	130630	130631	TSS_0196	.	+	54
ZM4	130843	130844	ZMO1787_peak_92c	39.7737	ZM4	130630	130631	TSS_0196	.	+	213
ZM4	130994	130995	ZMO1787_peak_92d	896.789	ZM4	130630	130631	TSS_0196	.	+	364
ZM4	132116	132117	ZMO1787_peak_93	40.6297	ZM4	132249	132250	TSS_0198	.	+	-133
ZM4	133793	133794	ZMO1787_peak_94	599.505	ZM4	132373	132374	TSS_0199	.	+	1420
ZM4	134199	134200	ZMO1787_peak_95a	32.951	ZM4	132373	132374	TSS_0199	.	+	1826
ZM4	134367	134368	ZMO1787_peak_95b	570.041	ZM4	132373	132374	TSS_0199	.	+	1994
ZM4	135118	135119	ZMO1787_peak_96	58.5249	ZM4	137247	137248	TSS_0201	.	-	2129
ZM4	135802	135803	ZMO1787_peak_97	98.391	ZM4	137247	137248	TSS_0201	.	-	1445
ZM4	136882	136883	ZMO1787_peak_98a	46.3475	ZM4	137247	137248	TSS_0201	.	-	365
ZM4	137184	137185	ZMO1787_peak_98b	1153.3	ZM4	137247	137248	TSS_0201	.	-	63
ZM4	138222	138223	ZMO1787_peak_99	51.9125	ZM4	137393	137394	TSS_0202	.	-	-829
ZM4	138428	138429	ZMO1787_peak_100	3.45217	ZM4	137393	137394	TSS_0202	.	-	-1035
ZM4	139053	139054	ZMO1787_peak_101	16.2159	ZM4	140512	140513	TSS_0207	.	-	1459
ZM4	140465	140466	ZMO1787_peak_102	1226.64	ZM4	140512	140513	TSS_0207	.	-	47
ZM4	144479	144480	ZMO1787_peak_103a	455.839	ZM4	143939	143940	TSS_0230	.	-	-540
ZM4	144699	144700	ZMO1787_peak_103b	165.624	ZM4	145043	145044	TSS_0234	.	-	344
ZM4	145496	145497	ZMO1787_peak_104a	147.852	ZM4	145168	145169	TSS_0235	.	+	328
ZM4	145771	145772	ZMO1787_peak_104b	174.884	ZM4	145844	145845	TSS_0236	.	+	-73
ZM4	145980	145981	ZMO1787_peak_104c	53.8644	ZM4	145844	145845	TSS_0236	.	+	136
ZM4	146918	146919	ZMO1787_peak_105	56.8525	ZM4	146265	146266	TSS_0237	.	+	653
ZM4	147704	147705	ZMO1787_peak_106	41.7496	ZM4	148737	148738	TSS_0239	.	+	-1033
ZM4	149265	149266	ZMO1787_peak_107	96.3396	ZM4	149242	149243	TSS_0242	.	+	23
ZM4	150327	150328	ZMO1787_peak_108	30.972	ZM4	150353	150354	TSS_0243	.	+	-26
ZM4	150606	150607	ZMO1787_peak_109	179.122	ZM4	150695	150696	TSS_0245	.	+	-89
ZM4	151954	151955	ZMO1787_peak_110a	278.778	ZM4	150727	150728	TSS_0247	.	+	1227
ZM4	152231	152232	ZMO1787_peak_110b	38.7562	ZM4	150727	150728	TSS_0247	.	+	1504
ZM4	152637	152638	ZMO1787_peak_111	146.997	ZM4	154079	154080	TSS_0262	.	-	1442
ZM4	152928	152929	ZMO1787_peak_112	59.8011	ZM4	154079	154080	TSS_0262	.	-	1151
ZM4	153198	153199	ZMO1787_peak_113	106.678	ZM4	154079	154080	TSS_0262	.	-	881
ZM4	155485	155486	ZMO1787_peak_114	898.483	ZM4	154101	154102	TSS_0265	.	+	1384
ZM4	157031	157032	ZMO1787_peak_115a	149.915	ZM4	157635	157636	TSS_0267	.	+	-604
ZM4	157221	157222	ZMO1787_peak_115b	96.7686	ZM4	157635	157636	TSS_0267	.	+	-414
ZM4	157390	157391	ZMO1787_peak_115c	106.01	ZM4	157635	157636	TSS_0267	.	+	-245
ZM4	158556	158557	ZMO1787_peak_116	715.217	ZM4	157635	157636	TSS_0267	.	+	921
ZM4	158952	158953	ZMO1787_peak_117	14.5362	ZM4	157635	157636	TSS_0267	.	+	1317
ZM4	159287	159288	ZMO1787_peak_118	58.8073	ZM4	160583	160584	TSS_0278	.	-	1296
ZM4	161174	161175	ZMO1787_peak_119a	223.544	ZM4	161161	161162	TSS_0285	.	-	-13
ZM4	161420	161421	ZMO1787_peak_119b	422.783	ZM4	161444	161445	TSS_0287	.	+	-24
ZM4	162337	162338	ZMO1787_peak_120	107.104	ZM4	161767	161768	TSS_0289	.	+	570
ZM4	163301	163302	ZMO1787_peak_121a	157.763	ZM4	163365	163366	TSS_0290	.	+	-64
ZM4	163570	163571	ZMO1787_peak_121b	680.595	ZM4	163694	163695	TSS_0292	.	+	-124
ZM4	164171	164172	ZMO1787_peak_122	323.24	ZM4	164473	164474	TSS_0319	.	+	-302
ZM4	165818	165819	ZMO1787_peak_123	437.259	ZM4	165095	165096	TSS_0324	.	+	723
ZM4	169367	169368	ZMO1787_peak_124	172.836	ZM4	169342	169343	TSS_0332	.	-	-25
ZM4	170261	170262	ZMO1787_peak_125	76.5279	ZM4	169499	169500	TSS_0337	.	+	762
ZM4	171162	171163	ZMO1787_peak_126	1326.05	ZM4	169499	169500	TSS_0337	.	+	1663
ZM4	171610	171611	ZMO1787_peak_127	320.901	ZM4	173062	173063	TSS_0344	.	-	1452
ZM4	172479	172480	ZMO1787_peak_128	954.182	ZM4	173062	173063	TSS_0344	.	-	583
ZM4	172798	172799	ZMO1787_peak_129	269.813	ZM4	173062	173063	TSS_0344	.	-	264
ZM4	174826	174827	ZMO1787_peak_130	87.9265	ZM4	175526	175527	TSS_0371	.	+	-700
ZM4	176188	176189	ZMO1787_peak_131	125.708	ZM4	175617	175618	TSS_0374	.	+	571
ZM4	176617	176618	ZMO1787_peak_132a	117.542	ZM4	175617	175618	TSS_0374	.	+	1000
ZM4	176737	176738	ZMO1787_peak_132b	430.131	ZM4	175617	175618	TSS_0374	.	+	1120
ZM4	178400	178401	ZMO1787_peak_133	119.462	ZM4	175617	175618	TSS_0374	.	+	2783
ZM4	178632	178633	ZMO1787_peak_134a	22.5032	ZM4	181509	181510	TSS_0377	.	-	2877
ZM4	178789	178790	ZMO1787_peak_134b	125.769	ZM4	181509	181510	TSS_0377	.	-	2720
ZM4	179340	179341	ZMO1787_peak_135	142.091	ZM4	181509	181510	TSS_0377	.	-	2169
ZM4	184443	184444	ZMO1787_peak_136	676.961	ZM4	185047	185048	TSS_0381	.	-	604
ZM4	186032	186033	ZMO1787_peak_137	75.318	ZM4	185047	185048	TSS_0381	.	-	-985
ZM4	187452	187453	ZMO1787_peak_138	40.2936	ZM4	188105	188106	TSS_0383	.	-	653
ZM4	190197	190198	ZMO1787_peak_139	154.2	ZM4	189463	189464	TSS_0389	.	+	734
ZM4	190903	190904	ZMO1787_peak_140	43.6818	ZM4	189463	189464	TSS_0389	.	+	1440
ZM4	194463	194464	ZMO1787_peak_141	1841.41	ZM4	194458	194459	TSS_0396	.	-	-5
ZM4	194835	194836	ZMO1787_peak_142	585.807	ZM4	194458	194459	TSS_0396	.	-	-377
ZM4	196116	196117	ZMO1787_peak_143a	125.915	ZM4	196200	196201	TSS_0398	.	-	84
ZM4	196258	196259	ZMO1787_peak_143b	6.27606	ZM4	196200	196201	TSS_0398	.	-	-58
ZM4	197248	197249	ZMO1787_peak_144	193.806	ZM4	197126	197127	TSS_0402	.	+	122
ZM4	197695	197696	ZMO1787_peak_145	132.816	ZM4	197126	197127	TSS_0402	.	+	569
ZM4	197984	197985	ZMO1787_peak_146	542.818	ZM4	197126	197127	TSS_0402	.	+	858
ZM4	198735	198736	ZMO1787_peak_147	115.723	ZM4	197126	197127	TSS_0402	.	+	1609
ZM4	199116	199117	ZMO1787_peak_148	12.788	ZM4	197126	197127	TSS_0402	.	+	1990
ZM4	199621	199622	ZMO1787_peak_149	154.259	ZM4	197126	197127	TSS_0402	.	+	2495
ZM4	200237	200238	ZMO1787_peak_150	54.926	ZM4	197126	197127	TSS_0402	.	+	3111
ZM4	201393	201394	ZMO1787_peak_151	189.515	ZM4	203393	203394	TSS_0405	.	-	2000
ZM4	203146	203147	ZMO1787_peak_152	249.657	ZM4	203393	203394	TSS_0405	.	-	247
ZM4	204654	204655	ZMO1787_peak_153	7.3293	ZM4	204633	204634	TSS_0410	.	-	-21
ZM4	205383	205384	ZMO1787_peak_154	21.0476	ZM4	205071	205072	TSS_0415	.	-	-312
ZM4	206098	206099	ZMO1787_peak_155	33.7095	ZM4	205071	205072	TSS_0415	.	-	-1027
ZM4	206727	206728	ZMO1787_peak_156	989.02	ZM4	205071	205072	TSS_0415	.	-	-1656
ZM4	207346	207347	ZMO1787_peak_157	168.268	ZM4	208720	208721	TSS_0417	.	-	1374
ZM4	207715	207716	ZMO1787_peak_158a	4.00771	ZM4	208720	208721	TSS_0417	.	-	1005
ZM4	207957	207958	ZMO1787_peak_158b	412.29	ZM4	208720	208721	TSS_0417	.	-	763
ZM4	208193	208194	ZMO1787_peak_158c	80.2701	ZM4	208720	208721	TSS_0417	.	-	527
ZM4	208298	208299	ZMO1787_peak_158d	18.2711	ZM4	208720	208721	TSS_0417	.	-	422
ZM4	209223	209224	ZMO1787_peak_159	657.062	ZM4	208720	208721	TSS_0417	.	-	-503
ZM4	210848	210849	ZMO1787_peak_160	77.9197	ZM4	210627	210628	TSS_0420	.	+	221
ZM4	213416	213417	ZMO1787_peak_161	55.0856	ZM4	215739	215740	TSS_0421	.	+	-2323
ZM4	214795	214796	ZMO1787_peak_162	38.9524	ZM4	215739	215740	TSS_0421	.	+	-944
ZM4	215382	215383	ZMO1787_peak_163	61.3363	ZM4	215739	215740	TSS_0421	.	+	-357
ZM4	216809	216810	ZMO1787_peak_164	857.031	ZM4	216845	216846	TSS_0429	.	+	-36
ZM4	218892	218893	ZMO1787_peak_165	36.2177	ZM4	218162	218163	TSS_0433	.	+	730
ZM4	219671	219672	ZMO1787_peak_166a	310.687	ZM4	219888	219889	TSS_0434	.	-	217
ZM4	219883	219884	ZMO1787_peak_166b	20.547	ZM4	219888	219889	TSS_0434	.	-	5
ZM4	224974	224975	ZMO1787_peak_167a	6.20926	ZM4	224289	224290	TSS_0439	.	+	685
ZM4	225171	225172	ZMO1787_peak_167b	74.3752	ZM4	224289	224290	TSS_0439	.	+	882
ZM4	226386	226387	ZMO1787_peak_168	548.469	ZM4	226866	226867	TSS_0440	.	+	-480
ZM4	230255	230256	ZMO1787_peak_169	255.015	ZM4	232373	232374	TSS_0448	.	-	2118
ZM4	231538	231539	ZMO1787_peak_170a	16.0711	ZM4	232373	232374	TSS_0448	.	-	835
ZM4	231671	231672	ZMO1787_peak_170b	139.432	ZM4	232373	232374	TSS_0448	.	-	702
ZM4	231831	231832	ZMO1787_peak_170c	350.714	ZM4	232373	232374	TSS_0448	.	-	542
ZM4	232050	232051	ZMO1787_peak_170d	23.1107	ZM4	232373	232374	TSS_0448	.	-	323
ZM4	233187	233188	ZMO1787_peak_171a	6.12363	ZM4	232592	232593	TSS_0454	.	-	-595
ZM4	233248	233249	ZMO1787_peak_171b	8.45159	ZM4	232592	232593	TSS_0454	.	-	-656
ZM4	234144	234145	ZMO1787_peak_172a	12.2359	ZM4	234091	234092	TSS_0457	.	+	53
ZM4	234263	234264	ZMO1787_peak_172b	19.6165	ZM4	234091	234092	TSS_0457	.	+	172
ZM4	235992	235993	ZMO1787_peak_173	375.136	ZM4	235955	235956	TSS_0464	.	+	37
ZM4	237181	237182	ZMO1787_peak_174	21.7572	ZM4	237179	237180	TSS_0468	.	+	2
ZM4	237780	237781	ZMO1787_peak_175	38.3923	ZM4	237179	237180	TSS_0468	.	+	601
ZM4	238121	238122	ZMO1787_peak_176	218.289	ZM4	238508	238509	TSS_0469	.	+	-387
ZM4	238456	238457	ZMO1787_peak_177	22.0696	ZM4	238508	238509	TSS_0469	.	+	-52
ZM4	239680	239681	ZMO1787_peak_178a	87.5761	ZM4	238511	238512	TSS_0470	.	+	1169
ZM4	239854	239855	ZMO1787_peak_178b	22.1512	ZM4	240931	240932	TSS_0471	.	-	1077
ZM4	240094	240095	ZMO1787_peak_179	34.437	ZM4	240931	240932	TSS_0471	.	-	837
ZM4	241235	241236	ZMO1787_peak_180	66.9729	ZM4	241186	241187	TSS_0487	.	-	-49
ZM4	242378	242379	ZMO1787_peak_181	181.686	ZM4	242970	242971	TSS_0489	.	+	-592
ZM4	242785	242786	ZMO1787_peak_182	138.18	ZM4	242970	242971	TSS_0489	.	+	-185
ZM4	244444	244445	ZMO1787_peak_183	162.811	ZM4	244224	244225	TSS_0499	.	-	-220
ZM4	245658	245659	ZMO1787_peak_184	103.003	ZM4	245089	245090	TSS_0500	.	+	569
ZM4	248050	248051	ZMO1787_peak_185	639.908	ZM4	245089	245090	TSS_0500	.	+	2961
ZM4	248678	248679	ZMO1787_peak_186	33.7305	ZM4	245089	245090	TSS_0500	.	+	3589
ZM4	249425	249426	ZMO1787_peak_187a	42.7518	ZM4	245089	245090	TSS_0500	.	+	4336
ZM4	249503	249504	ZMO1787_peak_187b	70.5889	ZM4	245089	245090	TSS_0500	.	+	4414
ZM4	250824	250825	ZMO1787_peak_188	558.963	ZM4	245089	245090	TSS_0500	.	+	5735
ZM4	251308	251309	ZMO1787_peak_189	249.28	ZM4	245089	245090	TSS_0500	.	+	6219
ZM4	251757	251758	ZMO1787_peak_190	462.099	ZM4	245089	245090	TSS_0500	.	+	6668
ZM4	252261	252262	ZMO1787_peak_191	89.7328	ZM4	259009	259010	TSS_0512	.	+	-6748
ZM4	253187	253188	ZMO1787_peak_192	34.914	ZM4	259009	259010	TSS_0512	.	+	-5822
ZM4	256642	256643	ZMO1787_peak_193a	16.8535	ZM4	259009	259010	TSS_0512	.	+	-2367
ZM4	256815	256816	ZMO1787_peak_193b	53.5329	ZM4	259009	259010	TSS_0512	.	+	-2194
ZM4	257406	257407	ZMO1787_peak_194	113.782	ZM4	259009	259010	TSS_0512	.	+	-1603
ZM4	260446	260447	ZMO1787_peak_195a	84.4003	ZM4	260896	260897	TSS_0519	.	+	-450
ZM4	260558	260559	ZMO1787_peak_195b	10.8924	ZM4	260896	260897	TSS_0519	.	+	-338
ZM4	263766	263767	ZMO1787_peak_196	496.814	ZM4	263309	263310	TSS_0524	.	+	457
ZM4	264825	264826	ZMO1787_peak_197a	6.84857	ZM4	266314	266315	TSS_0529	.	-	1489
ZM4	265020	265021	ZMO1787_peak_197b	80.4946	ZM4	266314	266315	TSS_0529	.	-	1294
ZM4	265649	265650	ZMO1787_peak_198a	42.2926	ZM4	266314	266315	TSS_0529	.	-	665
ZM4	265845	265846	ZMO1787_peak_198b	326.417	ZM4	266314	266315	TSS_0529	.	-	469
ZM4	266502	266503	ZMO1787_peak_199a	356.17	ZM4	266314	266315	TSS_0529	.	-	-188
ZM4	266762	266763	ZMO1787_peak_199b	936.738	ZM4	266314	266315	TSS_0529	.	-	-448
ZM4	267406	267407	ZMO1787_peak_200	369.36	ZM4	267770	267771	TSS_0530	.	-	364
ZM4	269239	269240	ZMO1787_peak_201	61.4732	ZM4	267770	267771	TSS_0530	.	-	-1469
ZM4	269960	269961	ZMO1787_peak_202	400.991	ZM4	270955	270956	TSS_0534	.	-	995
ZM4	270796	270797	ZMO1787_peak_203a	21.6983	ZM4	270955	270956	TSS_0534	.	-	159
ZM4	270955	270956	ZMO1787_peak_203b	70.3805	ZM4	270955	270956	TSS_0534	.	-	0
ZM4	271270	271271	ZMO1787_peak_204	6.32368	ZM4	270955	270956	TSS_0534	.	-	-315
ZM4	271586	271587	ZMO1787_peak_205a	39.4683	ZM4	270955	270956	TSS_0534	.	-	-631
ZM4	271784	271785	ZMO1787_peak_205b	86.132	ZM4	270955	270956	TSS_0534	.	-	-829
ZM4	272963	272964	ZMO1787_peak_206	667.314	ZM4	273918	273919	TSS_0536	.	-	955
ZM4	273266	273267	ZMO1787_peak_207	88.7655	ZM4	273918	273919	TSS_0536	.	-	652
ZM4	274018	274019	ZMO1787_peak_208a	37.7649	ZM4	273919	273920	TSS_0537	.	-	-99
ZM4	274161	274162	ZMO1787_peak_208b	400.008	ZM4	273919	273920	TSS_0537	.	-	-242
ZM4	276221	276222	ZMO1787_peak_209	93.7356	ZM4	276580	276581	TSS_0538	.	+	-359
ZM4	276839	276840	ZMO1787_peak_210a	299.556	ZM4	276580	276581	TSS_0538	.	+	259
ZM4	276998	276999	ZMO1787_peak_210b	384.526	ZM4	277111	277112	TSS_0539	.	+	-113
ZM4	277491	277492	ZMO1787_peak_211	33.4349	ZM4	277111	277112	TSS_0539	.	+	380
ZM4	280458	280459	ZMO1787_peak_212a	6.09234	ZM4	281942	281943	TSS_0544	.	-	1484
ZM4	280615	280616	ZMO1787_peak_212b	130.921	ZM4	281942	281943	TSS_0544	.	-	1327
ZM4	281194	281195	ZMO1787_peak_213	38.2344	ZM4	281942	281943	TSS_0544	.	-	748
ZM4	282530	282531	ZMO1787_peak_214a	284.895	ZM4	282731	282732	TSS_0547	.	-	201
ZM4	282791	282792	ZMO1787_peak_214b	154.768	ZM4	282731	282732	TSS_0547	.	-	-60
ZM4	284049	284050	ZMO1787_peak_215	203.401	ZM4	284553	284554	TSS_0548	.	-	504
ZM4	285079	285080	ZMO1787_peak_216	18.129	ZM4	285049	285050	TSS_0563	.	-	-30
ZM4	285821	285822	ZMO1787_peak_217	12.2176	ZM4	285132	285133	TSS_0565	.	-	-689
ZM4	287704	287705	ZMO1787_peak_218	167.57	ZM4	286985	286986	TSS_0574	.	-	-719
ZM4	288659	288660	ZMO1787_peak_219a	42.572	ZM4	286985	286986	TSS_0574	.	-	-1674
ZM4	288836	288837	ZMO1787_peak_219b	108.106	ZM4	286985	286986	TSS_0574	.	-	-1851
ZM4	289430	289431	ZMO1787_peak_220	529.555	ZM4	286985	286986	TSS_0574	.	-	-2445
ZM4	290467	290468	ZMO1787_peak_221	27.4238	ZM4	293575	293576	TSS_0576	.	+	-3108
ZM4	292472	292473	ZMO1787_peak_222	182.36	ZM4	293575	293576	TSS_0576	.	+	-1103
ZM4	293580	293581	ZMO1787_peak_223	401.29	ZM4	293575	293576	TSS_0576	.	+	5
ZM4	294409	294410	ZMO1787_peak_224	651.282	ZM4	294294	294295	TSS_0581	.	-	-115
ZM4	294737	294738	ZMO1787_peak_225a	5.96533	ZM4	294766	294767	TSS_0582	.	+	-29
ZM4	294944	294945	ZMO1787_peak_225b	344.78	ZM4	294766	294767	TSS_0582	.	+	178
ZM4	295879	295880	ZMO1787_peak_226	382.133	ZM4	295366	295367	TSS_0583	.	+	513
ZM4	297364	297365	ZMO1787_peak_227	332.758	ZM4	298017	298018	TSS_0586	.	-	653
ZM4	298642	298643	ZMO1787_peak_228	284.058	ZM4	298017	298018	TSS_0586	.	-	-625
ZM4	300630	300631	ZMO1787_peak_229	442.251	ZM4	300314	300315	TSS_0594	.	-	-316
ZM4	301009	301010	ZMO1787_peak_230	26.429	ZM4	301158	301159	TSS_0595	.	+	-149
ZM4	301486	301487	ZMO1787_peak_231a	56.1336	ZM4	301158	301159	TSS_0595	.	+	328
ZM4	301673	301674	ZMO1787_peak_231b	44.2148	ZM4	301158	301159	TSS_0595	.	+	515
ZM4	301880	301881	ZMO1787_peak_231c	135.091	ZM4	301158	301159	TSS_0595	.	+	722
ZM4	302863	302864	ZMO1787_peak_232	44.038	ZM4	303405	303406	TSS_0596	.	-	542
ZM4	303411	303412	ZMO1787_peak_233	769.788	ZM4	303405	303406	TSS_0596	.	-	-6
ZM4	304481	304482	ZMO1787_peak_234	109.779	ZM4	304584	304585	TSS_0597	.	+	-103
ZM4	305591	305592	ZMO1787_peak_235a	3.35319	ZM4	304778	304779	TSS_0599	.	-	-813
ZM4	305740	305741	ZMO1787_peak_235b	18.9054	ZM4	304778	304779	TSS_0599	.	-	-962
ZM4	307077	307078	ZMO1787_peak_236	43.2138	ZM4	304778	304779	TSS_0599	.	-	-2299
ZM4	309697	309698	ZMO1787_peak_237	31.4984	ZM4	310703	310704	TSS_0602	.	-	1006
ZM4	312565	312566	ZMO1787_peak_238	52.8653	ZM4	312500	312501	TSS_0603	.	+	65
ZM4	313351	313352	ZMO1787_peak_239	194.839	ZM4	312500	312501	TSS_0603	.	+	851
ZM4	318981	318982	ZMO1787_peak_240	11.2202	ZM4	318579	318580	TSS_0615	.	+	402
ZM4	320074	320075	ZMO1787_peak_241	115.085	ZM4	320224	320225	TSS_0623	.	+	-150
ZM4	321723	321724	ZMO1787_peak_242	50.4235	ZM4	321934	321935	TSS_0626	.	+	-211
ZM4	322502	322503	ZMO1787_peak_243a	56.857	ZM4	321934	321935	TSS_0626	.	+	568
ZM4	322616	322617	ZMO1787_peak_243b	163.892	ZM4	321934	321935	TSS_0626	.	+	682
ZM4	324341	324342	ZMO1787_peak_244	533.142	ZM4	325382	325383	TSS_0632	.	+	-1041
ZM4	325003	325004	ZMO1787_peak_245a	29.8066	ZM4	325382	325383	TSS_0632	.	+	-379
ZM4	325272	325273	ZMO1787_peak_245b	176.148	ZM4	325382	325383	TSS_0632	.	+	-110
ZM4	325732	325733	ZMO1787_peak_246	49.8537	ZM4	325382	325383	TSS_0632	.	+	350
ZM4	327913	327914	ZMO1787_peak_247	82.8844	ZM4	328882	328883	TSS_0636	.	+	-969
ZM4	329795	329796	ZMO1787_peak_248	78.3941	ZM4	330645	330646	TSS_0641	.	+	-850
ZM4	331090	331091	ZMO1787_peak_249	46.3498	ZM4	330740	330741	TSS_0643	.	+	350
ZM4	331374	331375	ZMO1787_peak_250	75.4312	ZM4	330740	330741	TSS_0643	.	+	634
ZM4	333965	333966	ZMO1787_peak_251	11.5353	ZM4	334244	334245	TSS_0651	.	+	-279
ZM4	334267	334268	ZMO1787_peak_252	71.7382	ZM4	334246	334247	TSS_0652	.	+	21
ZM4	334915	334916	ZMO1787_peak_253	97.1171	ZM4	334246	334247	TSS_0652	.	+	669
ZM4	337656	337657	ZMO1787_peak_254	533.647	ZM4	337929	337930	TSS_0656	.	-	273
ZM4	339483	339484	ZMO1787_peak_255	95.7065	ZM4	338982	338983	TSS_0660	.	+	501
ZM4	339980	339981	ZMO1787_peak_256	21.092	ZM4	340218	340219	TSS_0664	.	+	-238
ZM4	344007	344008	ZMO1787_peak_257	93.0842	ZM4	343285	343286	TSS_0681	.	+	722
ZM4	346276	346277	ZMO1787_peak_258	77.1929	ZM4	345907	345908	TSS_0686	.	+	369
ZM4	346770	346771	ZMO1787_peak_259a	36.1901	ZM4	346690	346691	TSS_0687	.	+	80
ZM4	346978	346979	ZMO1787_peak_259b	786.234	ZM4	346690	346691	TSS_0687	.	+	288
ZM4	347266	347267	ZMO1787_peak_259c	9.61823	ZM4	346690	346691	TSS_0687	.	+	576
ZM4	349556	349557	ZMO1787_peak_260	777.898	ZM4	351956	351957	TSS_0689	.	+	-2400
ZM4	352049	352050	ZMO1787_peak_261a	21.9873	ZM4	352110	352111	TSS_0690	.	+	-61
ZM4	352281	352282	ZMO1787_peak_261b	332.15	ZM4	352155	352156	TSS_0692	.	+	126
ZM4	352845	352846	ZMO1787_peak_262	48.0605	ZM4	353417	353418	TSS_0693	.	+	-572
ZM4	353455	353456	ZMO1787_peak_263	29.2889	ZM4	353419	353420	TSS_0694	.	+	36
ZM4	354184	354185	ZMO1787_peak_264	82.3914	ZM4	353691	353692	TSS_0696	.	+	493
ZM4	354791	354792	ZMO1787_peak_265	12.7766	ZM4	353691	353692	TSS_0696	.	+	1100
ZM4	355170	355171	ZMO1787_peak_266	481.059	ZM4	353691	353692	TSS_0696	.	+	1479
ZM4	355806	355807	ZMO1787_peak_267	7.8503	ZM4	357147	357148	TSS_0698	.	+	-1341
ZM4	359031	359032	ZMO1787_peak_268a	40.2334	ZM4	359278	359279	TSS_0705	.	+	-247
ZM4	359154	359155	ZMO1787_peak_268b	210.814	ZM4	359278	359279	TSS_0705	.	+	-124
ZM4	359377	359378	ZMO1787_peak_268c	45.9507	ZM4	359278	359279	TSS_0705	.	+	99
ZM4	359619	359620	ZMO1787_peak_268d	145.079	ZM4	359813	359814	TSS_0706	.	+	-194
ZM4	359813	359814	ZMO1787_peak_268e	84.8123	ZM4	359813	359814	TSS_0706	.	+	0
ZM4	360104	360105	ZMO1787_peak_269	666.294	ZM4	360122	360123	TSS_0707	.	+	-18
ZM4	360975	360976	ZMO1787_peak_270	108.105	ZM4	360122	360123	TSS_0707	.	+	853
ZM4	362166	362167	ZMO1787_peak_271	43.377	ZM4	361997	361998	TSS_0709	.	+	169
ZM4	363874	363875	ZMO1787_peak_272a	70.5398	ZM4	363690	363691	TSS_0711	.	+	184
ZM4	364093	364094	ZMO1787_peak_272b	432.652	ZM4	363690	363691	TSS_0711	.	+	403
ZM4	365807	365808	ZMO1787_peak_273	87.3777	ZM4	364911	364912	TSS_0713	.	+	896
ZM4	367387	367388	ZMO1787_peak_274	9.55715	ZM4	367275	367276	TSS_0720	.	+	112
ZM4	367993	367994	ZMO1787_peak_275	48.5996	ZM4	367275	367276	TSS_0720	.	+	718
ZM4	368289	368290	ZMO1787_peak_276	281.049	ZM4	367275	367276	TSS_0720	.	+	1014
ZM4	370638	370639	ZMO1787_peak_277	103.034	ZM4	370589	370590	TSS_0722	.	+	49
ZM4	370947	370948	ZMO1787_peak_278	36.5955	ZM4	370955	370956	TSS_0731	.	+	-8
ZM4	372025	372026	ZMO1787_peak_279	447.218	ZM4	372593	372594	TSS_0742	.	+	-568
ZM4	373358	373359	ZMO1787_peak_280	117.081	ZM4	373457	373458	TSS_0747	.	+	-99
ZM4	373859	373860	ZMO1787_peak_281a	153.843	ZM4	373881	373882	TSS_0754	.	+	-22
ZM4	374006	374007	ZMO1787_peak_281b	598.813	ZM4	373959	373960	TSS_0756	.	+	47
ZM4	374318	374319	ZMO1787_peak_281c	217.26	ZM4	374076	374077	TSS_0757	.	+	242
ZM4	374985	374986	ZMO1787_peak_282	313.972	ZM4	375886	375887	TSS_0761	.	+	-901
ZM4	375593	375594	ZMO1787_peak_283	131.31	ZM4	375886	375887	TSS_0761	.	+	-293
ZM4	376013	376014	ZMO1787_peak_284	37.8182	ZM4	376022	376023	TSS_0767	.	+	-9
ZM4	376837	376838	ZMO1787_peak_285	34.4765	ZM4	376022	376023	TSS_0767	.	+	815
ZM4	378981	378982	ZMO1787_peak_286	155.077	ZM4	378392	378393	TSS_0773	.	+	589
ZM4	379302	379303	ZMO1787_peak_287	136.615	ZM4	378392	378393	TSS_0773	.	+	910
ZM4	379634	379635	ZMO1787_peak_288	171.262	ZM4	378392	378393	TSS_0773	.	+	1242
ZM4	380706	380707	ZMO1787_peak_289	70.459	ZM4	378392	378393	TSS_0773	.	+	2314
ZM4	381199	381200	ZMO1787_peak_290	34.0923	ZM4	378392	378393	TSS_0773	.	+	2807
ZM4	383523	383524	ZMO1787_peak_291	39.0747	ZM4	385464	385465	TSS_0787	.	-	1941
ZM4	384783	384784	ZMO1787_peak_292	28.6335	ZM4	385464	385465	TSS_0787	.	-	681
ZM4	385117	385118	ZMO1787_peak_293a	2.98041	ZM4	385464	385465	TSS_0787	.	-	347
ZM4	385194	385195	ZMO1787_peak_293b	4.495	ZM4	385464	385465	TSS_0787	.	-	270
ZM4	385681	385682	ZMO1787_peak_294	64.3344	ZM4	385497	385498	TSS_0790	.	-	-184
ZM4	385958	385959	ZMO1787_peak_295	299.764	ZM4	385497	385498	TSS_0790	.	-	-461
ZM4	386305	386306	ZMO1787_peak_296a	302.853	ZM4	385497	385498	TSS_0790	.	-	-808
ZM4	386604	386605	ZMO1787_peak_296b	16.4667	ZM4	385497	385498	TSS_0790	.	-	-1107
ZM4	387021	387022	ZMO1787_peak_297	41.5738	ZM4	385497	385498	TSS_0790	.	-	-1524
ZM4	387860	387861	ZMO1787_peak_298	14.6706	ZM4	390011	390012	TSS_0792	.	+	-2151
ZM4	388599	388600	ZMO1787_peak_299	28.0132	ZM4	390011	390012	TSS_0792	.	+	-1412
ZM4	389984	389985	ZMO1787_peak_300	741.122	ZM4	390011	390012	TSS_0792	.	+	-27
ZM4	390379	390380	ZMO1787_peak_301	27.7669	ZM4	390011	390012	TSS_0792	.	+	368
ZM4	391395	391396	ZMO1787_peak_302	91.7634	ZM4	391738	391739	TSS_0793	.	+	-343
ZM4	393212	393213	ZMO1787_peak_303a	139.326	ZM4	391738	391739	TSS_0793	.	+	1474
ZM4	393359	393360	ZMO1787_peak_303b	17.0624	ZM4	391738	391739	TSS_0793	.	+	1621
ZM4	395164	395165	ZMO1787_peak_304	277.43	ZM4	397722	397723	TSS_0795	.	+	-2558
ZM4	395799	395800	ZMO1787_peak_305	85.179	ZM4	397722	397723	TSS_0795	.	+	-1923
ZM4	397700	397701	ZMO1787_peak_306	726.552	ZM4	397722	397723	TSS_0795	.	+	-22
ZM4	401476	401477	ZMO1787_peak_307	275.303	ZM4	397722	397723	TSS_0795	.	+	3754
ZM4	403374	403375	ZMO1787_peak_308	29.7829	ZM4	405797	405798	TSS_0803	.	-	2423
ZM4	407065	407066	ZMO1787_peak_309	119.059	ZM4	406810	406811	TSS_0804	.	-	-255
ZM4	407715	407716	ZMO1787_peak_310	138.238	ZM4	407681	407682	TSS_0811	.	+	34
ZM4	407960	407961	ZMO1787_peak_311a	10.7684	ZM4	407681	407682	TSS_0811	.	+	279
ZM4	408140	408141	ZMO1787_peak_311b	1027.31	ZM4	407681	407682	TSS_0811	.	+	459
ZM4	409122	409123	ZMO1787_peak_312	45.1332	ZM4	407681	407682	TSS_0811	.	+	1441
ZM4	409468	409469	ZMO1787_peak_313	62.9654	ZM4	410669	410670	TSS_0814	.	+	-1201
ZM4	410142	410143	ZMO1787_peak_314	48.2043	ZM4	410669	410670	TSS_0814	.	+	-527
ZM4	410979	410980	ZMO1787_peak_315a	272.813	ZM4	410956	410957	TSS_0820	.	+	23
ZM4	411056	411057	ZMO1787_peak_315b	229.212	ZM4	411060	411061	TSS_0821	.	+	-4
ZM4	412211	412212	ZMO1787_peak_316	24.7885	ZM4	411925	411926	TSS_0823	.	+	286
ZM4	412617	412618	ZMO1787_peak_317	30.5487	ZM4	411925	411926	TSS_0823	.	+	692
ZM4	413666	413667	ZMO1787_peak_318a	332.031	ZM4	414258	414259	TSS_0825	.	+	-592
ZM4	413746	413747	ZMO1787_peak_318b	309.223	ZM4	414258	414259	TSS_0825	.	+	-512
ZM4	414576	414577	ZMO1787_peak_319	98.4288	ZM4	414258	414259	TSS_0825	.	+	318
ZM4	415452	415453	ZMO1787_peak_320	51.5812	ZM4	414258	414259	TSS_0825	.	+	1194
ZM4	415620	415621	ZMO1787_peak_321	4.14277	ZM4	414258	414259	TSS_0825	.	+	1362
ZM4	416779	416780	ZMO1787_peak_322	59.7554	ZM4	418225	418226	TSS_0828	.	-	1446
ZM4	417700	417701	ZMO1787_peak_323	165.942	ZM4	418225	418226	TSS_0828	.	-	525
ZM4	419178	419179	ZMO1787_peak_324	364.113	ZM4	419803	419804	TSS_0831	.	-	625
ZM4	419444	419445	ZMO1787_peak_325	41.3438	ZM4	419803	419804	TSS_0831	.	-	359
ZM4	420505	420506	ZMO1787_peak_326	563.486	ZM4	419827	419828	TSS_0833	.	-	-678
ZM4	421693	421694	ZMO1787_peak_327a	33.7377	ZM4	419827	419828	TSS_0833	.	-	-1866
ZM4	421808	421809	ZMO1787_peak_327b	27.1349	ZM4	419827	419828	TSS_0833	.	-	-1981
ZM4	426899	426900	ZMO1787_peak_328	80.1303	ZM4	427103	427104	TSS_0843	.	+	-204
ZM4	427449	427450	ZMO1787_peak_329	977.736	ZM4	427103	427104	TSS_0843	.	+	346
ZM4	428054	428055	ZMO1787_peak_330	458.38	ZM4	427103	427104	TSS_0843	.	+	951
ZM4	428641	428642	ZMO1787_peak_331	89.9756	ZM4	427103	427104	TSS_0843	.	+	1538
ZM4	429688	429689	ZMO1787_peak_332	67.0294	ZM4	430341	430342	TSS_0844	.	+	-653
ZM4	430902	430903	ZMO1787_peak_333	31.3837	ZM4	431194	431195	TSS_0845	.	+	-292
ZM4	431896	431897	ZMO1787_peak_334	213.102	ZM4	432046	432047	TSS_0846	.	+	-150
ZM4	433764	433765	ZMO1787_peak_335	476.385	ZM4	433937	433938	TSS_0852	.	-	173
ZM4	435987	435988	ZMO1787_peak_336	145.407	ZM4	435595	435596	TSS_0859	.	-	-392
ZM4	436861	436862	ZMO1787_peak_337a	7.02816	ZM4	437845	437846	TSS_0861	.	+	-984
ZM4	437053	437054	ZMO1787_peak_337b	374.072	ZM4	437845	437846	TSS_0861	.	+	-792
ZM4	437432	437433	ZMO1787_peak_338	313.747	ZM4	437845	437846	TSS_0861	.	+	-413
ZM4	437913	437914	ZMO1787_peak_339	310.126	ZM4	437845	437846	TSS_0861	.	+	68
ZM4	438585	438586	ZMO1787_peak_340	991.05	ZM4	438572	438573	TSS_0863	.	+	13
ZM4	440346	440347	ZMO1787_peak_341	227.749	ZM4	440929	440930	TSS_0867	.	+	-583
ZM4	441078	441079	ZMO1787_peak_342	361.916	ZM4	440988	440989	TSS_0869	.	+	90
ZM4	442099	442100	ZMO1787_peak_343	56.5002	ZM4	441891	441892	TSS_0873	.	+	208
ZM4	443449	443450	ZMO1787_peak_344	123.399	ZM4	441891	441892	TSS_0873	.	+	1558
ZM4	444034	444035	ZMO1787_peak_345	131.037	ZM4	446167	446168	TSS_0875	.	-	2133
ZM4	445263	445264	ZMO1787_peak_346	156.264	ZM4	446167	446168	TSS_0875	.	-	904
ZM4	446324	446325	ZMO1787_peak_347	61.3194	ZM4	446368	446369	TSS_0880	.	-	44
ZM4	446924	446925	ZMO1787_peak_348a	507.276	ZM4	446871	446872	TSS_0900	.	+	53
ZM4	447098	447099	ZMO1787_peak_348b	322.853	ZM4	446871	446872	TSS_0900	.	+	227
ZM4	448459	448460	ZMO1787_peak_349	100.093	ZM4	446871	446872	TSS_0900	.	+	1588
ZM4	448902	448903	ZMO1787_peak_350	60.2304	ZM4	446871	446872	TSS_0900	.	+	2031
ZM4	449303	449304	ZMO1787_peak_351	17.0624	ZM4	446871	446872	TSS_0900	.	+	2432
ZM4	450039	450040	ZMO1787_peak_352	244.648	ZM4	452429	452430	TSS_0906	.	-	2390
ZM4	452147	452148	ZMO1787_peak_353	56.598	ZM4	452429	452430	TSS_0906	.	-	282
ZM4	452624	452625	ZMO1787_peak_354a	229.198	ZM4	452586	452587	TSS_0909	.	+	38
ZM4	452795	452796	ZMO1787_peak_354b	632.222	ZM4	452669	452670	TSS_0910	.	+	126
ZM4	454668	454669	ZMO1787_peak_355	115.823	ZM4	452669	452670	TSS_0910	.	+	1999
ZM4	454958	454959	ZMO1787_peak_356	738.906	ZM4	457025	457026	TSS_0911	.	-	2067
ZM4	456075	456076	ZMO1787_peak_357	207.326	ZM4	457025	457026	TSS_0911	.	-	950
ZM4	457594	457595	ZMO1787_peak_358	312.437	ZM4	457289	457290	TSS_0918	.	+	305
ZM4	458517	458518	ZMO1787_peak_359	54.8873	ZM4	457289	457290	TSS_0918	.	+	1228
ZM4	460639	460640	ZMO1787_peak_360	168.241	ZM4	460647	460648	TSS_0926	.	-	8
ZM4	461182	461183	ZMO1787_peak_361	21.5735	ZM4	460899	460900	TSS_0937	.	+	283
ZM4	463111	463112	ZMO1787_peak_362	694.821	ZM4	462622	462623	TSS_0939	.	+	489
ZM4	463708	463709	ZMO1787_peak_363	64.3025	ZM4	464751	464752	TSS_0942	.	+	-1043
ZM4	465671	465672	ZMO1787_peak_364	16.0513	ZM4	465014	465015	TSS_0947	.	-	-657
ZM4	466352	466353	ZMO1787_peak_365	55.942	ZM4	466854	466855	TSS_0950	.	-	502
ZM4	466806	466807	ZMO1787_peak_366	163.853	ZM4	466854	466855	TSS_0950	.	-	48
ZM4	469100	469101	ZMO1787_peak_367a	4.68337	ZM4	468600	468601	TSS_0951	.	-	-500
ZM4	469274	469275	ZMO1787_peak_367b	444.941	ZM4	468600	468601	TSS_0951	.	-	-674
ZM4	469552	469553	ZMO1787_peak_368	8.88017	ZM4	468600	468601	TSS_0951	.	-	-952
ZM4	470732	470733	ZMO1787_peak_369	172.802	ZM4	470768	470769	TSS_0956	.	+	-36
ZM4	471178	471179	ZMO1787_peak_370	100.093	ZM4	470789	470790	TSS_0959	.	+	389
ZM4	473319	473320	ZMO1787_peak_371a	217.242	ZM4	472788	472789	TSS_0963	.	+	531
ZM4	473468	473469	ZMO1787_peak_371b	43.3243	ZM4	472788	472789	TSS_0963	.	+	680
ZM4	474009	474010	ZMO1787_peak_372	102.948	ZM4	472788	472789	TSS_0963	.	+	1221
ZM4	474911	474912	ZMO1787_peak_373	54.4551	ZM4	476744	476745	TSS_0966	.	-	1833
ZM4	475429	475430	ZMO1787_peak_374	97.1903	ZM4	476744	476745	TSS_0966	.	-	1315
ZM4	478637	478638	ZMO1787_peak_375	927.547	ZM4	479088	479089	TSS_0973	.	+	-451
ZM4	480536	480537	ZMO1787_peak_376	78.431	ZM4	479228	479229	TSS_0979	.	+	1308
ZM4	482231	482232	ZMO1787_peak_377	749.342	ZM4	483304	483305	TSS_0981	.	-	1073
ZM4	483510	483511	ZMO1787_peak_378	37.0065	ZM4	483504	483505	TSS_0990	.	-	-6
ZM4	484094	484095	ZMO1787_peak_379	47.7271	ZM4	483535	483536	TSS_0995	.	-	-559
ZM4	485167	485168	ZMO1787_peak_380	171.192	ZM4	485787	485788	TSS_0999	.	+	-620
ZM4	488285	488286	ZMO1787_peak_381	146.766	ZM4	488226	488227	TSS_1017	.	+	59
ZM4	488595	488596	ZMO1787_peak_382	23.2675	ZM4	488384	488385	TSS_1018	.	+	211
ZM4	489035	489036	ZMO1787_peak_383	878.83	ZM4	488384	488385	TSS_1018	.	+	651
ZM4	489369	489370	ZMO1787_peak_384	158.5	ZM4	489902	489903	TSS_1022	.	+	-533
ZM4	489771	489772	ZMO1787_peak_385	32.2483	ZM4	489902	489903	TSS_1022	.	+	-131
ZM4	490217	490218	ZMO1787_peak_386	260.176	ZM4	489935	489936	TSS_1023	.	+	282
ZM4	492628	492629	ZMO1787_peak_387	81.5063	ZM4	489935	489936	TSS_1023	.	+	2693
ZM4	493375	493376	ZMO1787_peak_388a	879.235	ZM4	489935	489936	TSS_1023	.	+	3440
ZM4	493596	493597	ZMO1787_peak_388b	107.562	ZM4	489935	489936	TSS_1023	.	+	3661
ZM4	494267	494268	ZMO1787_peak_389	278.944	ZM4	497665	497666	TSS_1028	.	-	3398
ZM4	495833	495834	ZMO1787_peak_390	91.3373	ZM4	497665	497666	TSS_1028	.	-	1832
ZM4	496481	496482	ZMO1787_peak_391	84.7722	ZM4	497665	497666	TSS_1028	.	-	1184
ZM4	497678	497679	ZMO1787_peak_392	73.1495	ZM4	497665	497666	TSS_1028	.	-	-13
ZM4	497988	497989	ZMO1787_peak_393a	253.829	ZM4	497665	497666	TSS_1028	.	-	-323
ZM4	498091	498092	ZMO1787_peak_393b	291.576	ZM4	498429	498430	TSS_1029	.	+	-338
ZM4	498823	498824	ZMO1787_peak_394	92.2177	ZM4	498519	498520	TSS_1030	.	+	304
ZM4	500708	500709	ZMO1787_peak_395a	28.0132	ZM4	502236	502237	TSS_1037	.	-	1528
ZM4	500821	500822	ZMO1787_peak_395b	126.853	ZM4	502236	502237	TSS_1037	.	-	1415
ZM4	501305	501306	ZMO1787_peak_396	328.351	ZM4	502236	502237	TSS_1037	.	-	931
ZM4	501930	501931	ZMO1787_peak_397	190.358	ZM4	502236	502237	TSS_1037	.	-	306
ZM4	502809	502810	ZMO1787_peak_398a	139.154	ZM4	502383	502384	TSS_1038	.	-	-426
ZM4	503048	503049	ZMO1787_peak_398b	459.215	ZM4	502383	502384	TSS_1038	.	-	-665
ZM4	503717	503718	ZMO1787_peak_399	28.915	ZM4	504288	504289	TSS_1040	.	-	571
ZM4	505735	505736	ZMO1787_peak_400	156.497	ZM4	504334	504335	TSS_1041	.	+	1401
ZM4	506841	506842	ZMO1787_peak_401	9.25447	ZM4	504334	504335	TSS_1041	.	+	2507
ZM4	507119	507120	ZMO1787_peak_402a	630.844	ZM4	509404	509405	TSS_1045	.	+	-2285
ZM4	507310	507311	ZMO1787_peak_402b	866.946	ZM4	509404	509405	TSS_1045	.	+	-2094
ZM4	510632	510633	ZMO1787_peak_403	13.9108	ZM4	510996	510997	TSS_1046	.	+	-364
ZM4	512890	512891	ZMO1787_peak_404	524.899	ZM4	512424	512425	TSS_1052	.	+	466
ZM4	514389	514390	ZMO1787_peak_405	40.8816	ZM4	515444	515445	TSS_1056	.	+	-1055
ZM4	515980	515981	ZMO1787_peak_406	226.921	ZM4	515948	515949	TSS_1070	.	+	32
ZM4	516792	516793	ZMO1787_peak_407	612.017	ZM4	516633	516634	TSS_1073	.	+	159
ZM4	517526	517527	ZMO1787_peak_408	49.0463	ZM4	518215	518216	TSS_1078	.	+	-689
ZM4	518998	518999	ZMO1787_peak_409	60.2304	ZM4	518854	518855	TSS_1098	.	+	144
ZM4	521628	521629	ZMO1787_peak_410	84.442	ZM4	521650	521651	TSS_1124	.	+	-22
ZM4	523033	523034	ZMO1787_peak_411	359.982	ZM4	523094	523095	TSS_1132	.	+	-61
ZM4	523405	523406	ZMO1787_peak_412	71.4163	ZM4	523097	523098	TSS_1133	.	+	308
ZM4	525774	525775	ZMO1787_peak_413a	189.047	ZM4	525729	525730	TSS_1168	.	+	45
ZM4	526036	526037	ZMO1787_peak_413b	335.336	ZM4	526060	526061	TSS_1169	.	+	-24
ZM4	527138	527139	ZMO1787_peak_414	117.935	ZM4	527107	527108	TSS_1177	.	+	31
ZM4	528842	528843	ZMO1787_peak_415	89.9756	ZM4	528932	528933	TSS_1182	.	+	-90
ZM4	529380	529381	ZMO1787_peak_416	15.7198	ZM4	529504	529505	TSS_1189	.	+	-124
ZM4	530814	530815	ZMO1787_peak_417	110.835	ZM4	530254	530255	TSS_1193	.	+	560
ZM4	533061	533062	ZMO1787_peak_418	283.342	ZM4	533031	533032	TSS_1210	.	+	30
ZM4	535531	535532	ZMO1787_peak_419	29.2331	ZM4	535519	535520	TSS_1232	.	+	12
ZM4	539814	539815	ZMO1787_peak_420	316.471	ZM4	542667	542668	TSS_1242	.	+	-2853
ZM4	540754	540755	ZMO1787_peak_421	36.9015	ZM4	542667	542668	TSS_1242	.	+	-1913
ZM4	541849	541850	ZMO1787_peak_422	92.4721	ZM4	542667	542668	TSS_1242	.	+	-818
ZM4	542772	542773	ZMO1787_peak_423	212.988	ZM4	542697	542698	TSS_1247	.	+	75
ZM4	543466	543467	ZMO1787_peak_424	34.1417	ZM4	543526	543527	TSS_1287	.	-	60
ZM4	544224	544225	ZMO1787_peak_425	3.52804	ZM4	544540	544541	TSS_1288	.	-	316
ZM4	545502	545503	ZMO1787_peak_426	233.063	ZM4	545686	545687	TSS_1290	.	-	184
ZM4	546722	546723	ZMO1787_peak_427a	25.7457	ZM4	545705	545706	TSS_1293	.	-	-1017
ZM4	546888	546889	ZMO1787_peak_427b	23.6181	ZM4	545705	545706	TSS_1293	.	-	-1183
ZM4	547022	547023	ZMO1787_peak_427c	24.7885	ZM4	545705	545706	TSS_1293	.	-	-1317
ZM4	550293	550294	ZMO1787_peak_428	172.039	ZM4	550473	550474	TSS_1308	.	-	180
ZM4	550720	550721	ZMO1787_peak_429	98.17	ZM4	550473	550474	TSS_1308	.	-	-247
ZM4	552131	552132	ZMO1787_peak_430a	2.68227	ZM4	553505	553506	TSS_1309	.	-	1374
ZM4	552244	552245	ZMO1787_peak_430b	62.415	ZM4	553505	553506	TSS_1309	.	-	1261
ZM4	553648	553649	ZMO1787_peak_431	50.2281	ZM4	553623	553624	TSS_1310	.	-	-25
ZM4	556428	556429	ZMO1787_peak_432	1.7855	ZM4	556627	556628	TSS_1327	.	-	199
ZM4	557752	557753	ZMO1787_peak_433a	20.5734	ZM4	556627	556628	TSS_1327	.	-	-1125
ZM4	557920	557921	ZMO1787_peak_433b	27.2588	ZM4	556627	556628	TSS_1327	.	-	-1293
ZM4	560809	560810	ZMO1787_peak_434	283.145	ZM4	559230	559231	TSS_1328	.	+	1579
ZM4	561851	561852	ZMO1787_peak_435	674.151	ZM4	563393	563394	TSS_1338	.	-	1542
ZM4	562305	562306	ZMO1787_peak_436	19.2949	ZM4	563393	563394	TSS_1338	.	-	1088
ZM4	562598	562599	ZMO1787_peak_437	216.74	ZM4	563393	563394	TSS_1338	.	-	795
ZM4	564456	564457	ZMO1787_peak_438	63.0893	ZM4	564414	564415	TSS_1340	.	+	42
ZM4	567399	567400	ZMO1787_peak_439	46.7323	ZM4	565717	565718	TSS_1351	.	+	1682
ZM4	567741	567742	ZMO1787_peak_440	12.8599	ZM4	565717	565718	TSS_1351	.	+	2024
ZM4	567971	567972	ZMO1787_peak_441	120.917	ZM4	569906	569907	TSS_1353	.	-	1935
ZM4	568295	568296	ZMO1787_peak_442a	236.909	ZM4	569906	569907	TSS_1353	.	-	1611
ZM4	568459	568460	ZMO1787_peak_442b	50.2281	ZM4	569906	569907	TSS_1353	.	-	1447
ZM4	570444	570445	ZMO1787_peak_443	55.4138	ZM4	569906	569907	TSS_1353	.	-	-538
ZM4	574500	574501	ZMO1787_peak_444	59.6884	ZM4	573476	573477	TSS_1369	.	+	1024
ZM4	575145	575146	ZMO1787_peak_445	22.8496	ZM4	573476	573477	TSS_1369	.	+	1669
ZM4	575497	575498	ZMO1787_peak_446	30.9545	ZM4	573476	573477	TSS_1369	.	+	2021
ZM4	576103	576104	ZMO1787_peak_447a	182.316	ZM4	573476	573477	TSS_1369	.	+	2627
ZM4	576330	576331	ZMO1787_peak_447b	34.0031	ZM4	573476	573477	TSS_1369	.	+	2854
ZM4	576652	576653	ZMO1787_peak_448	40.4089	ZM4	573476	573477	TSS_1369	.	+	3176
ZM4	577814	577815	ZMO1787_peak_449	330.062	ZM4	580146	580147	TSS_1370	.	-	2332
ZM4	578643	578644	ZMO1787_peak_450	664.548	ZM4	580146	580147	TSS_1370	.	-	1503
ZM4	584891	584892	ZMO1787_peak_451	62.415	ZM4	584085	584086	TSS_1377	.	-	-806
ZM4	587260	587261	ZMO1787_peak_452	196.14	ZM4	587929	587930	TSS_1379	.	-	669
ZM4	588354	588355	ZMO1787_peak_453	608.772	ZM4	587929	587930	TSS_1379	.	-	-425
ZM4	588925	588926	ZMO1787_peak_454	38.5379	ZM4	587929	587930	TSS_1379	.	-	-996
ZM4	589709	589710	ZMO1787_peak_455	61.8663	ZM4	590371	590372	TSS_1381	.	-	662
ZM4	589994	589995	ZMO1787_peak_456	157.005	ZM4	590371	590372	TSS_1381	.	-	377
ZM4	591269	591270	ZMO1787_peak_457	178.13	ZM4	591218	591219	TSS_1382	.	-	-51
ZM4	593094	593095	ZMO1787_peak_458	30.1127	ZM4	592852	592853	TSS_1386	.	+	242
ZM4	593944	593945	ZMO1787_peak_459	263.713	ZM4	593832	593833	TSS_1387	.	+	112
ZM4	595405	595406	ZMO1787_peak_460	262.413	ZM4	596080	596081	TSS_1388	.	-	675
ZM4	598569	598570	ZMO1787_peak_461	245.327	ZM4	598293	598294	TSS_1398	.	+	276
ZM4	599081	599082	ZMO1787_peak_462	266.736	ZM4	599110	599111	TSS_1401	.	+	-29
ZM4	601579	601580	ZMO1787_peak_463	108.567	ZM4	603093	603094	TSS_1405	.	+	-1514
ZM4	604782	604783	ZMO1787_peak_464	728.299	ZM4	606103	606104	TSS_1408	.	-	1321
ZM4	605117	605118	ZMO1787_peak_465	36.699	ZM4	606103	606104	TSS_1408	.	-	986
ZM4	605880	605881	ZMO1787_peak_466	207.752	ZM4	606103	606104	TSS_1408	.	-	223
ZM4	607115	607116	ZMO1787_peak_467	63.5173	ZM4	607071	607072	TSS_1410	.	-	-44
ZM4	607405	607406	ZMO1787_peak_468	9.41223	ZM4	607071	607072	TSS_1410	.	-	-334
ZM4	609582	609583	ZMO1787_peak_469	93.7289	ZM4	608481	608482	TSS_1413	.	-	-1101
ZM4	610948	610949	ZMO1787_peak_470a	39.5536	ZM4	610960	610961	TSS_1419	.	-	12
ZM4	611096	611097	ZMO1787_peak_470b	47.2035	ZM4	610960	610961	TSS_1419	.	-	-136
ZM4	611674	611675	ZMO1787_peak_471	108.567	ZM4	611624	611625	TSS_1420	.	-	-50
ZM4	612331	612332	ZMO1787_peak_472	345.929	ZM4	612164	612165	TSS_1422	.	-	-167
ZM4	612703	612704	ZMO1787_peak_473	3.01228	ZM4	612724	612725	TSS_1425	.	-	21
ZM4	613317	613318	ZMO1787_peak_474	195.348	ZM4	612724	612725	TSS_1425	.	-	-593
ZM4	616029	616030	ZMO1787_peak_475	98.5205	ZM4	615320	615321	TSS_1433	.	+	709
ZM4	618196	618197	ZMO1787_peak_476	30.9621	ZM4	618091	618092	TSS_1438	.	+	105
ZM4	618847	618848	ZMO1787_peak_477	131.324	ZM4	619099	619100	TSS_1442	.	+	-252
ZM4	619318	619319	ZMO1787_peak_478	1052.27	ZM4	619112	619113	TSS_1444	.	+	206
ZM4	619969	619970	ZMO1787_peak_479	111.218	ZM4	620685	620686	TSS_1445	.	+	-716
ZM4	620906	620907	ZMO1787_peak_480	341.668	ZM4	620685	620686	TSS_1445	.	+	221
ZM4	621378	621379	ZMO1787_peak_481	94.9911	ZM4	621261	621262	TSS_1446	.	+	117
ZM4	621744	621745	ZMO1787_peak_482	15.0647	ZM4	621261	621262	TSS_1446	.	+	483
ZM4	623803	623804	ZMO1787_peak_483	176.998	ZM4	623558	623559	TSS_1449	.	+	245
ZM4	624164	624165	ZMO1787_peak_484	9.9565	ZM4	623558	623559	TSS_1449	.	+	606
ZM4	625057	625058	ZMO1787_peak_485a	76.0683	ZM4	625384	625385	TSS_1453	.	-	327
ZM4	625297	625298	ZMO1787_peak_485b	155.993	ZM4	625384	625385	TSS_1453	.	-	87
ZM4	625951	625952	ZMO1787_peak_486a	806.56	ZM4	625945	625946	TSS_1456	.	+	6
ZM4	626154	626155	ZMO1787_peak_486b	26.3825	ZM4	625945	625946	TSS_1456	.	+	209
ZM4	627617	627618	ZMO1787_peak_487a	520.738	ZM4	625945	625946	TSS_1456	.	+	1672
ZM4	627802	627803	ZMO1787_peak_487b	215.428	ZM4	629308	629309	TSS_1459	.	+	-1506
ZM4	629428	629429	ZMO1787_peak_488	968.649	ZM4	629308	629309	TSS_1459	.	+	120
ZM4	631625	631626	ZMO1787_peak_489	77.6728	ZM4	632567	632568	TSS_1461	.	+	-942
ZM4	632798	632799	ZMO1787_peak_490	521.727	ZM4	632715	632716	TSS_1462	.	+	83
ZM4	633970	633971	ZMO1787_peak_491a	182.807	ZM4	635196	635197	TSS_1465	.	+	-1226
ZM4	634260	634261	ZMO1787_peak_491b	849.362	ZM4	635196	635197	TSS_1465	.	+	-936
ZM4	634487	634488	ZMO1787_peak_491c	39.4693	ZM4	635196	635197	TSS_1465	.	+	-709
ZM4	636324	636325	ZMO1787_peak_492a	5.73866	ZM4	637092	637093	TSS_1467	.	+	-768
ZM4	636434	636435	ZMO1787_peak_492b	61.8663	ZM4	637092	637093	TSS_1467	.	+	-658
ZM4	636771	636772	ZMO1787_peak_493	224.444	ZM4	637092	637093	TSS_1467	.	+	-321
ZM4	637451	637452	ZMO1787_peak_494	13.3075	ZM4	637092	637093	TSS_1467	.	+	359
ZM4	638768	638769	ZMO1787_peak_495	234.823	ZM4	638856	638857	TSS_1469	.	+	-88
ZM4	639500	639501	ZMO1787_peak_496	122.618	ZM4	638856	638857	TSS_1469	.	+	644
ZM4	639897	639898	ZMO1787_peak_497	205.548	ZM4	638856	638857	TSS_1469	.	+	1041
ZM4	640254	640255	ZMO1787_peak_498	276.892	ZM4	641037	641038	TSS_1471	.	+	-783
ZM4	641237	641238	ZMO1787_peak_499	1173.85	ZM4	641037	641038	TSS_1471	.	+	200
ZM4	642164	642165	ZMO1787_peak_500	52.4154	ZM4	642444	642445	TSS_1475	.	+	-280
ZM4	645000	645001	ZMO1787_peak_501	35.2195	ZM4	644525	644526	TSS_1488	.	-	-475
ZM4	645961	645962	ZMO1787_peak_502	643.626	ZM4	644525	644526	TSS_1488	.	-	-1436
ZM4	646469	646470	ZMO1787_peak_503	170.517	ZM4	648223	648224	TSS_1491	.	-	1754
ZM4	646915	646916	ZMO1787_peak_504a	47.9927	ZM4	648223	648224	TSS_1491	.	-	1308
ZM4	647105	647106	ZMO1787_peak_504b	47.2035	ZM4	648223	648224	TSS_1491	.	-	1118
ZM4	647845	647846	ZMO1787_peak_505	195.098	ZM4	648223	648224	TSS_1491	.	-	378
ZM4	648775	648776	ZMO1787_peak_506a	14.4209	ZM4	648223	648224	TSS_1491	.	-	-552
ZM4	648902	648903	ZMO1787_peak_506b	156.264	ZM4	648223	648224	TSS_1491	.	-	-679
ZM4	650207	650208	ZMO1787_peak_507a	90.343	ZM4	651452	651453	TSS_1492	.	-	1245
ZM4	650402	650403	ZMO1787_peak_507b	12.5565	ZM4	651452	651453	TSS_1492	.	-	1050
ZM4	650934	650935	ZMO1787_peak_508	46.2612	ZM4	651452	651453	TSS_1492	.	-	518
ZM4	652227	652228	ZMO1787_peak_509	430.472	ZM4	652483	652484	TSS_1493	.	+	-256
ZM4	653124	653125	ZMO1787_peak_510	7.36118	ZM4	653068	653069	TSS_1497	.	+	56
ZM4	654952	654953	ZMO1787_peak_511a	18.4477	ZM4	655078	655079	TSS_1506	.	+	-126
ZM4	655052	655053	ZMO1787_peak_511b	91.2211	ZM4	655078	655079	TSS_1506	.	+	-26
ZM4	656514	656515	ZMO1787_peak_512	126.853	ZM4	655078	655079	TSS_1506	.	+	1436
ZM4	658269	658270	ZMO1787_peak_513	54.8873	ZM4	658785	658786	TSS_1514	.	+	-516
ZM4	659424	659425	ZMO1787_peak_514	83.0676	ZM4	659222	659223	TSS_1516	.	+	202
ZM4	660073	660074	ZMO1787_peak_515a	125.993	ZM4	659222	659223	TSS_1516	.	+	851
ZM4	660307	660308	ZMO1787_peak_515b	501.881	ZM4	659222	659223	TSS_1516	.	+	1085
ZM4	660538	660539	ZMO1787_peak_515c	95.0259	ZM4	659222	659223	TSS_1516	.	+	1316
ZM4	660932	660933	ZMO1787_peak_516a	133.145	ZM4	662313	662314	TSS_1518	.	+	-1381
ZM4	661073	661074	ZMO1787_peak_516b	159.233	ZM4	662313	662314	TSS_1518	.	+	-1240
ZM4	663248	663249	ZMO1787_peak_517	269.339	ZM4	663249	663250	TSS_1524	.	+	-1
ZM4	663718	663719	ZMO1787_peak_518	608.772	ZM4	663608	663609	TSS_1533	.	+	110
ZM4	665340	665341	ZMO1787_peak_519	359.041	ZM4	665586	665587	TSS_1539	.	+	-246
ZM4	667485	667486	ZMO1787_peak_520a	4.28645	ZM4	666131	666132	TSS_1542	.	+	1354
ZM4	667730	667731	ZMO1787_peak_520b	204.913	ZM4	666131	666132	TSS_1542	.	+	1599
ZM4	668444	668445	ZMO1787_peak_521	54.8873	ZM4	670330	670331	TSS_1544	.	-	1886
ZM4	669233	669234	ZMO1787_peak_522	31.3837	ZM4	670330	670331	TSS_1544	.	-	1097
ZM4	669739	669740	ZMO1787_peak_523	73.7302	ZM4	670330	670331	TSS_1544	.	-	591
ZM4	670599	670600	ZMO1787_peak_524	86.8872	ZM4	670663	670664	TSS_1550	.	-	64
ZM4	670962	670963	ZMO1787_peak_525a	171.278	ZM4	670663	670664	TSS_1550	.	-	-299
ZM4	671088	671089	ZMO1787_peak_525b	98.17	ZM4	670663	670664	TSS_1550	.	-	-425
ZM4	671422	671423	ZMO1787_peak_526	15.0647	ZM4	671607	671608	TSS_1551	.	-	185
ZM4	672110	672111	ZMO1787_peak_527	41.8329	ZM4	672208	672209	TSS_1555	.	-	98
ZM4	673577	673578	ZMO1787_peak_528	435.286	ZM4	673600	673601	TSS_1559	.	-	23
ZM4	673818	673819	ZMO1787_peak_529a	20.2033	ZM4	673600	673601	TSS_1559	.	-	-218
ZM4	674013	674014	ZMO1787_peak_529b	275.837	ZM4	673600	673601	TSS_1559	.	-	-413
ZM4	674171	674172	ZMO1787_peak_529c	169.103	ZM4	673600	673601	TSS_1559	.	-	-571
ZM4	674481	674482	ZMO1787_peak_530	78.431	ZM4	673600	673601	TSS_1559	.	-	-881
ZM4	675149	675150	ZMO1787_peak_531	15.0647	ZM4	673600	673601	TSS_1559	.	-	-1549
ZM4	675849	675850	ZMO1787_peak_532	24.4565	ZM4	673600	673601	TSS_1559	.	-	-2249
ZM4	676360	676361	ZMO1787_peak_533	17.4899	ZM4	678192	678193	TSS_1560	.	+	-1832
ZM4	676694	676695	ZMO1787_peak_534	539.396	ZM4	678192	678193	TSS_1560	.	+	-1498
ZM4	677890	677891	ZMO1787_peak_535	417.45	ZM4	678192	678193	TSS_1560	.	+	-302
ZM4	678891	678892	ZMO1787_peak_536	40.2143	ZM4	678246	678247	TSS_1561	.	+	645
ZM4	679934	679935	ZMO1787_peak_537	32.5866	ZM4	678246	678247	TSS_1561	.	+	1688
ZM4	680410	680411	ZMO1787_peak_538	495.987	ZM4	678246	678247	TSS_1561	.	+	2164
ZM4	680862	680863	ZMO1787_peak_539	53.9932	ZM4	678246	678247	TSS_1561	.	+	2616
ZM4	681965	681966	ZMO1787_peak_540	125.941	ZM4	684964	684965	TSS_1564	.	-	2999
ZM4	682413	682414	ZMO1787_peak_541	130.721	ZM4	684964	684965	TSS_1564	.	-	2551
ZM4	683326	683327	ZMO1787_peak_542a	8.42517	ZM4	684964	684965	TSS_1564	.	-	1638
ZM4	683455	683456	ZMO1787_peak_542b	169.757	ZM4	684964	684965	TSS_1564	.	-	1509
ZM4	684043	684044	ZMO1787_peak_543	952.93	ZM4	684964	684965	TSS_1564	.	-	921
ZM4	685191	685192	ZMO1787_peak_544	438.273	ZM4	684966	684967	TSS_1565	.	-	-225
ZM4	686160	686161	ZMO1787_peak_545a	39.4693	ZM4	686349	686350	TSS_1568	.	-	189
ZM4	686305	686306	ZMO1787_peak_545b	21.8356	ZM4	686349	686350	TSS_1568	.	-	44
ZM4	686410	686411	ZMO1787_peak_545c	16.3858	ZM4	686355	686356	TSS_1569	.	-	-55
ZM4	686650	686651	ZMO1787_peak_546	100.737	ZM4	686355	686356	TSS_1569	.	-	-295
ZM4	687331	687332	ZMO1787_peak_547	597.981	ZM4	687539	687540	TSS_1573	.	-	208
ZM4	688667	688668	ZMO1787_peak_548	335.721	ZM4	689513	689514	TSS_1576	.	-	846
ZM4	689235	689236	ZMO1787_peak_549	143.84	ZM4	689513	689514	TSS_1576	.	-	278
ZM4	689724	689725	ZMO1787_peak_550	204.111	ZM4	689612	689613	TSS_1577	.	-	-112
ZM4	691910	691911	ZMO1787_peak_551	88.1183	ZM4	692242	692243	TSS_1582	.	-	332
ZM4	692880	692881	ZMO1787_peak_552a	79.3078	ZM4	692837	692838	TSS_1588	.	-	-43
ZM4	693052	693053	ZMO1787_peak_552b	940.883	ZM4	692837	692838	TSS_1588	.	-	-215
ZM4	693324	693325	ZMO1787_peak_552c	581.683	ZM4	693748	693749	TSS_1591	.	-	424
ZM4	693653	693654	ZMO1787_peak_553a	251.271	ZM4	693748	693749	TSS_1591	.	-	95
ZM4	693807	693808	ZMO1787_peak_553b	17.7157	ZM4	693748	693749	TSS_1591	.	-	-59
ZM4	693995	693996	ZMO1787_peak_553c	29.7265	ZM4	693748	693749	TSS_1591	.	-	-247
ZM4	696272	696273	ZMO1787_peak_554	1004.03	ZM4	698310	698311	TSS_1600	.	-	2038
ZM4	698723	698724	ZMO1787_peak_555	86.087	ZM4	698310	698311	TSS_1600	.	-	-413
ZM4	698949	698950	ZMO1787_peak_556	25.9726	ZM4	698310	698311	TSS_1600	.	-	-639
ZM4	701451	701452	ZMO1787_peak_557	105.282	ZM4	699718	699719	TSS_1601	.	-	-1733
ZM4	702630	702631	ZMO1787_peak_558	58.6094	ZM4	703888	703889	TSS_1602	.	-	1258
ZM4	703998	703999	ZMO1787_peak_559	158.252	ZM4	703984	703985	TSS_1605	.	-	-14
ZM4	707072	707073	ZMO1787_peak_560	570.159	ZM4	707345	707346	TSS_1607	.	+	-273
ZM4	707344	707345	ZMO1787_peak_561	91.8458	ZM4	707345	707346	TSS_1607	.	+	-1
ZM4	707628	707629	ZMO1787_peak_562a	67.4276	ZM4	707658	707659	TSS_1608	.	-	30
ZM4	707815	707816	ZMO1787_peak_562b	13.7881	ZM4	707769	707770	TSS_1612	.	-	-46
ZM4	707952	707953	ZMO1787_peak_562c	74.8964	ZM4	707769	707770	TSS_1612	.	-	-183
ZM4	711772	711773	ZMO1787_peak_563	32.7789	ZM4	711827	711828	TSS_1619	.	+	-55
ZM4	712252	712253	ZMO1787_peak_564a	5.22054	ZM4	711827	711828	TSS_1619	.	+	425
ZM4	712366	712367	ZMO1787_peak_564b	61.8663	ZM4	711827	711828	TSS_1619	.	+	539
ZM4	714217	714218	ZMO1787_peak_565	513.478	ZM4	714298	714299	TSS_1620	.	+	-81
ZM4	716579	716580	ZMO1787_peak_566	88.1183	ZM4	716449	716450	TSS_1624	.	+	130
ZM4	717306	717307	ZMO1787_peak_567	410.826	ZM4	716449	716450	TSS_1624	.	+	857
ZM4	719100	719101	ZMO1787_peak_568	526.982	ZM4	719741	719742	TSS_1628	.	+	-641
ZM4	720440	720441	ZMO1787_peak_569	441.381	ZM4	720584	720585	TSS_1634	.	+	-144
ZM4	720720	720721	ZMO1787_peak_570	52.7987	ZM4	720584	720585	TSS_1634	.	+	136
ZM4	721353	721354	ZMO1787_peak_571	382.782	ZM4	721303	721304	TSS_1637	.	+	50
ZM4	723827	723828	ZMO1787_peak_572	295.758	ZM4	723850	723851	TSS_1645	.	+	-23
ZM4	725347	725348	ZMO1787_peak_573	69.6974	ZM4	725138	725139	TSS_1659	.	+	209
ZM4	725781	725782	ZMO1787_peak_574	24.0058	ZM4	725915	725916	TSS_1660	.	+	-134
ZM4	726723	726724	ZMO1787_peak_575	1032.11	ZM4	726746	726747	TSS_1667	.	+	-23
ZM4	727071	727072	ZMO1787_peak_576	259.829	ZM4	726850	726851	TSS_1670	.	+	221
ZM4	727563	727564	ZMO1787_peak_577	742.921	ZM4	727586	727587	TSS_1676	.	+	-23
ZM4	728061	728062	ZMO1787_peak_578	102.677	ZM4	727753	727754	TSS_1677	.	+	308
ZM4	728440	728441	ZMO1787_peak_579	287.759	ZM4	727753	727754	TSS_1677	.	+	687
ZM4	728901	728902	ZMO1787_peak_580	912.116	ZM4	727753	727754	TSS_1677	.	+	1148
ZM4	729940	729941	ZMO1787_peak_581	625.048	ZM4	731609	731610	TSS_1685	.	+	-1669
ZM4	732969	732970	ZMO1787_peak_582	364.701	ZM4	731609	731610	TSS_1685	.	+	1360
ZM4	733851	733852	ZMO1787_peak_583	17.4048	ZM4	731609	731610	TSS_1685	.	+	2242
ZM4	734148	734149	ZMO1787_peak_584	1013.7	ZM4	731609	731610	TSS_1685	.	+	2539
ZM4	734688	734689	ZMO1787_peak_585	518.661	ZM4	736997	736998	TSS_1693	.	+	-2309
ZM4	735070	735071	ZMO1787_peak_586	84.442	ZM4	736997	736998	TSS_1693	.	+	-1927
ZM4	738632	738633	ZMO1787_peak_587	73.1495	ZM4	739888	739889	TSS_1707	.	+	-1256
ZM4	741822	741823	ZMO1787_peak_588	14.6739	ZM4	741809	741810	TSS_1716	.	-	-13
ZM4	742579	742580	ZMO1787_peak_589	1314.11	ZM4	742521	742522	TSS_1729	.	+	58
ZM4	743109	743110	ZMO1787_peak_590	17.0624	ZM4	742521	742522	TSS_1729	.	+	588
ZM4	743939	743940	ZMO1787_peak_591	262.413	ZM4	744285	744286	TSS_1731	.	+	-346
ZM4	744713	744714	ZMO1787_peak_592	50.7386	ZM4	744285	744286	TSS_1731	.	+	428
ZM4	745033	745034	ZMO1787_peak_593a	7.79345	ZM4	744285	744286	TSS_1731	.	+	748
ZM4	745189	745190	ZMO1787_peak_593b	366.327	ZM4	744285	744286	TSS_1731	.	+	904
ZM4	746709	746710	ZMO1787_peak_594	54.7484	ZM4	746200	746201	TSS_1737	.	+	509
ZM4	747120	747121	ZMO1787_peak_595	235.236	ZM4	746200	746201	TSS_1737	.	+	920
ZM4	748859	748860	ZMO1787_peak_596	158.489	ZM4	748457	748458	TSS_1740	.	-	-402
ZM4	750074	750075	ZMO1787_peak_597	135.972	ZM4	749710	749711	TSS_1751	.	-	-364
ZM4	751876	751877	ZMO1787_peak_598	106.592	ZM4	751890	751891	TSS_1757	.	+	-14
ZM4	752329	752330	ZMO1787_peak_599	305.615	ZM4	751890	751891	TSS_1757	.	+	439
ZM4	753910	753911	ZMO1787_peak_600	195.348	ZM4	751890	751891	TSS_1757	.	+	2020
ZM4	754469	754470	ZMO1787_peak_601	4.59738	ZM4	751890	751891	TSS_1757	.	+	2579
ZM4	754868	754869	ZMO1787_peak_602	130.337	ZM4	757145	757146	TSS_1760	.	-	2277
ZM4	755776	755777	ZMO1787_peak_603	903.767	ZM4	757145	757146	TSS_1760	.	-	1369
ZM4	759056	759057	ZMO1787_peak_604	16.3858	ZM4	759207	759208	TSS_1765	.	+	-151
ZM4	759552	759553	ZMO1787_peak_605	70.8418	ZM4	759322	759323	TSS_1768	.	+	230
ZM4	760204	760205	ZMO1787_peak_606a	43.2747	ZM4	760763	760764	TSS_1772	.	+	-559
ZM4	760415	760416	ZMO1787_peak_606b	7.36118	ZM4	760763	760764	TSS_1772	.	+	-348
ZM4	760646	760647	ZMO1787_peak_606c	902.576	ZM4	760763	760764	TSS_1772	.	+	-117
ZM4	761039	761040	ZMO1787_peak_607a	27.1933	ZM4	760763	760764	TSS_1772	.	+	276
ZM4	761150	761151	ZMO1787_peak_607b	9.9565	ZM4	761326	761327	TSS_1773	.	+	-176
ZM4	761325	761326	ZMO1787_peak_607c	98.17	ZM4	761326	761327	TSS_1773	.	+	-1
ZM4	763267	763268	ZMO1787_peak_608	49.7194	ZM4	764204	764205	TSS_1779	.	+	-937
ZM4	763523	763524	ZMO1787_peak_609	43.2747	ZM4	764204	764205	TSS_1779	.	+	-681
ZM4	764854	764855	ZMO1787_peak_610	83.8341	ZM4	764204	764205	TSS_1779	.	+	650
ZM4	765459	765460	ZMO1787_peak_611	17.7496	ZM4	764204	764205	TSS_1779	.	+	1255
ZM4	766355	766356	ZMO1787_peak_612	42.7922	ZM4	764204	764205	TSS_1779	.	+	2151
ZM4	768012	768013	ZMO1787_peak_613	42.3117	ZM4	769638	769639	TSS_1780	.	-	1626
ZM4	772616	772617	ZMO1787_peak_614	65.1834	ZM4	773232	773233	TSS_1788	.	-	616
ZM4	773288	773289	ZMO1787_peak_615	137.392	ZM4	773264	773265	TSS_1789	.	+	24
ZM4	774936	774937	ZMO1787_peak_616	46.0447	ZM4	773264	773265	TSS_1789	.	+	1672
ZM4	775607	775608	ZMO1787_peak_617	837.643	ZM4	773264	773265	TSS_1789	.	+	2343
ZM4	776229	776230	ZMO1787_peak_618	457.402	ZM4	773264	773265	TSS_1789	.	+	2965
ZM4	779255	779256	ZMO1787_peak_619	208.939	ZM4	779323	779324	TSS_1792	.	+	-68
ZM4	780276	780277	ZMO1787_peak_620	154.542	ZM4	779367	779368	TSS_1794	.	+	909
ZM4	781220	781221	ZMO1787_peak_621	98.8098	ZM4	779367	779368	TSS_1794	.	+	1853
ZM4	781497	781498	ZMO1787_peak_622	169.757	ZM4	779367	779368	TSS_1794	.	+	2130
ZM4	784247	784248	ZMO1787_peak_623a	402.73	ZM4	783948	783949	TSS_1800	.	+	299
ZM4	784414	784415	ZMO1787_peak_623b	321.026	ZM4	784638	784639	TSS_1801	.	+	-224
ZM4	785084	785085	ZMO1787_peak_624a	28.4268	ZM4	784680	784681	TSS_1802	.	+	404
ZM4	785258	785259	ZMO1787_peak_624b	30.1032	ZM4	784680	784681	TSS_1802	.	+	578
ZM4	787188	787189	ZMO1787_peak_625	66.8642	ZM4	784680	784681	TSS_1802	.	+	2508
ZM4	787618	787619	ZMO1787_peak_626	30.1032	ZM4	784680	784681	TSS_1802	.	+	2938
ZM4	788298	788299	ZMO1787_peak_627	304.722	ZM4	784680	784681	TSS_1802	.	+	3618
ZM4	790009	790010	ZMO1787_peak_628	101.548	ZM4	792107	792108	TSS_1806	.	+	-2098
ZM4	790372	790373	ZMO1787_peak_629	33.4428	ZM4	792107	792108	TSS_1806	.	+	-1735
ZM4	790918	790919	ZMO1787_peak_630a	22.8496	ZM4	792107	792108	TSS_1806	.	+	-1189
ZM4	791134	791135	ZMO1787_peak_630b	73.7302	ZM4	792107	792108	TSS_1806	.	+	-973
ZM4	792439	792440	ZMO1787_peak_631	119.294	ZM4	792107	792108	TSS_1806	.	+	332
ZM4	794732	794733	ZMO1787_peak_632	8.83206	ZM4	797196	797197	TSS_1808	.	-	2464
ZM4	795403	795404	ZMO1787_peak_633	28.8425	ZM4	797196	797197	TSS_1808	.	-	1793
ZM4	798371	798372	ZMO1787_peak_634	190.616	ZM4	797198	797199	TSS_1809	.	-	-1173
ZM4	798816	798817	ZMO1787_peak_635	18.0973	ZM4	797198	797199	TSS_1809	.	-	-1618
ZM4	799153	799154	ZMO1787_peak_636	608.971	ZM4	800835	800836	TSS_1810	.	-	1682
ZM4	799991	799992	ZMO1787_peak_637	86.8872	ZM4	800835	800836	TSS_1810	.	-	844
ZM4	800786	800787	ZMO1787_peak_638	648.018	ZM4	800835	800836	TSS_1810	.	-	49
ZM4	801789	801790	ZMO1787_peak_639	731.695	ZM4	800836	800837	TSS_1811	.	-	-953
ZM4	802580	802581	ZMO1787_peak_640	277.139	ZM4	800836	800837	TSS_1811	.	-	-1744
ZM4	802903	802904	ZMO1787_peak_641	380.867	ZM4	800836	800837	TSS_1811	.	-	-2067
ZM4	803304	803305	ZMO1787_peak_642	29.2606	ZM4	800836	800837	TSS_1811	.	-	-2468
ZM4	803702	803703	ZMO1787_peak_643	407.9	ZM4	800836	800837	TSS_1811	.	-	-2866
ZM4	808356	808357	ZMO1787_peak_644	313.271	ZM4	810611	810612	TSS_1815	.	-	2255
ZM4	811204	811205	ZMO1787_peak_645a	165.222	ZM4	810611	810612	TSS_1815	.	-	-593
ZM4	811396	811397	ZMO1787_peak_645b	28.2	ZM4	810611	810612	TSS_1815	.	-	-785
ZM4	811615	811616	ZMO1787_peak_645c	406.926	ZM4	810611	810612	TSS_1815	.	-	-1004
ZM4	811975	811976	ZMO1787_peak_646	21.7152	ZM4	812943	812944	TSS_1816	.	-	968
ZM4	813250	813251	ZMO1787_peak_647a	230.237	ZM4	813045	813046	TSS_1817	.	-	-205
ZM4	813555	813556	ZMO1787_peak_647b	370.385	ZM4	813045	813046	TSS_1817	.	-	-510
ZM4	813698	813699	ZMO1787_peak_647c	36.2444	ZM4	814346	814347	TSS_1818	.	-	648
ZM4	813866	813867	ZMO1787_peak_647d	40.4089	ZM4	814346	814347	TSS_1818	.	-	480
ZM4	815814	815815	ZMO1787_peak_648	42.3117	ZM4	816731	816732	TSS_1820	.	+	-917
ZM4	817249	817250	ZMO1787_peak_649	39.4693	ZM4	817283	817284	TSS_1822	.	+	-34
ZM4	817744	817745	ZMO1787_peak_650a	141.68	ZM4	817283	817284	TSS_1822	.	+	461
ZM4	817867	817868	ZMO1787_peak_650b	64.6264	ZM4	817283	817284	TSS_1822	.	+	584
ZM4	818841	818842	ZMO1787_peak_651	60.2582	ZM4	819609	819610	TSS_1823	.	-	768
ZM4	819813	819814	ZMO1787_peak_652	84.7722	ZM4	819811	819812	TSS_1827	.	-	-2
ZM4	820505	820506	ZMO1787_peak_653a	6.67351	ZM4	820663	820664	TSS_1857	.	+	-158
ZM4	820584	820585	ZMO1787_peak_653b	11.3273	ZM4	820663	820664	TSS_1857	.	+	-79
ZM4	821025	821026	ZMO1787_peak_654	50.858	ZM4	820663	820664	TSS_1857	.	+	362
ZM4	823779	823780	ZMO1787_peak_655a	30.1032	ZM4	824509	824510	TSS_1863	.	+	-730
ZM4	823933	823934	ZMO1787_peak_655b	117.935	ZM4	824509	824510	TSS_1863	.	+	-576
ZM4	826883	826884	ZMO1787_peak_656	572.124	ZM4	826778	826779	TSS_1868	.	+	105
ZM4	827513	827514	ZMO1787_peak_657	57.0037	ZM4	826778	826779	TSS_1868	.	+	735
ZM4	827939	827940	ZMO1787_peak_658	200.911	ZM4	828300	828301	TSS_1869	.	+	-361
ZM4	830334	830335	ZMO1787_peak_659	433.44	ZM4	831738	831739	TSS_1873	.	+	-1404
ZM4	832233	832234	ZMO1787_peak_660	145.376	ZM4	831738	831739	TSS_1873	.	+	495
ZM4	832953	832954	ZMO1787_peak_661	758.298	ZM4	831738	831739	TSS_1873	.	+	1215
ZM4	833644	833645	ZMO1787_peak_662a	392.5	ZM4	831738	831739	TSS_1873	.	+	1906
ZM4	833826	833827	ZMO1787_peak_662b	185.292	ZM4	831738	831739	TSS_1873	.	+	2088
ZM4	834947	834948	ZMO1787_peak_663	1449.31	ZM4	831738	831739	TSS_1873	.	+	3209
ZM4	838521	838522	ZMO1787_peak_664	394.321	ZM4	842246	842247	TSS_1877	.	+	-3725
ZM4	838949	838950	ZMO1787_peak_665	302.918	ZM4	842246	842247	TSS_1877	.	+	-3297
ZM4	840726	840727	ZMO1787_peak_666	324.683	ZM4	842246	842247	TSS_1877	.	+	-1520
ZM4	842756	842757	ZMO1787_peak_667	30.1032	ZM4	842401	842402	TSS_1880	.	+	355
ZM4	844668	844669	ZMO1787_peak_668	240.266	ZM4	843885	843886	TSS_1891	.	+	783
ZM4	845148	845149	ZMO1787_peak_669	35.3415	ZM4	845509	845510	TSS_1896	.	+	-361
ZM4	848458	848459	ZMO1787_peak_670	115.263	ZM4	845509	845510	TSS_1896	.	+	2949
ZM4	849405	849406	ZMO1787_peak_671	250.418	ZM4	851610	851611	TSS_1897	.	+	-2205
ZM4	850179	850180	ZMO1787_peak_672	64.859	ZM4	851610	851611	TSS_1897	.	+	-1431
ZM4	850929	850930	ZMO1787_peak_673	5.96036	ZM4	851610	851611	TSS_1897	.	+	-681
ZM4	851912	851913	ZMO1787_peak_674	265.004	ZM4	851821	851822	TSS_1907	.	+	91
ZM4	855267	855268	ZMO1787_peak_675a	6.41362	ZM4	853157	853158	TSS_1910	.	+	2110
ZM4	855413	855414	ZMO1787_peak_675b	292.195	ZM4	853157	853158	TSS_1910	.	+	2256
ZM4	856885	856886	ZMO1787_peak_676	58.0724	ZM4	858076	858077	TSS_1912	.	+	-1191
ZM4	858847	858848	ZMO1787_peak_677	51.9984	ZM4	858288	858289	TSS_1918	.	+	559
ZM4	860852	860853	ZMO1787_peak_678	73.8949	ZM4	862488	862489	TSS_1919	.	+	-1636
ZM4	861369	861370	ZMO1787_peak_679	56.3283	ZM4	862488	862489	TSS_1919	.	+	-1119
ZM4	863148	863149	ZMO1787_peak_680	806.331	ZM4	862766	862767	TSS_1923	.	+	382
ZM4	863869	863870	ZMO1787_peak_681	242.322	ZM4	864638	864639	TSS_1926	.	-	769
ZM4	865924	865925	ZMO1787_peak_682a	8.88017	ZM4	865249	865250	TSS_1928	.	-	-675
ZM4	866121	866122	ZMO1787_peak_682b	250.418	ZM4	866650	866651	TSS_1929	.	-	529
ZM4	866355	866356	ZMO1787_peak_682c	76.1595	ZM4	866650	866651	TSS_1929	.	-	295
ZM4	867147	867148	ZMO1787_peak_683a	576.178	ZM4	866650	866651	TSS_1929	.	-	-497
ZM4	867383	867384	ZMO1787_peak_683b	203.31	ZM4	866650	866651	TSS_1929	.	-	-733
ZM4	870296	870297	ZMO1787_peak_684	223.62	ZM4	869458	869459	TSS_1936	.	-	-838
ZM4	871196	871197	ZMO1787_peak_685	51.2509	ZM4	871328	871329	TSS_1939	.	+	-132
ZM4	873220	873221	ZMO1787_peak_686	718.139	ZM4	873600	873601	TSS_1948	.	+	-380
ZM4	874258	874259	ZMO1787_peak_687	201.71	ZM4	874864	874865	TSS_1951	.	+	-606
ZM4	875030	875031	ZMO1787_peak_688	602.292	ZM4	875070	875071	TSS_1952	.	+	-40
ZM4	877130	877131	ZMO1787_peak_689	285.544	ZM4	876775	876776	TSS_1957	.	+	355
ZM4	877475	877476	ZMO1787_peak_690	70.2688	ZM4	877979	877980	TSS_1958	.	+	-504
ZM4	879112	879113	ZMO1787_peak_691	32.8056	ZM4	878060	878061	TSS_1960	.	+	1052
ZM4	879647	879648	ZMO1787_peak_692a	21.342	ZM4	880165	880166	TSS_1961	.	+	-518
ZM4	879771	879772	ZMO1787_peak_692b	17.6529	ZM4	880165	880166	TSS_1961	.	+	-394
ZM4	879963	879964	ZMO1787_peak_692c	75.5288	ZM4	880165	880166	TSS_1961	.	+	-202
ZM4	880586	880587	ZMO1787_peak_693	848.189	ZM4	880165	880166	TSS_1961	.	+	421
ZM4	880968	880969	ZMO1787_peak_694	40.4089	ZM4	880165	880166	TSS_1961	.	+	803
ZM4	881250	881251	ZMO1787_peak_695	332.952	ZM4	880165	880166	TSS_1961	.	+	1085
ZM4	881900	881901	ZMO1787_peak_696	67.4276	ZM4	883194	883195	TSS_1963	.	+	-1294
ZM4	884236	884237	ZMO1787_peak_697a	163.719	ZM4	885260	885261	TSS_1965	.	+	-1024
ZM4	884430	884431	ZMO1787_peak_697b	45.224	ZM4	885260	885261	TSS_1965	.	+	-830
ZM4	884980	884981	ZMO1787_peak_698	118.614	ZM4	885260	885261	TSS_1965	.	+	-280
ZM4	887462	887463	ZMO1787_peak_699	122.025	ZM4	887218	887219	TSS_1968	.	-	-244
ZM4	888392	888393	ZMO1787_peak_700a	124.087	ZM4	888415	888416	TSS_1973	.	+	-23
ZM4	888618	888619	ZMO1787_peak_700b	78.0443	ZM4	888569	888570	TSS_1980	.	+	49
ZM4	891280	891281	ZMO1787_peak_701	21.2711	ZM4	890937	890938	TSS_1988	.	-	-343
ZM4	894042	894043	ZMO1787_peak_702	222.797	ZM4	894384	894385	TSS_1991	.	-	342
ZM4	895348	895349	ZMO1787_peak_703	38.5379	ZM4	895583	895584	TSS_1994	.	-	235
ZM4	895905	895906	ZMO1787_peak_704a	6.77201	ZM4	895795	895796	TSS_2000	.	+	110
ZM4	896126	896127	ZMO1787_peak_704b	995.55	ZM4	895795	895796	TSS_2000	.	+	331
ZM4	896640	896641	ZMO1787_peak_705a	5.30608	ZM4	896865	896866	TSS_2001	.	-	225
ZM4	896799	896800	ZMO1787_peak_705b	4.54982	ZM4	896865	896866	TSS_2001	.	-	66
ZM4	898263	898264	ZMO1787_peak_706	103.977	ZM4	899111	899112	TSS_2003	.	-	848
ZM4	900995	900996	ZMO1787_peak_707	96.8946	ZM4	901168	901169	TSS_2006	.	-	173
ZM4	901804	901805	ZMO1787_peak_708	35.3415	ZM4	901378	901379	TSS_2011	.	-	-426
ZM4	902277	902278	ZMO1787_peak_709	40.8816	ZM4	901378	901379	TSS_2011	.	-	-899
ZM4	902667	902668	ZMO1787_peak_710	52.2809	ZM4	901378	901379	TSS_2011	.	-	-1289
ZM4	903947	903948	ZMO1787_peak_711	404.008	ZM4	906229	906230	TSS_2013	.	-	2282
ZM4	904678	904679	ZMO1787_peak_712	172.039	ZM4	906229	906230	TSS_2013	.	-	1551
ZM4	905541	905542	ZMO1787_peak_713	15.0647	ZM4	906229	906230	TSS_2013	.	-	688
ZM4	907622	907623	ZMO1787_peak_714	160.725	ZM4	907176	907177	TSS_2019	.	+	446
ZM4	907928	907929	ZMO1787_peak_715	40.4089	ZM4	908132	908133	TSS_2020	.	+	-204
ZM4	909449	909450	ZMO1787_peak_716a	7.1192	ZM4	909738	909739	TSS_2023	.	+	-289
ZM4	909589	909590	ZMO1787_peak_716b	17.0624	ZM4	909738	909739	TSS_2023	.	+	-149
ZM4	909763	909764	ZMO1787_peak_716c	131.739	ZM4	909738	909739	TSS_2023	.	+	25
ZM4	910534	910535	ZMO1787_peak_717	50.7386	ZM4	909738	909739	TSS_2023	.	+	796
ZM4	911070	911071	ZMO1787_peak_718	10.2334	ZM4	909738	909739	TSS_2023	.	+	1332
ZM4	912543	912544	ZMO1787_peak_719	350.596	ZM4	914345	914346	TSS_2025	.	-	1802
ZM4	915550	915551	ZMO1787_peak_720	127.547	ZM4	915918	915919	TSS_2026	.	-	368
ZM4	919664	919665	ZMO1787_peak_721	61.3194	ZM4	919422	919423	TSS_2032	.	+	242
ZM4	919938	919939	ZMO1787_peak_722a	13.7881	ZM4	919422	919423	TSS_2032	.	+	516
ZM4	920126	920127	ZMO1787_peak_722b	119.975	ZM4	919422	919423	TSS_2032	.	+	704
ZM4	920553	920554	ZMO1787_peak_723a	1023.51	ZM4	919422	919423	TSS_2032	.	+	1131
ZM4	920763	920764	ZMO1787_peak_723b	47.7031	ZM4	919422	919423	TSS_2032	.	+	1341
ZM4	922331	922332	ZMO1787_peak_724	895.798	ZM4	924784	924785	TSS_2042	.	-	2453
ZM4	922841	922842	ZMO1787_peak_725	17.133	ZM4	924784	924785	TSS_2042	.	-	1943
ZM4	924116	924117	ZMO1787_peak_726a	23.6181	ZM4	924784	924785	TSS_2042	.	-	668
ZM4	924312	924313	ZMO1787_peak_726b	816.544	ZM4	924784	924785	TSS_2042	.	-	472
ZM4	927056	927057	ZMO1787_peak_727	217.876	ZM4	927121	927122	TSS_2054	.	-	65
ZM4	927528	927529	ZMO1787_peak_728	101.383	ZM4	927121	927122	TSS_2054	.	-	-407
ZM4	928641	928642	ZMO1787_peak_729	8.61903	ZM4	928347	928348	TSS_2057	.	+	294
ZM4	929451	929452	ZMO1787_peak_730	745.311	ZM4	928347	928348	TSS_2057	.	+	1104
ZM4	929826	929827	ZMO1787_peak_731	23.6181	ZM4	928347	928348	TSS_2057	.	+	1479
ZM4	930725	930726	ZMO1787_peak_732	45.224	ZM4	931469	931470	TSS_2060	.	-	744
ZM4	932187	932188	ZMO1787_peak_733	50.7386	ZM4	932007	932008	TSS_2061	.	+	180
ZM4	934614	934615	ZMO1787_peak_734a	119.975	ZM4	934591	934592	TSS_2071	.	+	23
ZM4	934696	934697	ZMO1787_peak_734b	191.423	ZM4	934591	934592	TSS_2071	.	+	105
ZM4	936323	936324	ZMO1787_peak_735a	2.06848	ZM4	936642	936643	TSS_2077	.	+	-319
ZM4	936612	936613	ZMO1787_peak_735b	721.522	ZM4	936642	936643	TSS_2077	.	+	-30
ZM4	937246	937247	ZMO1787_peak_736	470.482	ZM4	937179	937180	TSS_2081	.	+	67
ZM4	937828	937829	ZMO1787_peak_737	93.7289	ZM4	937179	937180	TSS_2081	.	+	649
ZM4	938808	938809	ZMO1787_peak_738	122.295	ZM4	938778	938779	TSS_2085	.	+	30
ZM4	939607	939608	ZMO1787_peak_739	301.471	ZM4	938778	938779	TSS_2085	.	+	829
ZM4	940535	940536	ZMO1787_peak_740	48.506	ZM4	938778	938779	TSS_2085	.	+	1757
ZM4	942382	942383	ZMO1787_peak_741	803.716	ZM4	945338	945339	TSS_2088	.	-	2956
ZM4	943525	943526	ZMO1787_peak_742	634.867	ZM4	945338	945339	TSS_2088	.	-	1813
ZM4	945913	945914	ZMO1787_peak_743	173.565	ZM4	945556	945557	TSS_2094	.	+	357
ZM4	946804	946805	ZMO1787_peak_744	434.43	ZM4	945556	945557	TSS_2094	.	+	1248
ZM4	948839	948840	ZMO1787_peak_745	63.1202	ZM4	948693	948694	TSS_2101	.	+	146
ZM4	950481	950482	ZMO1787_peak_746	706.954	ZM4	951136	951137	TSS_2105	.	-	655
ZM4	951154	951155	ZMO1787_peak_747	262.413	ZM4	951136	951137	TSS_2105	.	-	-18
ZM4	953675	953676	ZMO1787_peak_748	3.90376	ZM4	954142	954143	TSS_2106	.	-	467
ZM4	953995	953996	ZMO1787_peak_749a	18.6284	ZM4	954142	954143	TSS_2106	.	-	147
ZM4	954188	954189	ZMO1787_peak_749b	1022.6	ZM4	954142	954143	TSS_2106	.	-	-46
ZM4	954694	954695	ZMO1787_peak_750	854.06	ZM4	954995	954996	TSS_2108	.	-	301
ZM4	955831	955832	ZMO1787_peak_751	51.5915	ZM4	954996	954997	TSS_2109	.	-	-835
ZM4	956813	956814	ZMO1787_peak_752	204.111	ZM4	957435	957436	TSS_2111	.	-	622
ZM4	958168	958169	ZMO1787_peak_753	53.3184	ZM4	957435	957436	TSS_2111	.	-	-733
ZM4	959086	959087	ZMO1787_peak_754	117.935	ZM4	957435	957436	TSS_2111	.	-	-1651
ZM4	960281	960282	ZMO1787_peak_755a	240.266	ZM4	957435	957436	TSS_2111	.	-	-2846
ZM4	960466	960467	ZMO1787_peak_755b	102.677	ZM4	957435	957436	TSS_2111	.	-	-3031
ZM4	961479	961480	ZMO1787_peak_756	33.1215	ZM4	964162	964163	TSS_2119	.	-	2683
ZM4	961793	961794	ZMO1787_peak_757	228.348	ZM4	964162	964163	TSS_2119	.	-	2369
ZM4	963184	963185	ZMO1787_peak_758	63.5173	ZM4	964162	964163	TSS_2119	.	-	978
ZM4	963435	963436	ZMO1787_peak_759	23.9928	ZM4	964162	964163	TSS_2119	.	-	727
ZM4	964904	964905	ZMO1787_peak_760	661.234	ZM4	965357	965358	TSS_2121	.	-	453
ZM4	966573	966574	ZMO1787_peak_761	585.098	ZM4	966844	966845	TSS_2136	.	+	-271
ZM4	966962	966963	ZMO1787_peak_762	1011.26	ZM4	966858	966859	TSS_2138	.	+	104
ZM4	969667	969668	ZMO1787_peak_763	41.3564	ZM4	968979	968980	TSS_2147	.	+	688
ZM4	970804	970805	ZMO1787_peak_764	95.2164	ZM4	972262	972263	TSS_2153	.	-	1458
ZM4	972229	972230	ZMO1787_peak_765a	900.196	ZM4	972262	972263	TSS_2153	.	-	33
ZM4	972389	972390	ZMO1787_peak_765b	149.647	ZM4	972262	972263	TSS_2153	.	-	-127
ZM4	974120	974121	ZMO1787_peak_766	41.8329	ZM4	974237	974238	TSS_2155	.	+	-117
ZM4	975497	975498	ZMO1787_peak_767a	28.0409	ZM4	974364	974365	TSS_2157	.	+	1133
ZM4	975738	975739	ZMO1787_peak_767b	44.6072	ZM4	974364	974365	TSS_2157	.	+	1374
ZM4	977118	977119	ZMO1787_peak_768	11.0858	ZM4	977912	977913	TSS_2159	.	+	-794
ZM4	978651	978652	ZMO1787_peak_769	82.0199	ZM4	977944	977945	TSS_2160	.	+	707
ZM4	979503	979504	ZMO1787_peak_770	42.3117	ZM4	980120	980121	TSS_2162	.	+	-617
ZM4	979978	979979	ZMO1787_peak_771a	7.85457	ZM4	980120	980121	TSS_2162	.	+	-142
ZM4	980147	980148	ZMO1787_peak_771b	27.1933	ZM4	980120	980121	TSS_2162	.	+	27
ZM4	980754	980755	ZMO1787_peak_772	358.1	ZM4	980441	980442	TSS_2169	.	-	-313
ZM4	981089	981090	ZMO1787_peak_773	67.9925	ZM4	981683	981684	TSS_2173	.	+	-594
ZM4	982196	982197	ZMO1787_peak_774	257.253	ZM4	981745	981746	TSS_2174	.	+	451
ZM4	982483	982484	ZMO1787_peak_775	51.7652	ZM4	981745	981746	TSS_2174	.	+	738
ZM4	985141	985142	ZMO1787_peak_776a	15.4394	ZM4	984710	984711	TSS_2178	.	+	431
ZM4	985318	985319	ZMO1787_peak_776b	83.2277	ZM4	984710	984711	TSS_2178	.	+	608
ZM4	985534	985535	ZMO1787_peak_776c	32.6837	ZM4	986158	986159	TSS_2179	.	+	-624
ZM4	990217	990218	ZMO1787_peak_777	492.882	ZM4	990372	990373	TSS_2183	.	+	-155
ZM4	994806	994807	ZMO1787_peak_778	644.723	ZM4	995678	995679	TSS_2192	.	-	872
ZM4	996674	996675	ZMO1787_peak_779	859.204	ZM4	996722	996723	TSS_2196	.	+	-48
ZM4	999815	999816	ZMO1787_peak_780	37.1554	ZM4	1000352	1000353	TSS_2197	.	-	537
ZM4	1001805	1001806	ZMO1787_peak_781a	15.7198	ZM4	1000486	1000487	TSS_2201	.	-	-1319
ZM4	1001893	1001894	ZMO1787_peak_781b	10.5131	ZM4	1000486	1000487	TSS_2201	.	-	-1407
ZM4	1004018	1004019	ZMO1787_peak_782	40.7824	ZM4	1005664	1005665	TSS_2204	.	-	1646
ZM4	1005355	1005356	ZMO1787_peak_783	582.958	ZM4	1005664	1005665	TSS_2204	.	-	309
ZM4	1007633	1007634	ZMO1787_peak_784	705.768	ZM4	1008319	1008320	TSS_2205	.	-	686
ZM4	1010680	1010681	ZMO1787_peak_785	52.9419	ZM4	1010381	1010382	TSS_2224	.	-	-299
ZM4	1018919	1018920	ZMO1787_peak_786	19.8743	ZM4	1020047	1020048	TSS_2259	.	+	-1128
ZM4	1021369	1021370	ZMO1787_peak_787a	121.042	ZM4	1021374	1021375	TSS_2260	.	+	-5
ZM4	1021511	1021512	ZMO1787_peak_787b	118.017	ZM4	1021550	1021551	TSS_2261	.	+	-39
ZM4	1021880	1021881	ZMO1787_peak_788	209.747	ZM4	1021550	1021551	TSS_2261	.	+	330
ZM4	1024430	1024431	ZMO1787_peak_789	445.798	ZM4	1024647	1024648	TSS_2265	.	+	-217
ZM4	1025706	1025707	ZMO1787_peak_790	755.564	ZM4	1026618	1026619	TSS_2266	.	+	-912
ZM4	1027776	1027777	ZMO1787_peak_791	195.348	ZM4	1027928	1027929	TSS_2272	.	+	-152
ZM4	1028846	1028847	ZMO1787_peak_792	398.189	ZM4	1027989	1027990	TSS_2276	.	+	857
ZM4	1029206	1029207	ZMO1787_peak_793	28.6636	ZM4	1030111	1030112	TSS_2278	.	+	-905
ZM4	1029738	1029739	ZMO1787_peak_794a	23.8936	ZM4	1030111	1030112	TSS_2278	.	+	-373
ZM4	1029906	1029907	ZMO1787_peak_794b	12.8599	ZM4	1030111	1030112	TSS_2278	.	+	-205
ZM4	1034577	1034578	ZMO1787_peak_795	615.269	ZM4	1034596	1034597	TSS_2293	.	-	19
ZM4	1035000	1035001	ZMO1787_peak_796	391.428	ZM4	1035204	1035205	TSS_2294	.	-	204
ZM4	1035973	1035974	ZMO1787_peak_797	49.3487	ZM4	1035204	1035205	TSS_2294	.	-	-769
ZM4	1036443	1036444	ZMO1787_peak_798a	185.919	ZM4	1036940	1036941	TSS_2295	.	-	497
ZM4	1036573	1036574	ZMO1787_peak_798b	588.312	ZM4	1036940	1036941	TSS_2295	.	-	367
ZM4	1037032	1037033	ZMO1787_peak_799	157.548	ZM4	1036987	1036988	TSS_2296	.	-	-45
ZM4	1039076	1039077	ZMO1787_peak_800	169.757	ZM4	1038660	1038661	TSS_2298	.	-	-416
ZM4	1040914	1040915	ZMO1787_peak_801	338.496	ZM4	1041285	1041286	TSS_2309	.	+	-371
ZM4	1042476	1042477	ZMO1787_peak_802a	192.978	ZM4	1042612	1042613	TSS_2312	.	+	-136
ZM4	1042625	1042626	ZMO1787_peak_802b	155.525	ZM4	1042612	1042613	TSS_2312	.	+	13
ZM4	1045793	1045794	ZMO1787_peak_803	28.8425	ZM4	1046066	1046067	TSS_2317	.	+	-273
ZM4	1046693	1046694	ZMO1787_peak_804	8.88017	ZM4	1046218	1046219	TSS_2318	.	+	475
ZM4	1049054	1049055	ZMO1787_peak_805	199.317	ZM4	1048782	1048783	TSS_2320	.	+	272
ZM4	1052734	1052735	ZMO1787_peak_806	210.975	ZM4	1050976	1050977	TSS_2331	.	+	1758
ZM4	1053104	1053105	ZMO1787_peak_807	322.853	ZM4	1054730	1054731	TSS_2346	.	-	1626
ZM4	1053437	1053438	ZMO1787_peak_808	239.426	ZM4	1054730	1054731	TSS_2346	.	-	1293
ZM4	1053998	1053999	ZMO1787_peak_809a	146.009	ZM4	1054730	1054731	TSS_2346	.	-	732
ZM4	1054128	1054129	ZMO1787_peak_809b	205.717	ZM4	1054730	1054731	TSS_2346	.	-	602
ZM4	1056026	1056027	ZMO1787_peak_810	323.768	ZM4	1055307	1055308	TSS_2351	.	+	719
ZM4	1058462	1058463	ZMO1787_peak_811a	66.8642	ZM4	1061294	1061295	TSS_2358	.	+	-2832
ZM4	1058521	1058522	ZMO1787_peak_811b	57.0037	ZM4	1061294	1061295	TSS_2358	.	+	-2773
ZM4	1060521	1060522	ZMO1787_peak_812	90.5978	ZM4	1061294	1061295	TSS_2358	.	+	-773
ZM4	1062802	1062803	ZMO1787_peak_813a	22.8496	ZM4	1063532	1063533	TSS_2366	.	-	730
ZM4	1062981	1062982	ZMO1787_peak_813b	86.8872	ZM4	1063532	1063533	TSS_2366	.	-	551
ZM4	1063820	1063821	ZMO1787_peak_814	82.6231	ZM4	1063726	1063727	TSS_2368	.	+	94
ZM4	1064656	1064657	ZMO1787_peak_815a	4.88736	ZM4	1064741	1064742	TSS_2369	.	+	-85
ZM4	1064838	1064839	ZMO1787_peak_815b	505.213	ZM4	1064743	1064744	TSS_2370	.	+	95
ZM4	1065637	1065638	ZMO1787_peak_816	23.5969	ZM4	1064743	1064744	TSS_2370	.	+	894
ZM4	1066968	1066969	ZMO1787_peak_817	173.565	ZM4	1067834	1067835	TSS_2373	.	+	-866
ZM4	1067391	1067392	ZMO1787_peak_818	168.241	ZM4	1067834	1067835	TSS_2373	.	+	-443
ZM4	1068551	1068552	ZMO1787_peak_819	574.417	ZM4	1067835	1067836	TSS_2374	.	+	716
ZM4	1069326	1069327	ZMO1787_peak_820	60.774	ZM4	1067835	1067836	TSS_2374	.	+	1491
ZM4	1070065	1070066	ZMO1787_peak_821	301.123	ZM4	1071475	1071476	TSS_2379	.	+	-1410
ZM4	1070872	1070873	ZMO1787_peak_822a	431.461	ZM4	1071475	1071476	TSS_2379	.	+	-603
ZM4	1071143	1071144	ZMO1787_peak_822b	45.224	ZM4	1071475	1071476	TSS_2379	.	+	-332
ZM4	1071667	1071668	ZMO1787_peak_823	129.638	ZM4	1071475	1071476	TSS_2379	.	+	192
ZM4	1072647	1072648	ZMO1787_peak_824	129.638	ZM4	1071475	1071476	TSS_2379	.	+	1172
ZM4	1073323	1073324	ZMO1787_peak_825	196.933	ZM4	1075141	1075142	TSS_2380	.	-	1818
ZM4	1074329	1074330	ZMO1787_peak_826	681.183	ZM4	1075141	1075142	TSS_2380	.	-	812
ZM4	1075428	1075429	ZMO1787_peak_827	198.521	ZM4	1075241	1075242	TSS_2383	.	+	187
ZM4	1075715	1075716	ZMO1787_peak_828	113.22	ZM4	1075241	1075242	TSS_2383	.	+	474
ZM4	1076605	1076606	ZMO1787_peak_829a	5.96036	ZM4	1076612	1076613	TSS_2386	.	-	7
ZM4	1076793	1076794	ZMO1787_peak_829b	302.918	ZM4	1076724	1076725	TSS_2389	.	-	-69
ZM4	1077948	1077949	ZMO1787_peak_830	12.1657	ZM4	1078025	1078026	TSS_2390	.	+	-77
ZM4	1078479	1078480	ZMO1787_peak_831	468.459	ZM4	1078511	1078512	TSS_2392	.	+	-32
ZM4	1078798	1078799	ZMO1787_peak_832	73.7302	ZM4	1078511	1078512	TSS_2392	.	+	287
ZM4	1080564	1080565	ZMO1787_peak_833	210.555	ZM4	1082283	1082284	TSS_2412	.	-	1719
ZM4	1081504	1081505	ZMO1787_peak_834	92.4721	ZM4	1082283	1082284	TSS_2412	.	-	779
ZM4	1084894	1084895	ZMO1787_peak_835	81.7776	ZM4	1085562	1085563	TSS_2420	.	+	-668
ZM4	1089944	1089945	ZMO1787_peak_836	16.3858	ZM4	1089333	1089334	TSS_2434	.	+	611
ZM4	1090758	1090759	ZMO1787_peak_837	393.356	ZM4	1089333	1089334	TSS_2434	.	+	1425
ZM4	1091518	1091519	ZMO1787_peak_838	239.426	ZM4	1089333	1089334	TSS_2434	.	+	2185
ZM4	1092033	1092034	ZMO1787_peak_839	145.285	ZM4	1094581	1094582	TSS_2437	.	+	-2548
ZM4	1093079	1093080	ZMO1787_peak_840a	349.661	ZM4	1094581	1094582	TSS_2437	.	+	-1502
ZM4	1093145	1093146	ZMO1787_peak_840b	408.875	ZM4	1094581	1094582	TSS_2437	.	+	-1436
ZM4	1093974	1093975	ZMO1787_peak_841	27.1933	ZM4	1094581	1094582	TSS_2437	.	+	-607
ZM4	1094233	1094234	ZMO1787_peak_842	30.5278	ZM4	1094581	1094582	TSS_2437	.	+	-348
ZM4	1095266	1095267	ZMO1787_peak_843	24.0058	ZM4	1094581	1094582	TSS_2437	.	+	685
ZM4	1097445	1097446	ZMO1787_peak_844	128.94	ZM4	1098695	1098696	TSS_2439	.	+	-1250
ZM4	1098803	1098804	ZMO1787_peak_845	19.8743	ZM4	1098806	1098807	TSS_2440	.	+	-3
ZM4	1100206	1100207	ZMO1787_peak_846	98.8098	ZM4	1100847	1100848	TSS_2442	.	+	-641
ZM4	1103757	1103758	ZMO1787_peak_847	42.2578	ZM4	1104117	1104118	TSS_2447	.	+	-360
ZM4	1105032	1105033	ZMO1787_peak_848	19.5138	ZM4	1104117	1104118	TSS_2447	.	+	915
ZM4	1106249	1106250	ZMO1787_peak_849	173.565	ZM4	1107819	1107820	TSS_2449	.	+	-1570
ZM4	1107086	1107087	ZMO1787_peak_850a	71.9925	ZM4	1107819	1107820	TSS_2449	.	+	-733
ZM4	1107253	1107254	ZMO1787_peak_850b	108.567	ZM4	1107819	1107820	TSS_2449	.	+	-566
ZM4	1107673	1107674	ZMO1787_peak_851	176.388	ZM4	1107819	1107820	TSS_2449	.	+	-146
ZM4	1109101	1109102	ZMO1787_peak_852	261.103	ZM4	1107819	1107820	TSS_2449	.	+	1282
ZM4	1110138	1110139	ZMO1787_peak_853	312.84	ZM4	1111838	1111839	TSS_2452	.	-	1700
ZM4	1113167	1113168	ZMO1787_peak_854	1077.86	ZM4	1112201	1112202	TSS_2456	.	-	-966
ZM4	1115441	1115442	ZMO1787_peak_855	223.62	ZM4	1115701	1115702	TSS_2457	.	-	260
ZM4	1117642	1117643	ZMO1787_peak_856	61.8584	ZM4	1119183	1119184	TSS_2458	.	-	1541
ZM4	1118628	1118629	ZMO1787_peak_857	32.6837	ZM4	1119183	1119184	TSS_2458	.	-	555
ZM4	1120526	1120527	ZMO1787_peak_858	539.526	ZM4	1119792	1119793	TSS_2459	.	-	-734
ZM4	1120960	1120961	ZMO1787_peak_859	50.7386	ZM4	1119792	1119793	TSS_2459	.	-	-1168
ZM4	1121305	1121306	ZMO1787_peak_860	10.5131	ZM4	1122157	1122158	TSS_2462	.	-	852
ZM4	1121698	1121699	ZMO1787_peak_861	237.747	ZM4	1122157	1122158	TSS_2462	.	-	459
ZM4	1123613	1123614	ZMO1787_peak_862	15.3909	ZM4	1124611	1124612	TSS_2464	.	+	-998
ZM4	1126341	1126342	ZMO1787_peak_863	417.674	ZM4	1127026	1127027	TSS_2479	.	-	685
ZM4	1130224	1130225	ZMO1787_peak_864	654.617	ZM4	1130795	1130796	TSS_2501	.	+	-571
ZM4	1130661	1130662	ZMO1787_peak_865	70.2688	ZM4	1130795	1130796	TSS_2501	.	+	-134
ZM4	1132120	1132121	ZMO1787_peak_866	232.732	ZM4	1132916	1132917	TSS_2506	.	+	-796
ZM4	1132918	1132919	ZMO1787_peak_867	66.8642	ZM4	1132918	1132919	TSS_2507	.	+	0
ZM4	1133312	1133313	ZMO1787_peak_868	73.7302	ZM4	1132918	1132919	TSS_2507	.	+	394
ZM4	1134002	1134003	ZMO1787_peak_869	30.5278	ZM4	1132918	1132919	TSS_2507	.	+	1084
ZM4	1135232	1135233	ZMO1787_peak_870	155.525	ZM4	1132918	1132919	TSS_2507	.	+	2314
ZM4	1137944	1137945	ZMO1787_peak_871	60.774	ZM4	1139181	1139182	TSS_2512	.	+	-1237
ZM4	1138493	1138494	ZMO1787_peak_872	57.0037	ZM4	1139181	1139182	TSS_2512	.	+	-688
ZM4	1138751	1138752	ZMO1787_peak_873a	117.935	ZM4	1139181	1139182	TSS_2512	.	+	-430
ZM4	1139010	1139011	ZMO1787_peak_873b	119.267	ZM4	1139181	1139182	TSS_2512	.	+	-171
ZM4	1140158	1140159	ZMO1787_peak_874	118.614	ZM4	1140919	1140920	TSS_2513	.	-	761
ZM4	1141733	1141734	ZMO1787_peak_875	307.417	ZM4	1140921	1140922	TSS_2514	.	-	-812
ZM4	1145194	1145195	ZMO1787_peak_876	100.093	ZM4	1145468	1145469	TSS_2521	.	-	274
ZM4	1145471	1145472	ZMO1787_peak_877	35.3415	ZM4	1145468	1145469	TSS_2521	.	-	-3
ZM4	1146815	1146816	ZMO1787_peak_878a	5.96036	ZM4	1146950	1146951	TSS_2523	.	-	135
ZM4	1146921	1146922	ZMO1787_peak_878b	33.1657	ZM4	1146950	1146951	TSS_2523	.	-	29
ZM4	1147308	1147309	ZMO1787_peak_879	684.523	ZM4	1147099	1147100	TSS_2525	.	+	209
ZM4	1148411	1148412	ZMO1787_peak_880	146.009	ZM4	1148449	1148450	TSS_2528	.	+	-38
ZM4	1150170	1150171	ZMO1787_peak_881	80.763	ZM4	1151085	1151086	TSS_2530	.	+	-915
ZM4	1153258	1153259	ZMO1787_peak_882	131.037	ZM4	1154148	1154149	TSS_2538	.	-	890
ZM4	1154060	1154061	ZMO1787_peak_883	188.264	ZM4	1154148	1154149	TSS_2538	.	-	88
ZM4	1156433	1156434	ZMO1787_peak_884	71.4163	ZM4	1155873	1155874	TSS_2544	.	-	-560
ZM4	1157056	1157057	ZMO1787_peak_885	44.7339	ZM4	1157047	1157048	TSS_2546	.	-	-9
ZM4	1157323	1157324	ZMO1787_peak_886	71.9925	ZM4	1157143	1157144	TSS_2549	.	-	-180
ZM4	1157672	1157673	ZMO1787_peak_887a	104.629	ZM4	1157705	1157706	TSS_2552	.	+	-33
ZM4	1157879	1157880	ZMO1787_peak_887b	59.4124	ZM4	1157784	1157785	TSS_2554	.	+	95
ZM4	1159094	1159095	ZMO1787_peak_888	22.8496	ZM4	1159416	1159417	TSS_2562	.	+	-322
ZM4	1159708	1159709	ZMO1787_peak_889	761.277	ZM4	1159881	1159882	TSS_2563	.	+	-173
ZM4	1163317	1163318	ZMO1787_peak_890	61.6858	ZM4	1163348	1163349	TSS_2573	.	-	31
ZM4	1164532	1164533	ZMO1787_peak_891	445.651	ZM4	1164717	1164718	TSS_2575	.	-	185
ZM4	1166352	1166353	ZMO1787_peak_892	250.418	ZM4	1166349	1166350	TSS_2581	.	-	-3
ZM4	1166707	1166708	ZMO1787_peak_893	56.2941	ZM4	1166496	1166497	TSS_2584	.	-	-211
ZM4	1167367	1167368	ZMO1787_peak_894	62.415	ZM4	1166496	1166497	TSS_2584	.	-	-871
ZM4	1168388	1168389	ZMO1787_peak_895	92.4721	ZM4	1169434	1169435	TSS_2586	.	-	1046
ZM4	1168897	1168898	ZMO1787_peak_896	61.3194	ZM4	1169434	1169435	TSS_2586	.	-	537
ZM4	1170903	1170904	ZMO1787_peak_897	1280.76	ZM4	1170971	1170972	TSS_2591	.	-	68
ZM4	1172374	1172375	ZMO1787_peak_898	413.561	ZM4	1171045	1171046	TSS_2592	.	-	-1329
ZM4	1174720	1174721	ZMO1787_peak_899	263.842	ZM4	1174845	1174846	TSS_2597	.	-	125
ZM4	1175433	1175434	ZMO1787_peak_900	87.5022	ZM4	1175635	1175636	TSS_2599	.	-	202
ZM4	1175802	1175803	ZMO1787_peak_901	331.11	ZM4	1175720	1175721	TSS_2602	.	-	-82
ZM4	1176311	1176312	ZMO1787_peak_902	516.587	ZM4	1176433	1176434	TSS_2606	.	-	122
ZM4	1176819	1176820	ZMO1787_peak_903	251.268	ZM4	1176958	1176959	TSS_2619	.	+	-139
ZM4	1177806	1177807	ZMO1787_peak_904	505.015	ZM4	1176964	1176965	TSS_2620	.	+	842
ZM4	1179331	1179332	ZMO1787_peak_905	420.817	ZM4	1179384	1179385	TSS_2621	.	-	53
ZM4	1181157	1181158	ZMO1787_peak_906	157.343	ZM4	1181051	1181052	TSS_2630	.	+	106
ZM4	1181492	1181493	ZMO1787_peak_907	469.736	ZM4	1181555	1181556	TSS_2631	.	+	-63
ZM4	1182284	1182285	ZMO1787_peak_908	54.796	ZM4	1181555	1181556	TSS_2631	.	+	729
ZM4	1183253	1183254	ZMO1787_peak_909	82.4657	ZM4	1184548	1184549	TSS_2634	.	-	1295
ZM4	1183819	1183820	ZMO1787_peak_910	396.254	ZM4	1184548	1184549	TSS_2634	.	-	729
ZM4	1184984	1184985	ZMO1787_peak_911a	1254.96	ZM4	1184635	1184636	TSS_2636	.	-	-349
ZM4	1185289	1185290	ZMO1787_peak_911b	674.517	ZM4	1184635	1184636	TSS_2636	.	-	-654
ZM4	1186137	1186138	ZMO1787_peak_912	439.392	ZM4	1186734	1186735	TSS_2637	.	-	597
ZM4	1187462	1187463	ZMO1787_peak_913	74.528	ZM4	1187240	1187241	TSS_2639	.	+	222
ZM4	1187841	1187842	ZMO1787_peak_914	77.2466	ZM4	1187720	1187721	TSS_2640	.	+	121
ZM4	1189003	1189004	ZMO1787_peak_915	88.7361	ZM4	1189129	1189130	TSS_2641	.	+	-126
ZM4	1189443	1189444	ZMO1787_peak_916	115.907	ZM4	1189253	1189254	TSS_2643	.	-	-190
ZM4	1190767	1190768	ZMO1787_peak_917	76.0683	ZM4	1189657	1189658	TSS_2644	.	-	-1110
ZM4	1191652	1191653	ZMO1787_peak_918	94.3594	ZM4	1189657	1189658	TSS_2644	.	-	-1995
ZM4	1193371	1193372	ZMO1787_peak_919a	609.587	ZM4	1194887	1194888	TSS_2649	.	-	1516
ZM4	1193587	1193588	ZMO1787_peak_919b	21.3792	ZM4	1194887	1194888	TSS_2649	.	-	1300
ZM4	1195267	1195268	ZMO1787_peak_920	864.656	ZM4	1194887	1194888	TSS_2649	.	-	-380
ZM4	1195948	1195949	ZMO1787_peak_921	737.103	ZM4	1194887	1194888	TSS_2649	.	-	-1061
ZM4	1196736	1196737	ZMO1787_peak_922a	20.2375	ZM4	1197156	1197157	TSS_2652	.	-	420
ZM4	1196896	1196897	ZMO1787_peak_922b	212.176	ZM4	1197156	1197157	TSS_2652	.	-	260
ZM4	1197370	1197371	ZMO1787_peak_923	110.397	ZM4	1197238	1197239	TSS_2654	.	-	-132
ZM4	1197819	1197820	ZMO1787_peak_924	97.5316	ZM4	1197238	1197239	TSS_2654	.	-	-581
ZM4	1198562	1198563	ZMO1787_peak_925a	275.44	ZM4	1198920	1198921	TSS_2655	.	-	358
ZM4	1198890	1198891	ZMO1787_peak_925b	35.3415	ZM4	1198920	1198921	TSS_2655	.	-	30
ZM4	1199977	1199978	ZMO1787_peak_926	133.85	ZM4	1199518	1199519	TSS_2661	.	-	-459
ZM4	1201113	1201114	ZMO1787_peak_927	1141.76	ZM4	1202318	1202319	TSS_2664	.	-	1205
ZM4	1201490	1201491	ZMO1787_peak_928	133.145	ZM4	1202318	1202319	TSS_2664	.	-	828
ZM4	1201753	1201754	ZMO1787_peak_929	200.911	ZM4	1202318	1202319	TSS_2664	.	-	565
ZM4	1202633	1202634	ZMO1787_peak_930	271.947	ZM4	1202368	1202369	TSS_2665	.	-	-265
ZM4	1202986	1202987	ZMO1787_peak_931	51.0364	ZM4	1203316	1203317	TSS_2666	.	-	330
ZM4	1203590	1203591	ZMO1787_peak_932	61.5029	ZM4	1203670	1203671	TSS_2667	.	-	80
ZM4	1205535	1205536	ZMO1787_peak_933	1338.78	ZM4	1204323	1204324	TSS_2670	.	-	-1212
ZM4	1207156	1207157	ZMO1787_peak_934	21.7611	ZM4	1208006	1208007	TSS_2673	.	-	850
ZM4	1208039	1208040	ZMO1787_peak_935	34.8214	ZM4	1208025	1208026	TSS_2675	.	+	14
ZM4	1209001	1209002	ZMO1787_peak_936a	856.707	ZM4	1208971	1208972	TSS_2679	.	+	30
ZM4	1209172	1209173	ZMO1787_peak_936b	43.5363	ZM4	1208971	1208972	TSS_2679	.	+	201
ZM4	1212201	1212202	ZMO1787_peak_937	57.5811	ZM4	1212228	1212229	TSS_2686	.	+	-27
ZM4	1212837	1212838	ZMO1787_peak_938	66.6852	ZM4	1212228	1212229	TSS_2686	.	+	609
ZM4	1213229	1213230	ZMO1787_peak_939	101.902	ZM4	1212228	1212229	TSS_2686	.	+	1001
ZM4	1213719	1213720	ZMO1787_peak_940	393.486	ZM4	1212228	1212229	TSS_2686	.	+	1491
ZM4	1215434	1215435	ZMO1787_peak_941	428.42	ZM4	1212228	1212229	TSS_2686	.	+	3206
ZM4	1216269	1216270	ZMO1787_peak_942	37.1554	ZM4	1212228	1212229	TSS_2686	.	+	4041
ZM4	1217883	1217884	ZMO1787_peak_943a	1424.58	ZM4	1212228	1212229	TSS_2686	.	+	5655
ZM4	1218112	1218113	ZMO1787_peak_943b	140.963	ZM4	1212228	1212229	TSS_2686	.	+	5884
ZM4	1222912	1222913	ZMO1787_peak_944	115.712	ZM4	1225593	1225594	TSS_2694	.	+	-2681
ZM4	1223244	1223245	ZMO1787_peak_945	32.717	ZM4	1225593	1225594	TSS_2694	.	+	-2349
ZM4	1228727	1228728	ZMO1787_peak_946	77.8381	ZM4	1230397	1230398	TSS_2702	.	-	1670
ZM4	1229150	1229151	ZMO1787_peak_947	456.372	ZM4	1230397	1230398	TSS_2702	.	-	1247
ZM4	1229519	1229520	ZMO1787_peak_948	913.311	ZM4	1230397	1230398	TSS_2702	.	-	878
ZM4	1231977	1231978	ZMO1787_peak_949	92.4721	ZM4	1232237	1232238	TSS_2707	.	+	-260
ZM4	1232269	1232270	ZMO1787_peak_950	28.915	ZM4	1232253	1232254	TSS_2708	.	+	16
ZM4	1232759	1232760	ZMO1787_peak_951	63.5281	ZM4	1232253	1232254	TSS_2708	.	+	506
ZM4	1233913	1233914	ZMO1787_peak_952a	437.641	ZM4	1232253	1232254	TSS_2708	.	+	1660
ZM4	1234152	1234153	ZMO1787_peak_952b	106.592	ZM4	1232253	1232254	TSS_2708	.	+	1899
ZM4	1234592	1234593	ZMO1787_peak_953	252.121	ZM4	1236263	1236264	TSS_2716	.	-	1671
ZM4	1234864	1234865	ZMO1787_peak_954	21.7152	ZM4	1236263	1236264	TSS_2716	.	-	1399
ZM4	1238645	1238646	ZMO1787_peak_955	824.797	ZM4	1238053	1238054	TSS_2730	.	-	-592
ZM4	1239790	1239791	ZMO1787_peak_956a	246.174	ZM4	1239730	1239731	TSS_2740	.	-	-60
ZM4	1240016	1240017	ZMO1787_peak_956b	236.072	ZM4	1239864	1239865	TSS_2742	.	+	152
ZM4	1240462	1240463	ZMO1787_peak_957	46.4596	ZM4	1240491	1240492	TSS_2743	.	+	-29
ZM4	1242750	1242751	ZMO1787_peak_958	23.2326	ZM4	1242350	1242351	TSS_2753	.	+	400
ZM4	1243883	1243884	ZMO1787_peak_959	66.1063	ZM4	1244428	1244429	TSS_2755	.	+	-545
ZM4	1244976	1244977	ZMO1787_peak_960	29.7278	ZM4	1245168	1245169	TSS_2763	.	+	-192
ZM4	1249228	1249229	ZMO1787_peak_961	55.4138	ZM4	1249274	1249275	TSS_2773	.	-	46
ZM4	1250962	1250963	ZMO1787_peak_962	33.1215	ZM4	1250824	1250825	TSS_2788	.	+	138
ZM4	1252013	1252014	ZMO1787_peak_963	272.969	ZM4	1251406	1251407	TSS_2789	.	+	607
ZM4	1254515	1254516	ZMO1787_peak_964	197.726	ZM4	1254064	1254065	TSS_2800	.	-	-451
ZM4	1255243	1255244	ZMO1787_peak_965	63.5173	ZM4	1255857	1255858	TSS_2803	.	+	-614
ZM4	1259118	1259119	ZMO1787_peak_966a	27.6022	ZM4	1258890	1258891	TSS_2806	.	-	-228
ZM4	1259308	1259309	ZMO1787_peak_966b	20.5276	ZM4	1258890	1258891	TSS_2806	.	-	-418
ZM4	1261370	1261371	ZMO1787_peak_967	223.62	ZM4	1261555	1261556	TSS_2808	.	-	185
ZM4	1261774	1261775	ZMO1787_peak_968	54.9263	ZM4	1261923	1261924	TSS_2809	.	-	149
ZM4	1263234	1263235	ZMO1787_peak_969	79.5287	ZM4	1262861	1262862	TSS_2826	.	-	-373
ZM4	1266310	1266311	ZMO1787_peak_970	535.337	ZM4	1265996	1265997	TSS_2848	.	-	-314
ZM4	1266984	1266985	ZMO1787_peak_971	24.7885	ZM4	1267613	1267614	TSS_2849	.	+	-629
ZM4	1268762	1268763	ZMO1787_peak_972	176.771	ZM4	1268345	1268346	TSS_2851	.	+	417
ZM4	1270697	1270698	ZMO1787_peak_973	376.093	ZM4	1270888	1270889	TSS_2852	.	-	191
ZM4	1271510	1271511	ZMO1787_peak_974	356.22	ZM4	1271268	1271269	TSS_2853	.	-	-242
ZM4	1272620	1272621	ZMO1787_peak_975	189.831	ZM4	1271268	1271269	TSS_2853	.	-	-1352
ZM4	1275981	1275982	ZMO1787_peak_976	238.974	ZM4	1278786	1278787	TSS_2859	.	+	-2805
ZM4	1276350	1276351	ZMO1787_peak_977	299.71	ZM4	1278786	1278787	TSS_2859	.	+	-2436
ZM4	1276624	1276625	ZMO1787_peak_978	164.911	ZM4	1278786	1278787	TSS_2859	.	+	-2162
ZM4	1277054	1277055	ZMO1787_peak_979a	45.2537	ZM4	1278786	1278787	TSS_2859	.	+	-1732
ZM4	1277138	1277139	ZMO1787_peak_979b	77.2292	ZM4	1278786	1278787	TSS_2859	.	+	-1648
ZM4	1277370	1277371	ZMO1787_peak_979c	13.4759	ZM4	1278786	1278787	TSS_2859	.	+	-1416
ZM4	1277768	1277769	ZMO1787_peak_980a	180.872	ZM4	1278786	1278787	TSS_2859	.	+	-1018
ZM4	1277976	1277977	ZMO1787_peak_980b	3.62007	ZM4	1278786	1278787	TSS_2859	.	+	-810
ZM4	1278201	1278202	ZMO1787_peak_980c	94.2327	ZM4	1278786	1278787	TSS_2859	.	+	-585
ZM4	1279399	1279400	ZMO1787_peak_981	716.583	ZM4	1278786	1278787	TSS_2859	.	+	613
ZM4	1279709	1279710	ZMO1787_peak_982	71.5369	ZM4	1278786	1278787	TSS_2859	.	+	923
ZM4	1279948	1279949	ZMO1787_peak_983	46.6389	ZM4	1278786	1278787	TSS_2859	.	+	1162
ZM4	1280682	1280683	ZMO1787_peak_984	451.359	ZM4	1278786	1278787	TSS_2859	.	+	1896
ZM4	1283704	1283705	ZMO1787_peak_985a	11.9579	ZM4	1283501	1283502	TSS_2860	.	+	203
ZM4	1283864	1283865	ZMO1787_peak_985b	22.4689	ZM4	1283501	1283502	TSS_2860	.	+	363
ZM4	1286242	1286243	ZMO1787_peak_986	112.551	ZM4	1286234	1286235	TSS_2864	.	-	-8
ZM4	1286847	1286848	ZMO1787_peak_987	172.802	ZM4	1286733	1286734	TSS_2869	.	+	114
ZM4	1287513	1287514	ZMO1787_peak_988a	311.187	ZM4	1286733	1286734	TSS_2869	.	+	780
ZM4	1287700	1287701	ZMO1787_peak_988b	87.5022	ZM4	1286733	1286734	TSS_2869	.	+	967
ZM4	1288787	1288788	ZMO1787_peak_989	65.3684	ZM4	1288993	1288994	TSS_2871	.	-	206
ZM4	1291442	1291443	ZMO1787_peak_990	80.8178	ZM4	1292464	1292465	TSS_2883	.	-	1022
ZM4	1291945	1291946	ZMO1787_peak_991	135.263	ZM4	1292464	1292465	TSS_2883	.	-	519
ZM4	1293108	1293109	ZMO1787_peak_992	324.921	ZM4	1292554	1292555	TSS_2884	.	+	554
ZM4	1298561	1298562	ZMO1787_peak_993	1337.86	ZM4	1297477	1297478	TSS_2904	.	+	1084
ZM4	1302489	1302490	ZMO1787_peak_994	114.089	ZM4	1302461	1302462	TSS_2908	.	-	-28
ZM4	1302741	1302742	ZMO1787_peak_995	142.399	ZM4	1302961	1302962	TSS_2909	.	-	220
ZM4	1303151	1303152	ZMO1787_peak_996	36.6071	ZM4	1302993	1302994	TSS_2912	.	-	-158
ZM4	1304783	1304784	ZMO1787_peak_997a	134.245	ZM4	1304224	1304225	TSS_2918	.	+	559
ZM4	1304939	1304940	ZMO1787_peak_997b	56.5002	ZM4	1304224	1304225	TSS_2918	.	+	715
ZM4	1306878	1306879	ZMO1787_peak_998	95.9607	ZM4	1307710	1307711	TSS_2932	.	-	832
ZM4	1308810	1308811	ZMO1787_peak_999	90.7538	ZM4	1308264	1308265	TSS_2934	.	+	546
ZM4	1310296	1310297	ZMO1787_peak_1000a	64.6946	ZM4	1311230	1311231	TSS_2940	.	-	934
ZM4	1310418	1310419	ZMO1787_peak_1000b	9.50902	ZM4	1311230	1311231	TSS_2940	.	-	812
ZM4	1312309	1312310	ZMO1787_peak_1001	118	ZM4	1312976	1312977	TSS_2941	.	+	-667
ZM4	1313426	1313427	ZMO1787_peak_1002	11.1448	ZM4	1312979	1312980	TSS_2943	.	+	447
ZM4	1314076	1314077	ZMO1787_peak_1003	86.4693	ZM4	1312979	1312980	TSS_2943	.	+	1097
ZM4	1315206	1315207	ZMO1787_peak_1004a	3.45864	ZM4	1315308	1315309	TSS_2945	.	+	-102
ZM4	1315433	1315434	ZMO1787_peak_1004b	243.734	ZM4	1315310	1315311	TSS_2946	.	+	123
ZM4	1315629	1315630	ZMO1787_peak_1004c	390.362	ZM4	1315843	1315844	TSS_2947	.	+	-214
ZM4	1316020	1316021	ZMO1787_peak_1005a	80.8021	ZM4	1316003	1316004	TSS_2951	.	+	17
ZM4	1316281	1316282	ZMO1787_peak_1005b	77.5283	ZM4	1316003	1316004	TSS_2951	.	+	278
ZM4	1316651	1316652	ZMO1787_peak_1006	80.7558	ZM4	1316003	1316004	TSS_2951	.	+	648
ZM4	1317044	1317045	ZMO1787_peak_1007	27.0301	ZM4	1316003	1316004	TSS_2951	.	+	1041
ZM4	1318445	1318446	ZMO1787_peak_1008	130.076	ZM4	1316003	1316004	TSS_2951	.	+	2442
ZM4	1319729	1319730	ZMO1787_peak_1009	75.2107	ZM4	1322319	1322320	TSS_2955	.	-	2590
ZM4	1320178	1320179	ZMO1787_peak_1010a	32.6078	ZM4	1322319	1322320	TSS_2955	.	-	2141
ZM4	1320346	1320347	ZMO1787_peak_1010b	70.1813	ZM4	1322319	1322320	TSS_2955	.	-	1973
ZM4	1320533	1320534	ZMO1787_peak_1010c	64.6698	ZM4	1322319	1322320	TSS_2955	.	-	1786
ZM4	1322084	1322085	ZMO1787_peak_1011	69.1276	ZM4	1322319	1322320	TSS_2955	.	-	235
ZM4	1326657	1326658	ZMO1787_peak_1012	81.4182	ZM4	1327375	1327376	TSS_2967	.	+	-718
ZM4	1328738	1328739	ZMO1787_peak_1013	108.567	ZM4	1327727	1327728	TSS_2973	.	+	1011
ZM4	1329786	1329787	ZMO1787_peak_1014a	128.94	ZM4	1330247	1330248	TSS_2975	.	+	-461
ZM4	1329966	1329967	ZMO1787_peak_1014b	257.253	ZM4	1330247	1330248	TSS_2975	.	+	-281
ZM4	1331930	1331931	ZMO1787_peak_1015	413.757	ZM4	1331692	1331693	TSS_2980	.	+	238
ZM4	1333098	1333099	ZMO1787_peak_1016	418.655	ZM4	1331692	1331693	TSS_2980	.	+	1406
ZM4	1333098	1333099	ZMO1787_peak_1016	418.655	ZM4	1334504	1334505	TSS_2982	.	-	1406
ZM4	1334479	1334480	ZMO1787_peak_1017	62.4436	ZM4	1334504	1334505	TSS_2982	.	-	25
ZM4	1334823	1334824	ZMO1787_peak_1018a	56.1146	ZM4	1334504	1334505	TSS_2982	.	-	-319
ZM4	1335054	1335055	ZMO1787_peak_1018b	162.28	ZM4	1334504	1334505	TSS_2982	.	-	-550
ZM4	1335394	1335395	ZMO1787_peak_1019	427.509	ZM4	1335874	1335875	TSS_2983	.	-	480
ZM4	1337727	1337728	ZMO1787_peak_1020	4.78042	ZM4	1338535	1338536	TSS_2986	.	-	808
ZM4	1338918	1338919	ZMO1787_peak_1021a	26.7867	ZM4	1338535	1338536	TSS_2986	.	-	-383
ZM4	1339188	1339189	ZMO1787_peak_1021b	646.919	ZM4	1338535	1338536	TSS_2986	.	-	-653
ZM4	1339969	1339970	ZMO1787_peak_1022a	204.913	ZM4	1340073	1340074	TSS_2987	.	-	104
ZM4	1340264	1340265	ZMO1787_peak_1022b	994.774	ZM4	1340074	1340075	TSS_2988	.	-	-190
ZM4	1341070	1341071	ZMO1787_peak_1023	43.7591	ZM4	1341478	1341479	TSS_2990	.	-	408
ZM4	1341525	1341526	ZMO1787_peak_1024	60.3543	ZM4	1341501	1341502	TSS_2993	.	+	24
ZM4	1341807	1341808	ZMO1787_peak_1025	54.5157	ZM4	1341676	1341677	TSS_2995	.	+	131
ZM4	1342223	1342224	ZMO1787_peak_1026	344.067	ZM4	1342259	1342260	TSS_2996	.	+	-36
ZM4	1344805	1344806	ZMO1787_peak_1027	115.907	ZM4	1344632	1344633	TSS_2999	.	+	173
ZM4	1345693	1345694	ZMO1787_peak_1028	51.2509	ZM4	1345567	1345568	TSS_3006	.	+	126
ZM4	1349996	1349997	ZMO1787_peak_1029	310.126	ZM4	1351697	1351698	TSS_3020	.	+	-1701
ZM4	1350339	1350340	ZMO1787_peak_1030	214.821	ZM4	1351697	1351698	TSS_3020	.	+	-1358
ZM4	1353366	1353367	ZMO1787_peak_1031	24.4661	ZM4	1353460	1353461	TSS_3027	.	-	94
ZM4	1355495	1355496	ZMO1787_peak_1032	8.84443	ZM4	1354468	1354469	TSS_3031	.	+	1027
ZM4	1356713	1356714	ZMO1787_peak_1033	583.088	ZM4	1358472	1358473	TSS_3032	.	-	1759
ZM4	1357804	1357805	ZMO1787_peak_1034	17.4048	ZM4	1358472	1358473	TSS_3032	.	-	668
ZM4	1358664	1358665	ZMO1787_peak_1035a	111.798	ZM4	1358578	1358579	TSS_3034	.	-	-86
ZM4	1358857	1358858	ZMO1787_peak_1035b	24.2473	ZM4	1358762	1358763	TSS_3046	.	+	95
ZM4	1359326	1359327	ZMO1787_peak_1036	46.6833	ZM4	1359311	1359312	TSS_3048	.	+	15
ZM4	1360074	1360075	ZMO1787_peak_1037a	43.2747	ZM4	1359311	1359312	TSS_3048	.	+	763
ZM4	1360200	1360201	ZMO1787_peak_1037b	25.1837	ZM4	1359311	1359312	TSS_3048	.	+	889
ZM4	1361100	1361101	ZMO1787_peak_1038	183.438	ZM4	1359311	1359312	TSS_3048	.	+	1789
ZM4	1362397	1362398	ZMO1787_peak_1039	17.0624	ZM4	1362997	1362998	TSS_3050	.	-	600
ZM4	1364673	1364674	ZMO1787_peak_1040	63.5173	ZM4	1365071	1365072	TSS_3059	.	-	398
ZM4	1365270	1365271	ZMO1787_peak_1041	56.472	ZM4	1365071	1365072	TSS_3059	.	-	-199
ZM4	1366006	1366007	ZMO1787_peak_1042a	355.153	ZM4	1365940	1365941	TSS_3065	.	+	66
ZM4	1366211	1366212	ZMO1787_peak_1042b	18.0973	ZM4	1365940	1365941	TSS_3065	.	+	271
ZM4	1367095	1367096	ZMO1787_peak_1043	784.229	ZM4	1366529	1366530	TSS_3066	.	+	566
ZM4	1368613	1368614	ZMO1787_peak_1044	7.60602	ZM4	1368619	1368620	TSS_3069	.	-	6
ZM4	1368985	1368986	ZMO1787_peak_1045	805.031	ZM4	1368795	1368796	TSS_3072	.	-	-190
ZM4	1369759	1369760	ZMO1787_peak_1046	380.867	ZM4	1369706	1369707	TSS_3075	.	-	-53
ZM4	1371864	1371865	ZMO1787_peak_1047a	349.661	ZM4	1371021	1371022	TSS_3096	.	-	-843
ZM4	1372068	1372069	ZMO1787_peak_1047b	31.9544	ZM4	1371021	1371022	TSS_3096	.	-	-1047
ZM4	1372436	1372437	ZMO1787_peak_1048	524.899	ZM4	1371021	1371022	TSS_3096	.	-	-1415
ZM4	1373732	1373733	ZMO1787_peak_1049	19.5138	ZM4	1374707	1374708	TSS_3097	.	-	975
ZM4	1375106	1375107	ZMO1787_peak_1050	26.3825	ZM4	1374849	1374850	TSS_3098	.	-	-257
ZM4	1376002	1376003	ZMO1787_peak_1051a	180.483	ZM4	1376029	1376030	TSS_3106	.	-	27
ZM4	1376149	1376150	ZMO1787_peak_1051b	46.706	ZM4	1376031	1376032	TSS_3107	.	-	-118
ZM4	1377097	1377098	ZMO1787_peak_1052	587.24	ZM4	1377513	1377514	TSS_3113	.	-	416
ZM4	1377722	1377723	ZMO1787_peak_1053a	504.183	ZM4	1377709	1377710	TSS_3118	.	-	-13
ZM4	1377899	1377900	ZMO1787_peak_1053b	133.428	ZM4	1378033	1378034	TSS_3120	.	-	134
ZM4	1382387	1382388	ZMO1787_peak_1054	51.2509	ZM4	1383305	1383306	TSS_3129	.	+	-918
ZM4	1384418	1384419	ZMO1787_peak_1055	143.717	ZM4	1384517	1384518	TSS_3135	.	+	-99
ZM4	1385039	1385040	ZMO1787_peak_1056	25.5808	ZM4	1384517	1384518	TSS_3135	.	+	522
ZM4	1385535	1385536	ZMO1787_peak_1057	86.8872	ZM4	1384517	1384518	TSS_3135	.	+	1018
ZM4	1385796	1385797	ZMO1787_peak_1058a	49.2126	ZM4	1384517	1384518	TSS_3135	.	+	1279
ZM4	1386012	1386013	ZMO1787_peak_1058b	142.399	ZM4	1384517	1384518	TSS_3135	.	+	1495
ZM4	1387158	1387159	ZMO1787_peak_1059	149.647	ZM4	1387850	1387851	TSS_3139	.	-	692
ZM4	1387730	1387731	ZMO1787_peak_1060a	283.342	ZM4	1387850	1387851	TSS_3139	.	-	120
ZM4	1387854	1387855	ZMO1787_peak_1060b	27.7557	ZM4	1387853	1387854	TSS_3140	.	-	-1
ZM4	1388627	1388628	ZMO1787_peak_1061	26.3825	ZM4	1388128	1388129	TSS_3143	.	+	499
ZM4	1389543	1389544	ZMO1787_peak_1062	180.483	ZM4	1388128	1388129	TSS_3143	.	+	1415
ZM4	1390387	1390388	ZMO1787_peak_1063a	4.68337	ZM4	1388128	1388129	TSS_3143	.	+	2259
ZM4	1390544	1390545	ZMO1787_peak_1063b	19.5138	ZM4	1388128	1388129	TSS_3143	.	+	2416
ZM4	1390813	1390814	ZMO1787_peak_1064	49.1858	ZM4	1388128	1388129	TSS_3143	.	+	2685
ZM4	1391686	1391687	ZMO1787_peak_1065	82.6231	ZM4	1388128	1388129	TSS_3143	.	+	3558
ZM4	1391942	1391943	ZMO1787_peak_1066a	7.60602	ZM4	1395415	1395416	TSS_3155	.	-	3473
ZM4	1392083	1392084	ZMO1787_peak_1066b	71.1844	ZM4	1395415	1395416	TSS_3155	.	-	3332
ZM4	1395151	1395152	ZMO1787_peak_1067a	92.4721	ZM4	1395415	1395416	TSS_3155	.	-	264
ZM4	1395291	1395292	ZMO1787_peak_1067b	67.4276	ZM4	1395415	1395416	TSS_3155	.	-	124
ZM4	1395663	1395664	ZMO1787_peak_1068	51.2509	ZM4	1395415	1395416	TSS_3155	.	-	-248
ZM4	1399155	1399156	ZMO1787_peak_1069a	43.4491	ZM4	1399254	1399255	TSS_3158	.	+	-99
ZM4	1399303	1399304	ZMO1787_peak_1069b	17.1705	ZM4	1399293	1399294	TSS_3159	.	+	10
ZM4	1399935	1399936	ZMO1787_peak_1070	19.5138	ZM4	1399293	1399294	TSS_3159	.	+	642
ZM4	1400773	1400774	ZMO1787_peak_1071	168.241	ZM4	1401288	1401289	TSS_3160	.	+	-515
ZM4	1401788	1401789	ZMO1787_peak_1072	71.3404	ZM4	1401423	1401424	TSS_3161	.	+	365
ZM4	1402449	1402450	ZMO1787_peak_1073	148.917	ZM4	1401423	1401424	TSS_3161	.	+	1026
ZM4	1403092	1403093	ZMO1787_peak_1074a	108.567	ZM4	1404133	1404134	TSS_3163	.	-	1041
ZM4	1403301	1403302	ZMO1787_peak_1074b	532.199	ZM4	1404133	1404134	TSS_3163	.	-	832
ZM4	1404918	1404919	ZMO1787_peak_1075a	293.085	ZM4	1404249	1404250	TSS_3164	.	+	669
ZM4	1405211	1405212	ZMO1787_peak_1075b	932.467	ZM4	1404249	1404250	TSS_3164	.	+	962
ZM4	1405500	1405501	ZMO1787_peak_1075c	131.739	ZM4	1404249	1404250	TSS_3164	.	+	1251
ZM4	1405960	1405961	ZMO1787_peak_1076	404.008	ZM4	1404249	1404250	TSS_3164	.	+	1711
ZM4	1408605	1408606	ZMO1787_peak_1077	64.6264	ZM4	1409018	1409019	TSS_3170	.	+	-413
ZM4	1410172	1410173	ZMO1787_peak_1078	71.1629	ZM4	1409050	1409051	TSS_3171	.	-	-1122
ZM4	1412303	1412304	ZMO1787_peak_1079a	5.52081	ZM4	1413024	1413025	TSS_3173	.	-	721
ZM4	1412395	1412396	ZMO1787_peak_1079b	1.39065	ZM4	1413024	1413025	TSS_3173	.	-	629
ZM4	1415117	1415118	ZMO1787_peak_1080a	107.907	ZM4	1413761	1413762	TSS_3179	.	-	-1356
ZM4	1415285	1415286	ZMO1787_peak_1080b	79.2042	ZM4	1413761	1413762	TSS_3179	.	-	-1524
ZM4	1415496	1415497	ZMO1787_peak_1080c	23.2326	ZM4	1416987	1416988	TSS_3180	.	-	1491
ZM4	1417099	1417100	ZMO1787_peak_1081	367.473	ZM4	1417129	1417130	TSS_3181	.	-	30
ZM4	1417649	1417650	ZMO1787_peak_1082	22.4689	ZM4	1417479	1417480	TSS_3182	.	-	-170
ZM4	1419526	1419527	ZMO1787_peak_1083	275.44	ZM4	1419108	1419109	TSS_3186	.	-	-418
ZM4	1421932	1421933	ZMO1787_peak_1084	337.57	ZM4	1422132	1422133	TSS_3193	.	-	200
ZM4	1422364	1422365	ZMO1787_peak_1085	308.319	ZM4	1422354	1422355	TSS_3194	.	-	-10
ZM4	1423982	1423983	ZMO1787_peak_1086	68.5592	ZM4	1424822	1424823	TSS_3196	.	-	840
ZM4	1431365	1431366	ZMO1787_peak_1087a	29.3132	ZM4	1432209	1432210	TSS_3232	.	-	844
ZM4	1431538	1431539	ZMO1787_peak_1087b	31.8149	ZM4	1432209	1432210	TSS_3232	.	-	671
ZM4	1431710	1431711	ZMO1787_peak_1087c	12.2557	ZM4	1432209	1432210	TSS_3232	.	-	499
ZM4	1432825	1432826	ZMO1787_peak_1088	208.939	ZM4	1432209	1432210	TSS_3232	.	-	-616
ZM4	1435947	1435948	ZMO1787_peak_1089a	151.843	ZM4	1437690	1437691	TSS_3234	.	-	1743
ZM4	1436173	1436174	ZMO1787_peak_1089b	178.939	ZM4	1437690	1437691	TSS_3234	.	-	1517
ZM4	1437151	1437152	ZMO1787_peak_1090	135.263	ZM4	1437690	1437691	TSS_3234	.	-	539
ZM4	1439131	1439132	ZMO1787_peak_1091	938.731	ZM4	1437737	1437738	TSS_3235	.	-	-1394
ZM4	1439799	1439800	ZMO1787_peak_1092	65.1834	ZM4	1440794	1440795	TSS_3236	.	+	-995
ZM4	1440731	1440732	ZMO1787_peak_1093a	36.1902	ZM4	1440794	1440795	TSS_3236	.	+	-63
ZM4	1440930	1440931	ZMO1787_peak_1093b	271.949	ZM4	1440794	1440795	TSS_3236	.	+	136
ZM4	1441184	1441185	ZMO1787_peak_1093c	172.802	ZM4	1440794	1440795	TSS_3236	.	+	390
ZM4	1441353	1441354	ZMO1787_peak_1093d	146.734	ZM4	1440794	1440795	TSS_3236	.	+	559
ZM4	1444579	1444580	ZMO1787_peak_1094	69.6974	ZM4	1444544	1444545	TSS_3242	.	+	35
ZM4	1444978	1444979	ZMO1787_peak_1095	58.0724	ZM4	1444544	1444545	TSS_3242	.	+	434
ZM4	1448121	1448122	ZMO1787_peak_1096	5.30608	ZM4	1448803	1448804	TSS_3247	.	-	682
ZM4	1450049	1450050	ZMO1787_peak_1097	208.939	ZM4	1449527	1449528	TSS_3248	.	-	-522
ZM4	1451262	1451263	ZMO1787_peak_1098	39.8392	ZM4	1451208	1451209	TSS_3251	.	-	-54
ZM4	1453171	1453172	ZMO1787_peak_1099	96.8946	ZM4	1453174	1453175	TSS_3252	.	-	3
ZM4	1454644	1454645	ZMO1787_peak_1100	187.481	ZM4	1453252	1453253	TSS_3253	.	-	-1392
ZM4	1455371	1455372	ZMO1787_peak_1101	17.4048	ZM4	1456147	1456148	TSS_3254	.	-	776
ZM4	1456251	1456252	ZMO1787_peak_1102a	115.233	ZM4	1456331	1456332	TSS_3256	.	-	80
ZM4	1456547	1456548	ZMO1787_peak_1102b	305.283	ZM4	1456331	1456332	TSS_3256	.	-	-216
ZM4	1457080	1457081	ZMO1787_peak_1103	164.29	ZM4	1456331	1456332	TSS_3256	.	-	-749
ZM4	1457669	1457670	ZMO1787_peak_1104a	82.0199	ZM4	1458639	1458640	TSS_3257	.	-	970
ZM4	1457752	1457753	ZMO1787_peak_1104b	59.6884	ZM4	1458639	1458640	TSS_3257	.	-	887
ZM4	1461271	1461272	ZMO1787_peak_1105	90.3036	ZM4	1462045	1462046	TSS_3264	.	-	774
ZM4	1463225	1463226	ZMO1787_peak_1106	10.843	ZM4	1462045	1462046	TSS_3264	.	-	-1180
ZM4	1465397	1465398	ZMO1787_peak_1107	113.89	ZM4	1466925	1466926	TSS_3269	.	-	1528
ZM4	1466391	1466392	ZMO1787_peak_1108	1374.23	ZM4	1466925	1466926	TSS_3269	.	-	534
ZM4	1469968	1469969	ZMO1787_peak_1109	4.88736	ZM4	1468913	1468914	TSS_3272	.	-	-1055
ZM4	1470608	1470609	ZMO1787_peak_1110	65.987	ZM4	1468913	1468914	TSS_3272	.	-	-1695
ZM4	1471936	1471937	ZMO1787_peak_1111	54.9157	ZM4	1473707	1473708	TSS_3273	.	-	1771
ZM4	1473211	1473212	ZMO1787_peak_1112	51.941	ZM4	1473707	1473708	TSS_3273	.	-	496
ZM4	1473872	1473873	ZMO1787_peak_1113	58.8556	ZM4	1473707	1473708	TSS_3273	.	-	-165
ZM4	1474361	1474362	ZMO1787_peak_1114	92.9478	ZM4	1473707	1473708	TSS_3273	.	-	-654
ZM4	1476429	1476430	ZMO1787_peak_1115	204.91	ZM4	1476000	1476001	TSS_3276	.	+	429
ZM4	1477648	1477649	ZMO1787_peak_1116	104.128	ZM4	1476000	1476001	TSS_3276	.	+	1648
ZM4	1478204	1478205	ZMO1787_peak_1117a	58.4728	ZM4	1476000	1476001	TSS_3276	.	+	2204
ZM4	1478391	1478392	ZMO1787_peak_1117b	68.5428	ZM4	1476000	1476001	TSS_3276	.	+	2391
ZM4	1479956	1479957	ZMO1787_peak_1118	119.19	ZM4	1480998	1480999	TSS_3279	.	-	1042
ZM4	1480181	1480182	ZMO1787_peak_1119	7.84349	ZM4	1480998	1480999	TSS_3279	.	-	817
ZM4	1482149	1482150	ZMO1787_peak_1120a	3.03946	ZM4	1480998	1480999	TSS_3279	.	-	-1151
ZM4	1482270	1482271	ZMO1787_peak_1120b	96.6223	ZM4	1480998	1480999	TSS_3279	.	-	-1272
ZM4	1483752	1483753	ZMO1787_peak_1121	383.46	ZM4	1486364	1486365	TSS_3284	.	-	2612
ZM4	1484223	1484224	ZMO1787_peak_1122	35.5354	ZM4	1486364	1486365	TSS_3284	.	-	2141
ZM4	1485594	1485595	ZMO1787_peak_1123a	27.0447	ZM4	1486364	1486365	TSS_3284	.	-	770
ZM4	1485783	1485784	ZMO1787_peak_1123b	123.762	ZM4	1486364	1486365	TSS_3284	.	-	581
ZM4	1486026	1486027	ZMO1787_peak_1123c	299.942	ZM4	1486364	1486365	TSS_3284	.	-	338
ZM4	1486515	1486516	ZMO1787_peak_1124	30.9648	ZM4	1486365	1486366	TSS_3285	.	-	-150
ZM4	1488224	1488225	ZMO1787_peak_1125	540.466	ZM4	1489121	1489122	TSS_3290	.	+	-897
ZM4	1488789	1488790	ZMO1787_peak_1126	28.6159	ZM4	1489121	1489122	TSS_3290	.	+	-332
ZM4	1489016	1489017	ZMO1787_peak_1127a	14.2101	ZM4	1489121	1489122	TSS_3290	.	+	-105
ZM4	1489147	1489148	ZMO1787_peak_1127b	45.8095	ZM4	1489121	1489122	TSS_3290	.	+	26
ZM4	1489753	1489754	ZMO1787_peak_1128	120.053	ZM4	1489121	1489122	TSS_3290	.	+	632
ZM4	1490516	1490517	ZMO1787_peak_1129	75.3894	ZM4	1489121	1489122	TSS_3290	.	+	1395
ZM4	1493850	1493851	ZMO1787_peak_1130	67.8555	ZM4	1493807	1493808	TSS_3295	.	-	-43
ZM4	1494664	1494665	ZMO1787_peak_1131	237.266	ZM4	1494144	1494145	TSS_3296	.	-	-520
ZM4	1496088	1496089	ZMO1787_peak_1132	191.365	ZM4	1495948	1495949	TSS_3299	.	-	-140
ZM4	1498219	1498220	ZMO1787_peak_1133	31.1014	ZM4	1500148	1500149	TSS_3302	.	+	-1929
ZM4	1498878	1498879	ZMO1787_peak_1134a	4.30033	ZM4	1500148	1500149	TSS_3302	.	+	-1270
ZM4	1499041	1499042	ZMO1787_peak_1134b	136.262	ZM4	1500148	1500149	TSS_3302	.	+	-1107
ZM4	1503174	1503175	ZMO1787_peak_1135	262.413	ZM4	1502326	1502327	TSS_3314	.	-	-848
ZM4	1504931	1504932	ZMO1787_peak_1136	9.92432	ZM4	1504663	1504664	TSS_3318	.	-	-268
ZM4	1507110	1507111	ZMO1787_peak_1137	111.884	ZM4	1505529	1505530	TSS_3319	.	-	-1581
ZM4	1511606	1511607	ZMO1787_peak_1138	90.5978	ZM4	1512700	1512701	TSS_3323	.	+	-1094
ZM4	1512942	1512943	ZMO1787_peak_1139	220.009	ZM4	1512700	1512701	TSS_3323	.	+	242
ZM4	1513539	1513540	ZMO1787_peak_1140	24.3506	ZM4	1512700	1512701	TSS_3323	.	+	839
ZM4	1515557	1515558	ZMO1787_peak_1141	245.366	ZM4	1515197	1515198	TSS_3332	.	-	-360
ZM4	1516332	1516333	ZMO1787_peak_1142	290.262	ZM4	1516288	1516289	TSS_3336	.	-	-44
ZM4	1517889	1517890	ZMO1787_peak_1143	454.528	ZM4	1517997	1517998	TSS_3369	.	+	-108
ZM4	1518608	1518609	ZMO1787_peak_1144	49.7296	ZM4	1518240	1518241	TSS_3374	.	+	368
ZM4	1519319	1519320	ZMO1787_peak_1145	228.554	ZM4	1518240	1518241	TSS_3374	.	+	1079
ZM4	1519636	1519637	ZMO1787_peak_1146	106.751	ZM4	1518240	1518241	TSS_3374	.	+	1396
ZM4	1520234	1520235	ZMO1787_peak_1147	44.1391	ZM4	1522124	1522125	TSS_3380	.	-	1890
ZM4	1521076	1521077	ZMO1787_peak_1148	45.34	ZM4	1522124	1522125	TSS_3380	.	-	1048
ZM4	1523439	1523440	ZMO1787_peak_1149	137.613	ZM4	1522632	1522633	TSS_3383	.	+	807
ZM4	1525103	1525104	ZMO1787_peak_1150	402.066	ZM4	1527045	1527046	TSS_3390	.	-	1942
ZM4	1526125	1526126	ZMO1787_peak_1151	99.1383	ZM4	1527045	1527046	TSS_3390	.	-	920
ZM4	1528473	1528474	ZMO1787_peak_1152	82.0199	ZM4	1527693	1527694	TSS_3394	.	-	-780
ZM4	1529732	1529733	ZMO1787_peak_1153	67.1287	ZM4	1531066	1531067	TSS_3395	.	-	1334
ZM4	1530140	1530141	ZMO1787_peak_1154	110.544	ZM4	1531066	1531067	TSS_3395	.	-	926
ZM4	1530616	1530617	ZMO1787_peak_1155	200.911	ZM4	1531066	1531067	TSS_3395	.	-	450
ZM4	1531020	1531021	ZMO1787_peak_1156	159.978	ZM4	1531066	1531067	TSS_3395	.	-	46
ZM4	1533421	1533422	ZMO1787_peak_1157a	19.5138	ZM4	1533779	1533780	TSS_3405	.	+	-358
ZM4	1533473	1533474	ZMO1787_peak_1157b	22.8496	ZM4	1533779	1533780	TSS_3405	.	+	-306
ZM4	1535047	1535048	ZMO1787_peak_1158	356.335	ZM4	1536286	1536287	TSS_3408	.	+	-1239
ZM4	1537013	1537014	ZMO1787_peak_1159	65.7421	ZM4	1536286	1536287	TSS_3408	.	+	727
ZM4	1537970	1537971	ZMO1787_peak_1160	535.337	ZM4	1536286	1536287	TSS_3408	.	+	1684
ZM4	1538796	1538797	ZMO1787_peak_1161a	7.33809	ZM4	1536286	1536287	TSS_3408	.	+	2510
ZM4	1538949	1538950	ZMO1787_peak_1161b	47.0153	ZM4	1536286	1536287	TSS_3408	.	+	2663
ZM4	1540158	1540159	ZMO1787_peak_1162	77.2466	ZM4	1543125	1543126	TSS_3414	.	-	2967
ZM4	1542156	1542157	ZMO1787_peak_1163	233.566	ZM4	1543125	1543126	TSS_3414	.	-	969
ZM4	1542995	1542996	ZMO1787_peak_1164	73.1495	ZM4	1543125	1543126	TSS_3414	.	-	130
ZM4	1544287	1544288	ZMO1787_peak_1165a	59.148	ZM4	1544006	1544007	TSS_3429	.	-	-281
ZM4	1544408	1544409	ZMO1787_peak_1165b	43.7591	ZM4	1544006	1544007	TSS_3429	.	-	-402
ZM4	1545973	1545974	ZMO1787_peak_1166	3.29287	ZM4	1545795	1545796	TSS_3434	.	-	-178
ZM4	1547390	1547391	ZMO1787_peak_1167a	337.839	ZM4	1547344	1547345	TSS_3443	.	+	46
ZM4	1547610	1547611	ZMO1787_peak_1167b	556.026	ZM4	1547344	1547345	TSS_3443	.	+	266
ZM4	1548031	1548032	ZMO1787_peak_1168	154.819	ZM4	1547344	1547345	TSS_3443	.	+	687
ZM4	1548367	1548368	ZMO1787_peak_1169	159.057	ZM4	1547344	1547345	TSS_3443	.	+	1023
ZM4	1548698	1548699	ZMO1787_peak_1170	528.228	ZM4	1547344	1547345	TSS_3443	.	+	1354
ZM4	1549280	1549281	ZMO1787_peak_1171a	40.7824	ZM4	1550719	1550720	TSS_3456	.	+	-1439
ZM4	1549557	1549558	ZMO1787_peak_1171b	950.517	ZM4	1550719	1550720	TSS_3456	.	+	-1162
ZM4	1551443	1551444	ZMO1787_peak_1172	16.0513	ZM4	1550719	1550720	TSS_3456	.	+	724
ZM4	1553472	1553473	ZMO1787_peak_1173a	386.618	ZM4	1550719	1550720	TSS_3456	.	+	2753
ZM4	1553659	1553660	ZMO1787_peak_1173b	112.416	ZM4	1550719	1550720	TSS_3456	.	+	2940
ZM4	1553822	1553823	ZMO1787_peak_1173c	103.326	ZM4	1550719	1550720	TSS_3456	.	+	3103
ZM4	1554155	1554156	ZMO1787_peak_1174	79.0255	ZM4	1550719	1550720	TSS_3456	.	+	3436
ZM4	1554492	1554493	ZMO1787_peak_1175a	6.08413	ZM4	1550719	1550720	TSS_3456	.	+	3773
ZM4	1554650	1554651	ZMO1787_peak_1175b	12.0213	ZM4	1550719	1550720	TSS_3456	.	+	3931
ZM4	1555060	1555061	ZMO1787_peak_1176	669.16	ZM4	1550719	1550720	TSS_3456	.	+	4341
ZM4	1556826	1556827	ZMO1787_peak_1177	122.55	ZM4	1562901	1562902	TSS_3466	.	-	6075
ZM4	1557307	1557308	ZMO1787_peak_1178a	30.0085	ZM4	1562901	1562902	TSS_3466	.	-	5594
ZM4	1557516	1557517	ZMO1787_peak_1178b	37.6143	ZM4	1562901	1562902	TSS_3466	.	-	5385
ZM4	1559544	1559545	ZMO1787_peak_1179a	311.03	ZM4	1562901	1562902	TSS_3466	.	-	3357
ZM4	1559775	1559776	ZMO1787_peak_1179b	177.399	ZM4	1562901	1562902	TSS_3466	.	-	3126
ZM4	1564120	1564121	ZMO1787_peak_1180	99.0693	ZM4	1564427	1564428	TSS_3477	.	+	-307
ZM4	1564556	1564557	ZMO1787_peak_1181a	15.3611	ZM4	1564427	1564428	TSS_3477	.	+	129
ZM4	1564659	1564660	ZMO1787_peak_1181b	17.3796	ZM4	1564427	1564428	TSS_3477	.	+	232
ZM4	1565138	1565139	ZMO1787_peak_1182	96.7226	ZM4	1565786	1565787	TSS_3480	.	+	-648
ZM4	1565898	1565899	ZMO1787_peak_1183	697.094	ZM4	1565803	1565804	TSS_3481	.	+	95
ZM4	1571826	1571827	ZMO1787_peak_1184	195.749	ZM4	1573897	1573898	TSS_3495	.	+	-2071
ZM4	1573590	1573591	ZMO1787_peak_1185	223.884	ZM4	1573897	1573898	TSS_3495	.	+	-307
ZM4	1574314	1574315	ZMO1787_peak_1186	219.513	ZM4	1573911	1573912	TSS_3497	.	+	403
ZM4	1574708	1574709	ZMO1787_peak_1187	481.648	ZM4	1573911	1573912	TSS_3497	.	+	797
ZM4	1575132	1575133	ZMO1787_peak_1188a	70.8418	ZM4	1576170	1576171	TSS_3499	.	+	-1038
ZM4	1575337	1575338	ZMO1787_peak_1188b	32.6152	ZM4	1576170	1576171	TSS_3499	.	+	-833
ZM4	1576148	1576149	ZMO1787_peak_1189	204.913	ZM4	1576170	1576171	TSS_3499	.	+	-22
ZM4	1576669	1576670	ZMO1787_peak_1190	62.415	ZM4	1576314	1576315	TSS_3501	.	+	355
ZM4	1577215	1577216	ZMO1787_peak_1191	381.824	ZM4	1576314	1576315	TSS_3501	.	+	901
ZM4	1577710	1577711	ZMO1787_peak_1192a	798.083	ZM4	1576314	1576315	TSS_3501	.	+	1396
ZM4	1577989	1577990	ZMO1787_peak_1192b	136.824	ZM4	1576314	1576315	TSS_3501	.	+	1675
ZM4	1579196	1579197	ZMO1787_peak_1193a	109.228	ZM4	1579865	1579866	TSS_3503	.	-	669
ZM4	1579379	1579380	ZMO1787_peak_1193b	245.327	ZM4	1579865	1579866	TSS_3503	.	-	486
ZM4	1582150	1582151	ZMO1787_peak_1194	17.4048	ZM4	1583161	1583162	TSS_3516	.	+	-1011
ZM4	1584182	1584183	ZMO1787_peak_1195	197.814	ZM4	1584147	1584148	TSS_3519	.	+	35
ZM4	1586219	1586220	ZMO1787_peak_1196	868.193	ZM4	1585996	1585997	TSS_3520	.	+	223
ZM4	1590989	1590990	ZMO1787_peak_1197	24.3961	ZM4	1590726	1590727	TSS_3525	.	+	263
ZM4	1591802	1591803	ZMO1787_peak_1198	263.276	ZM4	1590726	1590727	TSS_3525	.	+	1076
ZM4	1593926	1593927	ZMO1787_peak_1199	50.7386	ZM4	1593641	1593642	TSS_3527	.	+	285
ZM4	1595223	1595224	ZMO1787_peak_1200	585.098	ZM4	1594539	1594540	TSS_3531	.	+	684
ZM4	1598236	1598237	ZMO1787_peak_1201	57.5372	ZM4	1597152	1597153	TSS_3540	.	+	1084
ZM4	1600666	1600667	ZMO1787_peak_1202	462.406	ZM4	1597152	1597153	TSS_3540	.	+	3514
ZM4	1601265	1601266	ZMO1787_peak_1203	60.7687	ZM4	1604521	1604522	TSS_3543	.	-	3256
ZM4	1605569	1605570	ZMO1787_peak_1204	22.4689	ZM4	1605088	1605089	TSS_3545	.	+	481
ZM4	1606704	1606705	ZMO1787_peak_1205	139.255	ZM4	1607609	1607610	TSS_3547	.	+	-905
ZM4	1607355	1607356	ZMO1787_peak_1206	60.9665	ZM4	1607609	1607610	TSS_3547	.	+	-254
ZM4	1610624	1610625	ZMO1787_peak_1207	125.309	ZM4	1609991	1609992	TSS_3550	.	+	633
ZM4	1613213	1613214	ZMO1787_peak_1208	172.246	ZM4	1609991	1609992	TSS_3550	.	+	3222
ZM4	1614500	1614501	ZMO1787_peak_1209	37.1264	ZM4	1609991	1609992	TSS_3550	.	+	4509
ZM4	1614759	1614760	ZMO1787_peak_1210a	3.18162	ZM4	1609991	1609992	TSS_3550	.	+	4768
ZM4	1614894	1614895	ZMO1787_peak_1210b	122.776	ZM4	1609991	1609992	TSS_3550	.	+	4903
ZM4	1615159	1615160	ZMO1787_peak_1210c	20.8115	ZM4	1609991	1609992	TSS_3550	.	+	5168
ZM4	1616101	1616102	ZMO1787_peak_1211a	71.3295	ZM4	1620985	1620986	TSS_3553	.	+	-4884
ZM4	1616233	1616234	ZMO1787_peak_1211b	62.2657	ZM4	1620985	1620986	TSS_3553	.	+	-4752
ZM4	1616403	1616404	ZMO1787_peak_1211c	675.632	ZM4	1620985	1620986	TSS_3553	.	+	-4582
ZM4	1618129	1618130	ZMO1787_peak_1212	98.958	ZM4	1620985	1620986	TSS_3553	.	+	-2856
ZM4	1618545	1618546	ZMO1787_peak_1213	3.39765	ZM4	1620985	1620986	TSS_3553	.	+	-2440
ZM4	1619031	1619032	ZMO1787_peak_1214	380.3	ZM4	1620985	1620986	TSS_3553	.	+	-1954
ZM4	1619358	1619359	ZMO1787_peak_1215	123.837	ZM4	1620985	1620986	TSS_3553	.	+	-1627
ZM4	1620190	1620191	ZMO1787_peak_1216	222.859	ZM4	1620985	1620986	TSS_3553	.	+	-795
ZM4	1620909	1620910	ZMO1787_peak_1217	39.0852	ZM4	1620985	1620986	TSS_3553	.	+	-76
ZM4	1623458	1623459	ZMO1787_peak_1218	129.475	ZM4	1624685	1624686	TSS_3558	.	-	1227
ZM4	1623843	1623844	ZMO1787_peak_1219	94.8556	ZM4	1624685	1624686	TSS_3558	.	-	842
ZM4	1627071	1627072	ZMO1787_peak_1220	303.398	ZM4	1627080	1627081	TSS_3564	.	+	-9
ZM4	1627569	1627570	ZMO1787_peak_1221	108.567	ZM4	1627080	1627081	TSS_3564	.	+	489
ZM4	1628161	1628162	ZMO1787_peak_1222	27.6022	ZM4	1627080	1627081	TSS_3564	.	+	1081
ZM4	1628694	1628695	ZMO1787_peak_1223	1124.2	ZM4	1627080	1627081	TSS_3564	.	+	1614
ZM4	1629600	1629601	ZMO1787_peak_1224	81.1018	ZM4	1627080	1627081	TSS_3564	.	+	2520
ZM4	1630530	1630531	ZMO1787_peak_1225	204.549	ZM4	1633836	1633837	TSS_3567	.	-	3306
ZM4	1632053	1632054	ZMO1787_peak_1226	262.304	ZM4	1633836	1633837	TSS_3567	.	-	1783
ZM4	1634167	1634168	ZMO1787_peak_1227	20.837	ZM4	1633836	1633837	TSS_3567	.	-	-331
ZM4	1634565	1634566	ZMO1787_peak_1228	60.9568	ZM4	1633836	1633837	TSS_3567	.	-	-729
ZM4	1635295	1635296	ZMO1787_peak_1229	739.63	ZM4	1635892	1635893	TSS_3570	.	-	597
ZM4	1635912	1635913	ZMO1787_peak_1230	41.0032	ZM4	1635892	1635893	TSS_3570	.	-	-20
ZM4	1637184	1637185	ZMO1787_peak_1231	85.051	ZM4	1636867	1636868	TSS_3580	.	+	317
ZM4	1637532	1637533	ZMO1787_peak_1232	23.6181	ZM4	1636867	1636868	TSS_3580	.	+	665
ZM4	1637845	1637846	ZMO1787_peak_1233	371.335	ZM4	1638361	1638362	TSS_3584	.	+	-516
ZM4	1640160	1640161	ZMO1787_peak_1234a	22.8496	ZM4	1638523	1638524	TSS_3587	.	+	1637
ZM4	1640356	1640357	ZMO1787_peak_1234b	34.0031	ZM4	1638523	1638524	TSS_3587	.	+	1833
ZM4	1641724	1641725	ZMO1787_peak_1235	14.2919	ZM4	1643341	1643342	TSS_3588	.	+	-1617
ZM4	1644619	1644620	ZMO1787_peak_1236	198.521	ZM4	1645047	1645048	TSS_3592	.	+	-428
ZM4	1645559	1645560	ZMO1787_peak_1237a	303.11	ZM4	1645062	1645063	TSS_3594	.	+	497
ZM4	1645757	1645758	ZMO1787_peak_1237b	53.838	ZM4	1646256	1646257	TSS_3595	.	+	-499
ZM4	1645929	1645930	ZMO1787_peak_1237c	637.808	ZM4	1646256	1646257	TSS_3595	.	+	-327
ZM4	1646943	1646944	ZMO1787_peak_1238	99.4367	ZM4	1646817	1646818	TSS_3597	.	+	126
ZM4	1650043	1650044	ZMO1787_peak_1239	121.341	ZM4	1651265	1651266	TSS_3600	.	-	1222
ZM4	1650522	1650523	ZMO1787_peak_1240	77.2466	ZM4	1651265	1651266	TSS_3600	.	-	743
ZM4	1652493	1652494	ZMO1787_peak_1241	107.907	ZM4	1652499	1652500	TSS_3603	.	-	6
ZM4	1654472	1654473	ZMO1787_peak_1242	45.4228	ZM4	1654318	1654319	TSS_3629	.	+	154
ZM4	1655709	1655710	ZMO1787_peak_1243	162.968	ZM4	1655015	1655016	TSS_3630	.	+	694
ZM4	1656005	1656006	ZMO1787_peak_1244a	60.774	ZM4	1655015	1655016	TSS_3630	.	+	990
ZM4	1656077	1656078	ZMO1787_peak_1244b	35.7919	ZM4	1655015	1655016	TSS_3630	.	+	1062
ZM4	1657304	1657305	ZMO1787_peak_1245	9.9565	ZM4	1657278	1657279	TSS_3633	.	-	-26
ZM4	1658400	1658401	ZMO1787_peak_1246	144.562	ZM4	1657724	1657725	TSS_3640	.	-	-676
ZM4	1663276	1663277	ZMO1787_peak_1247	190.525	ZM4	1663334	1663335	TSS_3649	.	+	-58
ZM4	1664123	1664124	ZMO1787_peak_1248a	378.001	ZM4	1663342	1663343	TSS_3650	.	+	781
ZM4	1664333	1664334	ZMO1787_peak_1248b	259.829	ZM4	1665150	1665151	TSS_3653	.	+	-817
ZM4	1668586	1668587	ZMO1787_peak_1249a	290.419	ZM4	1669286	1669287	TSS_3662	.	+	-700
ZM4	1668793	1668794	ZMO1787_peak_1249b	950.313	ZM4	1669286	1669287	TSS_3662	.	+	-493
ZM4	1670520	1670521	ZMO1787_peak_1250	73.1495	ZM4	1671640	1671641	TSS_3666	.	+	-1120
ZM4	1671133	1671134	ZMO1787_peak_1251	317.278	ZM4	1671640	1671641	TSS_3666	.	+	-507
ZM4	1675628	1675629	ZMO1787_peak_1252	213.031	ZM4	1676953	1676954	TSS_3667	.	-	1325
ZM4	1675945	1675946	ZMO1787_peak_1253	58.6823	ZM4	1676953	1676954	TSS_3667	.	-	1008
ZM4	1676364	1676365	ZMO1787_peak_1254a	499.514	ZM4	1676953	1676954	TSS_3667	.	-	589
ZM4	1676623	1676624	ZMO1787_peak_1254b	568.543	ZM4	1676953	1676954	TSS_3667	.	-	330
ZM4	1677438	1677439	ZMO1787_peak_1255	65.5758	ZM4	1676955	1676956	TSS_3668	.	-	-483
ZM4	1678594	1678595	ZMO1787_peak_1256	347.159	ZM4	1679641	1679642	TSS_3670	.	-	1047
ZM4	1680150	1680151	ZMO1787_peak_1257	200.115	ZM4	1679692	1679693	TSS_3672	.	-	-458
ZM4	1681126	1681127	ZMO1787_peak_1258	310.293	ZM4	1681798	1681799	TSS_3673	.	-	672
ZM4	1681727	1681728	ZMO1787_peak_1259	32.8835	ZM4	1681798	1681799	TSS_3673	.	-	71
ZM4	1686133	1686134	ZMO1787_peak_1260	20.2375	ZM4	1685537	1685538	TSS_3691	.	+	596
ZM4	1686360	1686361	ZMO1787_peak_1261	17.0624	ZM4	1685537	1685538	TSS_3691	.	+	823
ZM4	1686723	1686724	ZMO1787_peak_1262	271.078	ZM4	1687472	1687473	TSS_3694	.	-	749
ZM4	1687617	1687618	ZMO1787_peak_1263	508.309	ZM4	1687584	1687585	TSS_3697	.	-	-33
ZM4	1687981	1687982	ZMO1787_peak_1264	112.551	ZM4	1687584	1687585	TSS_3697	.	-	-397
ZM4	1689952	1689953	ZMO1787_peak_1265	96.8946	ZM4	1690931	1690932	TSS_3698	.	-	979
ZM4	1691745	1691746	ZMO1787_peak_1266	328.351	ZM4	1691109	1691110	TSS_3700	.	+	636
ZM4	1693164	1693165	ZMO1787_peak_1267	47.2974	ZM4	1694878	1694879	TSS_3703	.	-	1714
ZM4	1694115	1694116	ZMO1787_peak_1268	405.261	ZM4	1694878	1694879	TSS_3703	.	-	763
ZM4	1696877	1696878	ZMO1787_peak_1269a	5.92339	ZM4	1696589	1696590	TSS_3708	.	+	288
ZM4	1696979	1696980	ZMO1787_peak_1269b	12.4725	ZM4	1697254	1697255	TSS_3712	.	+	-275
ZM4	1697981	1697982	ZMO1787_peak_1270	28.3492	ZM4	1697872	1697873	TSS_3716	.	+	109
ZM4	1698289	1698290	ZMO1787_peak_1271	138.42	ZM4	1697872	1697873	TSS_3716	.	+	417
ZM4	1700470	1700471	ZMO1787_peak_1272a	85.0957	ZM4	1703017	1703018	TSS_3719	.	-	2547
ZM4	1700671	1700672	ZMO1787_peak_1272b	52.1077	ZM4	1703017	1703018	TSS_3719	.	-	2346
ZM4	1702895	1702896	ZMO1787_peak_1273	18.8004	ZM4	1703017	1703018	TSS_3719	.	-	122
ZM4	1703839	1703840	ZMO1787_peak_1274a	48.2043	ZM4	1703841	1703842	TSS_3731	.	-	2
ZM4	1703999	1704000	ZMO1787_peak_1274b	19.5972	ZM4	1703841	1703842	TSS_3731	.	-	-158
ZM4	1706361	1706362	ZMO1787_peak_1275	631.937	ZM4	1706514	1706515	TSS_3737	.	+	-153
ZM4	1707550	1707551	ZMO1787_peak_1276	450.359	ZM4	1707554	1707555	TSS_3739	.	+	-4
ZM4	1709457	1709458	ZMO1787_peak_1277	122.025	ZM4	1708737	1708738	TSS_3741	.	+	720
ZM4	1711969	1711970	ZMO1787_peak_1278	49.2126	ZM4	1712555	1712556	TSS_3745	.	+	-586
ZM4	1713673	1713674	ZMO1787_peak_1279	587.24	ZM4	1713167	1713168	TSS_3746	.	+	506
ZM4	1714295	1714296	ZMO1787_peak_1280	51.1621	ZM4	1715213	1715214	TSS_3747	.	+	-918
ZM4	1716355	1716356	ZMO1787_peak_1281	519.125	ZM4	1716807	1716808	TSS_3748	.	+	-452
ZM4	1720611	1720612	ZMO1787_peak_1282	42.0935	ZM4	1720787	1720788	TSS_3758	.	-	176
ZM4	1721001	1721002	ZMO1787_peak_1283	142.742	ZM4	1720819	1720820	TSS_3759	.	-	-182
ZM4	1721494	1721495	ZMO1787_peak_1284	115.9	ZM4	1721797	1721798	TSS_3760	.	-	303
ZM4	1723136	1723137	ZMO1787_peak_1285	59.148	ZM4	1722499	1722500	TSS_3762	.	+	637
ZM4	1726145	1726146	ZMO1787_peak_1286	379.812	ZM4	1725645	1725646	TSS_3765	.	-	-500
ZM4	1726840	1726841	ZMO1787_peak_1287	299.256	ZM4	1726705	1726706	TSS_3767	.	+	135
ZM4	1727465	1727466	ZMO1787_peak_1288	271.078	ZM4	1726705	1726706	TSS_3767	.	+	760
ZM4	1729128	1729129	ZMO1787_peak_1289	17.1292	ZM4	1729998	1729999	TSS_3768	.	+	-870
ZM4	1729661	1729662	ZMO1787_peak_1290	111.884	ZM4	1729998	1729999	TSS_3768	.	+	-337
ZM4	1730782	1730783	ZMO1787_peak_1291	69.2325	ZM4	1730155	1730156	TSS_3769	.	+	627
ZM4	1731010	1731011	ZMO1787_peak_1292	27.6286	ZM4	1731666	1731667	TSS_3771	.	+	-656
ZM4	1731856	1731857	ZMO1787_peak_1293a	293.347	ZM4	1731666	1731667	TSS_3771	.	+	190
ZM4	1732032	1732033	ZMO1787_peak_1293b	140.963	ZM4	1731666	1731667	TSS_3771	.	+	366
ZM4	1733446	1733447	ZMO1787_peak_1294	49.7194	ZM4	1734703	1734704	TSS_3772	.	+	-1257
ZM4	1734159	1734160	ZMO1787_peak_1295	12.6957	ZM4	1734703	1734704	TSS_3772	.	+	-544
ZM4	1736701	1736702	ZMO1787_peak_1296	9.68272	ZM4	1738113	1738114	TSS_3774	.	-	1412
ZM4	1737980	1737981	ZMO1787_peak_1297	32.1976	ZM4	1738113	1738114	TSS_3774	.	-	133
ZM4	1739549	1739550	ZMO1787_peak_1298	80.5087	ZM4	1739858	1739859	TSS_3778	.	+	-309
ZM4	1740047	1740048	ZMO1787_peak_1299	55.7728	ZM4	1739910	1739911	TSS_3780	.	+	137
ZM4	1741727	1741728	ZMO1787_peak_1300a	302.699	ZM4	1742054	1742055	TSS_3782	.	+	-327
ZM4	1742035	1742036	ZMO1787_peak_1300b	1385.61	ZM4	1742054	1742055	TSS_3782	.	+	-19
ZM4	1742213	1742214	ZMO1787_peak_1300c	10.7088	ZM4	1742186	1742187	TSS_3784	.	+	27
ZM4	1742715	1742716	ZMO1787_peak_1301	192.104	ZM4	1742186	1742187	TSS_3784	.	+	529
ZM4	1745062	1745063	ZMO1787_peak_1302	326.037	ZM4	1746747	1746748	TSS_3787	.	-	1685
ZM4	1745698	1745699	ZMO1787_peak_1303	36.0647	ZM4	1746747	1746748	TSS_3787	.	-	1049
ZM4	1746007	1746008	ZMO1787_peak_1304a	23.652	ZM4	1746747	1746748	TSS_3787	.	-	740
ZM4	1746171	1746172	ZMO1787_peak_1304b	158.466	ZM4	1746747	1746748	TSS_3787	.	-	576
ZM4	1748847	1748848	ZMO1787_peak_1305	8.25208	ZM4	1748683	1748684	TSS_3804	.	+	164
ZM4	1750421	1750422	ZMO1787_peak_1306	83.8857	ZM4	1750531	1750532	TSS_3805	.	-	110
ZM4	1752932	1752933	ZMO1787_peak_1307	481.712	ZM4	1752975	1752976	TSS_3809	.	-	43
ZM4	1753960	1753961	ZMO1787_peak_1308a	2.74658	ZM4	1752975	1752976	TSS_3809	.	-	-985
ZM4	1754174	1754175	ZMO1787_peak_1308b	152.97	ZM4	1752975	1752976	TSS_3809	.	-	-1199
ZM4	1755158	1755159	ZMO1787_peak_1309	741.845	ZM4	1755471	1755472	TSS_3811	.	-	313
ZM4	1755741	1755742	ZMO1787_peak_1310	934.748	ZM4	1755577	1755578	TSS_3816	.	+	164
ZM4	1756792	1756793	ZMO1787_peak_1311	90.3142	ZM4	1757680	1757681	TSS_3818	.	-	888
ZM4	1757362	1757363	ZMO1787_peak_1312a	235.322	ZM4	1757680	1757681	TSS_3818	.	-	318
ZM4	1757574	1757575	ZMO1787_peak_1312b	63.1735	ZM4	1757680	1757681	TSS_3818	.	-	106
ZM4	1758176	1758177	ZMO1787_peak_1313	61.9873	ZM4	1758460	1758461	TSS_3822	.	-	284
ZM4	1758711	1758712	ZMO1787_peak_1314	210.283	ZM4	1758606	1758607	TSS_3826	.	+	105
ZM4	1761516	1761517	ZMO1787_peak_1315	95.3721	ZM4	1761090	1761091	TSS_3831	.	+	426
ZM4	1761848	1761849	ZMO1787_peak_1316	36.0892	ZM4	1761090	1761091	TSS_3831	.	+	758
ZM4	1763210	1763211	ZMO1787_peak_1317	40.1339	ZM4	1763629	1763630	TSS_3832	.	-	419
ZM4	1763977	1763978	ZMO1787_peak_1318	485.489	ZM4	1764091	1764092	TSS_3841	.	-	114
ZM4	1764319	1764320	ZMO1787_peak_1319	207.135	ZM4	1764382	1764383	TSS_3843	.	-	63
ZM4	1766269	1766270	ZMO1787_peak_1320a	2.80267	ZM4	1766053	1766054	TSS_3853	.	-	-216
ZM4	1766483	1766484	ZMO1787_peak_1320b	423.487	ZM4	1766865	1766866	TSS_3857	.	-	382
ZM4	1768478	1768479	ZMO1787_peak_1321	79.2183	ZM4	1768478	1768479	TSS_3869	.	+	0
ZM4	1770143	1770144	ZMO1787_peak_1322	83.6409	ZM4	1770141	1770142	TSS_3877	.	-	-2
ZM4	1770730	1770731	ZMO1787_peak_1323	57.0592	ZM4	1770789	1770790	TSS_3879	.	-	59
ZM4	1772988	1772989	ZMO1787_peak_1324a	51.6671	ZM4	1772877	1772878	TSS_3885	.	-	-111
ZM4	1773191	1773192	ZMO1787_peak_1324b	38.6955	ZM4	1772877	1772878	TSS_3885	.	-	-314
ZM4	1774826	1774827	ZMO1787_peak_1325	37.4552	ZM4	1775004	1775005	TSS_3887	.	-	178
ZM4	1775776	1775777	ZMO1787_peak_1326	144.113	ZM4	1775475	1775476	TSS_3890	.	-	-301
ZM4	1776943	1776944	ZMO1787_peak_1327	80.2871	ZM4	1776972	1776973	TSS_3891	.	-	29
ZM4	1777329	1777330	ZMO1787_peak_1328	42.692	ZM4	1776972	1776973	TSS_3891	.	-	-357
ZM4	1778928	1778929	ZMO1787_peak_1329a	6.70803	ZM4	1778995	1778996	TSS_3895	.	+	-67
ZM4	1779156	1779157	ZMO1787_peak_1329b	55.2875	ZM4	1779145	1779146	TSS_3897	.	-	-11
ZM4	1779713	1779714	ZMO1787_peak_1330	1092.42	ZM4	1779238	1779239	TSS_3900	.	+	475
ZM4	1782684	1782685	ZMO1787_peak_1331	1164.51	ZM4	1783917	1783918	TSS_3909	.	-	1233
ZM4	1783728	1783729	ZMO1787_peak_1332	86.0296	ZM4	1783917	1783918	TSS_3909	.	-	189
ZM4	1784037	1784038	ZMO1787_peak_1333	39.8763	ZM4	1784043	1784044	TSS_3911	.	-	6
ZM4	1785466	1785467	ZMO1787_peak_1334	64.3078	ZM4	1785533	1785534	TSS_3913	.	-	67
ZM4	1786534	1786535	ZMO1787_peak_1335	75.7255	ZM4	1785673	1785674	TSS_3914	.	-	-861
ZM4	1787174	1787175	ZMO1787_peak_1336	31.7778	ZM4	1787439	1787440	TSS_3915	.	-	265
ZM4	1787623	1787624	ZMO1787_peak_1337	122.416	ZM4	1787442	1787443	TSS_3916	.	-	-181
ZM4	1788168	1788169	ZMO1787_peak_1338	73.9106	ZM4	1788597	1788598	TSS_3918	.	-	429
ZM4	1790597	1790598	ZMO1787_peak_1339	69.3925	ZM4	1792394	1792395	TSS_3923	.	-	1797
ZM4	1790931	1790932	ZMO1787_peak_1340	113.815	ZM4	1792394	1792395	TSS_3923	.	-	1463
ZM4	1791432	1791433	ZMO1787_peak_1341	32.457	ZM4	1792394	1792395	TSS_3923	.	-	962
ZM4	1792609	1792610	ZMO1787_peak_1342	142.134	ZM4	1792570	1792571	TSS_3924	.	-	-39
ZM4	1794176	1794177	ZMO1787_peak_1343	602.312	ZM4	1794364	1794365	TSS_3925	.	+	-188
ZM4	1794700	1794701	ZMO1787_peak_1344a	3.43307	ZM4	1794544	1794545	TSS_3928	.	+	156
ZM4	1794855	1794856	ZMO1787_peak_1344b	9.10423	ZM4	1794544	1794545	TSS_3928	.	+	311
ZM4	1796109	1796110	ZMO1787_peak_1345a	48.9426	ZM4	1796927	1796928	TSS_3931	.	+	-818
ZM4	1796277	1796278	ZMO1787_peak_1345b	24.9027	ZM4	1796927	1796928	TSS_3931	.	+	-650
ZM4	1797317	1797318	ZMO1787_peak_1346a	11.1716	ZM4	1797239	1797240	TSS_3955	.	+	78
ZM4	1797460	1797461	ZMO1787_peak_1346b	275.416	ZM4	1797526	1797527	TSS_3956	.	+	-66
ZM4	1798749	1798750	ZMO1787_peak_1347	71.0836	ZM4	1798084	1798085	TSS_3961	.	+	665
ZM4	1800553	1800554	ZMO1787_peak_1348	22.8353	ZM4	1800736	1800737	TSS_3964	.	-	183
ZM4	1800885	1800886	ZMO1787_peak_1349	44.1081	ZM4	1800740	1800741	TSS_3965	.	-	-145
ZM4	1802806	1802807	ZMO1787_peak_1350	422.205	ZM4	1803371	1803372	TSS_3967	.	+	-565
ZM4	1803652	1803653	ZMO1787_peak_1351	32.7449	ZM4	1803492	1803493	TSS_3969	.	+	160
ZM4	1804647	1804648	ZMO1787_peak_1352a	36.7362	ZM4	1805142	1805143	TSS_3972	.	-	495
ZM4	1804766	1804767	ZMO1787_peak_1352b	29.9723	ZM4	1805142	1805143	TSS_3972	.	-	376
ZM4	1806065	1806066	ZMO1787_peak_1353	216.352	ZM4	1805142	1805143	TSS_3972	.	-	-923
ZM4	1807510	1807511	ZMO1787_peak_1354	54.1797	ZM4	1807607	1807608	TSS_3976	.	+	-97
ZM4	1809450	1809451	ZMO1787_peak_1355a	780.457	ZM4	1807861	1807862	TSS_3978	.	-	-1589
ZM4	1809635	1809636	ZMO1787_peak_1355b	592.927	ZM4	1811168	1811169	TSS_3979	.	-	1533
ZM4	1810361	1810362	ZMO1787_peak_1356	272.534	ZM4	1811168	1811169	TSS_3979	.	-	807
ZM4	1811982	1811983	ZMO1787_peak_1357	333.098	ZM4	1812433	1812434	TSS_3981	.	-	451
ZM4	1812343	1812344	ZMO1787_peak_1358	17.9694	ZM4	1812433	1812434	TSS_3981	.	-	90
ZM4	1812604	1812605	ZMO1787_peak_1359a	15.5098	ZM4	1812433	1812434	TSS_3981	.	-	-171
ZM4	1812792	1812793	ZMO1787_peak_1359b	34.9012	ZM4	1812784	1812785	TSS_3982	.	-	-8
ZM4	1817534	1817535	ZMO1787_peak_1360	44.1391	ZM4	1817850	1817851	TSS_3990	.	-	316
ZM4	1819169	1819170	ZMO1787_peak_1361	460.769	ZM4	1819947	1819948	TSS_3993	.	-	778
ZM4	1819518	1819519	ZMO1787_peak_1362	91.007	ZM4	1819947	1819948	TSS_3993	.	-	429
ZM4	1821848	1821849	ZMO1787_peak_1363	48.2577	ZM4	1821000	1821001	TSS_3999	.	+	848
ZM4	1822283	1822284	ZMO1787_peak_1364	537.827	ZM4	1821000	1821001	TSS_3999	.	+	1283
ZM4	1823044	1823045	ZMO1787_peak_1365	12.4896	ZM4	1823956	1823957	TSS_4003	.	+	-912
ZM4	1827386	1827387	ZMO1787_peak_1366	3.8111	ZM4	1827380	1827381	TSS_4024	.	-	-6
ZM4	1827724	1827725	ZMO1787_peak_1367	172.564	ZM4	1827380	1827381	TSS_4024	.	-	-344
ZM4	1829691	1829692	ZMO1787_peak_1368	46.9152	ZM4	1827380	1827381	TSS_4024	.	-	-2311
ZM4	1830224	1830225	ZMO1787_peak_1369	386.093	ZM4	1827380	1827381	TSS_4024	.	-	-2844
ZM4	1832045	1832046	ZMO1787_peak_1370	751.366	ZM4	1834544	1834545	TSS_4033	.	+	-2499
ZM4	1832662	1832663	ZMO1787_peak_1371	415.629	ZM4	1834544	1834545	TSS_4033	.	+	-1882
ZM4	1832996	1832997	ZMO1787_peak_1372	210.685	ZM4	1834544	1834545	TSS_4033	.	+	-1548
ZM4	1835110	1835111	ZMO1787_peak_1373	254.837	ZM4	1834932	1834933	TSS_4037	.	+	178
ZM4	1836199	1836200	ZMO1787_peak_1374	612.717	ZM4	1834932	1834933	TSS_4037	.	+	1267
ZM4	1838394	1838395	ZMO1787_peak_1375a	555.91	ZM4	1840491	1840492	TSS_4059	.	-	2097
ZM4	1838630	1838631	ZMO1787_peak_1375b	56.1514	ZM4	1840491	1840492	TSS_4059	.	-	1861
ZM4	1839502	1839503	ZMO1787_peak_1376	136.047	ZM4	1840491	1840492	TSS_4059	.	-	989
ZM4	1840566	1840567	ZMO1787_peak_1377	768.943	ZM4	1840565	1840566	TSS_4062	.	+	1
ZM4	1840892	1840893	ZMO1787_peak_1378a	284.441	ZM4	1840680	1840681	TSS_4066	.	+	212
ZM4	1841077	1841078	ZMO1787_peak_1378b	10.0242	ZM4	1840680	1840681	TSS_4066	.	+	397
ZM4	1843036	1843037	ZMO1787_peak_1379	477.836	ZM4	1842683	1842684	TSS_4069	.	+	353
ZM4	1843479	1843480	ZMO1787_peak_1380a	96.3545	ZM4	1842683	1842684	TSS_4069	.	+	796
ZM4	1843622	1843623	ZMO1787_peak_1380b	30.2161	ZM4	1842683	1842684	TSS_4069	.	+	939
ZM4	1845278	1845279	ZMO1787_peak_1381	768.821	ZM4	1845713	1845714	TSS_4076	.	-	435
ZM4	1846053	1846054	ZMO1787_peak_1382	87.5491	ZM4	1845879	1845880	TSS_4080	.	+	174
ZM4	1846476	1846477	ZMO1787_peak_1383	66.7719	ZM4	1846317	1846318	TSS_4084	.	+	159
ZM4	1846928	1846929	ZMO1787_peak_1384	34.1115	ZM4	1846317	1846318	TSS_4084	.	+	611
ZM4	1848897	1848898	ZMO1787_peak_1385a	165.51	ZM4	1849012	1849013	TSS_4085	.	-	115
ZM4	1849099	1849100	ZMO1787_peak_1385b	14.6218	ZM4	1849012	1849013	TSS_4085	.	-	-87
ZM4	1849680	1849681	ZMO1787_peak_1386	34.4398	ZM4	1849748	1849749	TSS_4086	.	-	68
ZM4	1851797	1851798	ZMO1787_peak_1387a	3.66314	ZM4	1849748	1849749	TSS_4086	.	-	-2049
ZM4	1851988	1851989	ZMO1787_peak_1387b	300.801	ZM4	1849748	1849749	TSS_4086	.	-	-2240
ZM4	1852971	1852972	ZMO1787_peak_1388a	9.39671	ZM4	1855211	1855212	TSS_4087	.	-	2240
ZM4	1853281	1853282	ZMO1787_peak_1388b	844.244	ZM4	1855211	1855212	TSS_4087	.	-	1930
ZM4	1854422	1854423	ZMO1787_peak_1389	36.9015	ZM4	1855211	1855212	TSS_4087	.	-	789
ZM4	1856102	1856103	ZMO1787_peak_1390	90.1422	ZM4	1855211	1855212	TSS_4087	.	-	-891
ZM4	1856483	1856484	ZMO1787_peak_1391a	13.9293	ZM4	1855211	1855212	TSS_4087	.	-	-1272
ZM4	1856673	1856674	ZMO1787_peak_1391b	43.0574	ZM4	1857841	1857842	TSS_4089	.	-	1168
ZM4	1857378	1857379	ZMO1787_peak_1392	121.003	ZM4	1857841	1857842	TSS_4089	.	-	463
ZM4	1857787	1857788	ZMO1787_peak_1393	37.1423	ZM4	1857841	1857842	TSS_4089	.	-	54
ZM4	1858703	1858704	ZMO1787_peak_1394	52.5258	ZM4	1857916	1857917	TSS_4091	.	-	-787
ZM4	1859079	1859080	ZMO1787_peak_1395a	6.52732	ZM4	1857916	1857917	TSS_4091	.	-	-1163
ZM4	1859224	1859225	ZMO1787_peak_1395b	77.7671	ZM4	1857916	1857917	TSS_4091	.	-	-1308
ZM4	1859783	1859784	ZMO1787_peak_1396	93.1212	ZM4	1860550	1860551	TSS_4092	.	-	767
ZM4	1861067	1861068	ZMO1787_peak_1397	64.0509	ZM4	1860551	1860552	TSS_4093	.	-	-516
ZM4	1863123	1863124	ZMO1787_peak_1398	17.7552	ZM4	1864306	1864307	TSS_4096	.	+	-1183
ZM4	1865302	1865303	ZMO1787_peak_1399	105.692	ZM4	1864521	1864522	TSS_4101	.	+	781
ZM4	1866491	1866492	ZMO1787_peak_1400	90.2576	ZM4	1864521	1864522	TSS_4101	.	+	1970
ZM4	1866869	1866870	ZMO1787_peak_1401	325.453	ZM4	1868635	1868636	TSS_4103	.	+	-1766
ZM4	1867320	1867321	ZMO1787_peak_1402	861.324	ZM4	1868635	1868636	TSS_4103	.	+	-1315
ZM4	1871529	1871530	ZMO1787_peak_1403	167.055	ZM4	1874059	1874060	TSS_4106	.	+	-2530
ZM4	1871800	1871801	ZMO1787_peak_1404	110.962	ZM4	1874059	1874060	TSS_4106	.	+	-2259
ZM4	1874214	1874215	ZMO1787_peak_1405	344.287	ZM4	1874059	1874060	TSS_4106	.	+	155
ZM4	1874677	1874678	ZMO1787_peak_1406	1146.97	ZM4	1874059	1874060	TSS_4106	.	+	618
ZM4	1875358	1875359	ZMO1787_peak_1407a	276.117	ZM4	1874059	1874060	TSS_4106	.	+	1299
ZM4	1875526	1875527	ZMO1787_peak_1407b	16.5474	ZM4	1874059	1874060	TSS_4106	.	+	1467
ZM4	1877459	1877460	ZMO1787_peak_1408	185.63	ZM4	1874059	1874060	TSS_4106	.	+	3400
ZM4	1878865	1878866	ZMO1787_peak_1409	27.2285	ZM4	1882290	1882291	TSS_4110	.	-	3425
ZM4	1879645	1879646	ZMO1787_peak_1410	729.546	ZM4	1882290	1882291	TSS_4110	.	-	2645
ZM4	1880307	1880308	ZMO1787_peak_1411a	903.643	ZM4	1882290	1882291	TSS_4110	.	-	1983
ZM4	1880553	1880554	ZMO1787_peak_1411b	390.461	ZM4	1882290	1882291	TSS_4110	.	-	1737
ZM4	1881370	1881371	ZMO1787_peak_1412	462.543	ZM4	1882290	1882291	TSS_4110	.	-	920
ZM4	1882736	1882737	ZMO1787_peak_1413	46.7483	ZM4	1882733	1882734	TSS_4113	.	-	-3
ZM4	1883377	1883378	ZMO1787_peak_1414	20.8046	ZM4	1883214	1883215	TSS_4115	.	-	-163
ZM4	1885390	1885391	ZMO1787_peak_1415	106.625	ZM4	1884937	1884938	TSS_4122	.	-	-453
ZM4	1885971	1885972	ZMO1787_peak_1416	133.362	ZM4	1886392	1886393	TSS_4125	.	-	421
ZM4	1886205	1886206	ZMO1787_peak_1417	112.888	ZM4	1886392	1886393	TSS_4125	.	-	187
ZM4	1886712	1886713	ZMO1787_peak_1418a	242.898	ZM4	1886721	1886722	TSS_4127	.	-	9
ZM4	1886938	1886939	ZMO1787_peak_1418b	69.1127	ZM4	1886815	1886816	TSS_4129	.	-	-123
ZM4	1888466	1888467	ZMO1787_peak_1419	63.3386	ZM4	1888831	1888832	TSS_4130	.	-	365
ZM4	1888729	1888730	ZMO1787_peak_1420	27.7127	ZM4	1888831	1888832	TSS_4130	.	-	102
ZM4	1889438	1889439	ZMO1787_peak_1421a	574.805	ZM4	1889721	1889722	TSS_4132	.	-	283
ZM4	1889809	1889810	ZMO1787_peak_1421b	315.282	ZM4	1889724	1889725	TSS_4133	.	-	-85
ZM4	1892737	1892738	ZMO1787_peak_1422	54.5928	ZM4	1893190	1893191	TSS_4138	.	-	453
ZM4	1893265	1893266	ZMO1787_peak_1423	172.67	ZM4	1893193	1893194	TSS_4139	.	-	-72
ZM4	1893540	1893541	ZMO1787_peak_1424a	20.1896	ZM4	1893193	1893194	TSS_4139	.	-	-347
ZM4	1893682	1893683	ZMO1787_peak_1424b	83.1259	ZM4	1893193	1893194	TSS_4139	.	-	-489
ZM4	1895102	1895103	ZMO1787_peak_1425	772.745	ZM4	1895930	1895931	TSS_4141	.	-	828
ZM4	1897126	1897127	ZMO1787_peak_1426	3.36144	ZM4	1895930	1895931	TSS_4141	.	-	-1196
ZM4	1898945	1898946	ZMO1787_peak_1427a	105.057	ZM4	1895930	1895931	TSS_4141	.	-	-3015
ZM4	1899030	1899031	ZMO1787_peak_1427b	126.491	ZM4	1895930	1895931	TSS_4141	.	-	-3100
ZM4	1901250	1901251	ZMO1787_peak_1428a	66.0642	ZM4	1895930	1895931	TSS_4141	.	-	-5320
ZM4	1901378	1901379	ZMO1787_peak_1428b	60.6429	ZM4	1895930	1895931	TSS_4141	.	-	-5448
ZM4	1901552	1901553	ZMO1787_peak_1428c	633.899	ZM4	1895930	1895931	TSS_4141	.	-	-5622
ZM4	1903278	1903279	ZMO1787_peak_1429	90.9212	ZM4	1908779	1908780	TSS_4143	.	-	5501
ZM4	1904180	1904181	ZMO1787_peak_1430	371.22	ZM4	1908779	1908780	TSS_4143	.	-	4599
ZM4	1904507	1904508	ZMO1787_peak_1431	119.508	ZM4	1908779	1908780	TSS_4143	.	-	4272
ZM4	1905338	1905339	ZMO1787_peak_1432	243.058	ZM4	1908779	1908780	TSS_4143	.	-	3441
ZM4	1907118	1907119	ZMO1787_peak_1433	64.7818	ZM4	1908779	1908780	TSS_4143	.	-	1661
ZM4	1907768	1907769	ZMO1787_peak_1434	415.969	ZM4	1908779	1908780	TSS_4143	.	-	1011
ZM4	1909740	1909741	ZMO1787_peak_1435	647.758	ZM4	1909340	1909341	TSS_4145	.	-	-400
ZM4	1910920	1910921	ZMO1787_peak_1436a	44.8377	ZM4	1910302	1910303	TSS_4149	.	-	-618
ZM4	1911060	1911061	ZMO1787_peak_1436b	115.011	ZM4	1910302	1910303	TSS_4149	.	-	-758
ZM4	1911528	1911529	ZMO1787_peak_1437	46.2831	ZM4	1910302	1910303	TSS_4149	.	-	-1226
ZM4	1912147	1912148	ZMO1787_peak_1438	57.1921	ZM4	1910302	1910303	TSS_4149	.	-	-1845
ZM4	1913499	1913500	ZMO1787_peak_1439	48.3741	ZM4	1910302	1910303	TSS_4149	.	-	-3197
ZM4	1915102	1915103	ZMO1787_peak_1440a	75.9115	ZM4	1910302	1910303	TSS_4149	.	-	-4800
ZM4	1915230	1915231	ZMO1787_peak_1440b	62.5183	ZM4	1910302	1910303	TSS_4149	.	-	-4928
ZM4	1915404	1915405	ZMO1787_peak_1440c	666.295	ZM4	1910302	1910303	TSS_4149	.	-	-5102
ZM4	1917130	1917131	ZMO1787_peak_1441	90.9379	ZM4	1922589	1922590	TSS_4158	.	-	5459
ZM4	1918032	1918033	ZMO1787_peak_1442	381.581	ZM4	1922589	1922590	TSS_4158	.	-	4557
ZM4	1918359	1918360	ZMO1787_peak_1443	128.124	ZM4	1922589	1922590	TSS_4158	.	-	4230
ZM4	1919190	1919191	ZMO1787_peak_1444	225.944	ZM4	1922589	1922590	TSS_4158	.	-	3399
ZM4	1919681	1919682	ZMO1787_peak_1445	59.0773	ZM4	1922589	1922590	TSS_4158	.	-	2908
ZM4	1920231	1920232	ZMO1787_peak_1446	78.9051	ZM4	1922589	1922590	TSS_4158	.	-	2358
ZM4	1924212	1924213	ZMO1787_peak_1447	78.4968	ZM4	1924136	1924137	TSS_4167	.	-	-76
ZM4	1924523	1924524	ZMO1787_peak_1448	38.9095	ZM4	1924136	1924137	TSS_4167	.	-	-387
ZM4	1927872	1927873	ZMO1787_peak_1449	352.049	ZM4	1927872	1927873	TSS_4178	.	-	0
ZM4	1929125	1929126	ZMO1787_peak_1450	259.579	ZM4	1929478	1929479	TSS_4188	.	+	-353
ZM4	1929411	1929412	ZMO1787_peak_1451	46.4637	ZM4	1929478	1929479	TSS_4188	.	+	-67
ZM4	1929785	1929786	ZMO1787_peak_1452a	81.4947	ZM4	1929754	1929755	TSS_4190	.	-	-31
ZM4	1929931	1929932	ZMO1787_peak_1452b	136.285	ZM4	1929860	1929861	TSS_4191	.	+	71
ZM4	1930733	1930734	ZMO1787_peak_1453	860.507	ZM4	1930277	1930278	TSS_4192	.	-	-456
ZM4	1932620	1932621	ZMO1787_peak_1454	734.233	ZM4	1932644	1932645	TSS_4196	.	+	-24
ZM4	1935401	1935402	ZMO1787_peak_1455	17.6616	ZM4	1934616	1934617	TSS_4217	.	+	785
ZM4	1936694	1936695	ZMO1787_peak_1456	28.4845	ZM4	1934616	1934617	TSS_4217	.	+	2078
ZM4	1937471	1937472	ZMO1787_peak_1457	22.7623	ZM4	1939167	1939168	TSS_4219	.	-	1696
ZM4	1938359	1938360	ZMO1787_peak_1458	102.088	ZM4	1939167	1939168	TSS_4219	.	-	808
ZM4	1939980	1939981	ZMO1787_peak_1459	759.825	ZM4	1939167	1939168	TSS_4219	.	-	-813
ZM4	1940879	1940880	ZMO1787_peak_1460	113.412	ZM4	1941316	1941317	TSS_4221	.	-	437
ZM4	1941811	1941812	ZMO1787_peak_1461	233.963	ZM4	1941322	1941323	TSS_4224	.	-	-489
ZM4	1943220	1943221	ZMO1787_peak_1462	329.419	ZM4	1942730	1942731	TSS_4229	.	-	-490
ZM4	1944555	1944556	ZMO1787_peak_1463a	12.8396	ZM4	1945090	1945091	TSS_4233	.	-	535
ZM4	1944690	1944691	ZMO1787_peak_1463b	133.506	ZM4	1945090	1945091	TSS_4233	.	-	400
ZM4	1946307	1946308	ZMO1787_peak_1464	931.739	ZM4	1945935	1945936	TSS_4238	.	+	372
ZM4	1946699	1946700	ZMO1787_peak_1465	190.907	ZM4	1945935	1945936	TSS_4238	.	+	764
ZM4	1947325	1947326	ZMO1787_peak_1466a	17.022	ZM4	1945935	1945936	TSS_4238	.	+	1390
ZM4	1947480	1947481	ZMO1787_peak_1466b	40.9816	ZM4	1945935	1945936	TSS_4238	.	+	1545
ZM4	1949023	1949024	ZMO1787_peak_1467a	75.5345	ZM4	1950035	1950036	TSS_4246	.	-	1012
ZM4	1949277	1949278	ZMO1787_peak_1467b	95.9677	ZM4	1950035	1950036	TSS_4246	.	-	758
ZM4	1949598	1949599	ZMO1787_peak_1468	76.5694	ZM4	1950035	1950036	TSS_4246	.	-	437
ZM4	1951196	1951197	ZMO1787_peak_1469	1013.2	ZM4	1950035	1950036	TSS_4246	.	-	-1161
ZM4	1951540	1951541	ZMO1787_peak_1470	441.184	ZM4	1950035	1950036	TSS_4246	.	-	-1505
ZM4	1952452	1952453	ZMO1787_peak_1471	120.875	ZM4	1953176	1953177	TSS_4249	.	-	724
ZM4	1953304	1953305	ZMO1787_peak_1472	331.428	ZM4	1953179	1953180	TSS_4251	.	-	-125
ZM4	1955398	1955399	ZMO1787_peak_1473a	27.7949	ZM4	1955546	1955547	TSS_4261	.	-	148
ZM4	1955488	1955489	ZMO1787_peak_1473b	5.56336	ZM4	1955546	1955547	TSS_4261	.	-	58
ZM4	1955688	1955689	ZMO1787_peak_1473c	653.118	ZM4	1955546	1955547	TSS_4261	.	-	-142
ZM4	1956808	1956809	ZMO1787_peak_1474	734.569	ZM4	1957007	1957008	TSS_4265	.	+	-199
ZM4	1957667	1957668	ZMO1787_peak_1475	893.979	ZM4	1957009	1957010	TSS_4266	.	+	658
ZM4	1957989	1957990	ZMO1787_peak_1476	148.729	ZM4	1958838	1958839	TSS_4267	.	-	849
ZM4	1958903	1958904	ZMO1787_peak_1477	48.611	ZM4	1958887	1958888	TSS_4269	.	-	-16
ZM4	1959797	1959798	ZMO1787_peak_1478	175.934	ZM4	1958887	1958888	TSS_4269	.	-	-910
ZM4	1960901	1960902	ZMO1787_peak_1479	4.34481	ZM4	1961898	1961899	TSS_4276	.	-	997
ZM4	1961697	1961698	ZMO1787_peak_1480a	140.65	ZM4	1961898	1961899	TSS_4276	.	-	201
ZM4	1961919	1961920	ZMO1787_peak_1480b	9.04111	ZM4	1961931	1961932	TSS_4277	.	-	12
ZM4	1962207	1962208	ZMO1787_peak_1481	153.604	ZM4	1962206	1962207	TSS_4278	.	-	-1
ZM4	1963853	1963854	ZMO1787_peak_1482	57.7985	ZM4	1964283	1964284	TSS_4292	.	+	-430
ZM4	1964622	1964623	ZMO1787_peak_1483	18.7492	ZM4	1964283	1964284	TSS_4292	.	+	339
ZM4	1966658	1966659	ZMO1787_peak_1484	271.181	ZM4	1965804	1965805	TSS_4298	.	+	854
ZM4	1967173	1967174	ZMO1787_peak_1485	162.942	ZM4	1965804	1965805	TSS_4298	.	+	1369
ZM4	1967980	1967981	ZMO1787_peak_1486	39.332	ZM4	1965804	1965805	TSS_4298	.	+	2176
ZM4	1968705	1968706	ZMO1787_peak_1487	15.2382	ZM4	1970168	1970169	TSS_4305	.	-	1463
ZM4	1969244	1969245	ZMO1787_peak_1488a	383.655	ZM4	1970168	1970169	TSS_4305	.	-	924
ZM4	1969427	1969428	ZMO1787_peak_1488b	591.681	ZM4	1970168	1970169	TSS_4305	.	-	741
ZM4	1970000	1970001	ZMO1787_peak_1489	112.775	ZM4	1970168	1970169	TSS_4305	.	-	168
ZM4	1971962	1971963	ZMO1787_peak_1490a	181.412	ZM4	1971103	1971104	TSS_4309	.	-	-859
ZM4	1972150	1972151	ZMO1787_peak_1490b	888.658	ZM4	1973025	1973026	TSS_4311	.	+	-875
ZM4	1973792	1973793	ZMO1787_peak_1491a	13.4057	ZM4	1973075	1973076	TSS_4318	.	+	717
ZM4	1973921	1973922	ZMO1787_peak_1491b	17.4685	ZM4	1973075	1973076	TSS_4318	.	+	846
ZM4	1976838	1976839	ZMO1787_peak_1492	4.95109	ZM4	1977370	1977371	TSS_4323	.	-	532
ZM4	1977725	1977726	ZMO1787_peak_1493	25.104	ZM4	1977451	1977452	TSS_4324	.	+	274
ZM4	1977961	1977962	ZMO1787_peak_1494	120.417	ZM4	1977451	1977452	TSS_4324	.	+	510
ZM4	1979480	1979481	ZMO1787_peak_1495	67.415	ZM4	1980115	1980116	TSS_4328	.	-	635
ZM4	1979900	1979901	ZMO1787_peak_1496	51.6138	ZM4	1980115	1980116	TSS_4328	.	-	215
ZM4	1981430	1981431	ZMO1787_peak_1497	189.107	ZM4	1982248	1982249	TSS_4331	.	-	818
ZM4	1982114	1982115	ZMO1787_peak_1498	28.6413	ZM4	1982248	1982249	TSS_4331	.	-	134
ZM4	1982665	1982666	ZMO1787_peak_1499	904.524	ZM4	1982382	1982383	TSS_4332	.	-	-283
ZM4	1983201	1983202	ZMO1787_peak_1500a	1041.52	ZM4	1983991	1983992	TSS_4335	.	-	790
ZM4	1983427	1983428	ZMO1787_peak_1500b	273.122	ZM4	1983991	1983992	TSS_4335	.	-	564
ZM4	1983679	1983680	ZMO1787_peak_1500c	147.416	ZM4	1983991	1983992	TSS_4335	.	-	312
ZM4	1983855	1983856	ZMO1787_peak_1500d	325.602	ZM4	1983991	1983992	TSS_4335	.	-	136
ZM4	1984224	1984225	ZMO1787_peak_1501	37.6644	ZM4	1984261	1984262	TSS_4345	.	+	-37
ZM4	1984574	1984575	ZMO1787_peak_1502	285.033	ZM4	1984647	1984648	TSS_4349	.	+	-73
ZM4	1984847	1984848	ZMO1787_peak_1503a	6.36351	ZM4	1984672	1984673	TSS_4352	.	+	175
ZM4	1984968	1984969	ZMO1787_peak_1503b	13.4921	ZM4	1984672	1984673	TSS_4352	.	+	296
ZM4	1985097	1985098	ZMO1787_peak_1503c	15.6886	ZM4	1984672	1984673	TSS_4352	.	+	425
ZM4	1985694	1985695	ZMO1787_peak_1504	314.949	ZM4	1986320	1986321	TSS_4363	.	+	-626
ZM4	1986355	1986356	ZMO1787_peak_1505	63.7982	ZM4	1986320	1986321	TSS_4363	.	+	35
ZM4	1986935	1986936	ZMO1787_peak_1506	506.244	ZM4	1986320	1986321	TSS_4363	.	+	615
ZM4	1987354	1987355	ZMO1787_peak_1507a	123.399	ZM4	1987728	1987729	TSS_4366	.	+	-374
ZM4	1987626	1987627	ZMO1787_peak_1507b	37.6143	ZM4	1987728	1987729	TSS_4366	.	+	-102
ZM4	1993200	1993201	ZMO1787_peak_1508	346.861	ZM4	1994250	1994251	TSS_4371	.	-	1050
ZM4	1993801	1993802	ZMO1787_peak_1509	359.621	ZM4	1994250	1994251	TSS_4371	.	-	449
ZM4	1994115	1994116	ZMO1787_peak_1510	243.327	ZM4	1994250	1994251	TSS_4371	.	-	135
ZM4	2000178	2000179	ZMO1787_peak_1511	85.6616	ZM4	2003022	2003023	TSS_4374	.	-	2844
ZM4	2000823	2000824	ZMO1787_peak_1512	84.442	ZM4	2003022	2003023	TSS_4374	.	-	2199
ZM4	2001470	2001471	ZMO1787_peak_1513a	39.4693	ZM4	2003022	2003023	TSS_4374	.	-	1552
ZM4	2001635	2001636	ZMO1787_peak_1513b	25.5808	ZM4	2003022	2003023	TSS_4374	.	-	1387
ZM4	2002666	2002667	ZMO1787_peak_1514	178.168	ZM4	2003022	2003023	TSS_4374	.	-	356
ZM4	2003891	2003892	ZMO1787_peak_1515	135.972	ZM4	2003022	2003023	TSS_4374	.	-	-869
ZM4	2005075	2005076	ZMO1787_peak_1516	72.3593	ZM4	2003022	2003023	TSS_4374	.	-	-2053
ZM4	2006505	2006506	ZMO1787_peak_1517	969.765	ZM4	2003022	2003023	TSS_4374	.	-	-3483
ZM4	2007723	2007724	ZMO1787_peak_1518	317.38	ZM4	2003022	2003023	TSS_4374	.	-	-4701
ZM4	2008129	2008130	ZMO1787_peak_1519	173.565	ZM4	2003022	2003023	TSS_4374	.	-	-5107
ZM4	2009772	2009773	ZMO1787_peak_1520	71.4163	ZM4	2013493	2013494	TSS_4384	.	-	3721
ZM4	2010271	2010272	ZMO1787_peak_1521a	4.50057	ZM4	2013493	2013494	TSS_4384	.	-	3222
ZM4	2010512	2010513	ZMO1787_peak_1521b	1542.89	ZM4	2013493	2013494	TSS_4384	.	-	2981
ZM4	2010905	2010906	ZMO1787_peak_1522	163.654	ZM4	2013493	2013494	TSS_4384	.	-	2588
ZM4	2011386	2011387	ZMO1787_peak_1523	82.6082	ZM4	2013493	2013494	TSS_4384	.	-	2107
ZM4	2012366	2012367	ZMO1787_peak_1524	955.936	ZM4	2013493	2013494	TSS_4384	.	-	1127
ZM4	2015243	2015244	ZMO1787_peak_1525	19.8366	ZM4	2015316	2015317	TSS_4387	.	-	73
ZM4	2022157	2022158	ZMO1787_peak_1526	52.3875	ZM4	2020374	2020375	TSS_4395	.	-	-1783
ZM4	2023464	2023465	ZMO1787_peak_1527	134.772	ZM4	2025775	2025776	TSS_4399	.	-	2311
ZM4	2023894	2023895	ZMO1787_peak_1528	404.622	ZM4	2025775	2025776	TSS_4399	.	-	1881
ZM4	2024241	2024242	ZMO1787_peak_1529	97.218	ZM4	2025775	2025776	TSS_4399	.	-	1534
ZM4	2025161	2025162	ZMO1787_peak_1530a	822.613	ZM4	2025775	2025776	TSS_4399	.	-	614
ZM4	2025427	2025428	ZMO1787_peak_1530b	110.99	ZM4	2025775	2025776	TSS_4399	.	-	348
ZM4	2025665	2025666	ZMO1787_peak_1530c	61.2855	ZM4	2025775	2025776	TSS_4399	.	-	110
ZM4	2027908	2027909	ZMO1787_peak_1531a	312.417	ZM4	2025846	2025847	TSS_4400	.	-	-2062
ZM4	2028099	2028100	ZMO1787_peak_1531b	270.633	ZM4	2025846	2025847	TSS_4400	.	-	-2253
ZM4	2028772	2028773	ZMO1787_peak_1532a	16.0185	ZM4	2031057	2031058	TSS_4404	.	+	-2285
ZM4	2028913	2028914	ZMO1787_peak_1532b	26.35	ZM4	2031057	2031058	TSS_4404	.	+	-2144
ZM4	2029514	2029515	ZMO1787_peak_1533	152.765	ZM4	2031057	2031058	TSS_4404	.	+	-1543
ZM4	2030409	2030410	ZMO1787_peak_1534	80.4767	ZM4	2031057	2031058	TSS_4404	.	+	-648
ZM4	2031601	2031602	ZMO1787_peak_1535	399.75	ZM4	2031059	2031060	TSS_4405	.	+	542
ZM4	2033520	2033521	ZMO1787_peak_1536a	19.2973	ZM4	2033927	2033928	TSS_4406	.	-	407
ZM4	2033622	2033623	ZMO1787_peak_1536b	59.1304	ZM4	2033927	2033928	TSS_4406	.	-	305
ZM4	2033913	2033914	ZMO1787_peak_1537a	430.859	ZM4	2033927	2033928	TSS_4406	.	-	14
ZM4	2034109	2034110	ZMO1787_peak_1537b	13.7496	ZM4	2033975	2033976	TSS_4409	.	-	-134
ZM4	2035286	2035287	ZMO1787_peak_1538	445.7	ZM4	2035817	2035818	TSS_4411	.	-	531
ZM4	2035830	2035831	ZMO1787_peak_1539	37.3225	ZM4	2035817	2035818	TSS_4411	.	-	-13
ZM4	2041306	2041307	ZMO1787_peak_1540	201.657	ZM4	2043114	2043115	TSS_4414	.	-	1808
ZM4	2041817	2041818	ZMO1787_peak_1541	55.2897	ZM4	2043114	2043115	TSS_4414	.	-	1297
ZM4	2046779	2046780	ZMO1787_peak_1542	21.2518	ZM4	2045899	2045900	TSS_4417	.	+	880
ZM4	2047575	2047576	ZMO1787_peak_1543a	29.123	ZM4	2045899	2045900	TSS_4417	.	+	1676
ZM4	2047816	2047817	ZMO1787_peak_1543b	448.788	ZM4	2045899	2045900	TSS_4417	.	+	1917
ZM4	2049013	2049014	ZMO1787_peak_1544	48.8107	ZM4	2045899	2045900	TSS_4417	.	+	3114
ZM4	2050374	2050375	ZMO1787_peak_1545	31.1268	ZM4	2052954	2052955	TSS_4422	.	+	-2580
ZM4	2050800	2050801	ZMO1787_peak_1546	945.679	ZM4	2052954	2052955	TSS_4422	.	+	-2154
ZM4	2053064	2053065	ZMO1787_peak_1547	31.8719	ZM4	2052954	2052955	TSS_4422	.	+	110
ZM4	2053378	2053379	ZMO1787_peak_1548	113.799	ZM4	2053613	2053614	TSS_4423	.	+	-235
ZM4	2054562	2054563	ZMO1787_peak_1549	374.975	ZM4	2053613	2053614	TSS_4423	.	+	949
ZM4	2054969	2054970	ZMO1787_peak_1550a	520.186	ZM4	2053613	2053614	TSS_4423	.	+	1356
ZM4	2055040	2055041	ZMO1787_peak_1550b	447.414	ZM4	2056376	2056377	TSS_4425	.	-	1336
ZM4	2055579	2055580	ZMO1787_peak_1551	207.286	ZM4	2056376	2056377	TSS_4425	.	-	797
ZM4	2058109	2058110	ZMO1787_peak_1552a	59.3665	ZM4	2058164	2058165	TSS_4428	.	-	55
ZM4	2058243	2058244	ZMO1787_peak_1552b	78.662	ZM4	2058164	2058165	TSS_4428	.	-	-79
pZM32	784	785	ZMO1787_peak_1553a	70.8418	pZM32	4033	4034	TSS_4431	.	+	-3249
pZM32	972	973	ZMO1787_peak_1553b	29.2606	pZM32	4033	4034	TSS_4431	.	+	-3061
pZM32	3320	3321	ZMO1787_peak_1554	200.911	pZM32	4033	4034	TSS_4431	.	+	-713
pZM32	4058	4059	ZMO1787_peak_1555	19.5138	pZM32	4033	4034	TSS_4431	.	+	25
pZM32	4351	4352	ZMO1787_peak_1556	86.8872	pZM32	4351	4352	TSS_4432	.	-	0
pZM32	5628	5629	ZMO1787_peak_1557	109.228	pZM32	5676	5677	TSS_4434	.	+	-48
pZM32	7532	7533	ZMO1787_peak_1558	92.4721	pZM32	5676	5677	TSS_4434	.	+	1856
pZM32	9221	9222	ZMO1787_peak_1559	55.4138	pZM32	11376	11377	TSS_4444	.	-	2155
pZM32	9514	9515	ZMO1787_peak_1560	24.3961	pZM32	11376	11377	TSS_4444	.	-	1862
pZM32	10673	10674	ZMO1787_peak_1561	83.8341	pZM32	11376	11377	TSS_4444	.	-	703
pZM32	12299	12300	ZMO1787_peak_1562	25.5808	pZM32	11969	11970	TSS_4449	.	+	330
pZM32	14978	14979	ZMO1787_peak_1563	35.3415	pZM32	14287	14288	TSS_4453	.	+	691
pZM32	15833	15834	ZMO1787_peak_1564	231.068	pZM32	14287	14288	TSS_4453	.	+	1546
pZM32	17492	17493	ZMO1787_peak_1565	128.94	pZM32	18516	18517	TSS_4463	.	-	1024
pZM32	19654	19655	ZMO1787_peak_1566	432.45	pZM32	20354	20355	TSS_4466	.	+	-700
pZM32	21752	21753	ZMO1787_peak_1567	49.7194	pZM32	21293	21294	TSS_4471	.	+	459
pZM32	23207	23208	ZMO1787_peak_1568	24.3961	pZM32	22638	22639	TSS_4474	.	+	569
pZM32	24668	24669	ZMO1787_peak_1569	26.3825	pZM32	25189	25190	TSS_4481	.	-	521
pZM32	28531	28532	ZMO1787_peak_1570	22.4689	pZM32	28484	28485	TSS_4486	.	+	47
pZM32	29230	29231	ZMO1787_peak_1571	64.6264	pZM32	29876	29877	TSS_4487	.	+	-646
pZM32	29692	29693	ZMO1787_peak_1572a	4.28645	pZM32	29876	29877	TSS_4487	.	+	-184
pZM32	29854	29855	ZMO1787_peak_1572b	28.8425	pZM32	29876	29877	TSS_4487	.	+	-22
pZM32	32064	32065	ZMO1787_peak_1573	115.233	pZM32	30170	30171	TSS_4489	.	+	1894
pZM33	1209	1210	ZMO1787_peak_1574	404.008	pZM33	1943	1944	TSS_4496	.	-	734
pZM33	3298	3299	ZMO1787_peak_1575	327.432	pZM33	2542	2543	TSS_4503	.	+	756
pZM33	3815	3816	ZMO1787_peak_1576	54.3626	pZM33	4574	4575	TSS_4504	.	-	759
pZM33	5104	5105	ZMO1787_peak_1577a	1.7855	pZM33	4574	4575	TSS_4504	.	-	-530
pZM33	5267	5268	ZMO1787_peak_1577b	76.6568	pZM33	4574	4575	TSS_4504	.	-	-693
pZM33	5907	5908	ZMO1787_peak_1578	213.8	pZM33	4574	4575	TSS_4504	.	-	-1333
pZM33	6535	6536	ZMO1787_peak_1579	9.41223	pZM33	8360	8361	TSS_4507	.	+	-1825
pZM33	6797	6798	ZMO1787_peak_1580	47.2035	pZM33	8360	8361	TSS_4507	.	+	-1563
pZM33	8488	8489	ZMO1787_peak_1581	284.224	pZM33	8360	8361	TSS_4507	.	+	128
pZM33	8895	8896	ZMO1787_peak_1582	2.68227	pZM33	8824	8825	TSS_4508	.	+	71
pZM33	13912	13913	ZMO1787_peak_1583	30.1032	pZM33	13446	13447	TSS_4522	.	+	466
pZM33	14465	14466	ZMO1787_peak_1584a	2.36746	pZM33	13446	13447	TSS_4522	.	+	1019
pZM33	14593	14594	ZMO1787_peak_1584b	93.7289	pZM33	13446	13447	TSS_4522	.	+	1147
pZM33	14924	14925	ZMO1787_peak_1585	3.01228	pZM33	13446	13447	TSS_4522	.	+	1478
pZM33	16660	16661	ZMO1787_peak_1586a	8.36092	pZM33	16701	16702	TSS_4525	.	-	41
pZM33	16850	16851	ZMO1787_peak_1586b	199.317	pZM33	16701	16702	TSS_4525	.	-	-149
pZM33	17600	17601	ZMO1787_peak_1587	306.516	pZM33	17849	17850	TSS_4526	.	-	249
pZM33	19750	19751	ZMO1787_peak_1588	50.7386	pZM33	18494	18495	TSS_4537	.	+	1256
pZM33	20367	20368	ZMO1787_peak_1589	37.6143	pZM33	18494	18495	TSS_4537	.	+	1873
pZM33	22401	22402	ZMO1787_peak_1590	34.4469	pZM33	23287	23288	TSS_4552	.	-	886
pZM33	27128	27129	ZMO1787_peak_1591	53.8396	pZM33	27771	27772	TSS_4562	.	+	-643
pZM33	28281	28282	ZMO1787_peak_1592	310.126	pZM33	27887	27888	TSS_4565	.	+	394
pZM33	28909	28910	ZMO1787_peak_1593	461.399	pZM33	29066	29067	TSS_4568	.	+	-157
pZM33	30808	30809	ZMO1787_peak_1594	52.7987	pZM33	30842	30843	TSS_4574	.	-	34
pZM33	32727	32728	ZMO1787_peak_1595	252.975	pZM33	31992	31993	TSS_4575	.	+	735
pZM36	488	489	ZMO1787_peak_1596	11.371	pZM36	13287	13288	TSS_4582	.	+	-12799
pZM36	2875	2876	ZMO1787_peak_1597	206.521	pZM36	13287	13288	TSS_4582	.	+	-10412
pZM36	4351	4352	ZMO1787_peak_1598a	26.3825	pZM36	13287	13288	TSS_4582	.	+	-8936
pZM36	4507	4508	ZMO1787_peak_1598b	149.647	pZM36	13287	13288	TSS_4582	.	+	-8780
pZM36	4901	4902	ZMO1787_peak_1599	109.228	pZM36	13287	13288	TSS_4582	.	+	-8386
pZM36	13751	13752	ZMO1787_peak_1600	94.3594	pZM36	13287	13288	TSS_4582	.	+	464
pZM36	14133	14134	ZMO1787_peak_1601	76.0683	pZM36	13287	13288	TSS_4582	.	+	846
pZM36	16605	16606	ZMO1787_peak_1602a	1.6498	pZM36	16769	16770	TSS_4586	.	-	164
pZM36	16660	16661	ZMO1787_peak_1602b	7.1192	pZM36	16769	16770	TSS_4586	.	-	109
pZM36	19559	19560	ZMO1787_peak_1603	119.294	pZM36	19217	19218	TSS_4591	.	-	-342
pZM36	20007	20008	ZMO1787_peak_1604	39.4693	pZM36	19217	19218	TSS_4591	.	-	-790
pZM36	22854	22855	ZMO1787_peak_1605a	62.415	pZM36	22798	22799	TSS_4598	.	-	-56
pZM36	22963	22964	ZMO1787_peak_1605b	396.254	pZM36	22798	22799	TSS_4598	.	-	-165
pZM36	23537	23538	ZMO1787_peak_1606	512.443	pZM36	23254	23255	TSS_4599	.	-	-283
pZM36	27649	27650	ZMO1787_peak_1607	96.2586	pZM36	28416	28417	TSS_4603	.	+	-767
pZM36	28362	28363	ZMO1787_peak_1608	223.62	pZM36	28416	28417	TSS_4603	.	+	-54
pZM36	28695	28696	ZMO1787_peak_1609	45.716	pZM36	28793	28794	TSS_4604	.	+	-98
pZM36	29258	29259	ZMO1787_peak_1610	10.5131	pZM36	28793	28794	TSS_4604	.	+	465
pZM36	30292	30293	ZMO1787_peak_1611	146.734	pZM36	28793	28794	TSS_4604	.	+	1499
pZM39	272	273	ZMO1787_peak_1612	54.3626	pZM39	26	27	TSS_4608	.	+	246
pZM39	616	617	ZMO1787_peak_1613	208.939	pZM39	26	27	TSS_4608	.	+	590
pZM39	6932	6933	ZMO1787_peak_1614	151.11	pZM39	6857	6858	TSS_4620	.	+	75
pZM39	10764	10765	ZMO1787_peak_1615	153.313	pZM39	6857	6858	TSS_4620	.	+	3907
pZM39	12862	12863	ZMO1787_peak_1616	101.383	pZM39	6857	6858	TSS_4620	.	+	6005
pZM39	20046	20047	ZMO1787_peak_1617	16.7229	pZM39	19060	19061	TSS_4622	.	-	-986
pZM39	22367	22368	ZMO1787_peak_1618	113.89	pZM39	21477	21478	TSS_4627	.	+	890
pZM39	27062	27063	ZMO1787_peak_1619a	247.021	pZM39	24683	24684	TSS_4631	.	-	-2379
pZM39	27300	27301	ZMO1787_peak_1619b	280.701	pZM39	24683	24684	TSS_4631	.	-	-2617
pZM39	27598	27599	ZMO1787_peak_1619c	96.8946	pZM39	24683	24684	TSS_4631	.	-	-2915
pZM39	28030	28031	ZMO1787_peak_1620a	29.5545	pZM39	24683	24684	TSS_4631	.	-	-3347
pZM39	28191	28192	ZMO1787_peak_1620b	123.274	pZM39	24683	24684	TSS_4631	.	-	-3508
pZM39	28398	28399	ZMO1787_peak_1620c	90.4884	pZM39	24683	24684	TSS_4631	.	-	-3715
pZM39	39056	39057	ZMO1787_peak_1621	58.0724	pZM39	38816	38817	TSS_4652	.	+	240
ZM4	68	69	ZMO1793_peak_1	140.695	ZM4	12709	12710	TSS_0006	.	+	-12641
ZM4	7985	7986	ZMO1793_peak_2	158.118	ZM4	12709	12710	TSS_0006	.	+	-4724
ZM4	26169	26170	ZMO1793_peak_3	507.043	ZM4	26028	26029	TSS_0027	.	-	-141
ZM4	33985	33986	ZMO1793_peak_4	751.68	ZM4	34058	34059	TSS_0031	.	+	-73
ZM4	35191	35192	ZMO1793_peak_5	185.154	ZM4	34171	34172	TSS_0032	.	+	1020
ZM4	37177	37178	ZMO1793_peak_6	97.3884	ZM4	37928	37929	TSS_0035	.	+	-751
ZM4	43320	43321	ZMO1793_peak_7a	332.992	ZM4	43156	43157	TSS_0059	.	-	-164
ZM4	43515	43516	ZMO1793_peak_7b	158.175	ZM4	43156	43157	TSS_0059	.	-	-359
ZM4	76559	76560	ZMO1793_peak_8	1464.8	ZM4	74934	74935	TSS_0099	.	-	-1625
ZM4	85220	85221	ZMO1793_peak_9	216.818	ZM4	85198	85199	TSS_0111	.	-	-22
ZM4	95178	95179	ZMO1793_peak_10a	4496.03	ZM4	94651	94652	TSS_0124	.	-	-527
ZM4	95555	95556	ZMO1793_peak_10b	18.4257	ZM4	94651	94652	TSS_0124	.	-	-904
ZM4	97721	97722	ZMO1793_peak_11	111.195	ZM4	99594	99595	TSS_0136	.	+	-1873
ZM4	100427	100428	ZMO1793_peak_12	6005.96	ZM4	100905	100906	TSS_0139	.	+	-478
ZM4	119291	119292	ZMO1793_peak_13	73.4236	ZM4	119236	119237	TSS_0172	.	-	-55
ZM4	127511	127512	ZMO1793_peak_14	419.333	ZM4	129849	129850	TSS_0193	.	-	2338
ZM4	150732	150733	ZMO1793_peak_15	11.3383	ZM4	150727	150728	TSS_0247	.	+	5
ZM4	166542	166543	ZMO1793_peak_16	52.0351	ZM4	166932	166933	TSS_0325	.	+	-390
ZM4	177454	177455	ZMO1793_peak_17	134.955	ZM4	175617	175618	TSS_0374	.	+	1837
ZM4	182686	182687	ZMO1793_peak_18	150.772	ZM4	181512	181513	TSS_0379	.	-	-1174
ZM4	185163	185164	ZMO1793_peak_19	31.3817	ZM4	185047	185048	TSS_0381	.	-	-116
ZM4	196755	196756	ZMO1793_peak_20	88.3579	ZM4	196961	196962	TSS_0399	.	+	-206
ZM4	208921	208922	ZMO1793_peak_21	457.414	ZM4	208720	208721	TSS_0417	.	-	-201
ZM4	218705	218706	ZMO1793_peak_22	647.952	ZM4	218162	218163	TSS_0433	.	+	543
ZM4	226712	226713	ZMO1793_peak_23	36.6114	ZM4	226866	226867	TSS_0440	.	+	-154
ZM4	232699	232700	ZMO1793_peak_24	14.5701	ZM4	232592	232593	TSS_0454	.	-	-107
ZM4	239265	239266	ZMO1793_peak_25	76.5109	ZM4	238511	238512	TSS_0470	.	+	754
ZM4	245008	245009	ZMO1793_peak_26	271.731	ZM4	245089	245090	TSS_0500	.	+	-81
ZM4	246521	246522	ZMO1793_peak_27a	14.1413	ZM4	245089	245090	TSS_0500	.	+	1432
ZM4	246708	246709	ZMO1793_peak_27b	14.9759	ZM4	245089	245090	TSS_0500	.	+	1619
ZM4	247353	247354	ZMO1793_peak_28a	9.58784	ZM4	245089	245090	TSS_0500	.	+	2264
ZM4	247463	247464	ZMO1793_peak_28b	5.4299	ZM4	245089	245090	TSS_0500	.	+	2374
ZM4	251560	251561	ZMO1793_peak_29	11.1323	ZM4	245089	245090	TSS_0500	.	+	6471
ZM4	253499	253500	ZMO1793_peak_30	121.481	ZM4	259009	259010	TSS_0512	.	+	-5510
ZM4	265639	265640	ZMO1793_peak_31	4.99949	ZM4	266314	266315	TSS_0529	.	-	675
ZM4	266277	266278	ZMO1793_peak_32a	6.47934	ZM4	266314	266315	TSS_0529	.	-	37
ZM4	266412	266413	ZMO1793_peak_32b	14.0674	ZM4	266314	266315	TSS_0529	.	-	-98
ZM4	268748	268749	ZMO1793_peak_33	58.6081	ZM4	267770	267771	TSS_0530	.	-	-978
ZM4	278858	278859	ZMO1793_peak_34a	28.1201	ZM4	278858	278859	TSS_0540	.	+	0
ZM4	279110	279111	ZMO1793_peak_34b	61.3209	ZM4	278867	278868	TSS_0542	.	+	243
ZM4	299297	299298	ZMO1793_peak_35	863.115	ZM4	299414	299415	TSS_0587	.	-	117
ZM4	301139	301140	ZMO1793_peak_36	1550.28	ZM4	301158	301159	TSS_0595	.	+	-19
ZM4	303228	303229	ZMO1793_peak_37	32.6326	ZM4	303405	303406	TSS_0596	.	-	177
ZM4	320838	320839	ZMO1793_peak_38	1197.71	ZM4	321062	321063	TSS_0625	.	+	-224
ZM4	330639	330640	ZMO1793_peak_39	243.132	ZM4	330645	330646	TSS_0641	.	+	-6
ZM4	338772	338773	ZMO1793_peak_40	55.9321	ZM4	338771	338772	TSS_0658	.	-	-1
ZM4	340584	340585	ZMO1793_peak_41	209.627	ZM4	340636	340637	TSS_0666	.	+	-52
ZM4	358688	358689	ZMO1793_peak_42	272.029	ZM4	359278	359279	TSS_0705	.	+	-590
ZM4	363500	363501	ZMO1793_peak_43a	155.454	ZM4	363690	363691	TSS_0711	.	+	-190
ZM4	363781	363782	ZMO1793_peak_43b	11.7399	ZM4	363690	363691	TSS_0711	.	+	91
ZM4	370758	370759	ZMO1793_peak_44	24.8272	ZM4	370845	370846	TSS_0723	.	+	-87
ZM4	377154	377155	ZMO1793_peak_45	1470.84	ZM4	376022	376023	TSS_0767	.	+	1132
ZM4	378850	378851	ZMO1793_peak_46	118.434	ZM4	378392	378393	TSS_0773	.	+	458
ZM4	379297	379298	ZMO1793_peak_47	24.5257	ZM4	378392	378393	TSS_0773	.	+	905
ZM4	379677	379678	ZMO1793_peak_48	7221.95	ZM4	378392	378393	TSS_0773	.	+	1285
ZM4	384450	384451	ZMO1793_peak_49	58.932	ZM4	385464	385465	TSS_0787	.	-	1014
ZM4	385544	385545	ZMO1793_peak_50	194.102	ZM4	385497	385498	TSS_0790	.	-	-47
ZM4	397690	397691	ZMO1793_peak_51	102.351	ZM4	397722	397723	TSS_0795	.	+	-32
ZM4	404878	404879	ZMO1793_peak_52	33.5497	ZM4	405797	405798	TSS_0803	.	-	919
ZM4	407159	407160	ZMO1793_peak_53	102.22	ZM4	407411	407412	TSS_0807	.	+	-252
ZM4	441010	441011	ZMO1793_peak_54	5.94194	ZM4	440988	440989	TSS_0869	.	+	22
ZM4	452485	452486	ZMO1793_peak_55	258.188	ZM4	452446	452447	TSS_0908	.	-	-39
ZM4	456368	456369	ZMO1793_peak_56	125.361	ZM4	457025	457026	TSS_0911	.	-	657
ZM4	466289	466290	ZMO1793_peak_57	113.713	ZM4	466854	466855	TSS_0950	.	-	565
ZM4	469241	469242	ZMO1793_peak_58	20.4702	ZM4	468600	468601	TSS_0951	.	-	-641
ZM4	470774	470775	ZMO1793_peak_59	181.998	ZM4	470779	470780	TSS_0957	.	+	-5
ZM4	474175	474176	ZMO1793_peak_60	90.929	ZM4	472788	472789	TSS_0963	.	+	1387
ZM4	475775	475776	ZMO1793_peak_61	12.6885	ZM4	476744	476745	TSS_0966	.	-	969
ZM4	479049	479050	ZMO1793_peak_62	83.9429	ZM4	479088	479089	TSS_0973	.	+	-39
ZM4	487905	487906	ZMO1793_peak_63	19.3463	ZM4	487927	487928	TSS_1008	.	+	-22
ZM4	518283	518284	ZMO1793_peak_64	339.787	ZM4	518215	518216	TSS_1078	.	+	68
ZM4	529607	529608	ZMO1793_peak_65	65.5253	ZM4	529507	529508	TSS_1191	.	+	100
ZM4	535991	535992	ZMO1793_peak_66	739.375	ZM4	536066	536067	TSS_1234	.	+	-75
ZM4	545050	545051	ZMO1793_peak_67	10630.2	ZM4	544541	544542	TSS_1289	.	-	-509
ZM4	559176	559177	ZMO1793_peak_68	28.802	ZM4	559230	559231	TSS_1328	.	+	-54
ZM4	563034	563035	ZMO1793_peak_69	81.0094	ZM4	563393	563394	TSS_1338	.	-	359
ZM4	565110	565111	ZMO1793_peak_70	9338.8	ZM4	564760	564761	TSS_1350	.	-	-350
ZM4	573761	573762	ZMO1793_peak_71	8.14447	ZM4	573476	573477	TSS_1369	.	+	285
ZM4	583813	583814	ZMO1793_peak_72	4.14543	ZM4	583872	583873	TSS_1375	.	-	59
ZM4	622912	622913	ZMO1793_peak_73	41.4448	ZM4	623556	623557	TSS_1448	.	+	-644
ZM4	644361	644362	ZMO1793_peak_74	116.999	ZM4	644525	644526	TSS_1488	.	-	164
ZM4	671978	671979	ZMO1793_peak_75	235.64	ZM4	672208	672209	TSS_1555	.	-	230
ZM4	673742	673743	ZMO1793_peak_76	1981.41	ZM4	673600	673601	TSS_1559	.	-	-142
ZM4	678214	678215	ZMO1793_peak_77	9.95888	ZM4	678192	678193	TSS_1560	.	+	22
ZM4	682667	682668	ZMO1793_peak_78	760.126	ZM4	684964	684965	TSS_1564	.	-	2297
ZM4	687804	687805	ZMO1793_peak_79	128.064	ZM4	687621	687622	TSS_1575	.	-	-183
ZM4	693804	693805	ZMO1793_peak_80	486.074	ZM4	693748	693749	TSS_1591	.	-	-56
ZM4	751069	751070	ZMO1793_peak_81	125.807	ZM4	751307	751308	TSS_1753	.	+	-238
ZM4	751786	751787	ZMO1793_peak_82	105.603	ZM4	751854	751855	TSS_1755	.	+	-68
ZM4	788587	788588	ZMO1793_peak_83	901.406	ZM4	792107	792108	TSS_1806	.	+	-3520
ZM4	791524	791525	ZMO1793_peak_84	480.686	ZM4	792107	792108	TSS_1806	.	+	-583
ZM4	798317	798318	ZMO1793_peak_85	31.6941	ZM4	797198	797199	TSS_1809	.	-	-1119
ZM4	799790	799791	ZMO1793_peak_86	15.8139	ZM4	800835	800836	TSS_1810	.	-	1045
ZM4	807454	807455	ZMO1793_peak_87	700.87	ZM4	810611	810612	TSS_1815	.	-	3157
ZM4	817223	817224	ZMO1793_peak_88	44.7082	ZM4	817180	817181	TSS_1821	.	+	43
ZM4	820135	820136	ZMO1793_peak_89	8.43208	ZM4	820157	820158	TSS_1853	.	+	-22
ZM4	826460	826461	ZMO1793_peak_90a	86.7344	ZM4	826778	826779	TSS_1868	.	+	-318
ZM4	826767	826768	ZMO1793_peak_90b	213.307	ZM4	826778	826779	TSS_1868	.	+	-11
ZM4	843701	843702	ZMO1793_peak_91	142.328	ZM4	843741	843742	TSS_1886	.	+	-40
ZM4	862219	862220	ZMO1793_peak_92a	39.7986	ZM4	862488	862489	TSS_1919	.	+	-269
ZM4	862392	862393	ZMO1793_peak_92b	126.867	ZM4	862488	862489	TSS_1919	.	+	-96
ZM4	862705	862706	ZMO1793_peak_92c	65.6327	ZM4	862764	862765	TSS_1922	.	+	-59
ZM4	862828	862829	ZMO1793_peak_92d	44.3606	ZM4	862766	862767	TSS_1923	.	+	62
ZM4	869608	869609	ZMO1793_peak_93	34.6143	ZM4	869458	869459	TSS_1936	.	-	-150
ZM4	876781	876782	ZMO1793_peak_94	74.6269	ZM4	876775	876776	TSS_1957	.	+	6
ZM4	877903	877904	ZMO1793_peak_95	15.8278	ZM4	877979	877980	TSS_1958	.	+	-76
ZM4	890951	890952	ZMO1793_peak_96	18.1736	ZM4	890937	890938	TSS_1988	.	-	-14
ZM4	897713	897714	ZMO1793_peak_97	51.2353	ZM4	896865	896866	TSS_2001	.	-	-848
ZM4	899142	899143	ZMO1793_peak_98a	1174.69	ZM4	899111	899112	TSS_2003	.	-	-31
ZM4	899445	899446	ZMO1793_peak_98b	1406.23	ZM4	899111	899112	TSS_2003	.	-	-334
ZM4	900312	900313	ZMO1793_peak_99	65.5253	ZM4	901168	901169	TSS_2006	.	-	856
ZM4	906789	906790	ZMO1793_peak_100	22.9111	ZM4	906999	907000	TSS_2014	.	-	210
ZM4	922378	922379	ZMO1793_peak_101	132.722	ZM4	924784	924785	TSS_2042	.	-	2406
ZM4	924621	924622	ZMO1793_peak_102	8.45969	ZM4	924784	924785	TSS_2042	.	-	163
ZM4	926675	926676	ZMO1793_peak_103	41.9888	ZM4	926796	926797	TSS_2046	.	+	-121
ZM4	927672	927673	ZMO1793_peak_104	18.1735	ZM4	927121	927122	TSS_2054	.	-	-551
ZM4	935197	935198	ZMO1793_peak_105a	149.736	ZM4	935263	935264	TSS_2073	.	+	-66
ZM4	935401	935402	ZMO1793_peak_105b	15.4127	ZM4	935535	935536	TSS_2074	.	+	-134
ZM4	937066	937067	ZMO1793_peak_106	132.905	ZM4	937176	937177	TSS_2079	.	+	-110
ZM4	938778	938779	ZMO1793_peak_107	396.414	ZM4	938778	938779	TSS_2085	.	+	0
ZM4	940425	940426	ZMO1793_peak_108	16.4705	ZM4	938778	938779	TSS_2085	.	+	1647
ZM4	941512	941513	ZMO1793_peak_109	6.72247	ZM4	938778	938779	TSS_2085	.	+	2734
ZM4	949801	949802	ZMO1793_peak_110	21.0254	ZM4	949302	949303	TSS_2103	.	+	499
ZM4	955190	955191	ZMO1793_peak_111	171.384	ZM4	954996	954997	TSS_2109	.	-	-194
ZM4	957580	957581	ZMO1793_peak_112	31.609	ZM4	957435	957436	TSS_2111	.	-	-145
ZM4	986043	986044	ZMO1793_peak_113	42.7394	ZM4	986158	986159	TSS_2179	.	+	-115
ZM4	1006594	1006595	ZMO1793_peak_114	150.146	ZM4	1005664	1005665	TSS_2204	.	-	-930
ZM4	1013384	1013385	ZMO1793_peak_115	39.4415	ZM4	1013306	1013307	TSS_2238	.	+	78
ZM4	1029485	1029486	ZMO1793_peak_116	37.4146	ZM4	1030111	1030112	TSS_2278	.	+	-626
ZM4	1055193	1055194	ZMO1793_peak_117	5896.75	ZM4	1055163	1055164	TSS_2348	.	+	30
ZM4	1059420	1059421	ZMO1793_peak_118a	233.171	ZM4	1061294	1061295	TSS_2358	.	+	-1874
ZM4	1059711	1059712	ZMO1793_peak_118b	5.80808	ZM4	1061294	1061295	TSS_2358	.	+	-1583
ZM4	1061198	1061199	ZMO1793_peak_119	19.7137	ZM4	1061294	1061295	TSS_2358	.	+	-96
ZM4	1067154	1067155	ZMO1793_peak_120	11.5783	ZM4	1067834	1067835	TSS_2373	.	+	-680
ZM4	1071449	1071450	ZMO1793_peak_121	15.0272	ZM4	1071475	1071476	TSS_2379	.	+	-26
ZM4	1077930	1077931	ZMO1793_peak_122	7.37934	ZM4	1078025	1078026	TSS_2390	.	+	-95
ZM4	1082640	1082641	ZMO1793_peak_123	217.239	ZM4	1082288	1082289	TSS_2417	.	-	-352
ZM4	1089284	1089285	ZMO1793_peak_124	46.4369	ZM4	1089330	1089331	TSS_2433	.	+	-46
ZM4	1098513	1098514	ZMO1793_peak_125	30.1778	ZM4	1098695	1098696	TSS_2439	.	+	-182
ZM4	1107831	1107832	ZMO1793_peak_126	18.6496	ZM4	1107819	1107820	TSS_2449	.	+	12
ZM4	1127139	1127140	ZMO1793_peak_127a	40.4495	ZM4	1127127	1127128	TSS_2486	.	-	-12
ZM4	1127330	1127331	ZMO1793_peak_127b	4.22157	ZM4	1127318	1127319	TSS_2492	.	+	12
ZM4	1160436	1160437	ZMO1793_peak_128	35.7904	ZM4	1160414	1160415	TSS_2569	.	+	22
ZM4	1164437	1164438	ZMO1793_peak_129	32.6966	ZM4	1164717	1164718	TSS_2575	.	-	280
ZM4	1177698	1177699	ZMO1793_peak_130	726.867	ZM4	1176964	1176965	TSS_2620	.	+	734
ZM4	1180572	1180573	ZMO1793_peak_131	31.0984	ZM4	1180926	1180927	TSS_2627	.	+	-354
ZM4	1203375	1203376	ZMO1793_peak_132	18.9694	ZM4	1203316	1203317	TSS_2666	.	-	-59
ZM4	1204515	1204516	ZMO1793_peak_133	149.792	ZM4	1204323	1204324	TSS_2670	.	-	-192
ZM4	1208739	1208740	ZMO1793_peak_134	406.914	ZM4	1208971	1208972	TSS_2679	.	+	-232
ZM4	1210982	1210983	ZMO1793_peak_135a	185.608	ZM4	1211854	1211855	TSS_2681	.	-	872
ZM4	1211125	1211126	ZMO1793_peak_135b	106.697	ZM4	1211854	1211855	TSS_2681	.	-	729
ZM4	1211912	1211913	ZMO1793_peak_136	22.0863	ZM4	1211854	1211855	TSS_2681	.	-	-58
ZM4	1214811	1214812	ZMO1793_peak_137	40.5057	ZM4	1212228	1212229	TSS_2686	.	+	2583
ZM4	1231049	1231050	ZMO1793_peak_138	20.6101	ZM4	1231054	1231055	TSS_2705	.	-	5
ZM4	1232198	1232199	ZMO1793_peak_139	28.397	ZM4	1232237	1232238	TSS_2707	.	+	-39
ZM4	1236226	1236227	ZMO1793_peak_140	21.1391	ZM4	1236263	1236264	TSS_2716	.	-	37
ZM4	1239762	1239763	ZMO1793_peak_141	295.669	ZM4	1239730	1239731	TSS_2740	.	-	-32
ZM4	1256419	1256420	ZMO1793_peak_142a	1890.47	ZM4	1255857	1255858	TSS_2803	.	+	562
ZM4	1256753	1256754	ZMO1793_peak_142b	21.7278	ZM4	1255857	1255858	TSS_2803	.	+	896
ZM4	1262923	1262924	ZMO1793_peak_143	32.2989	ZM4	1262861	1262862	TSS_2826	.	-	-62
ZM4	1264455	1264456	ZMO1793_peak_144	14.1242	ZM4	1264494	1264495	TSS_2829	.	-	39
ZM4	1276166	1276167	ZMO1793_peak_145	135.063	ZM4	1278786	1278787	TSS_2859	.	+	-2620
ZM4	1278734	1278735	ZMO1793_peak_146	182.693	ZM4	1278786	1278787	TSS_2859	.	+	-52
ZM4	1300932	1300933	ZMO1793_peak_147	112.853	ZM4	1302227	1302228	TSS_2906	.	-	1295
ZM4	1302718	1302719	ZMO1793_peak_148	353.229	ZM4	1302961	1302962	TSS_2909	.	-	243
ZM4	1303191	1303192	ZMO1793_peak_149a	12.4845	ZM4	1302993	1302994	TSS_2912	.	-	-198
ZM4	1303329	1303330	ZMO1793_peak_149b	14.9356	ZM4	1302993	1302994	TSS_2912	.	-	-336
ZM4	1304048	1304049	ZMO1793_peak_150	19.4242	ZM4	1304150	1304151	TSS_2916	.	+	-102
ZM4	1307805	1307806	ZMO1793_peak_151	3895.13	ZM4	1307713	1307714	TSS_2933	.	-	-92
ZM4	1310028	1310029	ZMO1793_peak_152a	31.2058	ZM4	1311230	1311231	TSS_2940	.	-	1202
ZM4	1310211	1310212	ZMO1793_peak_152b	3.71601	ZM4	1311230	1311231	TSS_2940	.	-	1019
ZM4	1311306	1311307	ZMO1793_peak_153	106.161	ZM4	1311230	1311231	TSS_2940	.	-	-76
ZM4	1313003	1313004	ZMO1793_peak_154	42.3292	ZM4	1312979	1312980	TSS_2943	.	+	24
ZM4	1315275	1315276	ZMO1793_peak_155a	11.9985	ZM4	1315308	1315309	TSS_2945	.	+	-33
ZM4	1315597	1315598	ZMO1793_peak_155b	120.645	ZM4	1315843	1315844	TSS_2947	.	+	-246
ZM4	1315983	1315984	ZMO1793_peak_155c	1276.35	ZM4	1315964	1315965	TSS_2950	.	+	19
ZM4	1318739	1318740	ZMO1793_peak_156	18.1051	ZM4	1316003	1316004	TSS_2951	.	+	2736
ZM4	1319627	1319628	ZMO1793_peak_157a	34.0061	ZM4	1322319	1322320	TSS_2955	.	-	2692
ZM4	1319901	1319902	ZMO1793_peak_157b	33.2148	ZM4	1322319	1322320	TSS_2955	.	-	2418
ZM4	1337864	1337865	ZMO1793_peak_158	86.9342	ZM4	1338535	1338536	TSS_2986	.	-	671
ZM4	1346165	1346166	ZMO1793_peak_159	15.7223	ZM4	1345567	1345568	TSS_3006	.	+	598
ZM4	1354405	1354406	ZMO1793_peak_160	266.19	ZM4	1354443	1354444	TSS_3030	.	+	-38
ZM4	1368718	1368719	ZMO1793_peak_161	668.64	ZM4	1368730	1368731	TSS_3070	.	-	12
ZM4	1377712	1377713	ZMO1793_peak_162	54.3365	ZM4	1377709	1377710	TSS_3118	.	-	-3
ZM4	1379935	1379936	ZMO1793_peak_163	412.011	ZM4	1379883	1379884	TSS_3124	.	+	52
ZM4	1395417	1395418	ZMO1793_peak_164	35.0424	ZM4	1395415	1395416	TSS_3155	.	-	-2
ZM4	1407410	1407411	ZMO1793_peak_165	35.7454	ZM4	1409018	1409019	TSS_3170	.	+	-1608
ZM4	1410370	1410371	ZMO1793_peak_166	50.2297	ZM4	1409050	1409051	TSS_3171	.	-	-1320
ZM4	1420922	1420923	ZMO1793_peak_167	23.9077	ZM4	1420890	1420891	TSS_3191	.	-	-32
ZM4	1422154	1422155	ZMO1793_peak_168	7.76076	ZM4	1422132	1422133	TSS_3193	.	-	-22
ZM4	1427810	1427811	ZMO1793_peak_169	20.8756	ZM4	1427735	1427736	TSS_3224	.	-	-75
ZM4	1429563	1429564	ZMO1793_peak_170	12.8957	ZM4	1429639	1429640	TSS_3229	.	+	-76
ZM4	1451444	1451445	ZMO1793_peak_171	272.536	ZM4	1451208	1451209	TSS_3251	.	-	-236
ZM4	1457555	1457556	ZMO1793_peak_172	86.4097	ZM4	1458639	1458640	TSS_3257	.	-	1084
ZM4	1459543	1459544	ZMO1793_peak_173	9187.43	ZM4	1459521	1459522	TSS_3259	.	-	-22
ZM4	1462044	1462045	ZMO1793_peak_174	11.9361	ZM4	1462045	1462046	TSS_3264	.	-	1
ZM4	1463711	1463712	ZMO1793_peak_175	107.994	ZM4	1462045	1462046	TSS_3264	.	-	-1666
ZM4	1470804	1470805	ZMO1793_peak_176	3087.52	ZM4	1468913	1468914	TSS_3272	.	-	-1891
ZM4	1479053	1479054	ZMO1793_peak_177	35.9432	ZM4	1480998	1480999	TSS_3279	.	-	1945
ZM4	1480102	1480103	ZMO1793_peak_178a	184.61	ZM4	1480998	1480999	TSS_3279	.	-	896
ZM4	1480329	1480330	ZMO1793_peak_178b	356.704	ZM4	1480998	1480999	TSS_3279	.	-	669
ZM4	1485999	1486000	ZMO1793_peak_179	72.7569	ZM4	1486364	1486365	TSS_3284	.	-	365
ZM4	1486398	1486399	ZMO1793_peak_180	209.244	ZM4	1486365	1486366	TSS_3285	.	-	-33
ZM4	1489691	1489692	ZMO1793_peak_181	2282.22	ZM4	1489121	1489122	TSS_3290	.	+	570
ZM4	1490841	1490842	ZMO1793_peak_182a	298.424	ZM4	1489121	1489122	TSS_3290	.	+	1720
ZM4	1491232	1491233	ZMO1793_peak_182b	92.5627	ZM4	1492604	1492605	TSS_3294	.	-	1372
ZM4	1491699	1491700	ZMO1793_peak_183	92.3974	ZM4	1492604	1492605	TSS_3294	.	-	905
ZM4	1492269	1492270	ZMO1793_peak_184a	257.795	ZM4	1492604	1492605	TSS_3294	.	-	335
ZM4	1492485	1492486	ZMO1793_peak_184b	1384.33	ZM4	1492604	1492605	TSS_3294	.	-	119
ZM4	1496159	1496160	ZMO1793_peak_185	94.9475	ZM4	1495948	1495949	TSS_3299	.	-	-211
ZM4	1497285	1497286	ZMO1793_peak_186	34.1204	ZM4	1495948	1495949	TSS_3299	.	-	-1337
ZM4	1501291	1501292	ZMO1793_peak_187	797.703	ZM4	1501598	1501599	TSS_3304	.	-	307
ZM4	1505655	1505656	ZMO1793_peak_188	15.0123	ZM4	1505529	1505530	TSS_3319	.	-	-126
ZM4	1509328	1509329	ZMO1793_peak_189	203.481	ZM4	1512700	1512701	TSS_3323	.	+	-3372
ZM4	1517248	1517249	ZMO1793_peak_190a	36.0251	ZM4	1517256	1517257	TSS_3343	.	+	-8
ZM4	1517339	1517340	ZMO1793_peak_190b	34.6961	ZM4	1517350	1517351	TSS_3355	.	+	-11
ZM4	1517636	1517637	ZMO1793_peak_190c	42.731	ZM4	1517576	1517577	TSS_3368	.	-	-60
ZM4	1519815	1519816	ZMO1793_peak_191	196.673	ZM4	1518240	1518241	TSS_3374	.	+	1575
ZM4	1522289	1522290	ZMO1793_peak_192a	125.777	ZM4	1522124	1522125	TSS_3380	.	-	-165
ZM4	1522454	1522455	ZMO1793_peak_192b	70.8503	ZM4	1522536	1522537	TSS_3381	.	+	-82
ZM4	1547065	1547066	ZMO1793_peak_193	1396.59	ZM4	1547277	1547278	TSS_3436	.	+	-212
ZM4	1548715	1548716	ZMO1793_peak_194	3.92311	ZM4	1547344	1547345	TSS_3443	.	+	1371
ZM4	1550618	1550619	ZMO1793_peak_195	1758.94	ZM4	1550719	1550720	TSS_3456	.	+	-101
ZM4	1563231	1563232	ZMO1793_peak_196	138.727	ZM4	1563184	1563185	TSS_3475	.	-	-47
ZM4	1567507	1567508	ZMO1793_peak_197a	43.1298	ZM4	1565803	1565804	TSS_3481	.	+	1704
ZM4	1567629	1567630	ZMO1793_peak_197b	26.2447	ZM4	1565803	1565804	TSS_3481	.	+	1826
ZM4	1568093	1568094	ZMO1793_peak_198a	7.9926	ZM4	1565803	1565804	TSS_3481	.	+	2290
ZM4	1568594	1568595	ZMO1793_peak_198b	1835.29	ZM4	1565803	1565804	TSS_3481	.	+	2791
ZM4	1569232	1569233	ZMO1793_peak_199	3128.84	ZM4	1565803	1565804	TSS_3481	.	+	3429
ZM4	1593866	1593867	ZMO1793_peak_200	1049.53	ZM4	1593641	1593642	TSS_3527	.	+	225
ZM4	1604944	1604945	ZMO1793_peak_201	48.3216	ZM4	1605086	1605087	TSS_3544	.	+	-142
ZM4	1620835	1620836	ZMO1793_peak_202	320.301	ZM4	1620985	1620986	TSS_3553	.	+	-150
ZM4	1630091	1630092	ZMO1793_peak_203a	38.8046	ZM4	1627080	1627081	TSS_3564	.	+	3011
ZM4	1630321	1630322	ZMO1793_peak_203b	26.8544	ZM4	1627080	1627081	TSS_3564	.	+	3241
ZM4	1636430	1636431	ZMO1793_peak_204a	9.05706	ZM4	1636761	1636762	TSS_3575	.	+	-331
ZM4	1636618	1636619	ZMO1793_peak_204b	34.3161	ZM4	1636761	1636762	TSS_3575	.	+	-143
ZM4	1669149	1669150	ZMO1793_peak_205	378.626	ZM4	1669286	1669287	TSS_3662	.	+	-137
ZM4	1671662	1671663	ZMO1793_peak_206	306.058	ZM4	1671640	1671641	TSS_3666	.	+	22
ZM4	1677086	1677087	ZMO1793_peak_207	198.188	ZM4	1676955	1676956	TSS_3668	.	-	-131
ZM4	1695527	1695528	ZMO1793_peak_208	242.595	ZM4	1695623	1695624	TSS_3704	.	+	-96
ZM4	1696530	1696531	ZMO1793_peak_209	21.5127	ZM4	1696586	1696587	TSS_3707	.	+	-56
ZM4	1705429	1705430	ZMO1793_peak_210	66.5837	ZM4	1705421	1705422	TSS_3735	.	+	8
ZM4	1718579	1718580	ZMO1793_peak_211	334.128	ZM4	1718669	1718670	TSS_3753	.	+	-90
ZM4	1719167	1719168	ZMO1793_peak_212	7.46394	ZM4	1718875	1718876	TSS_3755	.	+	292
ZM4	1726612	1726613	ZMO1793_peak_213	27.886	ZM4	1726705	1726706	TSS_3767	.	+	-93
ZM4	1731439	1731440	ZMO1793_peak_214	355.495	ZM4	1731666	1731667	TSS_3771	.	+	-227
ZM4	1739803	1739804	ZMO1793_peak_215	26.336	ZM4	1739858	1739859	TSS_3778	.	+	-55
ZM4	1751537	1751538	ZMO1793_peak_216a	1050.11	ZM4	1751553	1751554	TSS_3807	.	+	-16
ZM4	1751737	1751738	ZMO1793_peak_216b	822.254	ZM4	1751658	1751659	TSS_3808	.	+	79
ZM4	1761639	1761640	ZMO1793_peak_217	15.2995	ZM4	1761090	1761091	TSS_3831	.	+	549
ZM4	1767007	1767008	ZMO1793_peak_218	15.5611	ZM4	1766945	1766946	TSS_3864	.	+	62
ZM4	1768354	1768355	ZMO1793_peak_219	273.796	ZM4	1768475	1768476	TSS_3866	.	+	-121
ZM4	1780330	1780331	ZMO1793_peak_220	4982.71	ZM4	1780429	1780430	TSS_3907	.	+	-99
ZM4	1796361	1796362	ZMO1793_peak_221a	111.981	ZM4	1796927	1796928	TSS_3931	.	+	-566
ZM4	1796772	1796773	ZMO1793_peak_221b	84.3457	ZM4	1796927	1796928	TSS_3931	.	+	-155
ZM4	1797871	1797872	ZMO1793_peak_222a	49.7681	ZM4	1797947	1797948	TSS_3957	.	+	-76
ZM4	1798097	1798098	ZMO1793_peak_222b	109.01	ZM4	1798084	1798085	TSS_3961	.	+	13
ZM4	1801772	1801773	ZMO1793_peak_223	11350	ZM4	1801999	1802000	TSS_3966	.	+	-227
ZM4	1820764	1820765	ZMO1793_peak_224	12.9987	ZM4	1820819	1820820	TSS_3998	.	+	-55
ZM4	1829930	1829931	ZMO1793_peak_225	131.906	ZM4	1827380	1827381	TSS_4024	.	-	-2550
ZM4	1832822	1832823	ZMO1793_peak_226	47.2836	ZM4	1834544	1834545	TSS_4033	.	+	-1722
ZM4	1838839	1838840	ZMO1793_peak_227	36858	ZM4	1840491	1840492	TSS_4059	.	-	1652
ZM4	1849880	1849881	ZMO1793_peak_228	4.53909	ZM4	1849748	1849749	TSS_4086	.	-	-132
ZM4	1850921	1850922	ZMO1793_peak_229	13.8544	ZM4	1849748	1849749	TSS_4086	.	-	-1173
ZM4	1860626	1860627	ZMO1793_peak_230a	50.3468	ZM4	1860551	1860552	TSS_4093	.	-	-75
ZM4	1860730	1860731	ZMO1793_peak_230b	89.956	ZM4	1860551	1860552	TSS_4093	.	-	-179
ZM4	1861041	1861042	ZMO1793_peak_230c	3.82277	ZM4	1860551	1860552	TSS_4093	.	-	-490
ZM4	1868465	1868466	ZMO1793_peak_231	704.523	ZM4	1868635	1868636	TSS_4103	.	+	-170
ZM4	1879382	1879383	ZMO1793_peak_232	66.06	ZM4	1882290	1882291	TSS_4110	.	-	2908
ZM4	1882324	1882325	ZMO1793_peak_233	198.484	ZM4	1882292	1882293	TSS_4112	.	-	-32
ZM4	1885015	1885016	ZMO1793_peak_234	53.3535	ZM4	1884937	1884938	TSS_4122	.	-	-78
ZM4	1887832	1887833	ZMO1793_peak_235	39.5936	ZM4	1888831	1888832	TSS_4130	.	-	999
ZM4	1889762	1889763	ZMO1793_peak_236	120.473	ZM4	1889724	1889725	TSS_4133	.	-	-38
ZM4	1890350	1890351	ZMO1793_peak_237	22.809	ZM4	1890387	1890388	TSS_4135	.	+	-37
ZM4	1893325	1893326	ZMO1793_peak_238	20.0918	ZM4	1893193	1893194	TSS_4139	.	-	-132
ZM4	1896965	1896966	ZMO1793_peak_239	63.6463	ZM4	1895930	1895931	TSS_4141	.	-	-1035
ZM4	1899516	1899517	ZMO1793_peak_240	1372.65	ZM4	1895930	1895931	TSS_4141	.	-	-3586
ZM4	1905984	1905985	ZMO1793_peak_241	345.673	ZM4	1908779	1908780	TSS_4143	.	-	2795
ZM4	1908984	1908985	ZMO1793_peak_242	87.9963	ZM4	1908781	1908782	TSS_4144	.	-	-203
ZM4	1939265	1939266	ZMO1793_peak_243	3104	ZM4	1939167	1939168	TSS_4219	.	-	-98
ZM4	1943220	1943221	ZMO1793_peak_244	83.926	ZM4	1942730	1942731	TSS_4229	.	-	-490
ZM4	1946041	1946042	ZMO1793_peak_245	14.5414	ZM4	1945935	1945936	TSS_4238	.	+	106
ZM4	1950472	1950473	ZMO1793_peak_246	53.863	ZM4	1950035	1950036	TSS_4246	.	-	-437
ZM4	1965656	1965657	ZMO1793_peak_247a	13.1794	ZM4	1965803	1965804	TSS_4297	.	+	-147
ZM4	1965831	1965832	ZMO1793_peak_247b	47.8217	ZM4	1965804	1965805	TSS_4298	.	+	27
ZM4	1970082	1970083	ZMO1793_peak_248	111.395	ZM4	1970168	1970169	TSS_4305	.	-	86
ZM4	1971883	1971884	ZMO1793_peak_249	1.89613	ZM4	1971103	1971104	TSS_4309	.	-	-780
ZM4	1972962	1972963	ZMO1793_peak_250	2055.13	ZM4	1973025	1973026	TSS_4311	.	+	-63
ZM4	2013521	2013522	ZMO1793_peak_251	19.4402	ZM4	2013495	2013496	TSS_4385	.	-	-26
ZM4	2016662	2016663	ZMO1793_peak_252	56.3052	ZM4	2016865	2016866	TSS_4389	.	-	203
ZM4	2021199	2021200	ZMO1793_peak_253a	155.316	ZM4	2020374	2020375	TSS_4395	.	-	-825
ZM4	2021551	2021552	ZMO1793_peak_253b	9337.17	ZM4	2020374	2020375	TSS_4395	.	-	-1177
ZM4	2032623	2032624	ZMO1793_peak_254a	399.075	ZM4	2033927	2033928	TSS_4406	.	-	1304
ZM4	2032892	2032893	ZMO1793_peak_254b	2.77512	ZM4	2033927	2033928	TSS_4406	.	-	1035
ZM4	2038633	2038634	ZMO1793_peak_255	48.7193	ZM4	2037494	2037495	TSS_4413	.	+	1139
ZM4	2045841	2045842	ZMO1793_peak_256	119.754	ZM4	2045899	2045900	TSS_4417	.	+	-58
ZM4	2048363	2048364	ZMO1793_peak_257	782.22	ZM4	2045899	2045900	TSS_4417	.	+	2464
ZM4	2058610	2058611	ZMO1793_peak_258	316.66	ZM4	2058164	2058165	TSS_4428	.	-	-446
pZM32	1885	1886	ZMO1793_peak_259	169.706	pZM32	4033	4034	TSS_4431	.	+	-2148
pZM32	2654	2655	ZMO1793_peak_260	537.553	pZM32	4033	4034	TSS_4431	.	+	-1379
pZM32	3779	3780	ZMO1793_peak_261	24.3715	pZM32	4033	4034	TSS_4431	.	+	-254
pZM32	7040	7041	ZMO1793_peak_262	48.1901	pZM32	5676	5677	TSS_4434	.	+	1364
pZM32	8594	8595	ZMO1793_peak_263	359.139	pZM32	11376	11377	TSS_4444	.	-	2782
pZM32	13572	13573	ZMO1793_peak_264	41.8732	pZM32	14287	14288	TSS_4453	.	+	-715
pZM32	14321	14322	ZMO1793_peak_265	16.1219	pZM32	14287	14288	TSS_4453	.	+	34
pZM32	19386	19387	ZMO1793_peak_266	34.8031	pZM32	18516	18517	TSS_4463	.	-	-870
pZM33	2363	2364	ZMO1793_peak_267	815.337	pZM33	2327	2328	TSS_4498	.	-	-36
pZM33	3443	3444	ZMO1793_peak_268a	13.031	pZM33	2542	2543	TSS_4503	.	+	901
pZM33	3586	3587	ZMO1793_peak_268b	22.5346	pZM33	4574	4575	TSS_4504	.	-	988
pZM33	6121	6122	ZMO1793_peak_269	103.353	pZM33	4574	4575	TSS_4504	.	-	-1547
pZM33	7425	7426	ZMO1793_peak_270	7.01545	pZM33	8360	8361	TSS_4507	.	+	-935
pZM33	10623	10624	ZMO1793_peak_271	11.2246	pZM33	10739	10740	TSS_4514	.	+	-116
pZM33	12170	12171	ZMO1793_peak_272	2570.79	pZM33	13259	13260	TSS_4520	.	+	-1089
pZM33	15214	15215	ZMO1793_peak_273	25.7826	pZM33	16701	16702	TSS_4525	.	-	1487
pZM33	20700	20701	ZMO1793_peak_274	85.1812	pZM33	18494	18495	TSS_4537	.	+	2206
pZM33	21627	21628	ZMO1793_peak_275	15.327	pZM33	23287	23288	TSS_4552	.	-	1660
pZM33	30248	30249	ZMO1793_peak_276	2620.96	pZM33	30621	30622	TSS_4572	.	-	373
pZM36	5221	5222	ZMO1793_peak_277	29.6779	pZM36	13287	13288	TSS_4582	.	+	-8066
pZM36	7206	7207	ZMO1793_peak_278	44.7082	pZM36	13287	13288	TSS_4582	.	+	-6081
pZM36	10061	10062	ZMO1793_peak_279	125.709	pZM36	13287	13288	TSS_4582	.	+	-3226
pZM36	15932	15933	ZMO1793_peak_280	179.299	pZM36	15485	15486	TSS_4584	.	-	-447
pZM36	16468	16469	ZMO1793_peak_281	18.1735	pZM36	16769	16770	TSS_4586	.	-	301
pZM36	27627	27628	ZMO1793_peak_282	22.0836	pZM36	28416	28417	TSS_4603	.	+	-789
pZM36	28199	28200	ZMO1793_peak_283a	1.95105	pZM36	28416	28417	TSS_4603	.	+	-217
pZM36	28358	28359	ZMO1793_peak_283b	78.6077	pZM36	28416	28417	TSS_4603	.	+	-58
pZM39	1146	1147	ZMO1793_peak_284	3609.36	pZM39	26	27	TSS_4608	.	+	1120
pZM39	1728	1729	ZMO1793_peak_285	3660.42	pZM39	2634	2635	TSS_4612	.	+	-906
pZM39	2663	2664	ZMO1793_peak_286	235.993	pZM39	2677	2678	TSS_4613	.	+	-14
pZM39	3447	3448	ZMO1793_peak_287	614.97	pZM39	2690	2691	TSS_4614	.	+	757
pZM39	7841	7842	ZMO1793_peak_288	69.4571	pZM39	6857	6858	TSS_4620	.	+	984
pZM39	8889	8890	ZMO1793_peak_289	1158.86	pZM39	6857	6858	TSS_4620	.	+	2032
pZM39	20258	20259	ZMO1793_peak_290	3876.65	pZM39	21422	21423	TSS_4624	.	+	-1164
pZM39	26048	26049	ZMO1793_peak_291	120.192	pZM39	24683	24684	TSS_4631	.	-	-1365
pZM39	33506	33507	ZMO1793_peak_292	3460.5	pZM39	33816	33817	TSS_4643	.	-	310
ZM4	8347	8348	ZMO1854_peak_1	177.302	ZM4	12709	12710	TSS_0006	.	+	-4362
ZM4	166551	166552	ZMO1854_peak_2	60.0941	ZM4	166932	166933	TSS_0325	.	+	-381
ZM4	246619	246620	ZMO1854_peak_3	2.01404	ZM4	245089	245090	TSS_0500	.	+	1530
ZM4	247212	247213	ZMO1854_peak_4	2.59308	ZM4	245089	245090	TSS_0500	.	+	2123
ZM4	865530	865531	ZMO1854_peak_5	9661.53	ZM4	865249	865250	TSS_1928	.	-	-281
ZM4	1211258	1211259	ZMO1854_peak_6	97.7849	ZM4	1211854	1211855	TSS_2681	.	-	596
ZM4	1894371	1894372	ZMO1854_peak_7	32677.7	ZM4	1893193	1893194	TSS_4139	.	-	-1178
ZM4	1895910	1895911	ZMO1854_peak_8	27019.8	ZM4	1895930	1895931	TSS_4141	.	-	20
ZM4	2030815	2030816	ZMO1854_peak_9	52.0398	ZM4	2031057	2031058	TSS_4404	.	+	-242
pZM36	32706	32707	ZMO1854_peak_10	33.9485	pZM36	28793	28794	TSS_4604	.	+	3913
ZM4	2045	2046	ZMO1857_peak_1	34.537	ZM4	12709	12710	TSS_0006	.	+	-10664
ZM4	3757	3758	ZMO1857_peak_2	128.847	ZM4	12709	12710	TSS_0006	.	+	-8952
ZM4	4741	4742	ZMO1857_peak_3a	4.948	ZM4	12709	12710	TSS_0006	.	+	-7968
ZM4	4960	4961	ZMO1857_peak_3b	2.47917	ZM4	12709	12710	TSS_0006	.	+	-7749
ZM4	9757	9758	ZMO1857_peak_4a	1.48338	ZM4	12709	12710	TSS_0006	.	+	-2952
ZM4	9939	9940	ZMO1857_peak_4b	20.8699	ZM4	12709	12710	TSS_0006	.	+	-2770
ZM4	12645	12646	ZMO1857_peak_5	7.95767	ZM4	12709	12710	TSS_0006	.	+	-64
ZM4	14342	14343	ZMO1857_peak_6	40.7134	ZM4	14514	14515	TSS_0014	.	-	172
ZM4	14714	14715	ZMO1857_peak_7	15.2742	ZM4	14514	14515	TSS_0014	.	-	-200
ZM4	15563	15564	ZMO1857_peak_8	24.0619	ZM4	14514	14515	TSS_0014	.	-	-1049
ZM4	16396	16397	ZMO1857_peak_9	31.264	ZM4	17332	17333	TSS_0016	.	+	-936
ZM4	19856	19857	ZMO1857_peak_10	33.7823	ZM4	18756	18757	TSS_0024	.	+	1100
ZM4	22465	22466	ZMO1857_peak_11	21.3293	ZM4	21174	21175	TSS_0025	.	+	1291
ZM4	23444	23445	ZMO1857_peak_12	77.3979	ZM4	21174	21175	TSS_0025	.	+	2270
ZM4	24376	24377	ZMO1857_peak_13	52.9997	ZM4	26028	26029	TSS_0027	.	-	1652
ZM4	25011	25012	ZMO1857_peak_14	9.49031	ZM4	26028	26029	TSS_0027	.	-	1017
ZM4	26497	26498	ZMO1857_peak_15	6.19907	ZM4	26028	26029	TSS_0027	.	-	-469
ZM4	27799	27800	ZMO1857_peak_16	38.3659	ZM4	29259	29260	TSS_0028	.	+	-1460
ZM4	29234	29235	ZMO1857_peak_17	16.8859	ZM4	29259	29260	TSS_0028	.	+	-25
ZM4	35448	35449	ZMO1857_peak_18a	19.3016	ZM4	34171	34172	TSS_0032	.	+	1277
ZM4	35662	35663	ZMO1857_peak_18b	96.8451	ZM4	34171	34172	TSS_0032	.	+	1491
ZM4	36577	36578	ZMO1857_peak_19	107.603	ZM4	37928	37929	TSS_0035	.	+	-1351
ZM4	37601	37602	ZMO1857_peak_20	8.40089	ZM4	37928	37929	TSS_0035	.	+	-327
ZM4	39431	39432	ZMO1857_peak_21	24.8301	ZM4	39800	39801	TSS_0043	.	-	369
ZM4	40634	40635	ZMO1857_peak_22	14.0996	ZM4	40359	40360	TSS_0055	.	-	-275
ZM4	46668	46669	ZMO1857_peak_23	40.8123	ZM4	43156	43157	TSS_0059	.	-	-3512
ZM4	49331	49332	ZMO1857_peak_24	3.41095	ZM4	50901	50902	TSS_0064	.	-	1570
ZM4	51102	51103	ZMO1857_peak_25	7.12352	ZM4	50901	50902	TSS_0064	.	-	-201
ZM4	55407	55408	ZMO1857_peak_26	8.77509	ZM4	56515	56516	TSS_0071	.	-	1108
ZM4	57934	57935	ZMO1857_peak_27	15.0268	ZM4	57608	57609	TSS_0074	.	-	-326
ZM4	60332	60333	ZMO1857_peak_28	64.8588	ZM4	60183	60184	TSS_0078	.	+	149
ZM4	63877	63878	ZMO1857_peak_29a	2.46813	ZM4	64871	64872	TSS_0082	.	-	994
ZM4	64035	64036	ZMO1857_peak_29b	16.682	ZM4	64871	64872	TSS_0082	.	-	836
ZM4	67736	67737	ZMO1857_peak_30	23.2861	ZM4	67080	67081	TSS_0090	.	-	-656
ZM4	68762	68763	ZMO1857_peak_31	23.9198	ZM4	68487	68488	TSS_0091	.	-	-275
ZM4	69456	69457	ZMO1857_peak_32a	19.9991	ZM4	69489	69490	TSS_0092	.	-	33
ZM4	69594	69595	ZMO1857_peak_32b	60.3175	ZM4	69489	69490	TSS_0092	.	-	-105
ZM4	73924	73925	ZMO1857_peak_33	119.784	ZM4	74906	74907	TSS_0098	.	-	982
ZM4	75250	75251	ZMO1857_peak_34	126.047	ZM4	74934	74935	TSS_0099	.	-	-316
ZM4	75706	75707	ZMO1857_peak_35a	36.3509	ZM4	74934	74935	TSS_0099	.	-	-772
ZM4	75834	75835	ZMO1857_peak_35b	32.9885	ZM4	74934	74935	TSS_0099	.	-	-900
ZM4	84986	84987	ZMO1857_peak_36	15.9538	ZM4	85196	85197	TSS_0110	.	-	210
ZM4	88349	88350	ZMO1857_peak_37a	31.3839	ZM4	89833	89834	TSS_0116	.	+	-1484
ZM4	88441	88442	ZMO1857_peak_37b	66.3135	ZM4	89833	89834	TSS_0116	.	+	-1392
ZM4	89565	89566	ZMO1857_peak_38	23.0054	ZM4	89833	89834	TSS_0116	.	+	-268
ZM4	90472	90473	ZMO1857_peak_39a	7.24527	ZM4	89879	89880	TSS_0117	.	+	593
ZM4	90632	90633	ZMO1857_peak_39b	27.1716	ZM4	91307	91308	TSS_0118	.	+	-675
ZM4	93933	93934	ZMO1857_peak_40	1.3432	ZM4	94651	94652	TSS_0124	.	-	718
ZM4	94294	94295	ZMO1857_peak_41	11.6698	ZM4	94651	94652	TSS_0124	.	-	357
ZM4	98022	98023	ZMO1857_peak_42	46.9031	ZM4	99594	99595	TSS_0136	.	+	-1572
ZM4	102206	102207	ZMO1857_peak_43	10.4629	ZM4	102908	102909	TSS_0140	.	+	-702
ZM4	103987	103988	ZMO1857_peak_44	78.3893	ZM4	103994	103995	TSS_0143	.	+	-7
ZM4	104855	104856	ZMO1857_peak_45	189.773	ZM4	103994	103995	TSS_0143	.	+	861
ZM4	109064	109065	ZMO1857_peak_46	27.3677	ZM4	108978	108979	TSS_0152	.	+	86
ZM4	112209	112210	ZMO1857_peak_47	12.0729	ZM4	110458	110459	TSS_0156	.	+	1751
ZM4	112825	112826	ZMO1857_peak_48	29.916	ZM4	110458	110459	TSS_0156	.	+	2367
ZM4	113817	113818	ZMO1857_peak_49	233.018	ZM4	115697	115698	TSS_0163	.	-	1880
ZM4	115390	115391	ZMO1857_peak_50	3.53481	ZM4	115697	115698	TSS_0163	.	-	307
ZM4	117345	117346	ZMO1857_peak_51	104.593	ZM4	118105	118106	TSS_0165	.	-	760
ZM4	118131	118132	ZMO1857_peak_52	281.657	ZM4	118105	118106	TSS_0165	.	-	-26
ZM4	118848	118849	ZMO1857_peak_53	25.478	ZM4	118565	118566	TSS_0168	.	-	-283
ZM4	120616	120617	ZMO1857_peak_54	10.6009	ZM4	121810	121811	TSS_0174	.	+	-1194
ZM4	121785	121786	ZMO1857_peak_55	6.17987	ZM4	121810	121811	TSS_0174	.	+	-25
ZM4	130858	130859	ZMO1857_peak_56	95.2563	ZM4	130630	130631	TSS_0196	.	+	228
ZM4	132087	132088	ZMO1857_peak_57	16.6193	ZM4	132249	132250	TSS_0198	.	+	-162
ZM4	132664	132665	ZMO1857_peak_58	82.5225	ZM4	132373	132374	TSS_0199	.	+	291
ZM4	133320	133321	ZMO1857_peak_59	5.41816	ZM4	132373	132374	TSS_0199	.	+	947
ZM4	133793	133794	ZMO1857_peak_60	7.23058	ZM4	132373	132374	TSS_0199	.	+	1420
ZM4	134812	134813	ZMO1857_peak_61	22.2512	ZM4	137247	137248	TSS_0201	.	-	2435
ZM4	139684	139685	ZMO1857_peak_62	22.8933	ZM4	140512	140513	TSS_0207	.	-	828
ZM4	149040	149041	ZMO1857_peak_63	15.6414	ZM4	149182	149183	TSS_0240	.	+	-142
ZM4	152612	152613	ZMO1857_peak_64	4.55092	ZM4	154079	154080	TSS_0262	.	-	1467
ZM4	153649	153650	ZMO1857_peak_65	5.0005	ZM4	154079	154080	TSS_0262	.	-	430
ZM4	157103	157104	ZMO1857_peak_66	117.971	ZM4	157635	157636	TSS_0267	.	+	-532
ZM4	157477	157478	ZMO1857_peak_67	10.0134	ZM4	157635	157636	TSS_0267	.	+	-158
ZM4	158198	158199	ZMO1857_peak_68	14.4493	ZM4	157635	157636	TSS_0267	.	+	563
ZM4	158772	158773	ZMO1857_peak_69a	6.85616	ZM4	157635	157636	TSS_0267	.	+	1137
ZM4	158982	158983	ZMO1857_peak_69b	10.4136	ZM4	157635	157636	TSS_0267	.	+	1347
ZM4	160564	160565	ZMO1857_peak_70	3.50465	ZM4	160583	160584	TSS_0278	.	-	19
ZM4	163985	163986	ZMO1857_peak_71	6.37087	ZM4	163801	163802	TSS_0308	.	+	184
ZM4	170644	170645	ZMO1857_peak_72	51.4097	ZM4	169499	169500	TSS_0337	.	+	1145
ZM4	173838	173839	ZMO1857_peak_73	25.2909	ZM4	173856	173857	TSS_0363	.	+	-18
ZM4	174401	174402	ZMO1857_peak_74	41.0942	ZM4	173874	173875	TSS_0366	.	+	527
ZM4	174926	174927	ZMO1857_peak_75	3.99376	ZM4	175526	175527	TSS_0371	.	+	-600
ZM4	179482	179483	ZMO1857_peak_76	87.6487	ZM4	181509	181510	TSS_0377	.	-	2027
ZM4	180846	180847	ZMO1857_peak_77	40.8102	ZM4	181509	181510	TSS_0377	.	-	663
ZM4	182032	182033	ZMO1857_peak_78	19.7525	ZM4	181512	181513	TSS_0379	.	-	-520
ZM4	183119	183120	ZMO1857_peak_79	19.633	ZM4	181512	181513	TSS_0379	.	-	-1607
ZM4	183870	183871	ZMO1857_peak_80	38.111	ZM4	185047	185048	TSS_0381	.	-	1177
ZM4	191785	191786	ZMO1857_peak_81	13.3913	ZM4	192450	192451	TSS_0392	.	+	-665
ZM4	193167	193168	ZMO1857_peak_82	10.1958	ZM4	192450	192451	TSS_0392	.	+	717
ZM4	194652	194653	ZMO1857_peak_83	73.2892	ZM4	194458	194459	TSS_0396	.	-	-194
ZM4	201631	201632	ZMO1857_peak_84a	5.01515	ZM4	203393	203394	TSS_0405	.	-	1762
ZM4	201871	201872	ZMO1857_peak_84b	18.6234	ZM4	203393	203394	TSS_0405	.	-	1522
ZM4	202138	202139	ZMO1857_peak_84c	186.745	ZM4	203393	203394	TSS_0405	.	-	1255
ZM4	205616	205617	ZMO1857_peak_85	5.53405	ZM4	205071	205072	TSS_0415	.	-	-545
ZM4	206307	206308	ZMO1857_peak_86a	28.0711	ZM4	205071	205072	TSS_0415	.	-	-1236
ZM4	206460	206461	ZMO1857_peak_86b	26.1548	ZM4	205071	205072	TSS_0415	.	-	-1389
ZM4	206676	206677	ZMO1857_peak_86c	186.609	ZM4	205071	205072	TSS_0415	.	-	-1605
ZM4	207655	207656	ZMO1857_peak_87	12.2805	ZM4	208720	208721	TSS_0417	.	-	1065
ZM4	208087	208088	ZMO1857_peak_88	41.6196	ZM4	208720	208721	TSS_0417	.	-	633
ZM4	210375	210376	ZMO1857_peak_89	27.6599	ZM4	210625	210626	TSS_0419	.	+	-250
ZM4	213983	213984	ZMO1857_peak_90	13.7211	ZM4	215739	215740	TSS_0421	.	+	-1756
ZM4	216499	216500	ZMO1857_peak_91	98.9704	ZM4	216240	216241	TSS_0424	.	+	259
ZM4	220160	220161	ZMO1857_peak_92	17.7406	ZM4	219888	219889	TSS_0434	.	-	-272
ZM4	228269	228270	ZMO1857_peak_93	24.9374	ZM4	228082	228083	TSS_0442	.	+	187
ZM4	233014	233015	ZMO1857_peak_94	383.77	ZM4	232592	232593	TSS_0454	.	-	-422
ZM4	234718	234719	ZMO1857_peak_95	15.9303	ZM4	234786	234787	TSS_0460	.	+	-68
ZM4	235354	235355	ZMO1857_peak_96	14	ZM4	234852	234853	TSS_0462	.	-	-502
ZM4	239803	239804	ZMO1857_peak_97	65.0519	ZM4	240931	240932	TSS_0471	.	-	1128
ZM4	242836	242837	ZMO1857_peak_98	39.6302	ZM4	242970	242971	TSS_0489	.	+	-134
ZM4	244420	244421	ZMO1857_peak_99	2.877	ZM4	244224	244225	TSS_0499	.	-	-196
ZM4	245786	245787	ZMO1857_peak_100	6.82199	ZM4	245089	245090	TSS_0500	.	+	697
ZM4	246508	246509	ZMO1857_peak_101a	23.4526	ZM4	245089	245090	TSS_0500	.	+	1419
ZM4	246751	246752	ZMO1857_peak_101b	14.7444	ZM4	245089	245090	TSS_0500	.	+	1662
ZM4	247247	247248	ZMO1857_peak_102a	2.42154	ZM4	245089	245090	TSS_0500	.	+	2158
ZM4	247484	247485	ZMO1857_peak_102b	2.96881	ZM4	245089	245090	TSS_0500	.	+	2395
ZM4	248070	248071	ZMO1857_peak_103	6.81086	ZM4	245089	245090	TSS_0500	.	+	2981
ZM4	249254	249255	ZMO1857_peak_104	12.9392	ZM4	245089	245090	TSS_0500	.	+	4165
ZM4	250699	250700	ZMO1857_peak_105a	94.5146	ZM4	245089	245090	TSS_0500	.	+	5610
ZM4	251007	251008	ZMO1857_peak_105b	17.9617	ZM4	245089	245090	TSS_0500	.	+	5918
ZM4	251382	251383	ZMO1857_peak_105c	73.4899	ZM4	245089	245090	TSS_0500	.	+	6293
ZM4	251599	251600	ZMO1857_peak_105d	7.47135	ZM4	245089	245090	TSS_0500	.	+	6510
ZM4	251852	251853	ZMO1857_peak_105e	25.8212	ZM4	245089	245090	TSS_0500	.	+	6763
ZM4	252222	252223	ZMO1857_peak_106	15.1777	ZM4	259009	259010	TSS_0512	.	+	-6787
ZM4	252622	252623	ZMO1857_peak_107a	13.9611	ZM4	259009	259010	TSS_0512	.	+	-6387
ZM4	252811	252812	ZMO1857_peak_107b	6.09476	ZM4	259009	259010	TSS_0512	.	+	-6198
ZM4	253602	253603	ZMO1857_peak_108a	2.07375	ZM4	259009	259010	TSS_0512	.	+	-5407
ZM4	253822	253823	ZMO1857_peak_108b	137.468	ZM4	259009	259010	TSS_0512	.	+	-5187
ZM4	254262	254263	ZMO1857_peak_109	2.58756	ZM4	259009	259010	TSS_0512	.	+	-4747
ZM4	255237	255238	ZMO1857_peak_110	117.374	ZM4	259009	259010	TSS_0512	.	+	-3772
ZM4	256628	256629	ZMO1857_peak_111	11.5599	ZM4	259009	259010	TSS_0512	.	+	-2381
ZM4	257057	257058	ZMO1857_peak_112	29.3868	ZM4	259009	259010	TSS_0512	.	+	-1952
ZM4	259267	259268	ZMO1857_peak_113	18.9237	ZM4	259012	259013	TSS_0513	.	+	255
ZM4	260196	260197	ZMO1857_peak_114	20.8823	ZM4	260896	260897	TSS_0519	.	+	-700
ZM4	265417	265418	ZMO1857_peak_115	10.0631	ZM4	266314	266315	TSS_0529	.	-	897
ZM4	269498	269499	ZMO1857_peak_116	28.6004	ZM4	270955	270956	TSS_0534	.	-	1457
ZM4	270268	270269	ZMO1857_peak_117	31.5055	ZM4	270955	270956	TSS_0534	.	-	687
ZM4	283102	283103	ZMO1857_peak_118	22.4278	ZM4	282731	282732	TSS_0547	.	-	-371
ZM4	287958	287959	ZMO1857_peak_119	50.9935	ZM4	286985	286986	TSS_0574	.	-	-973
ZM4	291704	291705	ZMO1857_peak_120	45.0995	ZM4	293575	293576	TSS_0576	.	+	-1871
ZM4	294806	294807	ZMO1857_peak_121a	7.80426	ZM4	294766	294767	TSS_0582	.	+	40
ZM4	295015	295016	ZMO1857_peak_121b	8.13766	ZM4	294766	294767	TSS_0582	.	+	249
ZM4	297294	297295	ZMO1857_peak_122	65.9234	ZM4	298017	298018	TSS_0586	.	-	723
ZM4	299008	299009	ZMO1857_peak_123	43.141	ZM4	299414	299415	TSS_0587	.	-	406
ZM4	307031	307032	ZMO1857_peak_124	7.79643	ZM4	304778	304779	TSS_0599	.	-	-2253
ZM4	309068	309069	ZMO1857_peak_125a	121.567	ZM4	310703	310704	TSS_0602	.	-	1635
ZM4	309317	309318	ZMO1857_peak_125b	40.418	ZM4	310703	310704	TSS_0602	.	-	1386
ZM4	309571	309572	ZMO1857_peak_125c	15.4003	ZM4	310703	310704	TSS_0602	.	-	1132
ZM4	315166	315167	ZMO1857_peak_126	1.84357	ZM4	314560	314561	TSS_0608	.	-	-606
ZM4	316015	316016	ZMO1857_peak_127	78.7918	ZM4	315795	315796	TSS_0609	.	+	220
ZM4	322094	322095	ZMO1857_peak_128	608.968	ZM4	321934	321935	TSS_0626	.	+	160
ZM4	330806	330807	ZMO1857_peak_129	6.86276	ZM4	330740	330741	TSS_0643	.	+	66
ZM4	333579	333580	ZMO1857_peak_130	5.41006	ZM4	333418	333419	TSS_0650	.	+	161
ZM4	336773	336774	ZMO1857_peak_131	3.10859	ZM4	335813	335814	TSS_0653	.	+	960
ZM4	337257	337258	ZMO1857_peak_132	24.1857	ZM4	337929	337930	TSS_0656	.	-	672
ZM4	338970	338971	ZMO1857_peak_133	62.7657	ZM4	338982	338983	TSS_0660	.	+	-12
ZM4	343810	343811	ZMO1857_peak_134	10.4277	ZM4	343285	343286	TSS_0681	.	+	525
ZM4	346553	346554	ZMO1857_peak_135	14.0959	ZM4	346690	346691	TSS_0687	.	+	-137
ZM4	349290	349291	ZMO1857_peak_136a	6.47216	ZM4	346690	346691	TSS_0687	.	+	2600
ZM4	349424	349425	ZMO1857_peak_136b	9.12325	ZM4	351956	351957	TSS_0689	.	+	-2532
ZM4	350576	350577	ZMO1857_peak_137	7.89979	ZM4	351956	351957	TSS_0689	.	+	-1380
ZM4	354046	354047	ZMO1857_peak_138	70.4668	ZM4	353691	353692	TSS_0696	.	+	355
ZM4	354713	354714	ZMO1857_peak_139	14.2484	ZM4	353691	353692	TSS_0696	.	+	1022
ZM4	355412	355413	ZMO1857_peak_140a	65.8769	ZM4	353691	353692	TSS_0696	.	+	1721
ZM4	355686	355687	ZMO1857_peak_140b	4.52994	ZM4	357147	357148	TSS_0698	.	+	-1461
ZM4	358583	358584	ZMO1857_peak_141	3.76616	ZM4	359278	359279	TSS_0705	.	+	-695
ZM4	361214	361215	ZMO1857_peak_142	26.8506	ZM4	361997	361998	TSS_0709	.	+	-783
ZM4	362666	362667	ZMO1857_peak_143	37.6729	ZM4	361997	361998	TSS_0709	.	+	669
ZM4	364462	364463	ZMO1857_peak_144	5.5556	ZM4	364911	364912	TSS_0713	.	+	-449
ZM4	375021	375022	ZMO1857_peak_145	55.0575	ZM4	375886	375887	TSS_0761	.	+	-865
ZM4	378534	378535	ZMO1857_peak_146	33.5077	ZM4	378392	378393	TSS_0773	.	+	142
ZM4	380123	380124	ZMO1857_peak_147a	4.22517	ZM4	378392	378393	TSS_0773	.	+	1731
ZM4	380298	380299	ZMO1857_peak_147b	7.48597	ZM4	378392	378393	TSS_0773	.	+	1906
ZM4	383853	383854	ZMO1857_peak_148	34.3788	ZM4	385464	385465	TSS_0787	.	-	1611
ZM4	387322	387323	ZMO1857_peak_149	12.4718	ZM4	385497	385498	TSS_0790	.	-	-1825
ZM4	388614	388615	ZMO1857_peak_150	20.335	ZM4	390011	390012	TSS_0792	.	+	-1397
ZM4	389547	389548	ZMO1857_peak_151a	15.4139	ZM4	390011	390012	TSS_0792	.	+	-464
ZM4	389772	389773	ZMO1857_peak_151b	1.5522	ZM4	390011	390012	TSS_0792	.	+	-239
ZM4	394436	394437	ZMO1857_peak_152	20.6887	ZM4	391738	391739	TSS_0793	.	+	2698
ZM4	394738	394739	ZMO1857_peak_153	8.57446	ZM4	397722	397723	TSS_0795	.	+	-2984
ZM4	400868	400869	ZMO1857_peak_154	20.7798	ZM4	397722	397723	TSS_0795	.	+	3146
ZM4	403589	403590	ZMO1857_peak_155	53.8996	ZM4	405797	405798	TSS_0803	.	-	2208
ZM4	405793	405794	ZMO1857_peak_156	34.3127	ZM4	405797	405798	TSS_0803	.	-	4
ZM4	409016	409017	ZMO1857_peak_157	6.34012	ZM4	407681	407682	TSS_0811	.	+	1335
ZM4	409398	409399	ZMO1857_peak_158	19.5466	ZM4	410669	410670	TSS_0814	.	+	-1271
ZM4	412570	412571	ZMO1857_peak_159a	10.5002	ZM4	411925	411926	TSS_0823	.	+	645
ZM4	412797	412798	ZMO1857_peak_159b	131.684	ZM4	411925	411926	TSS_0823	.	+	872
ZM4	413180	413181	ZMO1857_peak_160	16.7983	ZM4	414258	414259	TSS_0825	.	+	-1078
ZM4	413655	413656	ZMO1857_peak_161	7.83151	ZM4	414258	414259	TSS_0825	.	+	-603
ZM4	416883	416884	ZMO1857_peak_162	36.7617	ZM4	418225	418226	TSS_0828	.	-	1342
ZM4	418908	418909	ZMO1857_peak_163	368.826	ZM4	418225	418226	TSS_0828	.	-	-683
ZM4	420126	420127	ZMO1857_peak_164	170.806	ZM4	419827	419828	TSS_0833	.	-	-299
ZM4	421156	421157	ZMO1857_peak_165	19.6221	ZM4	419827	419828	TSS_0833	.	-	-1329
ZM4	422777	422778	ZMO1857_peak_166	10.76	ZM4	424989	424990	TSS_0836	.	-	2212
ZM4	427984	427985	ZMO1857_peak_167	16.9571	ZM4	427103	427104	TSS_0843	.	+	881
ZM4	430427	430428	ZMO1857_peak_168	26.1725	ZM4	430341	430342	TSS_0844	.	+	86
ZM4	430865	430866	ZMO1857_peak_169	12.9242	ZM4	431194	431195	TSS_0845	.	+	-329
ZM4	433086	433087	ZMO1857_peak_170	31.1509	ZM4	433937	433938	TSS_0852	.	-	851
ZM4	434006	434007	ZMO1857_peak_171	37.3434	ZM4	433937	433938	TSS_0852	.	-	-69
ZM4	438520	438521	ZMO1857_peak_172a	2.35052	ZM4	438521	438522	TSS_0862	.	+	-1
ZM4	438765	438766	ZMO1857_peak_172b	15.7986	ZM4	438782	438783	TSS_0865	.	+	-17
ZM4	442716	442717	ZMO1857_peak_173a	2.22513	ZM4	441891	441892	TSS_0873	.	+	825
ZM4	442900	442901	ZMO1857_peak_173b	7.31971	ZM4	441891	441892	TSS_0873	.	+	1009
ZM4	448946	448947	ZMO1857_peak_174a	10.2851	ZM4	446871	446872	TSS_0900	.	+	2075
ZM4	449126	449127	ZMO1857_peak_174b	10.4205	ZM4	446871	446872	TSS_0900	.	+	2255
ZM4	451328	451329	ZMO1857_peak_175	1.68207	ZM4	452429	452430	TSS_0906	.	-	1101
ZM4	451969	451970	ZMO1857_peak_176	77.6888	ZM4	452429	452430	TSS_0906	.	-	460
ZM4	455991	455992	ZMO1857_peak_177a	13.1464	ZM4	457025	457026	TSS_0911	.	-	1034
ZM4	456174	456175	ZMO1857_peak_177b	33.6951	ZM4	457025	457026	TSS_0911	.	-	851
ZM4	457627	457628	ZMO1857_peak_178	18.5956	ZM4	457289	457290	TSS_0918	.	+	338
ZM4	459782	459783	ZMO1857_peak_179	34.9507	ZM4	459770	459771	TSS_0923	.	-	-12
ZM4	460818	460819	ZMO1857_peak_180	31.6276	ZM4	460835	460836	TSS_0933	.	+	-17
ZM4	462319	462320	ZMO1857_peak_181	87.2108	ZM4	462622	462623	TSS_0939	.	+	-303
ZM4	466534	466535	ZMO1857_peak_182	11.9485	ZM4	466854	466855	TSS_0950	.	-	320
ZM4	470923	470924	ZMO1857_peak_183	32.031	ZM4	470789	470790	TSS_0959	.	+	134
ZM4	472895	472896	ZMO1857_peak_184a	9.9799	ZM4	472788	472789	TSS_0963	.	+	107
ZM4	473131	473132	ZMO1857_peak_184b	25.0873	ZM4	472788	472789	TSS_0963	.	+	343
ZM4	478289	478290	ZMO1857_peak_185	5.09131	ZM4	478166	478167	TSS_0972	.	-	-123
ZM4	483281	483282	ZMO1857_peak_186	22.7625	ZM4	483304	483305	TSS_0981	.	-	23
ZM4	485046	485047	ZMO1857_peak_187	25.3699	ZM4	485787	485788	TSS_0999	.	+	-741
ZM4	487270	487271	ZMO1857_peak_188	12.3269	ZM4	487927	487928	TSS_1008	.	+	-657
ZM4	489320	489321	ZMO1857_peak_189a	9.03475	ZM4	489902	489903	TSS_1022	.	+	-582
ZM4	489572	489573	ZMO1857_peak_189b	4.42667	ZM4	489902	489903	TSS_1022	.	+	-330
ZM4	491739	491740	ZMO1857_peak_190	83.1517	ZM4	489935	489936	TSS_1023	.	+	1804
ZM4	496613	496614	ZMO1857_peak_191	36.8677	ZM4	497665	497666	TSS_1028	.	-	1052
ZM4	501898	501899	ZMO1857_peak_192	30.6043	ZM4	502236	502237	TSS_1037	.	-	338
ZM4	502906	502907	ZMO1857_peak_193	79.3621	ZM4	502383	502384	TSS_1038	.	-	-523
ZM4	507962	507963	ZMO1857_peak_194	42.9431	ZM4	509404	509405	TSS_1045	.	+	-1442
ZM4	511589	511590	ZMO1857_peak_195	6.83487	ZM4	511319	511320	TSS_1049	.	+	270
ZM4	512295	512296	ZMO1857_peak_196	101.041	ZM4	512396	512397	TSS_1051	.	+	-101
ZM4	512631	512632	ZMO1857_peak_197	372.337	ZM4	512424	512425	TSS_1052	.	+	207
ZM4	514261	514262	ZMO1857_peak_198a	15.6781	ZM4	515444	515445	TSS_1056	.	+	-1183
ZM4	514420	514421	ZMO1857_peak_198b	20.4947	ZM4	515444	515445	TSS_1056	.	+	-1024
ZM4	515235	515236	ZMO1857_peak_199a	4.95202	ZM4	515444	515445	TSS_1056	.	+	-209
ZM4	515397	515398	ZMO1857_peak_199b	5.29686	ZM4	515444	515445	TSS_1056	.	+	-47
ZM4	515644	515645	ZMO1857_peak_199c	8.92146	ZM4	515617	515618	TSS_1066	.	+	27
ZM4	519941	519942	ZMO1857_peak_200	31.5583	ZM4	519929	519930	TSS_1107	.	+	12
ZM4	525429	525430	ZMO1857_peak_201a	3.61399	ZM4	525400	525401	TSS_1159	.	+	29
ZM4	525549	525550	ZMO1857_peak_201b	2.1303	ZM4	525539	525540	TSS_1164	.	+	10
ZM4	527073	527074	ZMO1857_peak_202	23.1255	ZM4	527107	527108	TSS_1177	.	+	-34
ZM4	529649	529650	ZMO1857_peak_203a	16.9092	ZM4	529507	529508	TSS_1191	.	+	142
ZM4	529783	529784	ZMO1857_peak_203b	13.5265	ZM4	529507	529508	TSS_1191	.	+	276
ZM4	531324	531325	ZMO1857_peak_204	4.83446	ZM4	531603	531604	TSS_1195	.	+	-279
ZM4	534139	534140	ZMO1857_peak_205	6.58855	ZM4	534262	534263	TSS_1216	.	+	-123
ZM4	536541	536542	ZMO1857_peak_206	13.933	ZM4	536068	536069	TSS_1235	.	+	473
ZM4	537888	537889	ZMO1857_peak_207	35.9529	ZM4	536068	536069	TSS_1235	.	+	1820
ZM4	538476	538477	ZMO1857_peak_208	3.07687	ZM4	536068	536069	TSS_1235	.	+	2408
ZM4	539105	539106	ZMO1857_peak_209	14.1981	ZM4	536068	536069	TSS_1235	.	+	3037
ZM4	539397	539398	ZMO1857_peak_210	9.21859	ZM4	542667	542668	TSS_1242	.	+	-3270
ZM4	546089	546090	ZMO1857_peak_211	6.62167	ZM4	545705	545706	TSS_1293	.	-	-384
ZM4	546698	546699	ZMO1857_peak_212a	5.76809	ZM4	545705	545706	TSS_1293	.	-	-993
ZM4	546994	546995	ZMO1857_peak_212b	21.9901	ZM4	545705	545706	TSS_1293	.	-	-1289
ZM4	548672	548673	ZMO1857_peak_213	11.2636	ZM4	548633	548634	TSS_1304	.	-	-39
ZM4	549828	549829	ZMO1857_peak_214	7.31087	ZM4	550473	550474	TSS_1308	.	-	645
ZM4	550274	550275	ZMO1857_peak_215	19.1375	ZM4	550473	550474	TSS_1308	.	-	199
ZM4	551804	551805	ZMO1857_peak_216	62.4769	ZM4	550473	550474	TSS_1308	.	-	-1331
ZM4	553618	553619	ZMO1857_peak_217a	33.6239	ZM4	553623	553624	TSS_1310	.	-	5
ZM4	553806	553807	ZMO1857_peak_217b	41.9134	ZM4	553623	553624	TSS_1310	.	-	-183
ZM4	555717	555718	ZMO1857_peak_218a	19.5548	ZM4	556027	556028	TSS_1325	.	-	310
ZM4	555997	555998	ZMO1857_peak_218b	17.232	ZM4	556027	556028	TSS_1325	.	-	30
ZM4	558842	558843	ZMO1857_peak_219a	1.98924	ZM4	559230	559231	TSS_1328	.	+	-388
ZM4	559012	559013	ZMO1857_peak_219b	66.0483	ZM4	559230	559231	TSS_1328	.	+	-218
ZM4	561107	561108	ZMO1857_peak_220	13.2688	ZM4	559230	559231	TSS_1328	.	+	1877
ZM4	562375	562376	ZMO1857_peak_221	4.75541	ZM4	563393	563394	TSS_1338	.	-	1018
ZM4	562871	562872	ZMO1857_peak_222	118.386	ZM4	563393	563394	TSS_1338	.	-	522
ZM4	564792	564793	ZMO1857_peak_223	17.7867	ZM4	564760	564761	TSS_1350	.	-	-32
ZM4	570381	570382	ZMO1857_peak_224	12.3769	ZM4	569906	569907	TSS_1353	.	-	-475
ZM4	578517	578518	ZMO1857_peak_225	18.2138	ZM4	580146	580147	TSS_1370	.	-	1629
ZM4	579424	579425	ZMO1857_peak_226	20.9823	ZM4	580146	580147	TSS_1370	.	-	722
ZM4	581600	581601	ZMO1857_peak_227	85.1481	ZM4	580146	580147	TSS_1370	.	-	-1454
ZM4	583125	583126	ZMO1857_peak_228a	5.69	ZM4	583750	583751	TSS_1374	.	-	625
ZM4	583268	583269	ZMO1857_peak_228b	55.2983	ZM4	583750	583751	TSS_1374	.	-	482
ZM4	586060	586061	ZMO1857_peak_229	134.024	ZM4	587929	587930	TSS_1379	.	-	1869
ZM4	586877	586878	ZMO1857_peak_230a	18.7368	ZM4	587929	587930	TSS_1379	.	-	1052
ZM4	587141	587142	ZMO1857_peak_230b	43.2833	ZM4	587929	587930	TSS_1379	.	-	788
ZM4	597338	597339	ZMO1857_peak_231a	5.22414	ZM4	596812	596813	TSS_1396	.	-	-526
ZM4	597437	597438	ZMO1857_peak_231b	13.1367	ZM4	596812	596813	TSS_1396	.	-	-625
ZM4	601962	601963	ZMO1857_peak_232	37.6349	ZM4	603093	603094	TSS_1405	.	+	-1131
ZM4	605273	605274	ZMO1857_peak_233	9.94725	ZM4	606103	606104	TSS_1408	.	-	830
ZM4	607258	607259	ZMO1857_peak_234	98.8669	ZM4	607071	607072	TSS_1410	.	-	-187
ZM4	608622	608623	ZMO1857_peak_235	4.01476	ZM4	608481	608482	TSS_1413	.	-	-141
ZM4	610804	610805	ZMO1857_peak_236	46.0371	ZM4	610824	610825	TSS_1416	.	-	20
ZM4	612998	612999	ZMO1857_peak_237	8.07027	ZM4	612724	612725	TSS_1425	.	-	-274
ZM4	613594	613595	ZMO1857_peak_238a	2.55506	ZM4	614210	614211	TSS_1429	.	-	616
ZM4	613793	613794	ZMO1857_peak_238b	4.3755	ZM4	614210	614211	TSS_1429	.	-	417
ZM4	623057	623058	ZMO1857_peak_239	265.215	ZM4	623556	623557	TSS_1448	.	+	-499
ZM4	623871	623872	ZMO1857_peak_240a	36.8593	ZM4	623558	623559	TSS_1449	.	+	313
ZM4	624141	624142	ZMO1857_peak_240b	11.6727	ZM4	623558	623559	TSS_1449	.	+	583
ZM4	631600	631601	ZMO1857_peak_241	3.62415	ZM4	632567	632568	TSS_1461	.	+	-967
ZM4	632954	632955	ZMO1857_peak_242	459.726	ZM4	632715	632716	TSS_1462	.	+	239
ZM4	633950	633951	ZMO1857_peak_243	37.1928	ZM4	632715	632716	TSS_1462	.	+	1235
ZM4	638235	638236	ZMO1857_peak_244	23.9298	ZM4	638856	638857	TSS_1469	.	+	-621
ZM4	641565	641566	ZMO1857_peak_245a	15.1208	ZM4	641037	641038	TSS_1471	.	+	528
ZM4	641773	641774	ZMO1857_peak_245b	1.60463	ZM4	642444	642445	TSS_1475	.	+	-671
ZM4	641902	641903	ZMO1857_peak_245c	54.4623	ZM4	642444	642445	TSS_1475	.	+	-542
ZM4	643570	643571	ZMO1857_peak_246	21.4003	ZM4	642781	642782	TSS_1482	.	+	789
ZM4	644092	644093	ZMO1857_peak_247	24.7164	ZM4	644525	644526	TSS_1488	.	-	433
ZM4	646936	646937	ZMO1857_peak_248	9.6747	ZM4	648223	648224	TSS_1491	.	-	1287
ZM4	647655	647656	ZMO1857_peak_249	30.315	ZM4	648223	648224	TSS_1491	.	-	568
ZM4	648349	648350	ZMO1857_peak_250	22.1758	ZM4	648223	648224	TSS_1491	.	-	-126
ZM4	649095	649096	ZMO1857_peak_251	2.24388	ZM4	648223	648224	TSS_1491	.	-	-872
ZM4	652789	652790	ZMO1857_peak_252a	19.338	ZM4	652673	652674	TSS_1496	.	+	116
ZM4	652984	652985	ZMO1857_peak_252b	20.6394	ZM4	653068	653069	TSS_1497	.	+	-84
ZM4	653288	653289	ZMO1857_peak_253	4.01476	ZM4	653068	653069	TSS_1497	.	+	220
ZM4	657940	657941	ZMO1857_peak_254a	141.754	ZM4	658785	658786	TSS_1514	.	+	-845
ZM4	658171	658172	ZMO1857_peak_254b	6.80868	ZM4	658785	658786	TSS_1514	.	+	-614
ZM4	659637	659638	ZMO1857_peak_255	3.07925	ZM4	659222	659223	TSS_1516	.	+	415
ZM4	663684	663685	ZMO1857_peak_256a	10.5544	ZM4	663608	663609	TSS_1533	.	+	76
ZM4	664029	664030	ZMO1857_peak_256b	36.4547	ZM4	663903	663904	TSS_1535	.	+	126
ZM4	666338	666339	ZMO1857_peak_257	13.5265	ZM4	666131	666132	TSS_1542	.	+	207
ZM4	670845	670846	ZMO1857_peak_258	6.23448	ZM4	670663	670664	TSS_1550	.	-	-182
ZM4	672032	672033	ZMO1857_peak_259a	3.24979	ZM4	672208	672209	TSS_1555	.	-	176
ZM4	672216	672217	ZMO1857_peak_259b	8.36204	ZM4	672208	672209	TSS_1555	.	-	-8
ZM4	677772	677773	ZMO1857_peak_260	40.3557	ZM4	678192	678193	TSS_1560	.	+	-420
ZM4	681952	681953	ZMO1857_peak_261	82.6614	ZM4	684964	684965	TSS_1564	.	-	3012
ZM4	682275	682276	ZMO1857_peak_262	44.9978	ZM4	684964	684965	TSS_1564	.	-	2689
ZM4	684084	684085	ZMO1857_peak_263a	4.98134	ZM4	684964	684965	TSS_1564	.	-	880
ZM4	684284	684285	ZMO1857_peak_263b	17.9433	ZM4	684964	684965	TSS_1564	.	-	680
ZM4	684573	684574	ZMO1857_peak_264	112.346	ZM4	684964	684965	TSS_1564	.	-	391
ZM4	686780	686781	ZMO1857_peak_265	54.7985	ZM4	686355	686356	TSS_1569	.	-	-425
ZM4	689218	689219	ZMO1857_peak_266	71.5935	ZM4	689513	689514	TSS_1576	.	-	295
ZM4	690510	690511	ZMO1857_peak_267	12.6587	ZM4	689612	689613	TSS_1577	.	-	-898
ZM4	691165	691166	ZMO1857_peak_268	18.2138	ZM4	692242	692243	TSS_1582	.	-	1077
ZM4	692012	692013	ZMO1857_peak_269	23.0688	ZM4	692242	692243	TSS_1582	.	-	230
ZM4	693404	693405	ZMO1857_peak_270	4.11247	ZM4	693748	693749	TSS_1591	.	-	344
ZM4	693795	693796	ZMO1857_peak_271	15.5661	ZM4	693748	693749	TSS_1591	.	-	-47
ZM4	700349	700350	ZMO1857_peak_272a	3.09596	ZM4	699718	699719	TSS_1601	.	-	-631
ZM4	700410	700411	ZMO1857_peak_272b	4.66496	ZM4	699718	699719	TSS_1601	.	-	-692
ZM4	702175	702176	ZMO1857_peak_273	10.1945	ZM4	703888	703889	TSS_1602	.	-	1713
ZM4	702677	702678	ZMO1857_peak_274	8.67531	ZM4	703888	703889	TSS_1602	.	-	1211
ZM4	703619	703620	ZMO1857_peak_275	31.9574	ZM4	703888	703889	TSS_1602	.	-	269
ZM4	706816	706817	ZMO1857_peak_276	3.66657	ZM4	707345	707346	TSS_1607	.	+	-529
ZM4	710743	710744	ZMO1857_peak_277	90.4358	ZM4	711368	711369	TSS_1618	.	+	-625
ZM4	711148	711149	ZMO1857_peak_278	40.5605	ZM4	711368	711369	TSS_1618	.	+	-220
ZM4	711627	711628	ZMO1857_peak_279	9.74977	ZM4	711827	711828	TSS_1619	.	+	-200
ZM4	712670	712671	ZMO1857_peak_280	227.862	ZM4	711827	711828	TSS_1619	.	+	843
ZM4	717197	717198	ZMO1857_peak_281	990.516	ZM4	716449	716450	TSS_1624	.	+	748
ZM4	718339	718340	ZMO1857_peak_282	13.5265	ZM4	719741	719742	TSS_1628	.	+	-1402
ZM4	720181	720182	ZMO1857_peak_283	29.9413	ZM4	720049	720050	TSS_1632	.	+	132
ZM4	720751	720752	ZMO1857_peak_284	5.13504	ZM4	720584	720585	TSS_1634	.	+	167
ZM4	725803	725804	ZMO1857_peak_285	21.9901	ZM4	725915	725916	TSS_1660	.	+	-112
ZM4	727709	727710	ZMO1857_peak_286	30.3422	ZM4	727753	727754	TSS_1677	.	+	-44
ZM4	728471	728472	ZMO1857_peak_287	6.58855	ZM4	727753	727754	TSS_1677	.	+	718
ZM4	731638	731639	ZMO1857_peak_288a	4.74609	ZM4	731609	731610	TSS_1685	.	+	29
ZM4	731834	731835	ZMO1857_peak_288b	10.4577	ZM4	731609	731610	TSS_1685	.	+	225
ZM4	732391	732392	ZMO1857_peak_289a	6.58855	ZM4	731609	731610	TSS_1685	.	+	782
ZM4	732624	732625	ZMO1857_peak_289b	31.1509	ZM4	731609	731610	TSS_1685	.	+	1015
ZM4	733895	733896	ZMO1857_peak_290	2.55506	ZM4	731609	731610	TSS_1685	.	+	2286
ZM4	734355	734356	ZMO1857_peak_291	5.73088	ZM4	736997	736998	TSS_1693	.	+	-2642
ZM4	735824	735825	ZMO1857_peak_292	24.1658	ZM4	736997	736998	TSS_1693	.	+	-1173
ZM4	737492	737493	ZMO1857_peak_293	3.66657	ZM4	737297	737298	TSS_1702	.	-	-195
ZM4	738162	738163	ZMO1857_peak_294	17.504	ZM4	737297	737298	TSS_1702	.	-	-865
ZM4	744896	744897	ZMO1857_peak_295	24.9078	ZM4	744285	744286	TSS_1731	.	+	611
ZM4	751952	751953	ZMO1857_peak_296	589.722	ZM4	751890	751891	TSS_1757	.	+	62
ZM4	755500	755501	ZMO1857_peak_297	235.078	ZM4	757145	757146	TSS_1760	.	-	1645
ZM4	757963	757964	ZMO1857_peak_298	24.7158	ZM4	757241	757242	TSS_1764	.	-	-722
ZM4	760705	760706	ZMO1857_peak_299	16.9092	ZM4	760763	760764	TSS_1772	.	+	-58
ZM4	761079	761080	ZMO1857_peak_300	24.9078	ZM4	761326	761327	TSS_1773	.	+	-247
ZM4	763411	763412	ZMO1857_peak_301	15.9581	ZM4	764204	764205	TSS_1779	.	+	-793
ZM4	767279	767280	ZMO1857_peak_302	51.34	ZM4	769638	769639	TSS_1780	.	-	2359
ZM4	770929	770930	ZMO1857_peak_303	18.6333	ZM4	771418	771419	TSS_1786	.	+	-489
ZM4	771340	771341	ZMO1857_peak_304	68.714	ZM4	771418	771419	TSS_1786	.	+	-78
ZM4	772649	772650	ZMO1857_peak_305	139.944	ZM4	773232	773233	TSS_1788	.	-	583
ZM4	774606	774607	ZMO1857_peak_306	9.3742	ZM4	773264	773265	TSS_1789	.	+	1342
ZM4	777658	777659	ZMO1857_peak_307	1.99731	ZM4	779323	779324	TSS_1792	.	+	-1665
ZM4	780024	780025	ZMO1857_peak_308	16.1026	ZM4	779367	779368	TSS_1794	.	+	657
ZM4	781566	781567	ZMO1857_peak_309	4.56045	ZM4	783746	783747	TSS_1798	.	-	2180
ZM4	792396	792397	ZMO1857_peak_310a	3.87563	ZM4	792107	792108	TSS_1806	.	+	289
ZM4	792492	792493	ZMO1857_peak_310b	6.41494	ZM4	792107	792108	TSS_1806	.	+	385
ZM4	793541	793542	ZMO1857_peak_311	2.04699	ZM4	792107	792108	TSS_1806	.	+	1434
ZM4	794098	794099	ZMO1857_peak_312	8.94327	ZM4	792107	792108	TSS_1806	.	+	1991
ZM4	794928	794929	ZMO1857_peak_313	29.8461	ZM4	797196	797197	TSS_1808	.	-	2268
ZM4	796624	796625	ZMO1857_peak_314	48.916	ZM4	797196	797197	TSS_1808	.	-	572
ZM4	802752	802753	ZMO1857_peak_315	6.83487	ZM4	800836	800837	TSS_1811	.	-	-1916
ZM4	805709	805710	ZMO1857_peak_316	24.9078	ZM4	800836	800837	TSS_1811	.	-	-4873
ZM4	814428	814429	ZMO1857_peak_317	159.547	ZM4	814346	814347	TSS_1818	.	-	-82
ZM4	818760	818761	ZMO1857_peak_318	19.5862	ZM4	819609	819610	TSS_1823	.	-	849
ZM4	823508	823509	ZMO1857_peak_319a	2.1303	ZM4	824509	824510	TSS_1863	.	+	-1001
ZM4	823663	823664	ZMO1857_peak_319b	2.85623	ZM4	824509	824510	TSS_1863	.	+	-846
ZM4	825489	825490	ZMO1857_peak_320	11.3913	ZM4	825345	825346	TSS_1867	.	+	144
ZM4	830345	830346	ZMO1857_peak_321	1.30665	ZM4	831738	831739	TSS_1873	.	+	-1393
ZM4	830857	830858	ZMO1857_peak_322	9.76991	ZM4	831738	831739	TSS_1873	.	+	-881
ZM4	833993	833994	ZMO1857_peak_323a	9.98364	ZM4	831738	831739	TSS_1873	.	+	2255
ZM4	834164	834165	ZMO1857_peak_323b	2.71298	ZM4	831738	831739	TSS_1873	.	+	2426
ZM4	835092	835093	ZMO1857_peak_324	41.6056	ZM4	831738	831739	TSS_1873	.	+	3354
ZM4	837038	837039	ZMO1857_peak_325	13.5265	ZM4	842246	842247	TSS_1877	.	+	-5208
ZM4	838470	838471	ZMO1857_peak_326	634.059	ZM4	842246	842247	TSS_1877	.	+	-3776
ZM4	839452	839453	ZMO1857_peak_327	3.26595	ZM4	842246	842247	TSS_1877	.	+	-2794
ZM4	839939	839940	ZMO1857_peak_328	7.3968	ZM4	842246	842247	TSS_1877	.	+	-2307
ZM4	842292	842293	ZMO1857_peak_329	21.9901	ZM4	842283	842284	TSS_1879	.	+	9
ZM4	847540	847541	ZMO1857_peak_330	175.317	ZM4	845509	845510	TSS_1896	.	+	2031
ZM4	849434	849435	ZMO1857_peak_331a	13.8214	ZM4	851610	851611	TSS_1897	.	+	-2176
ZM4	849593	849594	ZMO1857_peak_331b	10.4577	ZM4	851610	851611	TSS_1897	.	+	-2017
ZM4	853913	853914	ZMO1857_peak_332	111.33	ZM4	853157	853158	TSS_1910	.	+	756
ZM4	854891	854892	ZMO1857_peak_333	47.0398	ZM4	853157	853158	TSS_1910	.	+	1734
ZM4	856417	856418	ZMO1857_peak_334	7.625	ZM4	858076	858077	TSS_1912	.	+	-1659
ZM4	863957	863958	ZMO1857_peak_335	79.3532	ZM4	864638	864639	TSS_1926	.	-	681
ZM4	865641	865642	ZMO1857_peak_336	26.4232	ZM4	865249	865250	TSS_1928	.	-	-392
ZM4	866641	866642	ZMO1857_peak_337	33.8712	ZM4	866650	866651	TSS_1929	.	-	9
ZM4	868971	868972	ZMO1857_peak_338	25.2826	ZM4	868716	868717	TSS_1935	.	-	-255
ZM4	871855	871856	ZMO1857_peak_339a	18.545	ZM4	871576	871577	TSS_1946	.	+	279
ZM4	872021	872022	ZMO1857_peak_339b	106.288	ZM4	871576	871577	TSS_1946	.	+	445
ZM4	873847	873848	ZMO1857_peak_340	19.5548	ZM4	873600	873601	TSS_1948	.	+	247
ZM4	875050	875051	ZMO1857_peak_341	139.015	ZM4	875070	875071	TSS_1952	.	+	-20
ZM4	875840	875841	ZMO1857_peak_342	23.798	ZM4	876426	876427	TSS_1956	.	+	-586
ZM4	877236	877237	ZMO1857_peak_343	56.2021	ZM4	876775	876776	TSS_1957	.	+	461
ZM4	877597	877598	ZMO1857_peak_344a	8.37556	ZM4	877979	877980	TSS_1958	.	+	-382
ZM4	877797	877798	ZMO1857_peak_344b	12.5662	ZM4	877979	877980	TSS_1958	.	+	-182
ZM4	879082	879083	ZMO1857_peak_345	17.719	ZM4	878060	878061	TSS_1960	.	+	1022
ZM4	879745	879746	ZMO1857_peak_346	21.6003	ZM4	880165	880166	TSS_1961	.	+	-420
ZM4	880737	880738	ZMO1857_peak_347	305.489	ZM4	880165	880166	TSS_1961	.	+	572
ZM4	881328	881329	ZMO1857_peak_348	11.2636	ZM4	880165	880166	TSS_1961	.	+	1163
ZM4	886905	886906	ZMO1857_peak_349	13.2348	ZM4	887218	887219	TSS_1968	.	-	313
ZM4	888831	888832	ZMO1857_peak_350	20.9337	ZM4	888569	888570	TSS_1980	.	+	262
ZM4	889180	889181	ZMO1857_peak_351	37.904	ZM4	888569	888570	TSS_1980	.	+	611
ZM4	889835	889836	ZMO1857_peak_352	3.01155	ZM4	890657	890658	TSS_1981	.	-	822
ZM4	891282	891283	ZMO1857_peak_353	22.7625	ZM4	890937	890938	TSS_1988	.	-	-345
ZM4	891586	891587	ZMO1857_peak_354a	14.1189	ZM4	890937	890938	TSS_1988	.	-	-649
ZM4	891801	891802	ZMO1857_peak_354b	5.94631	ZM4	890937	890938	TSS_1988	.	-	-864
ZM4	892159	892160	ZMO1857_peak_355	85.0879	ZM4	892798	892799	TSS_1989	.	-	639
ZM4	892636	892637	ZMO1857_peak_356	35.5147	ZM4	892798	892799	TSS_1989	.	-	162
ZM4	893592	893593	ZMO1857_peak_357	4.3755	ZM4	893129	893130	TSS_1990	.	-	-463
ZM4	895342	895343	ZMO1857_peak_358	11.6608	ZM4	895583	895584	TSS_1994	.	-	241
ZM4	899019	899020	ZMO1857_peak_359	30.2304	ZM4	899111	899112	TSS_2003	.	-	92
ZM4	903166	903167	ZMO1857_peak_360	183.119	ZM4	901378	901379	TSS_2011	.	-	-1788
ZM4	910454	910455	ZMO1857_peak_361	8.19139	ZM4	909738	909739	TSS_2023	.	+	716
ZM4	912716	912717	ZMO1857_peak_362	29.9413	ZM4	914345	914346	TSS_2025	.	-	1629
ZM4	913767	913768	ZMO1857_peak_363	51.34	ZM4	914345	914346	TSS_2025	.	-	578
ZM4	914419	914420	ZMO1857_peak_364	15.9581	ZM4	914345	914346	TSS_2025	.	-	-74
ZM4	914834	914835	ZMO1857_peak_365	13.5198	ZM4	914345	914346	TSS_2025	.	-	-489
ZM4	919903	919904	ZMO1857_peak_366	7.95349	ZM4	919422	919423	TSS_2032	.	+	481
ZM4	920782	920783	ZMO1857_peak_367	13.9368	ZM4	919422	919423	TSS_2032	.	+	1360
ZM4	927475	927476	ZMO1857_peak_368	25.8172	ZM4	927121	927122	TSS_2054	.	-	-354
ZM4	929994	929995	ZMO1857_peak_369	26.9697	ZM4	931469	931470	TSS_2060	.	-	1475
ZM4	930696	930697	ZMO1857_peak_370	155.871	ZM4	931469	931470	TSS_2060	.	-	773
ZM4	933925	933926	ZMO1857_peak_371	152.178	ZM4	934326	934327	TSS_2070	.	+	-401
ZM4	934598	934599	ZMO1857_peak_372	41.3768	ZM4	934591	934592	TSS_2071	.	+	7
ZM4	935156	935157	ZMO1857_peak_373	6.4998	ZM4	935263	935264	TSS_2073	.	+	-107
ZM4	937083	937084	ZMO1857_peak_374	40.4066	ZM4	937176	937177	TSS_2079	.	+	-93
ZM4	937802	937803	ZMO1857_peak_375	405.876	ZM4	937179	937180	TSS_2081	.	+	623
ZM4	941408	941409	ZMO1857_peak_376	1.44359	ZM4	938778	938779	TSS_2085	.	+	2630
ZM4	942289	942290	ZMO1857_peak_377	101.688	ZM4	945338	945339	TSS_2088	.	-	3049
ZM4	947692	947693	ZMO1857_peak_378	37.904	ZM4	948276	948277	TSS_2097	.	+	-584
ZM4	949296	949297	ZMO1857_peak_379a	8.68095	ZM4	949302	949303	TSS_2103	.	+	-6
ZM4	949422	949423	ZMO1857_peak_379b	2.78668	ZM4	949302	949303	TSS_2103	.	+	120
ZM4	952347	952348	ZMO1857_peak_380a	3.28179	ZM4	951136	951137	TSS_2105	.	-	-1211
ZM4	952555	952556	ZMO1857_peak_380b	15.4101	ZM4	951136	951137	TSS_2105	.	-	-1419
ZM4	955746	955747	ZMO1857_peak_381	8.88096	ZM4	954996	954997	TSS_2109	.	-	-750
ZM4	956796	956797	ZMO1857_peak_382	3.83881	ZM4	957435	957436	TSS_2111	.	-	639
ZM4	961560	961561	ZMO1857_peak_383a	3.22594	ZM4	964162	964163	TSS_2119	.	-	2602
ZM4	961693	961694	ZMO1857_peak_383b	20.3127	ZM4	964162	964163	TSS_2119	.	-	2469
ZM4	963207	963208	ZMO1857_peak_384	56.3037	ZM4	964162	964163	TSS_2119	.	-	955
ZM4	963760	963761	ZMO1857_peak_385a	14.3983	ZM4	964162	964163	TSS_2119	.	-	402
ZM4	964023	964024	ZMO1857_peak_385b	155.027	ZM4	964162	964163	TSS_2119	.	-	139
ZM4	967387	967388	ZMO1857_peak_386	4.74871	ZM4	966858	966859	TSS_2138	.	+	529
ZM4	968433	968434	ZMO1857_peak_387	9.67736	ZM4	968524	968525	TSS_2143	.	+	-91
ZM4	969595	969596	ZMO1857_peak_388	4.19352	ZM4	968979	968980	TSS_2147	.	+	616
ZM4	971843	971844	ZMO1857_peak_389	33.6239	ZM4	972262	972263	TSS_2153	.	-	419
ZM4	973132	973133	ZMO1857_peak_390	20.2548	ZM4	972262	972263	TSS_2153	.	-	-870
ZM4	978894	978895	ZMO1857_peak_391	9.67736	ZM4	977944	977945	TSS_2160	.	+	950
ZM4	982428	982429	ZMO1857_peak_392	46.5392	ZM4	981745	981746	TSS_2174	.	+	683
ZM4	985530	985531	ZMO1857_peak_393	85.7897	ZM4	986158	986159	TSS_2179	.	+	-628
ZM4	987219	987220	ZMO1857_peak_394	4.60542	ZM4	986158	986159	TSS_2179	.	+	1061
ZM4	988188	988189	ZMO1857_peak_395	1.49489	ZM4	989495	989496	TSS_2180	.	+	-1307
ZM4	989044	989045	ZMO1857_peak_396	3.33248	ZM4	989495	989496	TSS_2180	.	+	-451
ZM4	991343	991344	ZMO1857_peak_397	18.545	ZM4	990894	990895	TSS_2185	.	+	449
ZM4	995512	995513	ZMO1857_peak_398	3.49874	ZM4	995678	995679	TSS_2192	.	-	166
ZM4	997561	997562	ZMO1857_peak_399a	26.7487	ZM4	996722	996723	TSS_2196	.	+	839
ZM4	997927	997928	ZMO1857_peak_399b	24.0406	ZM4	996722	996723	TSS_2196	.	+	1205
ZM4	998681	998682	ZMO1857_peak_400	13.1108	ZM4	1000352	1000353	TSS_2197	.	-	1671
ZM4	1000675	1000676	ZMO1857_peak_401	165.704	ZM4	1000486	1000487	TSS_2201	.	-	-189
ZM4	1006084	1006085	ZMO1857_peak_402	66.7135	ZM4	1005664	1005665	TSS_2204	.	-	-420
ZM4	1011795	1011796	ZMO1857_peak_403	21.2837	ZM4	1012360	1012361	TSS_2228	.	-	565
ZM4	1013565	1013566	ZMO1857_peak_404	18.545	ZM4	1013576	1013577	TSS_2239	.	-	11
ZM4	1022295	1022296	ZMO1857_peak_405	49.8815	ZM4	1021550	1021551	TSS_2261	.	+	745
ZM4	1025939	1025940	ZMO1857_peak_406a	98.4283	ZM4	1026618	1026619	TSS_2266	.	+	-679
ZM4	1026239	1026240	ZMO1857_peak_406b	7.87401	ZM4	1026618	1026619	TSS_2266	.	+	-379
ZM4	1029015	1029016	ZMO1857_peak_407	26.9433	ZM4	1027989	1027990	TSS_2276	.	+	1026
ZM4	1034276	1034277	ZMO1857_peak_408	60.9125	ZM4	1034261	1034262	TSS_2291	.	-	-15
ZM4	1037524	1037525	ZMO1857_peak_409a	1.30866	ZM4	1037347	1037348	TSS_2297	.	-	-177
ZM4	1037657	1037658	ZMO1857_peak_409b	13.5611	ZM4	1037347	1037348	TSS_2297	.	-	-310
ZM4	1038155	1038156	ZMO1857_peak_410	19.5548	ZM4	1038660	1038661	TSS_2298	.	-	505
ZM4	1038832	1038833	ZMO1857_peak_411	9.67736	ZM4	1038660	1038661	TSS_2298	.	-	-172
ZM4	1039214	1039215	ZMO1857_peak_412	41.0098	ZM4	1039513	1039514	TSS_2299	.	-	299
ZM4	1040056	1040057	ZMO1857_peak_413	47.0112	ZM4	1039950	1039951	TSS_2303	.	-	-106
ZM4	1043137	1043138	ZMO1857_peak_414	29.4085	ZM4	1042612	1042613	TSS_2312	.	+	525
ZM4	1044476	1044477	ZMO1857_peak_415	60.9125	ZM4	1044634	1044635	TSS_2314	.	+	-158
ZM4	1046136	1046137	ZMO1857_peak_416	11.8145	ZM4	1046066	1046067	TSS_2317	.	+	70
ZM4	1046607	1046608	ZMO1857_peak_417	166.183	ZM4	1046218	1046219	TSS_2318	.	+	389
ZM4	1047991	1047992	ZMO1857_peak_418	29.145	ZM4	1047209	1047210	TSS_2319	.	+	782
ZM4	1048593	1048594	ZMO1857_peak_419	24.5356	ZM4	1048782	1048783	TSS_2320	.	+	-189
ZM4	1052957	1052958	ZMO1857_peak_420	9.50179	ZM4	1054730	1054731	TSS_2346	.	-	1773
ZM4	1053301	1053302	ZMO1857_peak_421a	9.55691	ZM4	1054730	1054731	TSS_2346	.	-	1429
ZM4	1053552	1053553	ZMO1857_peak_421b	246.372	ZM4	1054730	1054731	TSS_2346	.	-	1178
ZM4	1057066	1057067	ZMO1857_peak_422a	112.758	ZM4	1055307	1055308	TSS_2351	.	+	1759
ZM4	1057190	1057191	ZMO1857_peak_422b	129.805	ZM4	1055307	1055308	TSS_2351	.	+	1883
ZM4	1058249	1058250	ZMO1857_peak_423	45.0838	ZM4	1055307	1055308	TSS_2351	.	+	2942
ZM4	1061666	1061667	ZMO1857_peak_424a	9.43186	ZM4	1061345	1061346	TSS_2360	.	+	321
ZM4	1061826	1061827	ZMO1857_peak_424b	2.05038	ZM4	1061345	1061346	TSS_2360	.	+	481
ZM4	1063856	1063857	ZMO1857_peak_425	1.37803	ZM4	1063726	1063727	TSS_2368	.	+	130
ZM4	1066319	1066320	ZMO1857_peak_426	53.3074	ZM4	1067834	1067835	TSS_2373	.	+	-1515
ZM4	1070152	1070153	ZMO1857_peak_427	5.13504	ZM4	1071475	1071476	TSS_2379	.	+	-1323
ZM4	1072864	1072865	ZMO1857_peak_428a	19.474	ZM4	1071475	1071476	TSS_2379	.	+	1389
ZM4	1072999	1073000	ZMO1857_peak_428b	45.6007	ZM4	1071475	1071476	TSS_2379	.	+	1524
ZM4	1074206	1074207	ZMO1857_peak_429	68.3275	ZM4	1075141	1075142	TSS_2380	.	-	935
ZM4	1076604	1076605	ZMO1857_peak_430	10.4577	ZM4	1076612	1076613	TSS_2386	.	-	8
ZM4	1077198	1077199	ZMO1857_peak_431	22.7071	ZM4	1076724	1076725	TSS_2389	.	-	-474
ZM4	1080940	1080941	ZMO1857_peak_432	46.5392	ZM4	1082283	1082284	TSS_2412	.	-	1343
ZM4	1084927	1084928	ZMO1857_peak_433	21.5828	ZM4	1085562	1085563	TSS_2420	.	+	-635
ZM4	1087666	1087667	ZMO1857_peak_434	28.3552	ZM4	1087196	1087197	TSS_2425	.	+	470
ZM4	1091576	1091577	ZMO1857_peak_435	3.07517	ZM4	1089333	1089334	TSS_2434	.	+	2243
ZM4	1091998	1091999	ZMO1857_peak_436	33.08	ZM4	1094581	1094582	TSS_2437	.	+	-2583
ZM4	1093728	1093729	ZMO1857_peak_437	8.43178	ZM4	1094581	1094582	TSS_2437	.	+	-853
ZM4	1095468	1095469	ZMO1857_peak_438a	2.55506	ZM4	1094581	1094582	TSS_2437	.	+	887
ZM4	1095626	1095627	ZMO1857_peak_438b	50.8519	ZM4	1094581	1094582	TSS_2437	.	+	1045
ZM4	1096001	1096002	ZMO1857_peak_439	16.2724	ZM4	1094581	1094582	TSS_2437	.	+	1420
ZM4	1097335	1097336	ZMO1857_peak_440	1.36393	ZM4	1098695	1098696	TSS_2439	.	+	-1360
ZM4	1098092	1098093	ZMO1857_peak_441a	2.89101	ZM4	1098695	1098696	TSS_2439	.	+	-603
ZM4	1098251	1098252	ZMO1857_peak_441b	30.7459	ZM4	1098695	1098696	TSS_2439	.	+	-444
ZM4	1099114	1099115	ZMO1857_peak_442	106.288	ZM4	1098806	1098807	TSS_2440	.	+	308
ZM4	1106190	1106191	ZMO1857_peak_443	15.028	ZM4	1107819	1107820	TSS_2449	.	+	-1629
ZM4	1108139	1108140	ZMO1857_peak_444	169.53	ZM4	1107819	1107820	TSS_2449	.	+	320
ZM4	1109476	1109477	ZMO1857_peak_445	3.62436	ZM4	1107819	1107820	TSS_2449	.	+	1657
ZM4	1110267	1110268	ZMO1857_peak_446	12.4336	ZM4	1111838	1111839	TSS_2452	.	-	1571
ZM4	1111871	1111872	ZMO1857_peak_447	3.5781	ZM4	1111850	1111851	TSS_2454	.	-	-21
ZM4	1118677	1118678	ZMO1857_peak_448	11.1417	ZM4	1119183	1119184	TSS_2458	.	-	506
ZM4	1119647	1119648	ZMO1857_peak_449	27.5745	ZM4	1119792	1119793	TSS_2459	.	-	145
ZM4	1123499	1123500	ZMO1857_peak_450	35.3122	ZM4	1124611	1124612	TSS_2464	.	+	-1112
ZM4	1124012	1124013	ZMO1857_peak_451	3.66657	ZM4	1124611	1124612	TSS_2464	.	+	-599
ZM4	1124417	1124418	ZMO1857_peak_452	88.6259	ZM4	1124611	1124612	TSS_2464	.	+	-194
ZM4	1129538	1129539	ZMO1857_peak_453	138.714	ZM4	1129400	1129401	TSS_2498	.	+	138
ZM4	1132352	1132353	ZMO1857_peak_454	8.43178	ZM4	1132916	1132917	TSS_2506	.	+	-564
ZM4	1134275	1134276	ZMO1857_peak_455	31.9674	ZM4	1132918	1132919	TSS_2507	.	+	1357
ZM4	1135289	1135290	ZMO1857_peak_456a	4.56045	ZM4	1132918	1132919	TSS_2507	.	+	2371
ZM4	1135479	1135480	ZMO1857_peak_456b	3.33248	ZM4	1132918	1132919	TSS_2507	.	+	2561
ZM4	1135679	1135680	ZMO1857_peak_456c	5.53427	ZM4	1132918	1132919	TSS_2507	.	+	2761
ZM4	1136153	1136154	ZMO1857_peak_457	35.7397	ZM4	1139181	1139182	TSS_2512	.	+	-3028
ZM4	1143521	1143522	ZMO1857_peak_458	109.157	ZM4	1143523	1143524	TSS_2519	.	-	2
ZM4	1146174	1146175	ZMO1857_peak_459	18.545	ZM4	1145490	1145491	TSS_2522	.	-	-684
ZM4	1150340	1150341	ZMO1857_peak_460	30.4051	ZM4	1151085	1151086	TSS_2530	.	+	-745
ZM4	1153513	1153514	ZMO1857_peak_461	5.13504	ZM4	1154148	1154149	TSS_2538	.	-	635
ZM4	1154528	1154529	ZMO1857_peak_462a	3.49874	ZM4	1154490	1154491	TSS_2539	.	-	-38
ZM4	1154654	1154655	ZMO1857_peak_462b	8.48641	ZM4	1154644	1154645	TSS_2540	.	-	-10
ZM4	1156741	1156742	ZMO1857_peak_463	13.8214	ZM4	1157047	1157048	TSS_2546	.	-	306
ZM4	1158705	1158706	ZMO1857_peak_464a	2.98177	ZM4	1159416	1159417	TSS_2562	.	+	-711
ZM4	1158934	1158935	ZMO1857_peak_464b	3.67592	ZM4	1159416	1159417	TSS_2562	.	+	-482
ZM4	1159169	1159170	ZMO1857_peak_464c	14.8062	ZM4	1159416	1159417	TSS_2562	.	+	-247
ZM4	1159460	1159461	ZMO1857_peak_465	2.5481	ZM4	1159416	1159417	TSS_2562	.	+	44
ZM4	1161161	1161162	ZMO1857_peak_466	9.13127	ZM4	1160414	1160415	TSS_2569	.	+	747
ZM4	1163633	1163634	ZMO1857_peak_467	2.67283	ZM4	1163348	1163349	TSS_2573	.	-	-285
ZM4	1164108	1164109	ZMO1857_peak_468	30.2603	ZM4	1164717	1164718	TSS_2575	.	-	609
ZM4	1165736	1165737	ZMO1857_peak_469	9.17075	ZM4	1165936	1165937	TSS_2578	.	-	200
ZM4	1170881	1170882	ZMO1857_peak_470	33.6239	ZM4	1170971	1170972	TSS_2591	.	-	90
ZM4	1172691	1172692	ZMO1857_peak_471	2381.53	ZM4	1173741	1173742	TSS_2594	.	-	1050
ZM4	1174272	1174273	ZMO1857_peak_472	57.3171	ZM4	1174466	1174467	TSS_2595	.	-	194
ZM4	1177208	1177209	ZMO1857_peak_473	141.581	ZM4	1176964	1176965	TSS_2620	.	+	244
ZM4	1178571	1178572	ZMO1857_peak_474	14.134	ZM4	1179384	1179385	TSS_2621	.	-	813
ZM4	1181492	1181493	ZMO1857_peak_475	16.7205	ZM4	1181555	1181556	TSS_2631	.	+	-63
ZM4	1186190	1186191	ZMO1857_peak_476	13.4231	ZM4	1186734	1186735	TSS_2637	.	-	544
ZM4	1189367	1189368	ZMO1857_peak_477	20.7084	ZM4	1189253	1189254	TSS_2643	.	-	-114
ZM4	1191037	1191038	ZMO1857_peak_478	58.2073	ZM4	1189657	1189658	TSS_2644	.	-	-1380
ZM4	1195941	1195942	ZMO1857_peak_479	5.92532	ZM4	1194887	1194888	TSS_2649	.	-	-1054
ZM4	1197397	1197398	ZMO1857_peak_480a	20.9405	ZM4	1197238	1197239	TSS_2654	.	-	-159
ZM4	1197571	1197572	ZMO1857_peak_480b	35.5722	ZM4	1197238	1197239	TSS_2654	.	-	-333
ZM4	1200883	1200884	ZMO1857_peak_481	16.1464	ZM4	1199518	1199519	TSS_2661	.	-	-1365
ZM4	1207072	1207073	ZMO1857_peak_482	27.6314	ZM4	1208006	1208007	TSS_2673	.	-	934
ZM4	1208848	1208849	ZMO1857_peak_483a	129.473	ZM4	1208971	1208972	TSS_2679	.	+	-123
ZM4	1208970	1208971	ZMO1857_peak_483b	89.7351	ZM4	1208971	1208972	TSS_2679	.	+	-1
ZM4	1222434	1222435	ZMO1857_peak_484	11.5379	ZM4	1225593	1225594	TSS_2694	.	+	-3159
ZM4	1225455	1225456	ZMO1857_peak_485	43.2833	ZM4	1225593	1225594	TSS_2694	.	+	-138
ZM4	1226684	1226685	ZMO1857_peak_486	17.232	ZM4	1226918	1226919	TSS_2697	.	+	-234
ZM4	1227221	1227222	ZMO1857_peak_487	15.51	ZM4	1227002	1227003	TSS_2698	.	+	219
ZM4	1228209	1228210	ZMO1857_peak_488	55.0267	ZM4	1227002	1227003	TSS_2698	.	+	1207
ZM4	1232969	1232970	ZMO1857_peak_489	3155.46	ZM4	1232253	1232254	TSS_2708	.	+	716
ZM4	1236006	1236007	ZMO1857_peak_490	15.3972	ZM4	1236263	1236264	TSS_2716	.	-	257
ZM4	1238075	1238076	ZMO1857_peak_491a	128.23	ZM4	1238053	1238054	TSS_2730	.	-	-22
ZM4	1238294	1238295	ZMO1857_peak_491b	4.19352	ZM4	1238053	1238054	TSS_2730	.	-	-241
ZM4	1239049	1239050	ZMO1857_peak_492	6.15732	ZM4	1239695	1239696	TSS_2731	.	-	646
ZM4	1239638	1239639	ZMO1857_peak_493	46.0733	ZM4	1239695	1239696	TSS_2731	.	-	57
ZM4	1241048	1241049	ZMO1857_peak_494	12.9454	ZM4	1240491	1240492	TSS_2743	.	+	557
ZM4	1242773	1242774	ZMO1857_peak_495	74.2451	ZM4	1242350	1242351	TSS_2753	.	+	423
ZM4	1249494	1249495	ZMO1857_peak_496	20.9337	ZM4	1249480	1249481	TSS_2775	.	-	-14
ZM4	1251826	1251827	ZMO1857_peak_497	69.4092	ZM4	1251406	1251407	TSS_2789	.	+	420
ZM4	1253390	1253391	ZMO1857_peak_498	5.8732	ZM4	1253138	1253139	TSS_2793	.	-	-252
ZM4	1256415	1256416	ZMO1857_peak_499	6.28287	ZM4	1255857	1255858	TSS_2803	.	+	558
ZM4	1258653	1258654	ZMO1857_peak_500	30.3297	ZM4	1258890	1258891	TSS_2806	.	-	237
ZM4	1259030	1259031	ZMO1857_peak_501	16.5894	ZM4	1258890	1258891	TSS_2806	.	-	-140
ZM4	1260336	1260337	ZMO1857_peak_502	6.56128	ZM4	1260890	1260891	TSS_2807	.	-	554
ZM4	1263598	1263599	ZMO1857_peak_503	37.0325	ZM4	1262861	1262862	TSS_2826	.	-	-737
ZM4	1265638	1265639	ZMO1857_peak_504	11.5379	ZM4	1265664	1265665	TSS_2837	.	-	26
ZM4	1270620	1270621	ZMO1857_peak_505	10.4577	ZM4	1270888	1270889	TSS_2852	.	-	268
ZM4	1280381	1280382	ZMO1857_peak_506	98.7212	ZM4	1278786	1278787	TSS_2859	.	+	1595
ZM4	1282390	1282391	ZMO1857_peak_507	16.3738	ZM4	1283501	1283502	TSS_2860	.	+	-1111
ZM4	1283124	1283125	ZMO1857_peak_508	55.4473	ZM4	1283501	1283502	TSS_2860	.	+	-377
ZM4	1284179	1284180	ZMO1857_peak_509	14.0571	ZM4	1283501	1283502	TSS_2860	.	+	678
ZM4	1284852	1284853	ZMO1857_peak_510	4.51544	ZM4	1283501	1283502	TSS_2860	.	+	1351
ZM4	1285947	1285948	ZMO1857_peak_511	12.0939	ZM4	1286232	1286233	TSS_2863	.	-	285
ZM4	1286606	1286607	ZMO1857_peak_512	6.11519	ZM4	1286733	1286734	TSS_2869	.	+	-127
ZM4	1291268	1291269	ZMO1857_peak_513	51.8292	ZM4	1292464	1292465	TSS_2883	.	-	1196
ZM4	1299137	1299138	ZMO1857_peak_514	21.3531	ZM4	1297477	1297478	TSS_2904	.	+	1660
ZM4	1299944	1299945	ZMO1857_peak_515	50.3142	ZM4	1302227	1302228	TSS_2906	.	-	2283
ZM4	1300590	1300591	ZMO1857_peak_516	37.1587	ZM4	1302227	1302228	TSS_2906	.	-	1637
ZM4	1304637	1304638	ZMO1857_peak_517	27.1289	ZM4	1304224	1304225	TSS_2918	.	+	413
ZM4	1308280	1308281	ZMO1857_peak_518	40.932	ZM4	1308264	1308265	TSS_2934	.	+	16
ZM4	1313321	1313322	ZMO1857_peak_519	59.914	ZM4	1312979	1312980	TSS_2943	.	+	342
ZM4	1315205	1315206	ZMO1857_peak_520	20.1706	ZM4	1315308	1315309	TSS_2945	.	+	-103
ZM4	1324579	1324580	ZMO1857_peak_521	1.83359	ZM4	1323682	1323683	TSS_2966	.	-	-897
ZM4	1329538	1329539	ZMO1857_peak_522a	19.5548	ZM4	1330247	1330248	TSS_2975	.	+	-709
ZM4	1329818	1329819	ZMO1857_peak_522b	8.43178	ZM4	1330247	1330248	TSS_2975	.	+	-429
ZM4	1335934	1335935	ZMO1857_peak_523	156.372	ZM4	1335874	1335875	TSS_2983	.	-	-60
ZM4	1337541	1337542	ZMO1857_peak_524	25.2625	ZM4	1338535	1338536	TSS_2986	.	-	994
ZM4	1345502	1345503	ZMO1857_peak_525	18.6601	ZM4	1345545	1345546	TSS_3005	.	+	-43
ZM4	1347159	1347160	ZMO1857_peak_526a	3.16725	ZM4	1347978	1347979	TSS_3007	.	+	-819
ZM4	1347319	1347320	ZMO1857_peak_526b	39.7455	ZM4	1347978	1347979	TSS_3007	.	+	-659
ZM4	1347936	1347937	ZMO1857_peak_527	40.5588	ZM4	1347978	1347979	TSS_3007	.	+	-42
ZM4	1348546	1348547	ZMO1857_peak_528	47.7088	ZM4	1348166	1348167	TSS_3016	.	+	380
ZM4	1350245	1350246	ZMO1857_peak_529a	8.00997	ZM4	1351697	1351698	TSS_3020	.	+	-1452
ZM4	1350443	1350444	ZMO1857_peak_529b	26.1543	ZM4	1351697	1351698	TSS_3020	.	+	-1254
ZM4	1351648	1351649	ZMO1857_peak_530	41.3334	ZM4	1351697	1351698	TSS_3020	.	+	-49
ZM4	1352744	1352745	ZMO1857_peak_531	129.219	ZM4	1352574	1352575	TSS_3025	.	+	170
ZM4	1355061	1355062	ZMO1857_peak_532	48.0857	ZM4	1354468	1354469	TSS_3031	.	+	593
ZM4	1356430	1356431	ZMO1857_peak_533a	6.19785	ZM4	1354468	1354469	TSS_3031	.	+	1962
ZM4	1356672	1356673	ZMO1857_peak_533b	5.06368	ZM4	1358472	1358473	TSS_3032	.	-	1800
ZM4	1357053	1357054	ZMO1857_peak_534	31.698	ZM4	1358472	1358473	TSS_3032	.	-	1419
ZM4	1360387	1360388	ZMO1857_peak_535	54.1805	ZM4	1359311	1359312	TSS_3048	.	+	1076
ZM4	1361558	1361559	ZMO1857_peak_536	2.83022	ZM4	1362997	1362998	TSS_3050	.	-	1439
ZM4	1362101	1362102	ZMO1857_peak_537	13.6319	ZM4	1362997	1362998	TSS_3050	.	-	896
ZM4	1364421	1364422	ZMO1857_peak_538	8.67531	ZM4	1364183	1364184	TSS_3057	.	-	-238
ZM4	1372302	1372303	ZMO1857_peak_539	24.2146	ZM4	1371021	1371022	TSS_3096	.	-	-1281
ZM4	1379207	1379208	ZMO1857_peak_540	61.0198	ZM4	1379883	1379884	TSS_3124	.	+	-676
ZM4	1381213	1381214	ZMO1857_peak_541	7.54707	ZM4	1379883	1379884	TSS_3124	.	+	1330
ZM4	1381776	1381777	ZMO1857_peak_542a	16.0669	ZM4	1383305	1383306	TSS_3129	.	+	-1529
ZM4	1382009	1382010	ZMO1857_peak_542b	10.3643	ZM4	1383305	1383306	TSS_3129	.	+	-1296
ZM4	1382887	1382888	ZMO1857_peak_543	186.131	ZM4	1383305	1383306	TSS_3129	.	+	-418
ZM4	1387330	1387331	ZMO1857_peak_544	10.0634	ZM4	1387850	1387851	TSS_3139	.	-	520
ZM4	1391229	1391230	ZMO1857_peak_545	10.9374	ZM4	1388128	1388129	TSS_3143	.	+	3101
ZM4	1391781	1391782	ZMO1857_peak_546	23.9471	ZM4	1395415	1395416	TSS_3155	.	-	3634
ZM4	1393483	1393484	ZMO1857_peak_547	10.0966	ZM4	1395415	1395416	TSS_3155	.	-	1932
ZM4	1397105	1397106	ZMO1857_peak_548	22.6425	ZM4	1398314	1398315	TSS_3157	.	+	-1209
ZM4	1400260	1400261	ZMO1857_peak_549	16.2724	ZM4	1399293	1399294	TSS_3159	.	+	967
ZM4	1401702	1401703	ZMO1857_peak_550	123.16	ZM4	1401423	1401424	TSS_3161	.	+	279
ZM4	1403580	1403581	ZMO1857_peak_551	120.338	ZM4	1404133	1404134	TSS_3163	.	-	553
ZM4	1404972	1404973	ZMO1857_peak_552	26.2454	ZM4	1404249	1404250	TSS_3164	.	+	723
ZM4	1407365	1407366	ZMO1857_peak_553	34.833	ZM4	1409018	1409019	TSS_3170	.	+	-1653
ZM4	1412575	1412576	ZMO1857_peak_554	12.4575	ZM4	1413024	1413025	TSS_3173	.	-	449
ZM4	1413496	1413497	ZMO1857_peak_555	22.3983	ZM4	1413590	1413591	TSS_3177	.	+	-94
ZM4	1416616	1416617	ZMO1857_peak_556	9.88587	ZM4	1416987	1416988	TSS_3180	.	-	371
ZM4	1420886	1420887	ZMO1857_peak_557	6.80868	ZM4	1420890	1420891	TSS_3191	.	-	4
ZM4	1421411	1421412	ZMO1857_peak_558	83.5966	ZM4	1420890	1420891	TSS_3191	.	-	-521
ZM4	1428605	1428606	ZMO1857_peak_559	24.8315	ZM4	1429455	1429456	TSS_3228	.	-	850
ZM4	1435521	1435522	ZMO1857_peak_560	17.5567	ZM4	1437690	1437691	TSS_3234	.	-	2169
ZM4	1436086	1436087	ZMO1857_peak_561	12.3751	ZM4	1437690	1437691	TSS_3234	.	-	1604
ZM4	1442925	1442926	ZMO1857_peak_562	13.8214	ZM4	1443683	1443684	TSS_3240	.	+	-758
ZM4	1447083	1447084	ZMO1857_peak_563	16.5482	ZM4	1448803	1448804	TSS_3247	.	-	1720
ZM4	1448597	1448598	ZMO1857_peak_564	13.3641	ZM4	1448803	1448804	TSS_3247	.	-	206
ZM4	1448877	1448878	ZMO1857_peak_565a	1.30866	ZM4	1448803	1448804	TSS_3247	.	-	-74
ZM4	1448998	1448999	ZMO1857_peak_565b	4.60307	ZM4	1448803	1448804	TSS_3247	.	-	-195
ZM4	1449213	1449214	ZMO1857_peak_565c	93.5863	ZM4	1449527	1449528	TSS_3248	.	-	314
ZM4	1452687	1452688	ZMO1857_peak_566	80.1174	ZM4	1453174	1453175	TSS_3252	.	-	487
ZM4	1462398	1462399	ZMO1857_peak_567	7.25772	ZM4	1462045	1462046	TSS_3264	.	-	-353
ZM4	1463537	1463538	ZMO1857_peak_568	4.99182	ZM4	1462045	1462046	TSS_3264	.	-	-1492
ZM4	1467602	1467603	ZMO1857_peak_569	9.98748	ZM4	1467079	1467080	TSS_3270	.	+	523
ZM4	1469593	1469594	ZMO1857_peak_570	30.7621	ZM4	1468913	1468914	TSS_3272	.	-	-680
ZM4	1472145	1472146	ZMO1857_peak_571	22.6876	ZM4	1473707	1473708	TSS_3273	.	-	1562
ZM4	1475001	1475002	ZMO1857_peak_572a	13.7488	ZM4	1475500	1475501	TSS_3275	.	+	-499
ZM4	1475264	1475265	ZMO1857_peak_572b	9.03764	ZM4	1475500	1475501	TSS_3275	.	+	-236
ZM4	1475693	1475694	ZMO1857_peak_573	32.9595	ZM4	1475500	1475501	TSS_3275	.	+	193
ZM4	1477683	1477684	ZMO1857_peak_574a	1.49044	ZM4	1476000	1476001	TSS_3276	.	+	1683
ZM4	1477922	1477923	ZMO1857_peak_574b	21.0158	ZM4	1476000	1476001	TSS_3276	.	+	1922
ZM4	1480274	1480275	ZMO1857_peak_575	57.9557	ZM4	1480998	1480999	TSS_3279	.	-	724
ZM4	1480848	1480849	ZMO1857_peak_576	31.0728	ZM4	1480998	1480999	TSS_3279	.	-	150
ZM4	1482705	1482706	ZMO1857_peak_577	4.35453	ZM4	1480998	1480999	TSS_3279	.	-	-1707
ZM4	1484942	1484943	ZMO1857_peak_578	3.6545	ZM4	1486364	1486365	TSS_3284	.	-	1422
ZM4	1486757	1486758	ZMO1857_peak_579	26.4168	ZM4	1486365	1486366	TSS_3285	.	-	-392
ZM4	1488743	1488744	ZMO1857_peak_580	21.2595	ZM4	1489121	1489122	TSS_3290	.	+	-378
ZM4	1491317	1491318	ZMO1857_peak_581	5.49474	ZM4	1492604	1492605	TSS_3294	.	-	1287
ZM4	1494178	1494179	ZMO1857_peak_582	12.6691	ZM4	1494144	1494145	TSS_3296	.	-	-34
ZM4	1495202	1495203	ZMO1857_peak_583	54.0308	ZM4	1495871	1495872	TSS_3298	.	+	-669
ZM4	1497958	1497959	ZMO1857_peak_584	30.8807	ZM4	1495948	1495949	TSS_3299	.	-	-2010
ZM4	1506189	1506190	ZMO1857_peak_585	230.02	ZM4	1505529	1505530	TSS_3319	.	-	-660
ZM4	1514727	1514728	ZMO1857_peak_586a	19.1576	ZM4	1515197	1515198	TSS_3332	.	-	470
ZM4	1514901	1514902	ZMO1857_peak_586b	4.55144	ZM4	1515197	1515198	TSS_3332	.	-	296
ZM4	1517205	1517206	ZMO1857_peak_587	126.75	ZM4	1517256	1517257	TSS_3343	.	+	-51
ZM4	1517715	1517716	ZMO1857_peak_588	19.3274	ZM4	1517576	1517577	TSS_3368	.	-	-139
ZM4	1518321	1518322	ZMO1857_peak_589	32.9972	ZM4	1518240	1518241	TSS_3374	.	+	81
ZM4	1518942	1518943	ZMO1857_peak_590	42.5377	ZM4	1518240	1518241	TSS_3374	.	+	702
ZM4	1520676	1520677	ZMO1857_peak_591	4.52087	ZM4	1522124	1522125	TSS_3380	.	-	1448
ZM4	1523633	1523634	ZMO1857_peak_592	40.9164	ZM4	1522632	1522633	TSS_3383	.	+	1001
ZM4	1524214	1524215	ZMO1857_peak_593	25.5132	ZM4	1522632	1522633	TSS_3383	.	+	1582
ZM4	1526442	1526443	ZMO1857_peak_594	72.388	ZM4	1527045	1527046	TSS_3390	.	-	603
ZM4	1527504	1527505	ZMO1857_peak_595	23.7276	ZM4	1527693	1527694	TSS_3394	.	-	189
ZM4	1533237	1533238	ZMO1857_peak_596	6.17834	ZM4	1532836	1532837	TSS_3404	.	+	401
ZM4	1535964	1535965	ZMO1857_peak_597	58.2942	ZM4	1536286	1536287	TSS_3408	.	+	-322
ZM4	1537714	1537715	ZMO1857_peak_598	19.2163	ZM4	1536286	1536287	TSS_3408	.	+	1428
ZM4	1542389	1542390	ZMO1857_peak_599	1097.24	ZM4	1543125	1543126	TSS_3414	.	-	736
ZM4	1543703	1543704	ZMO1857_peak_600	69.0874	ZM4	1543923	1543924	TSS_3422	.	-	220
ZM4	1548590	1548591	ZMO1857_peak_601	27.9677	ZM4	1547344	1547345	TSS_3443	.	+	1246
ZM4	1550101	1550102	ZMO1857_peak_602	17.594	ZM4	1550719	1550720	TSS_3456	.	+	-618
ZM4	1550460	1550461	ZMO1857_peak_603	9.9538	ZM4	1550719	1550720	TSS_3456	.	+	-259
ZM4	1551540	1551541	ZMO1857_peak_604	2.98733	ZM4	1550719	1550720	TSS_3456	.	+	821
ZM4	1552357	1552358	ZMO1857_peak_605a	49.674	ZM4	1550719	1550720	TSS_3456	.	+	1638
ZM4	1552793	1552794	ZMO1857_peak_605b	11.4112	ZM4	1550719	1550720	TSS_3456	.	+	2074
ZM4	1555363	1555364	ZMO1857_peak_606	17.5219	ZM4	1550719	1550720	TSS_3456	.	+	4644
ZM4	1556203	1556204	ZMO1857_peak_607	44.2055	ZM4	1550719	1550720	TSS_3456	.	+	5484
ZM4	1559352	1559353	ZMO1857_peak_608	14.419	ZM4	1562901	1562902	TSS_3466	.	-	3549
ZM4	1560635	1560636	ZMO1857_peak_609	34.8872	ZM4	1562901	1562902	TSS_3466	.	-	2266
ZM4	1561148	1561149	ZMO1857_peak_610	104.416	ZM4	1562901	1562902	TSS_3466	.	-	1753
ZM4	1563252	1563253	ZMO1857_peak_611	107.859	ZM4	1563184	1563185	TSS_3475	.	-	-68
ZM4	1568180	1568181	ZMO1857_peak_612	102.5	ZM4	1565803	1565804	TSS_3481	.	+	2377
ZM4	1571808	1571809	ZMO1857_peak_613	22.2182	ZM4	1573897	1573898	TSS_3495	.	+	-2089
ZM4	1574691	1574692	ZMO1857_peak_614	11.8145	ZM4	1573911	1573912	TSS_3497	.	+	780
ZM4	1580927	1580928	ZMO1857_peak_615	13.9757	ZM4	1580704	1580705	TSS_3514	.	+	223
ZM4	1582261	1582262	ZMO1857_peak_616	14.1189	ZM4	1583161	1583162	TSS_3516	.	+	-900
ZM4	1586508	1586509	ZMO1857_peak_617	5.53427	ZM4	1585996	1585997	TSS_3520	.	+	512
ZM4	1591188	1591189	ZMO1857_peak_618	7.08271	ZM4	1590726	1590727	TSS_3525	.	+	462
ZM4	1591575	1591576	ZMO1857_peak_619	36.5895	ZM4	1590726	1590727	TSS_3525	.	+	849
ZM4	1595299	1595300	ZMO1857_peak_620a	6.5711	ZM4	1594539	1594540	TSS_3531	.	+	760
ZM4	1595391	1595392	ZMO1857_peak_620b	8.20679	ZM4	1594539	1594540	TSS_3531	.	+	852
ZM4	1597739	1597740	ZMO1857_peak_621	7.52648	ZM4	1597152	1597153	TSS_3540	.	+	587
ZM4	1600670	1600671	ZMO1857_peak_622a	1.59789	ZM4	1597152	1597153	TSS_3540	.	+	3518
ZM4	1600931	1600932	ZMO1857_peak_622b	38.5463	ZM4	1604521	1604522	TSS_3543	.	-	3590
ZM4	1602906	1602907	ZMO1857_peak_623	39.0307	ZM4	1604521	1604522	TSS_3543	.	-	1615
ZM4	1614882	1614883	ZMO1857_peak_624	12.3033	ZM4	1609991	1609992	TSS_3550	.	+	4891
ZM4	1618391	1618392	ZMO1857_peak_625	9.70245	ZM4	1620985	1620986	TSS_3553	.	+	-2594
ZM4	1623820	1623821	ZMO1857_peak_626	8.19508	ZM4	1624685	1624686	TSS_3558	.	-	865
ZM4	1624251	1624252	ZMO1857_peak_627a	17.4753	ZM4	1624685	1624686	TSS_3558	.	-	434
ZM4	1624538	1624539	ZMO1857_peak_627b	182.198	ZM4	1624685	1624686	TSS_3558	.	-	147
ZM4	1625713	1625714	ZMO1857_peak_628	15.6475	ZM4	1625857	1625858	TSS_3560	.	+	-144
ZM4	1626707	1626708	ZMO1857_peak_629	28.4299	ZM4	1626402	1626403	TSS_3563	.	+	305
ZM4	1627749	1627750	ZMO1857_peak_630	23.1179	ZM4	1627080	1627081	TSS_3564	.	+	669
ZM4	1630527	1630528	ZMO1857_peak_631	28.1948	ZM4	1633836	1633837	TSS_3567	.	-	3309
ZM4	1637428	1637429	ZMO1857_peak_632	6.84075	ZM4	1636867	1636868	TSS_3580	.	+	561
ZM4	1638270	1638271	ZMO1857_peak_633	4.66463	ZM4	1638361	1638362	TSS_3584	.	+	-91
ZM4	1639141	1639142	ZMO1857_peak_634	8.412	ZM4	1638523	1638524	TSS_3587	.	+	618
ZM4	1639465	1639466	ZMO1857_peak_635	24.9176	ZM4	1638523	1638524	TSS_3587	.	+	942
ZM4	1640428	1640429	ZMO1857_peak_636	7.77933	ZM4	1638523	1638524	TSS_3587	.	+	1905
ZM4	1641519	1641520	ZMO1857_peak_637	85.1279	ZM4	1643341	1643342	TSS_3588	.	+	-1822
ZM4	1644176	1644177	ZMO1857_peak_638	215.722	ZM4	1643384	1643385	TSS_3590	.	+	792
ZM4	1644678	1644679	ZMO1857_peak_639	8.32763	ZM4	1645047	1645048	TSS_3592	.	+	-369
ZM4	1647516	1647517	ZMO1857_peak_640	19.1478	ZM4	1646817	1646818	TSS_3597	.	+	699
ZM4	1653348	1653349	ZMO1857_peak_641	49.4432	ZM4	1653357	1653358	TSS_3617	.	+	-9
ZM4	1658814	1658815	ZMO1857_peak_642	14.7852	ZM4	1657724	1657725	TSS_3640	.	-	-1090
ZM4	1659692	1659693	ZMO1857_peak_643	19.344	ZM4	1657724	1657725	TSS_3640	.	-	-1968
ZM4	1660940	1660941	ZMO1857_peak_644	5.77741	ZM4	1661980	1661981	TSS_3641	.	-	1040
ZM4	1662115	1662116	ZMO1857_peak_645	47.3976	ZM4	1662112	1662113	TSS_3643	.	-	-3
ZM4	1663814	1663815	ZMO1857_peak_646	15.9534	ZM4	1663342	1663343	TSS_3650	.	+	472
ZM4	1665818	1665819	ZMO1857_peak_647a	8.7782	ZM4	1665381	1665382	TSS_3658	.	+	437
ZM4	1666007	1666008	ZMO1857_peak_647b	45.848	ZM4	1665381	1665382	TSS_3658	.	+	626
ZM4	1666516	1666517	ZMO1857_peak_648	77.2217	ZM4	1665381	1665382	TSS_3658	.	+	1135
ZM4	1666935	1666936	ZMO1857_peak_649	3.29012	ZM4	1665381	1665382	TSS_3658	.	+	1554
ZM4	1675825	1675826	ZMO1857_peak_650	47.3065	ZM4	1676953	1676954	TSS_3667	.	-	1128
ZM4	1683891	1683892	ZMO1857_peak_651	10.255	ZM4	1683995	1683996	TSS_3686	.	+	-104
ZM4	1684829	1684830	ZMO1857_peak_652	9.0452	ZM4	1685495	1685496	TSS_3688	.	+	-666
ZM4	1687556	1687557	ZMO1857_peak_653	3.77495	ZM4	1687584	1687585	TSS_3697	.	-	28
ZM4	1688001	1688002	ZMO1857_peak_654	2.92136	ZM4	1687584	1687585	TSS_3697	.	-	-417
ZM4	1689038	1689039	ZMO1857_peak_655	4.14682	ZM4	1687584	1687585	TSS_3697	.	-	-1454
ZM4	1689576	1689577	ZMO1857_peak_656	4.2139	ZM4	1690931	1690932	TSS_3698	.	-	1355
ZM4	1700072	1700073	ZMO1857_peak_657	41.4811	ZM4	1697872	1697873	TSS_3716	.	+	2200
ZM4	1702278	1702279	ZMO1857_peak_658	8.7702	ZM4	1703017	1703018	TSS_3719	.	-	739
ZM4	1702522	1702523	ZMO1857_peak_659a	3.37307	ZM4	1703017	1703018	TSS_3719	.	-	495
ZM4	1702708	1702709	ZMO1857_peak_659b	8.6174	ZM4	1703017	1703018	TSS_3719	.	-	309
ZM4	1706179	1706180	ZMO1857_peak_660	62.9884	ZM4	1706514	1706515	TSS_3737	.	+	-335
ZM4	1708307	1708308	ZMO1857_peak_661a	2.35031	ZM4	1708308	1708309	TSS_3740	.	+	-1
ZM4	1708518	1708519	ZMO1857_peak_661b	90.9106	ZM4	1708308	1708309	TSS_3740	.	+	210
ZM4	1708717	1708718	ZMO1857_peak_661c	7.92513	ZM4	1708737	1708738	TSS_3741	.	+	-20
ZM4	1712048	1712049	ZMO1857_peak_662	16.3052	ZM4	1712555	1712556	TSS_3745	.	+	-507
ZM4	1713128	1713129	ZMO1857_peak_663	63.8811	ZM4	1713167	1713168	TSS_3746	.	+	-39
ZM4	1715363	1715364	ZMO1857_peak_664	27.3327	ZM4	1715213	1715214	TSS_3747	.	+	150
ZM4	1716933	1716934	ZMO1857_peak_665	4.65555	ZM4	1716912	1716913	TSS_3751	.	+	21
ZM4	1725624	1725625	ZMO1857_peak_666	36.2499	ZM4	1725645	1725646	TSS_3765	.	-	21
ZM4	1728847	1728848	ZMO1857_peak_667	20.7672	ZM4	1729998	1729999	TSS_3768	.	+	-1151
ZM4	1729319	1729320	ZMO1857_peak_668	15.4366	ZM4	1729998	1729999	TSS_3768	.	+	-679
ZM4	1734747	1734748	ZMO1857_peak_669a	101.68	ZM4	1734703	1734704	TSS_3772	.	+	44
ZM4	1735140	1735141	ZMO1857_peak_669b	16.8744	ZM4	1734703	1734704	TSS_3772	.	+	437
ZM4	1742806	1742807	ZMO1857_peak_670	11.3335	ZM4	1742186	1742187	TSS_3784	.	+	620
ZM4	1744940	1744941	ZMO1857_peak_671	23.8944	ZM4	1746747	1746748	TSS_3787	.	-	1807
ZM4	1745486	1745487	ZMO1857_peak_672	31.2791	ZM4	1746747	1746748	TSS_3787	.	-	1261
ZM4	1755122	1755123	ZMO1857_peak_673	1.71459	ZM4	1755471	1755472	TSS_3811	.	-	349
ZM4	1755436	1755437	ZMO1857_peak_674	14.6142	ZM4	1755471	1755472	TSS_3811	.	-	35
ZM4	1756162	1756163	ZMO1857_peak_675	193.177	ZM4	1755577	1755578	TSS_3816	.	+	585
ZM4	1758812	1758813	ZMO1857_peak_676a	6.7205	ZM4	1758606	1758607	TSS_3826	.	+	206
ZM4	1759050	1759051	ZMO1857_peak_676b	14.0423	ZM4	1759186	1759187	TSS_3827	.	+	-136
ZM4	1759327	1759328	ZMO1857_peak_676c	250.43	ZM4	1759186	1759187	TSS_3827	.	+	141
ZM4	1762789	1762790	ZMO1857_peak_677	40.1355	ZM4	1763629	1763630	TSS_3832	.	-	840
ZM4	1763192	1763193	ZMO1857_peak_678	13.64	ZM4	1763629	1763630	TSS_3832	.	-	437
ZM4	1764241	1764242	ZMO1857_peak_679	12.7012	ZM4	1764382	1764383	TSS_3843	.	-	141
ZM4	1764899	1764900	ZMO1857_peak_680	7.67332	ZM4	1765114	1765115	TSS_3845	.	-	215
ZM4	1766208	1766209	ZMO1857_peak_681	14.2951	ZM4	1766053	1766054	TSS_3853	.	-	-155
ZM4	1770755	1770756	ZMO1857_peak_682a	35.8188	ZM4	1770789	1770790	TSS_3879	.	-	34
ZM4	1770923	1770924	ZMO1857_peak_682b	1.77737	ZM4	1770792	1770793	TSS_3882	.	-	-131
ZM4	1771071	1771072	ZMO1857_peak_682c	8.23645	ZM4	1770792	1770793	TSS_3882	.	-	-279
ZM4	1771526	1771527	ZMO1857_peak_683	49.6446	ZM4	1770792	1770793	TSS_3882	.	-	-734
ZM4	1772492	1772493	ZMO1857_peak_684	36.5988	ZM4	1772739	1772740	TSS_3884	.	-	247
ZM4	1773804	1773805	ZMO1857_peak_685	10.4592	ZM4	1774478	1774479	TSS_3886	.	-	674
ZM4	1778675	1778676	ZMO1857_peak_686a	19.0152	ZM4	1778995	1778996	TSS_3895	.	+	-320
ZM4	1778939	1778940	ZMO1857_peak_686b	13.8571	ZM4	1778995	1778996	TSS_3895	.	+	-56
ZM4	1779219	1779220	ZMO1857_peak_686c	53.7405	ZM4	1779238	1779239	TSS_3900	.	+	-19
ZM4	1783303	1783304	ZMO1857_peak_687	10.5564	ZM4	1783917	1783918	TSS_3909	.	-	614
ZM4	1784322	1784323	ZMO1857_peak_688	3.74577	ZM4	1784117	1784118	TSS_3912	.	-	-205
ZM4	1785537	1785538	ZMO1857_peak_689a	2.0626	ZM4	1785533	1785534	TSS_3913	.	-	-4
ZM4	1785740	1785741	ZMO1857_peak_689b	94.0853	ZM4	1785673	1785674	TSS_3914	.	-	-67
ZM4	1785934	1785935	ZMO1857_peak_689c	6.11935	ZM4	1785673	1785674	TSS_3914	.	-	-261
ZM4	1792156	1792157	ZMO1857_peak_690	21.2969	ZM4	1792394	1792395	TSS_3923	.	-	238
ZM4	1793043	1793044	ZMO1857_peak_691	5.43504	ZM4	1792570	1792571	TSS_3924	.	-	-473
ZM4	1802077	1802078	ZMO1857_peak_692	170.671	ZM4	1801999	1802000	TSS_3966	.	+	78
ZM4	1803067	1803068	ZMO1857_peak_693	4.76089	ZM4	1803371	1803372	TSS_3967	.	+	-304
ZM4	1804796	1804797	ZMO1857_peak_694	32.9043	ZM4	1805142	1805143	TSS_3972	.	-	346
ZM4	1810192	1810193	ZMO1857_peak_695	4.61188	ZM4	1811168	1811169	TSS_3979	.	-	976
ZM4	1812562	1812563	ZMO1857_peak_696	23.6527	ZM4	1812433	1812434	TSS_3981	.	-	-129
ZM4	1812928	1812929	ZMO1857_peak_697	15.6336	ZM4	1812784	1812785	TSS_3982	.	-	-144
ZM4	1814187	1814188	ZMO1857_peak_698	6.0686	ZM4	1813346	1813347	TSS_3986	.	-	-841
ZM4	1814855	1814856	ZMO1857_peak_699a	3.01213	ZM4	1816346	1816347	TSS_3987	.	-	1491
ZM4	1815007	1815008	ZMO1857_peak_699b	8.15615	ZM4	1816346	1816347	TSS_3987	.	-	1339
ZM4	1817328	1817329	ZMO1857_peak_700	22.4397	ZM4	1817850	1817851	TSS_3990	.	-	522
ZM4	1819565	1819566	ZMO1857_peak_701	17.0331	ZM4	1819947	1819948	TSS_3993	.	-	382
ZM4	1821528	1821529	ZMO1857_peak_702	10.6392	ZM4	1821000	1821001	TSS_3999	.	+	528
ZM4	1824109	1824110	ZMO1857_peak_703a	1.6889	ZM4	1823956	1823957	TSS_4003	.	+	153
ZM4	1824321	1824322	ZMO1857_peak_703b	45.7848	ZM4	1823956	1823957	TSS_4003	.	+	365
ZM4	1829179	1829180	ZMO1857_peak_704	107.799	ZM4	1827380	1827381	TSS_4024	.	-	-1799
ZM4	1829888	1829889	ZMO1857_peak_705	21.753	ZM4	1827380	1827381	TSS_4024	.	-	-2508
ZM4	1835850	1835851	ZMO1857_peak_706	22.303	ZM4	1834932	1834933	TSS_4037	.	+	918
ZM4	1836263	1836264	ZMO1857_peak_707	15.5839	ZM4	1834932	1834933	TSS_4037	.	+	1331
ZM4	1837444	1837445	ZMO1857_peak_708a	10.0843	ZM4	1834932	1834933	TSS_4037	.	+	2512
ZM4	1837679	1837680	ZMO1857_peak_708b	82.3616	ZM4	1834932	1834933	TSS_4037	.	+	2747
ZM4	1838041	1838042	ZMO1857_peak_709	90.8166	ZM4	1840491	1840492	TSS_4059	.	-	2450
ZM4	1838401	1838402	ZMO1857_peak_710	10.8096	ZM4	1840491	1840492	TSS_4059	.	-	2090
ZM4	1843652	1843653	ZMO1857_peak_711	40.4156	ZM4	1842683	1842684	TSS_4069	.	+	969
ZM4	1848081	1848082	ZMO1857_peak_712	29.5198	ZM4	1849012	1849013	TSS_4085	.	-	931
ZM4	1849802	1849803	ZMO1857_peak_713	17.2195	ZM4	1849748	1849749	TSS_4086	.	-	-54
ZM4	1850809	1850810	ZMO1857_peak_714	19.9717	ZM4	1849748	1849749	TSS_4086	.	-	-1061
ZM4	1854631	1854632	ZMO1857_peak_715	8.31507	ZM4	1855211	1855212	TSS_4087	.	-	580
ZM4	1855226	1855227	ZMO1857_peak_716	295.731	ZM4	1855211	1855212	TSS_4087	.	-	-15
ZM4	1856778	1856779	ZMO1857_peak_717	127.002	ZM4	1857841	1857842	TSS_4089	.	-	1063
ZM4	1858717	1858718	ZMO1857_peak_718	25.8762	ZM4	1857916	1857917	TSS_4091	.	-	-801
ZM4	1860149	1860150	ZMO1857_peak_719	36.0098	ZM4	1860550	1860551	TSS_4092	.	-	401
ZM4	1862425	1862426	ZMO1857_peak_720	3.7752	ZM4	1860551	1860552	TSS_4093	.	-	-1874
ZM4	1863314	1863315	ZMO1857_peak_721	84.8523	ZM4	1864306	1864307	TSS_4096	.	+	-992
ZM4	1864694	1864695	ZMO1857_peak_722	118.417	ZM4	1864521	1864522	TSS_4101	.	+	173
ZM4	1865091	1865092	ZMO1857_peak_723	82.7142	ZM4	1864521	1864522	TSS_4101	.	+	570
ZM4	1866259	1866260	ZMO1857_peak_724	33.6499	ZM4	1864521	1864522	TSS_4101	.	+	1738
ZM4	1866739	1866740	ZMO1857_peak_725	14.6377	ZM4	1868635	1868636	TSS_4103	.	+	-1896
ZM4	1868262	1868263	ZMO1857_peak_726a	112.543	ZM4	1868635	1868636	TSS_4103	.	+	-373
ZM4	1868424	1868425	ZMO1857_peak_726b	32.6575	ZM4	1868635	1868636	TSS_4103	.	+	-211
ZM4	1869359	1869360	ZMO1857_peak_727a	5.14229	ZM4	1868635	1868636	TSS_4103	.	+	724
ZM4	1869496	1869497	ZMO1857_peak_727b	20.678	ZM4	1868635	1868636	TSS_4103	.	+	861
ZM4	1869920	1869921	ZMO1857_peak_728	17.9806	ZM4	1868635	1868636	TSS_4103	.	+	1285
ZM4	1873003	1873004	ZMO1857_peak_729	19.5502	ZM4	1874059	1874060	TSS_4106	.	+	-1056
ZM4	1874200	1874201	ZMO1857_peak_730	15.6184	ZM4	1874059	1874060	TSS_4106	.	+	141
ZM4	1874646	1874647	ZMO1857_peak_731a	2.65702	ZM4	1874059	1874060	TSS_4106	.	+	587
ZM4	1874890	1874891	ZMO1857_peak_731b	91.2545	ZM4	1874059	1874060	TSS_4106	.	+	831
ZM4	1878153	1878154	ZMO1857_peak_732	2.88018	ZM4	1874059	1874060	TSS_4106	.	+	4094
ZM4	1883176	1883177	ZMO1857_peak_733	67.6059	ZM4	1883212	1883213	TSS_4114	.	-	36
ZM4	1883946	1883947	ZMO1857_peak_734	338.327	ZM4	1884164	1884165	TSS_4116	.	-	218
ZM4	1887829	1887830	ZMO1857_peak_735	30.2289	ZM4	1888831	1888832	TSS_4130	.	-	1002
ZM4	1888967	1888968	ZMO1857_peak_736	12.101	ZM4	1888831	1888832	TSS_4130	.	-	-136
ZM4	1889302	1889303	ZMO1857_peak_737	10.5747	ZM4	1889721	1889722	TSS_4132	.	-	419
ZM4	1895382	1895383	ZMO1857_peak_738a	62.4246	ZM4	1895930	1895931	TSS_4141	.	-	548
ZM4	1895652	1895653	ZMO1857_peak_738b	230.872	ZM4	1895930	1895931	TSS_4141	.	-	278
ZM4	1898320	1898321	ZMO1857_peak_739	13009.4	ZM4	1895930	1895931	TSS_4141	.	-	-2390
ZM4	1903547	1903548	ZMO1857_peak_740	5.3977	ZM4	1908779	1908780	TSS_4143	.	-	5232
ZM4	1905003	1905004	ZMO1857_peak_741	11.4275	ZM4	1908779	1908780	TSS_4143	.	-	3776
ZM4	1912601	1912602	ZMO1857_peak_742	86.7618	ZM4	1910302	1910303	TSS_4149	.	-	-2299
ZM4	1918864	1918865	ZMO1857_peak_743	10.3467	ZM4	1922589	1922590	TSS_4158	.	-	3725
ZM4	1922310	1922311	ZMO1857_peak_744	177.697	ZM4	1922589	1922590	TSS_4158	.	-	279
ZM4	1925477	1925478	ZMO1857_peak_745a	11.337	ZM4	1925471	1925472	TSS_4168	.	-	-6
ZM4	1925691	1925692	ZMO1857_peak_745b	7.11086	ZM4	1925471	1925472	TSS_4168	.	-	-220
ZM4	1928760	1928761	ZMO1857_peak_746	12.0567	ZM4	1928212	1928213	TSS_4186	.	+	548
ZM4	1929997	1929998	ZMO1857_peak_747	27.507	ZM4	1929860	1929861	TSS_4191	.	+	137
ZM4	1931521	1931522	ZMO1857_peak_748a	46.6792	ZM4	1932471	1932472	TSS_4195	.	+	-950
ZM4	1931678	1931679	ZMO1857_peak_748b	5.92518	ZM4	1932471	1932472	TSS_4195	.	+	-793
ZM4	1935499	1935500	ZMO1857_peak_749	46.1388	ZM4	1934616	1934617	TSS_4217	.	+	883
ZM4	1936402	1936403	ZMO1857_peak_750	48.2406	ZM4	1934616	1934617	TSS_4217	.	+	1786
ZM4	1936860	1936861	ZMO1857_peak_751	24.8604	ZM4	1934616	1934617	TSS_4217	.	+	2244
ZM4	1938489	1938490	ZMO1857_peak_752	7.06351	ZM4	1939167	1939168	TSS_4219	.	-	678
ZM4	1939872	1939873	ZMO1857_peak_753	33.1147	ZM4	1939167	1939168	TSS_4219	.	-	-705
ZM4	1940548	1940549	ZMO1857_peak_754	34.6921	ZM4	1941316	1941317	TSS_4221	.	-	768
ZM4	1941026	1941027	ZMO1857_peak_755	25.2699	ZM4	1941316	1941317	TSS_4221	.	-	290
ZM4	1941919	1941920	ZMO1857_peak_756	30.4774	ZM4	1941322	1941323	TSS_4224	.	-	-597
ZM4	1943975	1943976	ZMO1857_peak_757	3.48688	ZM4	1945090	1945091	TSS_4233	.	-	1115
ZM4	1946895	1946896	ZMO1857_peak_758	41.6106	ZM4	1945935	1945936	TSS_4238	.	+	960
ZM4	1947612	1947613	ZMO1857_peak_759	55.5134	ZM4	1945935	1945936	TSS_4238	.	+	1677
ZM4	1951589	1951590	ZMO1857_peak_760	20.2019	ZM4	1950035	1950036	TSS_4246	.	-	-1554
ZM4	1952142	1952143	ZMO1857_peak_761	19.4786	ZM4	1953176	1953177	TSS_4249	.	-	1034
ZM4	1952506	1952507	ZMO1857_peak_762	50.0041	ZM4	1953176	1953177	TSS_4249	.	-	670
ZM4	1957820	1957821	ZMO1857_peak_763	48.5597	ZM4	1957009	1957010	TSS_4266	.	+	811
ZM4	1959973	1959974	ZMO1857_peak_764	40.8574	ZM4	1958887	1958888	TSS_4269	.	-	-1086
ZM4	1963605	1963606	ZMO1857_peak_765	26.6509	ZM4	1963336	1963337	TSS_4291	.	+	269
ZM4	1965586	1965587	ZMO1857_peak_766a	25.2771	ZM4	1965401	1965402	TSS_4295	.	+	185
ZM4	1965803	1965804	ZMO1857_peak_766b	42.4123	ZM4	1965803	1965804	TSS_4297	.	+	0
ZM4	1966832	1966833	ZMO1857_peak_767	5.50049	ZM4	1965804	1965805	TSS_4298	.	+	1028
ZM4	1967733	1967734	ZMO1857_peak_768	82.1556	ZM4	1965804	1965805	TSS_4298	.	+	1929
ZM4	1971135	1971136	ZMO1857_peak_769	44.2922	ZM4	1971103	1971104	TSS_4309	.	-	-32
ZM4	1975028	1975029	ZMO1857_peak_770	49.4144	ZM4	1973075	1973076	TSS_4318	.	+	1953
ZM4	1981065	1981066	ZMO1857_peak_771	33.4702	ZM4	1980115	1980116	TSS_4328	.	-	-950
ZM4	1985050	1985051	ZMO1857_peak_772	6.61441	ZM4	1984672	1984673	TSS_4352	.	+	378
ZM4	1985951	1985952	ZMO1857_peak_773a	9.90789	ZM4	1986320	1986321	TSS_4363	.	+	-369
ZM4	1986155	1986156	ZMO1857_peak_773b	9.14895	ZM4	1986320	1986321	TSS_4363	.	+	-165
ZM4	1989912	1989913	ZMO1857_peak_774a	2.83608	ZM4	1987728	1987729	TSS_4366	.	+	2184
ZM4	1990022	1990023	ZMO1857_peak_774b	3.2571	ZM4	1987728	1987729	TSS_4366	.	+	2294
ZM4	1990245	1990246	ZMO1857_peak_774c	5.02882	ZM4	1987728	1987729	TSS_4366	.	+	2517
ZM4	1993031	1993032	ZMO1857_peak_775	3.56818	ZM4	1994250	1994251	TSS_4371	.	-	1219
ZM4	1995239	1995240	ZMO1857_peak_776	7.71844	ZM4	1994502	1994503	TSS_4372	.	-	-737
ZM4	2001427	2001428	ZMO1857_peak_777	10.9925	ZM4	2003022	2003023	TSS_4374	.	-	1595
ZM4	2001819	2001820	ZMO1857_peak_778a	29.9413	ZM4	2003022	2003023	TSS_4374	.	-	1203
ZM4	2002011	2002012	ZMO1857_peak_778b	35.9227	ZM4	2003022	2003023	TSS_4374	.	-	1011
ZM4	2002404	2002405	ZMO1857_peak_779	49.8815	ZM4	2003022	2003023	TSS_4374	.	-	618
ZM4	2004696	2004697	ZMO1857_peak_780	1.44244	ZM4	2003022	2003023	TSS_4374	.	-	-1674
ZM4	2005171	2005172	ZMO1857_peak_781	12.1196	ZM4	2003022	2003023	TSS_4374	.	-	-2149
ZM4	2005872	2005873	ZMO1857_peak_782	8.40004	ZM4	2003022	2003023	TSS_4374	.	-	-2850
ZM4	2006248	2006249	ZMO1857_peak_783	22.0816	ZM4	2003022	2003023	TSS_4374	.	-	-3226
ZM4	2006596	2006597	ZMO1857_peak_784a	2.55506	ZM4	2003022	2003023	TSS_4374	.	-	-3574
ZM4	2006840	2006841	ZMO1857_peak_784b	14.7223	ZM4	2003022	2003023	TSS_4374	.	-	-3818
ZM4	2007937	2007938	ZMO1857_peak_785	12.8382	ZM4	2003022	2003023	TSS_4374	.	-	-4915
ZM4	2009629	2009630	ZMO1857_peak_786	10.0553	ZM4	2013493	2013494	TSS_4384	.	-	3864
ZM4	2010301	2010302	ZMO1857_peak_787a	5.03648	ZM4	2013493	2013494	TSS_4384	.	-	3192
ZM4	2010548	2010549	ZMO1857_peak_787b	9.27211	ZM4	2013493	2013494	TSS_4384	.	-	2945
ZM4	2012026	2012027	ZMO1857_peak_788	5.07635	ZM4	2013493	2013494	TSS_4384	.	-	1467
ZM4	2014350	2014351	ZMO1857_peak_789	413.422	ZM4	2013557	2013558	TSS_4386	.	-	-793
ZM4	2015743	2015744	ZMO1857_peak_790	23.6837	ZM4	2015319	2015320	TSS_4388	.	-	-424
ZM4	2017538	2017539	ZMO1857_peak_791	2.41315	ZM4	2017437	2017438	TSS_4391	.	-	-101
ZM4	2021498	2021499	ZMO1857_peak_792	7.78104	ZM4	2020374	2020375	TSS_4395	.	-	-1124
ZM4	2037050	2037051	ZMO1857_peak_793	560.996	ZM4	2036639	2036640	TSS_4412	.	+	411
ZM4	2043912	2043913	ZMO1857_peak_794	19.1776	ZM4	2043114	2043115	TSS_4414	.	-	-798
ZM4	2045357	2045358	ZMO1857_peak_795	14.865	ZM4	2045899	2045900	TSS_4417	.	+	-542
ZM4	2048733	2048734	ZMO1857_peak_796	32.1183	ZM4	2045899	2045900	TSS_4417	.	+	2834
ZM4	2049123	2049124	ZMO1857_peak_797	8.83895	ZM4	2045899	2045900	TSS_4417	.	+	3224
ZM4	2049679	2049680	ZMO1857_peak_798	29.6415	ZM4	2052954	2052955	TSS_4422	.	+	-3275
ZM4	2050395	2050396	ZMO1857_peak_799a	115.629	ZM4	2052954	2052955	TSS_4422	.	+	-2559
ZM4	2050606	2050607	ZMO1857_peak_799b	22.7104	ZM4	2052954	2052955	TSS_4422	.	+	-2348
ZM4	2050838	2050839	ZMO1857_peak_799c	38.3769	ZM4	2052954	2052955	TSS_4422	.	+	-2116
ZM4	2051452	2051453	ZMO1857_peak_800	8.87064	ZM4	2052954	2052955	TSS_4422	.	+	-1502
ZM4	2053536	2053537	ZMO1857_peak_801	40.3723	ZM4	2053613	2053614	TSS_4423	.	+	-77
ZM4	2055406	2055407	ZMO1857_peak_802	200.698	ZM4	2056376	2056377	TSS_4425	.	-	970
ZM4	2055784	2055785	ZMO1857_peak_803	31.0274	ZM4	2056376	2056377	TSS_4425	.	-	592
pZM32	13920	13921	ZMO1857_peak_804	28.3552	pZM32	14287	14288	TSS_4453	.	+	-367
pZM32	21928	21929	ZMO1857_peak_805	4.3755	pZM32	21293	21294	TSS_4471	.	+	635
pZM33	6824	6825	ZMO1857_peak_806	28.749	pZM33	8360	8361	TSS_4507	.	+	-1536
pZM33	9928	9929	ZMO1857_peak_807	20.9337	pZM33	10339	10340	TSS_4510	.	+	-411
pZM36	6586	6587	ZMO1857_peak_808	116.45	pZM36	13287	13288	TSS_4582	.	+	-6701
pZM36	25468	25469	ZMO1857_peak_809	27.5745	pZM36	24219	24220	TSS_4602	.	-	-1249
pZM39	10936	10937	ZMO1857_peak_810	57.826	pZM39	6857	6858	TSS_4620	.	+	4079
pZM39	28631	28632	ZMO1857_peak_811	57.3444	pZM39	24683	24684	TSS_4631	.	-	-3948
ZM4	166537	166538	ZMO1867_peak_1	128.914	ZM4	166932	166933	TSS_0325	.	+	-395
ZM4	246468	246469	ZMO1867_peak_2a	6.44798	ZM4	245089	245090	TSS_0500	.	+	1379
ZM4	246720	246721	ZMO1867_peak_2b	11.5098	ZM4	245089	245090	TSS_0500	.	+	1631
ZM4	318414	318415	ZMO1867_peak_3	26.8952	ZM4	318303	318304	TSS_0612	.	-	-111
ZM4	600710	600711	ZMO1867_peak_4	11.3668	ZM4	599377	599378	TSS_1402	.	+	1333
ZM4	1615757	1615758	ZMO1867_peak_5	1.48089	ZM4	1620985	1620986	TSS_3553	.	+	-5228
ZM4	1914762	1914763	ZMO1867_peak_6	1.45074	ZM4	1910302	1910303	TSS_4149	.	-	-4460
ZM4	2030816	2030817	ZMO1867_peak_7	52.644	ZM4	2031057	2031058	TSS_4404	.	+	-241
ZM4	166539	166540	ZMO1876_peak_1	103.491	ZM4	166932	166933	TSS_0325	.	+	-393
ZM4	246536	246537	ZMO1876_peak_2	5.68565	ZM4	245089	245090	TSS_0500	.	+	1447
ZM4	247241	247242	ZMO1876_peak_3	3.34497	ZM4	245089	245090	TSS_0500	.	+	2152
ZM4	1904913	1904914	ZMO1876_peak_4	2.22904	ZM4	1908779	1908780	TSS_4143	.	-	3866
ZM4	2030814	2030815	ZMO1876_peak_5	50.7472	ZM4	2031057	2031058	TSS_4404	.	+	-243
ZM4	27172	27173	ZMO1937_peak_1	78.4103	ZM4	26028	26029	TSS_0027	.	-	-1144
ZM4	91246	91247	ZMO1937_peak_2	2255.16	ZM4	91307	91308	TSS_0118	.	+	-61
ZM4	114567	114568	ZMO1937_peak_3a	2.75759	ZM4	115697	115698	TSS_0163	.	-	1130
ZM4	114768	114769	ZMO1937_peak_3b	58.0494	ZM4	115697	115698	TSS_0163	.	-	929
ZM4	129526	129527	ZMO1937_peak_4	1476.3	ZM4	129849	129850	TSS_0193	.	-	323
ZM4	152554	152555	ZMO1937_peak_5	12.2687	ZM4	154079	154080	TSS_0262	.	-	1525
ZM4	159660	159661	ZMO1937_peak_6	502.475	ZM4	160583	160584	TSS_0278	.	-	923
ZM4	166534	166535	ZMO1937_peak_7	181.242	ZM4	166932	166933	TSS_0325	.	+	-398
ZM4	210185	210186	ZMO1937_peak_8	26.9316	ZM4	210625	210626	TSS_0419	.	+	-440
ZM4	221503	221504	ZMO1937_peak_9	25.8131	ZM4	221003	221004	TSS_0438	.	+	500
ZM4	235473	235474	ZMO1937_peak_10	128.925	ZM4	235944	235945	TSS_0463	.	+	-471
ZM4	246482	246483	ZMO1937_peak_11a	8.62978	ZM4	245089	245090	TSS_0500	.	+	1393
ZM4	246740	246741	ZMO1937_peak_11b	14.2094	ZM4	245089	245090	TSS_0500	.	+	1651
ZM4	247299	247300	ZMO1937_peak_12	2.00747	ZM4	245089	245090	TSS_0500	.	+	2210
ZM4	264264	264265	ZMO1937_peak_13	195.002	ZM4	263309	263310	TSS_0524	.	+	955
ZM4	264954	264955	ZMO1937_peak_14	239.973	ZM4	266314	266315	TSS_0529	.	-	1360
ZM4	270892	270893	ZMO1937_peak_15	180.094	ZM4	270955	270956	TSS_0534	.	-	63
ZM4	287231	287232	ZMO1937_peak_16	110.452	ZM4	286985	286986	TSS_0574	.	-	-246
ZM4	318410	318411	ZMO1937_peak_17	20.0526	ZM4	318303	318304	TSS_0612	.	-	-107
ZM4	342070	342071	ZMO1937_peak_18	168.704	ZM4	341549	341550	TSS_0673	.	+	521
ZM4	473354	473355	ZMO1937_peak_19	38.2883	ZM4	472788	472789	TSS_0963	.	+	566
ZM4	478162	478163	ZMO1937_peak_20	36.1203	ZM4	478166	478167	TSS_0972	.	-	4
ZM4	505930	505931	ZMO1937_peak_21	25.3241	ZM4	504334	504335	TSS_1041	.	+	1596
ZM4	516883	516884	ZMO1937_peak_22	921.581	ZM4	516633	516634	TSS_1073	.	+	250
ZM4	560347	560348	ZMO1937_peak_23	2.98822	ZM4	559230	559231	TSS_1328	.	+	1117
ZM4	584597	584598	ZMO1937_peak_24	26.5478	ZM4	584085	584086	TSS_1377	.	-	-512
ZM4	592533	592534	ZMO1937_peak_25	93.0987	ZM4	592852	592853	TSS_1386	.	+	-319
ZM4	605553	605554	ZMO1937_peak_26	457.204	ZM4	606103	606104	TSS_1408	.	-	550
ZM4	615646	615647	ZMO1937_peak_27	39.6549	ZM4	615320	615321	TSS_1433	.	+	326
ZM4	664859	664860	ZMO1937_peak_28	195.854	ZM4	664327	664328	TSS_1537	.	+	532
ZM4	685788	685789	ZMO1937_peak_29	22.5848	ZM4	686349	686350	TSS_1568	.	-	561
ZM4	706135	706136	ZMO1937_peak_30	138.766	ZM4	707345	707346	TSS_1607	.	+	-1210
ZM4	735973	735974	ZMO1937_peak_31	53.946	ZM4	736997	736998	TSS_1693	.	+	-1024
ZM4	775714	775715	ZMO1937_peak_32	29.0972	ZM4	773264	773265	TSS_1789	.	+	2450
ZM4	785388	785389	ZMO1937_peak_33	848.68	ZM4	784680	784681	TSS_1802	.	+	708
ZM4	793482	793483	ZMO1937_peak_34	27.7838	ZM4	792107	792108	TSS_1806	.	+	1375
ZM4	818596	818597	ZMO1937_peak_35	27.4531	ZM4	819609	819610	TSS_1823	.	-	1013
ZM4	847476	847477	ZMO1937_peak_36	48.702	ZM4	845509	845510	TSS_1896	.	+	1967
ZM4	870297	870298	ZMO1937_peak_37	126.566	ZM4	869458	869459	TSS_1936	.	-	-839
ZM4	960161	960162	ZMO1937_peak_38	89.0879	ZM4	957435	957436	TSS_2111	.	-	-2726
ZM4	985645	985646	ZMO1937_peak_39	111.608	ZM4	986158	986159	TSS_2179	.	+	-513
ZM4	998689	998690	ZMO1937_peak_40	63.649	ZM4	1000352	1000353	TSS_2197	.	-	1663
ZM4	1004863	1004864	ZMO1937_peak_41	38.3728	ZM4	1005664	1005665	TSS_2204	.	-	801
ZM4	1037260	1037261	ZMO1937_peak_42	107.606	ZM4	1037347	1037348	TSS_2297	.	-	87
ZM4	1080376	1080377	ZMO1937_peak_43	25.5744	ZM4	1078511	1078512	TSS_2392	.	+	1865
ZM4	1084814	1084815	ZMO1937_peak_44	21.3705	ZM4	1085562	1085563	TSS_2420	.	+	-748
ZM4	1115969	1115970	ZMO1937_peak_45	88.8865	ZM4	1115701	1115702	TSS_2457	.	-	-268
ZM4	1134073	1134074	ZMO1937_peak_46	37.3516	ZM4	1132918	1132919	TSS_2507	.	+	1155
ZM4	1197169	1197170	ZMO1937_peak_47	18.2993	ZM4	1197158	1197159	TSS_2653	.	-	-11
ZM4	1267538	1267539	ZMO1937_peak_48	241.961	ZM4	1267613	1267614	TSS_2849	.	+	-75
ZM4	1269634	1269635	ZMO1937_peak_49	105.323	ZM4	1270888	1270889	TSS_2852	.	-	1254
ZM4	1299448	1299449	ZMO1937_peak_50	26.1823	ZM4	1297477	1297478	TSS_2904	.	+	1971
ZM4	1337938	1337939	ZMO1937_peak_51	40.7793	ZM4	1338535	1338536	TSS_2986	.	-	597
ZM4	1353055	1353056	ZMO1937_peak_52	9.11711	ZM4	1353460	1353461	TSS_3027	.	-	405
ZM4	1369809	1369810	ZMO1937_peak_53	282.51	ZM4	1369706	1369707	TSS_3075	.	-	-103
ZM4	1374552	1374553	ZMO1937_peak_54	66.3845	ZM4	1374707	1374708	TSS_3097	.	-	155
ZM4	1386451	1386452	ZMO1937_peak_55	37.9535	ZM4	1387850	1387851	TSS_3139	.	-	1399
ZM4	1400058	1400059	ZMO1937_peak_56	64.5462	ZM4	1399293	1399294	TSS_3159	.	+	765
ZM4	1403572	1403573	ZMO1937_peak_57	14.2313	ZM4	1404133	1404134	TSS_3163	.	-	561
ZM4	1422089	1422090	ZMO1937_peak_58	21.6752	ZM4	1422132	1422133	TSS_3193	.	-	43
ZM4	1495566	1495567	ZMO1937_peak_59	231.175	ZM4	1495871	1495872	TSS_3298	.	+	-305
ZM4	1501022	1501023	ZMO1937_peak_60	4.69789	ZM4	1501598	1501599	TSS_3304	.	-	576
ZM4	1509305	1509306	ZMO1937_peak_61	5.02143	ZM4	1512700	1512701	TSS_3323	.	+	-3395
ZM4	1519491	1519492	ZMO1937_peak_62	20.8511	ZM4	1518240	1518241	TSS_3374	.	+	1251
ZM4	1599945	1599946	ZMO1937_peak_63	31.3578	ZM4	1597152	1597153	TSS_3540	.	+	2793
ZM4	1603391	1603392	ZMO1937_peak_64	692.264	ZM4	1604521	1604522	TSS_3543	.	-	1130
ZM4	1618240	1618241	ZMO1937_peak_65	241.635	ZM4	1620985	1620986	TSS_3553	.	+	-2745
ZM4	1618767	1618768	ZMO1937_peak_66	9.91726	ZM4	1620985	1620986	TSS_3553	.	+	-2218
ZM4	1619484	1619485	ZMO1937_peak_67	2.1249	ZM4	1620985	1620986	TSS_3553	.	+	-1501
ZM4	1620026	1620027	ZMO1937_peak_68a	3.39967	ZM4	1620985	1620986	TSS_3553	.	+	-959
ZM4	1620246	1620247	ZMO1937_peak_68b	179.609	ZM4	1620985	1620986	TSS_3553	.	+	-739
ZM4	1635586	1635587	ZMO1937_peak_69	78.9999	ZM4	1635892	1635893	TSS_3570	.	-	306
ZM4	1649541	1649542	ZMO1937_peak_70	20.862	ZM4	1648656	1648657	TSS_3598	.	-	-885
ZM4	1685941	1685942	ZMO1937_peak_71	5.6798	ZM4	1685537	1685538	TSS_3691	.	+	404
ZM4	1709971	1709972	ZMO1937_peak_72	44.3556	ZM4	1710939	1710940	TSS_3743	.	+	-968
ZM4	1740699	1740700	ZMO1937_peak_73	54.8846	ZM4	1739910	1739911	TSS_3780	.	+	789
ZM4	1789852	1789853	ZMO1937_peak_74	741.595	ZM4	1788630	1788631	TSS_3919	.	-	-1222
ZM4	1794957	1794958	ZMO1937_peak_75	507.11	ZM4	1794544	1794545	TSS_3928	.	+	413
ZM4	1806560	1806561	ZMO1937_peak_76	132.974	ZM4	1807385	1807386	TSS_3975	.	+	-825
ZM4	1835426	1835427	ZMO1937_peak_77	330.748	ZM4	1834932	1834933	TSS_4037	.	+	494
ZM4	1867356	1867357	ZMO1937_peak_78	24.7695	ZM4	1868635	1868636	TSS_4103	.	+	-1279
ZM4	1903390	1903391	ZMO1937_peak_79	242.771	ZM4	1908779	1908780	TSS_4143	.	-	5389
ZM4	1903914	1903915	ZMO1937_peak_80	10.4895	ZM4	1908779	1908780	TSS_4143	.	-	4865
ZM4	1905178	1905179	ZMO1937_peak_81a	4.88188	ZM4	1908779	1908780	TSS_4143	.	-	3601
ZM4	1905393	1905394	ZMO1937_peak_81b	181.897	ZM4	1908779	1908780	TSS_4143	.	-	3386
ZM4	1917241	1917242	ZMO1937_peak_82	232.681	ZM4	1922589	1922590	TSS_4158	.	-	5348
ZM4	1917768	1917769	ZMO1937_peak_83	13.6274	ZM4	1922589	1922590	TSS_4158	.	-	4821
ZM4	1918217	1918218	ZMO1937_peak_84a	5.29144	ZM4	1922589	1922590	TSS_4158	.	-	4372
ZM4	1918400	1918401	ZMO1937_peak_84b	2.65637	ZM4	1922589	1922590	TSS_4158	.	-	4189
ZM4	1918494	1918495	ZMO1937_peak_84c	2.11941	ZM4	1922589	1922590	TSS_4158	.	-	4095
ZM4	1919017	1919018	ZMO1937_peak_85a	5.1575	ZM4	1922589	1922590	TSS_4158	.	-	3572
ZM4	1919245	1919246	ZMO1937_peak_85b	101.107	ZM4	1922589	1922590	TSS_4158	.	-	3344
ZM4	1927486	1927487	ZMO1937_peak_86	113.406	ZM4	1927455	1927456	TSS_4175	.	-	-31
ZM4	1965541	1965542	ZMO1937_peak_87	25.2262	ZM4	1965401	1965402	TSS_4295	.	+	140
ZM4	1967597	1967598	ZMO1937_peak_88	43.0049	ZM4	1965804	1965805	TSS_4298	.	+	1793
ZM4	1986489	1986490	ZMO1937_peak_89	19346.6	ZM4	1986320	1986321	TSS_4363	.	+	169
ZM4	1993747	1993748	ZMO1937_peak_90	23.0292	ZM4	1994250	1994251	TSS_4371	.	-	503
ZM4	1994746	1994747	ZMO1937_peak_91a	2.25655	ZM4	1994502	1994503	TSS_4372	.	-	-244
ZM4	1995095	1995096	ZMO1937_peak_91b	813.245	ZM4	1994502	1994503	TSS_4372	.	-	-593
ZM4	1996125	1996126	ZMO1937_peak_92	447.881	ZM4	1994502	1994503	TSS_4372	.	-	-1623
ZM4	2011620	2011621	ZMO1937_peak_93	121.864	ZM4	2013493	2013494	TSS_4384	.	-	1873
ZM4	2030816	2030817	ZMO1937_peak_94	43.9499	ZM4	2031057	2031058	TSS_4404	.	+	-241
ZM4	2048860	2048861	ZMO1937_peak_95	493.809	ZM4	2045899	2045900	TSS_4417	.	+	2961
pZM32	4224	4225	ZMO1937_peak_96	35.9381	pZM32	4351	4352	TSS_4432	.	-	127
pZM32	10813	10814	ZMO1937_peak_97	311.477	pZM32	11376	11377	TSS_4444	.	-	563
pZM33	11054	11055	ZMO1937_peak_98	301.476	pZM33	10739	10740	TSS_4514	.	+	315
pZM33	11411	11412	ZMO1937_peak_99	219.768	pZM33	10739	10740	TSS_4514	.	+	672
pZM36	1236	1237	ZMO1937_peak_100	81.8566	pZM36	13287	13288	TSS_4582	.	+	-12051
pZM36	3785	3786	ZMO1937_peak_101	25.8837	pZM36	13287	13288	TSS_4582	.	+	-9502
pZM36	7424	7425	ZMO1937_peak_102	210.582	pZM36	13287	13288	TSS_4582	.	+	-5863
pZM36	15040	15041	ZMO1937_peak_103	68.7621	pZM36	15483	15484	TSS_4583	.	-	443
pZM36	15657	15658	ZMO1937_peak_104	65.3832	pZM36	15485	15486	TSS_4584	.	-	-172
pZM36	24567	24568	ZMO1937_peak_105	104.033	pZM36	24219	24220	TSS_4602	.	-	-348
ZM4	166543	166544	ZMO1944_peak_1	163.335	ZM4	166932	166933	TSS_0325	.	+	-389
ZM4	246602	246603	ZMO1944_peak_2a	7.41562	ZM4	245089	245090	TSS_0500	.	+	1513
ZM4	246719	246720	ZMO1944_peak_2b	5.54795	ZM4	245089	245090	TSS_0500	.	+	1630
ZM4	600713	600714	ZMO1944_peak_3	13.0249	ZM4	599377	599378	TSS_1402	.	+	1336
ZM4	997154	997155	ZMO1944_peak_4	30.9093	ZM4	996722	996723	TSS_2196	.	+	432
ZM4	1568679	1568680	ZMO1944_peak_5	10.9318	ZM4	1565803	1565804	TSS_3481	.	+	2876
ZM4	1617383	1617384	ZMO1944_peak_6	1.54578	ZM4	1620985	1620986	TSS_3553	.	+	-3602
ZM4	1902568	1902569	ZMO1944_peak_7	2.51376	ZM4	1908779	1908780	TSS_4143	.	-	6211
ZM4	1905022	1905023	ZMO1944_peak_8	1.39258	ZM4	1908779	1908780	TSS_4143	.	-	3757
ZM4	2003038	2003039	ZMO1944_peak_9	21726.3	ZM4	2003022	2003023	TSS_4374	.	-	-16
ZM4	2030817	2030818	ZMO1944_peak_10	53.4613	ZM4	2031057	2031058	TSS_4404	.	+	-240
